sr_episode_id,sr_audio_id,source_title,date,year,program_type,episode_url,mp3_url,length_seconds,audio_file_size_bytes,image_url,image_credit,short_summary
2550211,9669491,Georg ”Tuppen” Eliasson 1960,1960-06-13,1960,Sommar,https://www.sverigesradio.se/avsnitt/2550211,https://static-cdn.sr.se/laddahem/podradio/2025/02/sommar__vinter_i_p1_georg_tuppeneliasson_1960_20250310_1412313792.mp3,1386,22205410,https://static-cdn.sr.se/images/2071/ee2b7722-4cc6-411f-bb06-b69d19d9b9e4.jpg,Ulf Stråhle/SVT/SVT,Det äldsta programmet i Sommars arkiv! Radioprofilen Georg ”Tuppen” Eliasson spelar plattor och tar extra lätt på tillvaron i detta Sommarprat från 1960.
425278,5054491,Jörgen Cederberg 1960,1960-08-14,1960,Sommar,https://www.sverigesradio.se/avsnitt/425278,https://static-cdn.sr.se/laddahem/podradio/sommar_i_p1/1960/08/sommar_i_p1_19600814_1300_2e905ea.mp3,1567,25692188,https://static-cdn.sr.se/images/2071/3379361_2048_1152.jpg,,En av de stora radioprofilerna I sitt Sommarprogram från 1960 pratar han om väder och om att ta farväl och börja något nytt.
406238,5003325,Torsten Ehrenmark 1963,1963-06-27,1963,Sommar,https://www.sverigesradio.se/avsnitt/406238,https://static-cdn.sr.se/laddahem/podradio/sommar_i_p1/1963/06/sommar_i_p1_19630627_1300_2de886d.mp3,2321,37757158,https://static-cdn.sr.se/images/2071/475336b7-ed15-4ed7-b30b-b35b3cc76048.jpg,SVT Bild,"Kåsör, journalist, korrespondent, radiopratare och författare. I sitt Sommarprogram 1963 berättar Torsten Ehrenmark om sin rundresa i sommar-Frankrike med sin nya bil och om den enorma biltrafiken i Paris."
2554266,9669509,Per-Martin Hamberg 1964,1964-07-12,1964,Sommar,https://www.sverigesradio.se/avsnitt/2554266,https://static-cdn.sr.se/laddahem/podradio/2025/02/program_permartin_podd_1964_klippt_20250220_1406512403.mp3,2796,44747806,https://static-cdn.sr.se/images/2071/467f10d9-53e8-4fda-8abf-c6c136ee4b55.jpg,Bo-Aje Mellin/SVT/SVT,"Kompositören och radiomannen bakom låten om Pippi Långstrump. Om musik, karriären och om hur Sverige som första land fick höra om freden efter andra världskriget."
1782862,7959798,Torsten Ehrenmark 1965,1965-07-22,1965,Sommar,https://www.sverigesradio.se/avsnitt/1782862,https://static-cdn.sr.se/laddahem/podradio/sommar_i_p1/1965/07/sommar_i_p1_19650722_1300_611a866d.mp3,2868,45952098,https://static-cdn.sr.se/images/2071/95aca8a2-966a-41ef-81c6-370fdf474d27.jpg,,"Journalisten är nyss hemkommen från semestern i Paris, med hela 28 grader värme."
1913487,8252128,Torsten Ehrenmark 1966,1966-08-28,1966,Sommar,https://www.sverigesradio.se/avsnitt/1913487,https://static-cdn.sr.se/laddahem/podradio/2022/03/sommar__vinter_i_p1_torsten_ehrenmark_1966_20240909_1324107602.mp3,1619,25923616,https://static-cdn.sr.se/images/2071/95aca8a2-966a-41ef-81c6-370fdf474d27.jpg,,Kåsören och journalisten Torsten Ehrenmark är den sommarvärd som gjort flest sommarprogram. Ett svårslaget rekord på hela 50 program blev det totalt.
405701,5002229,Tage Danielsson 1967,1967-07-12,1967,Sommar,https://www.sverigesradio.se/avsnitt/405701,https://static-cdn.sr.se/laddahem/podradio/sommar_i_p1/1967/07/sommar_i_p1_19670712_1300_3495b08.mp3,2101,34236118,https://static-cdn.sr.se/images/2071/3335761_2048_1152.jpg,,"FÖRFATTARE, POET, REGISSÖR, SKÅDESPELARE. Tage tycker att det är svårt att hitta låtar då han inte får välja sådana där han själv eller släktingar är med i. Programmet innehåller en väderleksrapport."
425256,5274620,Elisabeth Söderström 1967,1967-08-15,1967,Sommar,https://www.sverigesradio.se/avsnitt/425256,https://static-cdn.sr.se/laddahem/podradio/sommar_i_p1/1967/08/sommar_i_p1_19670815_1300_364f9d9.mp3,3273,52508845,https://static-cdn.sr.se/images/2071/3379340_2048_1152.jpg,,"Operasångerska och konsertsångerska I programmet från 1967 berättar hon om händelser under hennes sångarkarriär, om evigheten, anemoner och Mumindalen."
425195,5291907,Bo Setterlind 1968,1968-07-22,1968,Sommar,https://www.sverigesradio.se/avsnitt/425195,https://static-cdn.sr.se/laddahem/podradio/sommar_i_p1/1968/07/sommar_i_p1_19680722_1300_392a003.mp3,3294,52843168,https://static-cdn.sr.se/images/2071/3379310_2048_1152.jpg,,"Författare och poet I hans första Sommarprogram pratar han om de verkligt radikala, om kärlek och revolution, om rasism och skvalmusik."
425087,5291960,Åke Falck 1968,1968-08-04,1968,Sommar,https://www.sverigesradio.se/avsnitt/425087,https://static-cdn.sr.se/laddahem/podradio/sommar_i_p1/1968/08/sommar__vinter_i_p1_ke_falck_1968_20250221_1102171386.mp3,2771,44483795,https://static-cdn.sr.se/images/2071/3378857_2048_1152.jpg,,"Regissör och manusförfattare I sitt Sommarprogram berättar Åke Falck om den försommarkväll i Milano, då varken operahuset La Scala eller tidningen Corriere de la sera blev ockuperat av studenter, och om hans inblandning i denna förvirrade historia."
425193,5278341,Bengt Feldreich 1968,1968-08-07,1968,Sommar,https://www.sverigesradio.se/avsnitt/425193,https://static-cdn.sr.se/laddahem/podradio/sommar_i_p1/1968/08/sommar_i_p1_19680807_1300_306d895.mp3,2670,42861855,https://static-cdn.sr.se/images/2071/3379294_2048_1152.jpg,,"Radio- och tv-journalist I sitt Sommarprogram 1968 pratar Bengt Feldreich om historieförstörare, solfläckar och väder."
425129,5277550,Sven Jerring 1968,1968-08-21,1968,Sommar,https://www.sverigesradio.se/avsnitt/425129,https://static-cdn.sr.se/laddahem/podradio/sommar_i_p1/1968/08/sommar_i_p1_19680821_1300_3f78794.mp3,3477,55771154,https://static-cdn.sr.se/images/2071/3379125_2048_1152.jpg,,"Radiopersonlighet och sportreporter I Sven Jerrings Sommarprogram 1968 hörs inslag ur Barnens brevlåda, där flera kända artister debuterade. Även andra radiominnen spelas upp, där Jerring själv medverkar eller intervjuar andra."
425128,5274760,Bo Strömstedt 1969,1969-07-02,1969,Sommar,https://www.sverigesradio.se/avsnitt/425128,https://static-cdn.sr.se/laddahem/podradio/sommar_i_p1/1969/07/sommar_i_p1_19690702_1300_3990194.mp3,2803,44986795,https://static-cdn.sr.se/images/2071/3379075_2048_1152.jpg,,"Publicist och debattör. Han ställer frågan: Vad är ett liv? Det handlar även om London, fotboll, ansikten, minnesbilder och Jackie Kennedy."
425127,5292046,Anders Erik Malm 1969,1969-07-22,1969,Sommar,https://www.sverigesradio.se/avsnitt/425127,https://static-cdn.sr.se/laddahem/podradio/sommar_i_p1/1969/07/sommar_i_p1_19690722_1300_3e75385.mp3,2409,38682825,https://static-cdn.sr.se/images/2071/3379064_2048_1152.jpg,,"Redaktör, journalist och tv-profil I sitt Sommarprogram 1969 pratar Anders Erik Malm om maträttsnamn, fåglar, argsinta rådjursbockar, djurspår och om Rödstjärten – det sjuka samvetets röst."
425095,5223944,Torsten Jungstedt 1970,1970-07-23,1970,Sommar,https://www.sverigesradio.se/avsnitt/425095,https://static-cdn.sr.se/laddahem/podradio/sommar_i_p1/1970/07/sommar_i_p1_19700723_1300_3b43ab5.mp3,2443,39334121,https://static-cdn.sr.se/images/2071/3379053_2048_1152.jpg,,"Filmkritiker och författare Han pratar om hur förfärligt det är med alltför goda föredömen och höga exempel, särskilt om de råkar finnas i ens egen släkt. Och om filmmusik och reklam i radio."
405896,5002429,Tage Danielsson 1970,1970-08-21,1970,Sommar,https://www.sverigesradio.se/avsnitt/405896,https://static-cdn.sr.se/laddahem/podradio/sommar_i_p1/1970/08/sommar_i_p1_19700821_1300_38dae6e.mp3,2217,36101646,https://static-cdn.sr.se/images/2071/3335968_2048_1152.jpg,,"FÖRFATTARE, POET, REGISSÖR, SKÅDESPELARE. Om tröst inför höst, solgalningar, tv-galningar. Och om kärlekshistorien mellan Evelyn och George, om att inte prata politik i sommar och om att vara snäll."
416845,5026462,Beppe Wolgers 1971,1971-06-13,1971,Sommar,https://www.sverigesradio.se/avsnitt/416845,https://static-cdn.sr.se/laddahem/podradio/sommar_i_p1/1971/06/sommar_i_p1_19710613_1300_3b03f2c.mp3,4593,74117407,https://static-cdn.sr.se/images/2071/3361017_2048_1152.jpg,,"Författare, poet och mångsysslare Beppe Wolgers sände sitt tredje Sommar från landet i Östersund. Vi följer humlor och lyssnar på olika svenska dialekter."
1149518,6607670,Magnus Härenstam 1971,1971-06-20,1971,Sommar,https://www.sverigesradio.se/avsnitt/1149518,https://static-cdn.sr.se/laddahem/podradio/mp/sommar_i_p1/1971/06/sommar_i_p1_19710620_1300_5b7d6d9c.mp3,4682,74937821,https://static-cdn.sr.se/images/2071/dacf4813-e373-4939-a556-f8109e3b9b75.jpg,BO-AJE MELLIN/SVT bild,Skådespelare och komiker. Magnus Härenstams första sommarprat.
425094,5274496,Finn Zetterholm 1971,1971-06-24,1971,Sommar,https://www.sverigesradio.se/avsnitt/425094,https://static-cdn.sr.se/laddahem/podradio/sommar_i_p1/1971/06/sommar_i_p1_19710624_1300_32fe8d9.mp3,2555,41025850,https://static-cdn.sr.se/images/2071/3379035_2048_1152.jpg,,"Trubadur och författare Han berättar om en sommarvandring genom Sverige. Om att varga, kroppsfixering och bilvård, och om den riktiga skärgården utanför Stockholm."
425093,5217472,Viveka Vogel 1971,1971-07-07,1971,Sommar,https://www.sverigesradio.se/avsnitt/425093,https://static-cdn.sr.se/laddahem/podradio/sommar_i_p1/1971/07/sommar_i_p1_19710707_1300_3645e4d.mp3,2500,40243028,https://static-cdn.sr.se/images/2071/3379017_2048_1152.jpg,,"Journalist och författare Hon berättar med stor humor och insikt om könsrollerna, schablonbilder av kvinnan och mannen."
425091,5320348,Ulla Trenter 1971,1971-07-15,1971,Sommar,https://www.sverigesradio.se/avsnitt/425091,https://static-cdn.sr.se/laddahem/podradio/sommar_i_p1/1971/07/sommar_i_p1_19710715_1300_2985e69.mp3,1178,18985649,https://static-cdn.sr.se/images/2071/92961429-2642-412d-9ce7-2065aa6effe7.jpg,LEIF R JANSSON / FLT-PI CA/TT Nyhetsbyrån,"Deckarförfattare I Ulla Trenters Sommar från 1971 pratar hon bland annat om musik i brottests tecken, om goda deckare, mördarhistorier, Sverigereklam och kvinnors nedvärderade hemarbete."
425090,5320321,Cilla Ingvar 1971,1971-08-03,1971,Sommar,https://www.sverigesradio.se/avsnitt/425090,https://static-cdn.sr.se/laddahem/podradio/sommar_i_p1/1971/08/sommar_i_p1_19710803_1300_279306a.mp3,1905,30616637,https://static-cdn.sr.se/images/2071/3378910_2048_1152.jpg,,"Revyartist, programledare och författare Cilla Ingvars Sommarprogram 1971 är lättlyssnat om sommarbestyr, picknick, solbränna, batteridriven handdammsugare och med en väderprognos med John Polman."
1149135,6607630,Ulf Linde 1971,1971-08-10,1971,Sommar,https://www.sverigesradio.se/avsnitt/1149135,https://static-cdn.sr.se/laddahem/podradio/mp/sommar_i_p1/1971/08/sommar_i_p1_19710810_1300_5b7d6541.mp3,2938,47033134,https://static-cdn.sr.se/images/2071/f6f9edad-2502-4029-9aac-55f80f20658c.jpg,INGVAR KARMHED/TT Nyhetsbyrån,"Konstkritiker, författare och museiman."
425089,5275721,Barbro Alving 1971,1971-08-13,1971,Sommar,https://www.sverigesradio.se/avsnitt/425089,https://static-cdn.sr.se/laddahem/podradio/sommar_i_p1/1971/08/sommar_i_p1_19710813_1300_303b998.mp3,2071,33282373,https://static-cdn.sr.se/images/2071/3378896_2048_1152.jpg,,"Journalist, kåsör och författare I Sommarprogrammet från 1971 hör vi Barbro Alving bland annat prata om fredagen den trettonde, könsrollsdebatten, utvecklingen i Kina, poliser och myndigheter."
479157,5162163,Tage Danielsson - På Vintergatan 1971,1971-12-31,1971,Vinter,https://www.sverigesradio.se/avsnitt/479157,https://static-cdn.sr.se/laddahem/podradio/sommar_i_p1/1971/12/sommar_i_p1_19711231_1300_3ea079f.mp3,2531,41240482,https://static-cdn.sr.se/images/2071/3335767_2048_1152.jpg,,"FÖRFATTARE, POET, REGISSÖR, SKÅDESPELARE. Tage vill göra TV i radion. Han säger att det är hemskt med joddling och så startar han en nyårsrebus för alla som inte gillar musiken i programmet."
418239,5028910,Gösta Knutsson 1972,1972-07-09,1972,Sommar,https://www.sverigesradio.se/avsnitt/418239,https://static-cdn.sr.se/laddahem/podradio/sommar_i_p1/1972/07/sommar_i_p1_19720709_1300_3d3672c.mp3,2821,45760207,https://static-cdn.sr.se/images/2071/3363415_800_450.jpg,,"En av radions mest hängivna och populära radiopersonligheter I sitt Sommarprogram 1972 – det sista av hans 42 Sommarprogram – pratar Gösta Knutsson om Rotary, resor, Amerika och sommarkatter."
481218,5166079,Åke Falck - På Vintergatan 1972,1972-12-26,1972,Vinter,https://www.sverigesradio.se/avsnitt/481218,https://static-cdn.sr.se/laddahem/podradio/sommar_i_p1/1972/12/sommar_i_p1_19721226_1300_3b122ea.mp3,1556,25635706,https://static-cdn.sr.se/images/2071/3378878_2048_1152.jpg,,Regissör och manusförfattare
2508577,9637370,Sven-Bertil Taube 1973,1973-07-19,1973,Sommar,https://www.sverigesradio.se/avsnitt/2508577,https://static-cdn.sr.se/laddahem/podradio/2025/01/sommar__vinter_i_p1_svenbertil_taube_1973_20250221_1036241870.mp3,2772,44374775,https://static-cdn.sr.se/images/2071/92cfeb7d-392e-4b2e-a458-281bd9eeed32.jpg,Bo-Aje Mellin BAM/SVT,Artisten och skådespelaren Sven-Bertil Taube berättar anekdoter från sin tidiga musikkarriär i sitt första Sommarprat 1973.
632352,5484943,Tage Danielsson 1973,1973-07-23,1973,Sommar,https://www.sverigesradio.se/avsnitt/632352,https://static-cdn.sr.se/laddahem/podradio/sommar_i_p1/1973/07/sommar_i_p1_19730723_1300_39c43be.mp3,2175,34937667,https://static-cdn.sr.se/images/2071/3591922_2048_1152.jpg,,"FÖRFATTARE, POET, REGISSÖR, SKÅDESPELARE. Tage hjälper er att koppla av."
425088,5214523,Åke Falck 1974,1974-06-19,1974,Sommar,https://www.sverigesradio.se/avsnitt/425088,https://static-cdn.sr.se/laddahem/podradio/sommar_i_p1/1974/06/sommar_i_p1_19740619_1300_2a5cf3b.mp3,3413,54849699,https://static-cdn.sr.se/images/2071/3378878_2048_1152.jpg,,Regissör och manusförfattare
425086,5313682,Anders Gernandt 1974,1974-08-06,1974,Sommar,https://www.sverigesradio.se/avsnitt/425086,https://static-cdn.sr.se/laddahem/podradio/sommar_i_p1/1974/08/sommar_i_p1_19740806_1300_25f4b96.mp3,2609,41893192,https://static-cdn.sr.se/images/2071/3378826_2048_1152.jpg,,"Ryttmästare och hästsportskommentator i tv I sitt Sommarprogram 1974 pratar Anders Gernandt om hästars kynne, historia, om fadäsen med målarprinsen, ryttmästarhistorier och om Spanska ridskolan i Wien."
425085,5265209,Barbro Lindgren 1974,1974-08-25,1974,Sommar,https://www.sverigesradio.se/avsnitt/425085,https://static-cdn.sr.se/laddahem/podradio/sommar_i_p1/1974/08/sommar__vinter_i_p1_barbro_lindgren_1974_20250220_1718001555.mp3,2899,46531447,https://static-cdn.sr.se/images/2071/3378794_2048_1152.jpg,,"Författaren om musikintresset, släktingar, skolan och trafiken."
425083,5320738,Marie Selander 1974,1974-09-03,1974,Sommar,https://www.sverigesradio.se/avsnitt/425083,https://static-cdn.sr.se/laddahem/podradio/sommar_i_p1/1974/09/sommar__vinter_i_p1_marie_selander_1974_20250220_1716494487.mp3,1549,24933414,https://static-cdn.sr.se/images/2071/3378738_2048_1152.jpg,,"Sångerska, kompositör och sångpedagog"
2540684,9654349,Povel Ramel 1975,1975-07-18,1975,Sommar,https://www.sverigesradio.se/avsnitt/2540684,https://static-cdn.sr.se/laddahem/podradio/2025/02/sommar__vinter_i_p1_povel_ramel_1975_20250221_0937521532.mp3,2871,45963830,https://static-cdn.sr.se/images/2071/e88dabc1-3d90-42b1-8a1c-3de7dea74e68.jpg,Lennart Nygren SvD/TT,"En av Sveriges mest älskade kompositörer, textförfattare och underhållare i sitt första Sommarprat, om hur han träffade musiken."
2471279,9494815,Marie-Louise Ekman 1977,1977-07-03,1977,Sommar,https://www.sverigesradio.se/avsnitt/2471279,https://static-cdn.sr.se/laddahem/podradio/2024/09/sommar__vinter_i_p1_marielouise_ekman1977_20241004_0705213848.mp3,2665,42677213,https://static-cdn.sr.se/images/2071/e7e7df80-ef50-48d9-a84d-9d8bf7a5792f.jpg,Leif R Jansson/TT,"”Det här är pissråttan själv som talar”, så börjar Marie-Louise De Geer Bergenstråhle, sedermera Ekman, sitt första klassiska Sommarprat från år 1977."
2199716,8879842,Bo Landin Sommarprat 1977,1977-08-11,1977,Sommar,https://www.sverigesradio.se/avsnitt/2199716,https://static-cdn.sr.se/laddahem/podradio/2023/06/sommar__vinter_i_p1_bo_landin_sommarprat1977_20230619_1334321948.mp3,3316,53089851,https://static-cdn.sr.se/images/2071/8ff84158-395e-4e20-b65c-c3daaaca78dc.jpg,Bertil S-son Åberg,Miljöjournalisten Bo Landin om att lyssna på naturens egna ljud. Om hur man skapar en ekologisk grundsyn och uppnår ett resursbevarande samhälle genom tvärvetenskap.
424833,5320440,Maud Reuterswärd 1978,1978-07-09,1978,Sommar,https://www.sverigesradio.se/avsnitt/424833,https://static-cdn.sr.se/laddahem/podradio/sommar_i_p1/1978/07/sommar__vinter_i_p1_maud_reutersward_1978_20250220_1652036362.mp3,2862,45931413,https://static-cdn.sr.se/images/2071/3378718_2048_1152.jpg,,"Radioproducent och författare I programmet från 1978 pratar hon om hembiträdesvärlden. Om pigan, barnsköterskan, kokerskan, om deras bortglömda arbetsvillkor och slitsamma vardag i ett Sverige för inte så länge sedan."
782852,5814846,Marit Paulsen 1979,1979-06-21,1979,Sommar,https://www.sverigesradio.se/avsnitt/782852,https://static-cdn.sr.se/laddahem/podradio/sommar_i_p1/1979/06/sommar_i_p1_19790621_1300_36136c9.mp3,4151,66572583,https://static-cdn.sr.se/images/2071/5bc56ed5-ce60-4a7c-bf2c-473e73179969.jpg,SVT,"”Gomiddag, kära medmänniskor, här sitter jag, med några papperslappar och en stor bunt med skivor som jag tänkte spela. Dom är inte valda i någon särskild ordning.” Så börjar Marit sitt första Sommar."
424705,5320894,Lars Forssell 1979,1979-06-22,1979,Sommar,https://www.sverigesradio.se/avsnitt/424705,https://static-cdn.sr.se/laddahem/podradio/sommar_i_p1/1979/06/sommar_i_p1_19790622_1300_39a1f59.mp3,2984,47885946,https://static-cdn.sr.se/images/2071/3378568_2048_1152.jpg,,"Författare och poet I sitt Sommarprogram 1979 pratar Lars Forssell om gamla visor och skillingtryck, om 25-åringen som bor i oss alla, om Lill-Babs som lever sitt uppror och om att inte få vara både seriös och lekfull på samma gång."
424704,5268824,Kjell Alinge 1979,1979-07-22,1979,Sommar,https://www.sverigesradio.se/avsnitt/424704,https://static-cdn.sr.se/laddahem/podradio/sommar_i_p1/1979/07/sommar_i_p1_19790722_1300_3f850e3.mp3,3337,53528245,https://static-cdn.sr.se/images/2071/3378549_2048_1152.jpg,,"Radiojournalist och sketchförfattare Här hör vi Kjell i Sommar från 1979 prata om påverkan, mansideal, Clint Eastwood och kvinnor som bejakar sin sexualitet."
423186,5271183,Björn Skifs 1979,1979-08-08,1979,Sommar,https://www.sverigesradio.se/avsnitt/423186,https://static-cdn.sr.se/laddahem/podradio/sommar_i_p1/1979/08/sommar_i_p1_19790808_1300_37294ab.mp3,2917,46812925,https://static-cdn.sr.se/images/2071/3377581_2048_1152.jpg,,"Artist I sitt första Sommarprogram pratade han om somrarna i Dalarna, musikminnen, älgfälla, passande grått, charterresor och om att aldrig bli inbjuden till bal på slottet."
423639,5278744,Lars Ulvenstam 1979,1979-08-12,1979,Sommar,https://www.sverigesradio.se/avsnitt/423639,https://static-cdn.sr.se/laddahem/podradio/sommar_i_p1/1979/08/sommar__vinter_i_p1_lars_ulvenstam_1979_20250307_1352474577.mp3,4379,70201857,https://static-cdn.sr.se/images/2071/f2ab50bd-f011-4028-8482-d149142461fc.jpg,Bo-Aje Mellin /RiR/SVT,Journalist och författare. I Sommar från 1979 berättar han om sitt liv som kulturråd i Washington och sitt åldrande.
632264,5484817,Tage Danielsson 1980,1980-06-15,1980,Sommar,https://www.sverigesradio.se/avsnitt/632264,https://static-cdn.sr.se/laddahem/podradio/sommar_i_p1/1980/06/sommar_i_p1_19800615_1300_367f706.mp3,3608,57874951,https://static-cdn.sr.se/images/2071/3591897_2048_1152.jpg,,"FÖRFATTARE, POET, REGISSÖR, SKÅDESPELARE. Tage kämpar med att vara opartisk. Han vill ju inte bli anmäld till Radionämnen."
782851,5814841,Klas Östergren 1980,1980-06-19,1980,Sommar,https://www.sverigesradio.se/avsnitt/782851,https://static-cdn.sr.se/laddahem/podradio/sommar_i_p1/1980/06/sommar__vinter_i_p1_klas_stergren_1980_20250220_1644308454.mp3,2034,32691626,https://static-cdn.sr.se/images/2071/726c4bea-10a1-4baa-9728-fcbb60e2423a.jpg,FLT-PICA Johan Wingborg,Klas Östergren hade 1980 precis gjort succé med sin blivande klassiker Gentlemen och lovar att i inte berätta en enda djupsinnighet eller komma med ett enda avslöjande.
1569359,7484616,Olle Adolphson - 1980,1980-06-29,1980,Sommar,https://www.sverigesradio.se/avsnitt/1569359,https://static-cdn.sr.se/laddahem/podradio/sommar_i_p1/1980/06/sommar__vinter_i_p1_olle_adolphson_20250220_1643325500.mp3,3056,48951680,https://static-cdn.sr.se/images/2071/551aecc7-bb98-4199-a3e9-5b68e106afed.jpg,SVT Bild,Visdiktare.
423490,5320596,Channa Bankier 1980,1980-07-30,1980,Sommar,https://www.sverigesradio.se/avsnitt/423490,https://static-cdn.sr.se/laddahem/podradio/sommar_i_p1/1980/07/sommar_i_p1_19800730_1300_323c0e1.mp3,2246,36083401,https://static-cdn.sr.se/images/2071/3377811_2048_1152.jpg,,"Konstnär I sitt debutprogram av Sommar, 1980, berättar Channa Bankier om skogen, sagor och sånger, och om kampen om vatten."
1436554,7203994,Lars Berghagen 1980,1980-08-02,1980,Sommar,https://www.sverigesradio.se/avsnitt/1436554,https://static-cdn.sr.se/laddahem/podradio/mp/sommar_i_p1/1980/08/sommar_i_p1_19800802_1300_5e0f308c.mp3,3943,63122404,https://static-cdn.sr.se/images/2071/b9fb7d10-f5ee-4dba-9b0e-5cb374549faf.jpg,Janerik Henriksson/FLT-PICA/TT Nyhetsbyrån,"Artist, kompositör och författare."
406239,5003665,Torsten Ehrenmark 1980,1980-08-17,1980,Sommar,https://www.sverigesradio.se/avsnitt/406239,https://static-cdn.sr.se/laddahem/podradio/sommar_i_p1/1980/08/sommar_i_p1_19800817_1300_37b9eaf.mp3,2900,47019542,https://static-cdn.sr.se/images/2071/3370210_2048_1152.jpg,,"Kåsör, journalist, korrespondent, radiopratare och författare I sitt Sommarprogram 1980 funderar Torsten Ehrenmark kring den hausse som byggts upp kring Sommar, makarna Myhrdal och buskistraditioner."
1436297,7202974,Erna Tauro 1981,1981-06-20,1981,Sommar,https://www.sverigesradio.se/avsnitt/1436297,https://static-cdn.sr.se/laddahem/podradio/mp/sommar_i_p1/1981/06/sommar_i_p1_19810620_1300_5e0e0afa.mp3,2315,37071075,https://static-cdn.sr.se/images/2071/816ea026-4ebf-4ba0-a11b-ce7136804069.jpg,Mattias Ahlm/SR,Finlandssvensk pianist och tonsättare.
411921,5016352,Magnus Härenstam 1981,1981-06-21,1981,Sommar,https://www.sverigesradio.se/avsnitt/411921,https://static-cdn.sr.se/laddahem/podradio/sommar_i_p1/1981/06/sommar_i_p1_19810621_1300_3b1754b.mp3,3140,50868394,https://static-cdn.sr.se/images/2071/3350750_2000_1125.jpg,,Skådespelare och komiker I sitt Sommarprogram 1981 pratar Magnus Härenstam om ferieskolan på Björkön som blev en pojkstad på sommaren.
423460,5314400,Robert Broberg 1981,1981-06-26,1981,Sommar,https://www.sverigesradio.se/avsnitt/423460,https://static-cdn.sr.se/laddahem/podradio/sommar_i_p1/1981/06/sommar__vinter_i_p1_robert_broberg_1981_20250220_1637139324.mp3,2724,43721743,https://static-cdn.sr.se/images/2071/3377747_2048_1152.jpg,,"Sångare, låtskrivare och konstnär Sommarprogrammet från 1981 är ett ljudvykort från New York – Central Parks tystnad, ovationer från spännande föreställningar och New Yorks speciella ”flow”."
423196,5275788,Lars Berghagen 1981,1981-06-28,1981,Sommar,https://www.sverigesradio.se/avsnitt/423196,https://static-cdn.sr.se/laddahem/podradio/sommar_i_p1/1981/06/sommar__vinter_i_p1_lars_berghagen_1981_20250220_1636291308.mp3,3307,53048378,https://static-cdn.sr.se/images/2071/3377661_2048_1152.jpg,,"Artist, kompositör och författare Han pratar i sitt Sommarprogram 1981 om bland annat fjällfiske, spöregn i juli, ”Magister Nilsson” och om flygande pottor."
1144359,6598592,Ralph Lundsten 1981,1981-07-01,1981,Sommar,https://www.sverigesradio.se/avsnitt/1144359,https://static-cdn.sr.se/laddahem/podradio/mp/sommar_i_p1/1981/07/sommar__vinter_i_p1_ralph_lundsten_1981_20250220_1635126849.mp3,2849,45617878,https://static-cdn.sr.se/images/2071/66d84e4b-d2d8-4ebc-8f3b-03ecd513c62e.jpg,Bertil S-son Åberg /SVT bild,Kompositör
423154,5267541,Björn Skifs 1981,1981-07-04,1981,Sommar,https://www.sverigesradio.se/avsnitt/423154,https://static-cdn.sr.se/laddahem/podradio/sommar_i_p1/1981/07/sommar_i_p1_19810704_1300_3e47313.mp3,2828,45396805,https://static-cdn.sr.se/images/2071/3377583_2048_1152.jpg,,"Artist 1981 pratade han om kommersiella jippon, en dubbelknäppt skepparjacka, det tryckta ordets sanning och bussanpassning i Stockholm."
1619205,7596013,Sommar i P1 med Sven Wollter,1981-07-08,1981,Sommar,https://www.sverigesradio.se/avsnitt/1619205,https://static-cdn.sr.se/laddahem/podradio/sommar_i_p1/2020/11/sommar_i_p1_20201113_1500_5faea952.mp3,2219,35560432,https://static-cdn.sr.se/images/2071/bb56b5b8-db33-4672-9a7f-04002ad5b9b8.jpg,Sveriges Radio,Sommar i P1 med Sven Wollter från den 8 juli 1981
422939,5267455,Pekka Langer 1981,1981-07-14,1981,Sommar,https://www.sverigesradio.se/avsnitt/422939,https://static-cdn.sr.se/laddahem/podradio/sommar_i_p1/1981/07/sommar_i_p1_19810714_1300_3aca9b4.mp3,2796,44880218,https://static-cdn.sr.se/images/2071/3377547_2048_1152.jpg,,"Programledare i radio och tv I sitt Sommarprogram 1981 pratar han om iakttagelser från Dalarna, om Descartes, Frankrikes nationaldag och om att ge blommor till fröken."
415920,4079055,Johannes Brost 1981,1981-07-18,1981,Sommar,https://www.sverigesradio.se/avsnitt/415920,https://static-cdn.sr.se/laddahem/podradio/sommar_i_p1/2012/08/SR_sommar_i_p1_810718_EA98.mp3,2507,40152655,https://static-cdn.sr.se/images/2071/3357528_2048_1152.jpg,,Skådespelare
2487078,9529020,Arja Saijonmaa 1981,1981-08-01,1981,Sommar,https://www.sverigesradio.se/avsnitt/2487078,https://static-cdn.sr.se/laddahem/podradio/2024/10/sommar__vinter_i_p1_arja_saijonmaa_1981_20250108_1535389117.mp3,3566,57093415,https://static-cdn.sr.se/images/2071/435acd08-1db6-4c3a-8514-b1f4d2dd33a8.jpg,Bertil S-son Åberg/SVT,Artisten Arja Saijonmaa slog igenom i Sverige 1979 med sin hit Jag vill tacka livet. Hennes Sommarprat är en resa in i den asiatiska musikens förlovade värld.
760409,5760245,Klas Östergren 1981,1981-08-19,1981,Sommar,https://www.sverigesradio.se/avsnitt/760409,https://static-cdn.sr.se/laddahem/podradio/sommar_i_p1/1981/08/sommar_i_p1_19810819_1300_30c5aab.mp3,1947,31304520,https://static-cdn.sr.se/images/2071/726c4bea-10a1-4baa-9728-fcbb60e2423a.jpg,FLT-PICA Johan Wingborg,"Författaren Klas Östergren tar i sitt andra Sommarprogram inspiration från förvåningen. Förvåningen, som enligt Klas, är ett av de allra högsta sinnestillstånden: ”Förvåningen gör livet värt att leva”"
1913488,8252167,Torsten Ehrenmark 1981,1981-08-30,1981,Sommar,https://www.sverigesradio.se/avsnitt/1913488,https://static-cdn.sr.se/laddahem/podradio/2022/03/sommar__vinter_i_p1_torsten_ehrenmark_1981_20240909_1330209914.mp3,3582,57337504,https://static-cdn.sr.se/images/2071/95aca8a2-966a-41ef-81c6-370fdf474d27.jpg,,Kåsören och journalisten Torsten Ehrenmark är den sommarvärd som gjort flest sommarprogram. Ett svårslaget rekord på hela 50 program blev det totalt.
405897,5002507,Tage Danielsson 1982,1982-06-14,1982,Sommar,https://www.sverigesradio.se/avsnitt/405897,https://static-cdn.sr.se/laddahem/podradio/sommar_i_p1/1982/06/sommar_i_p1_19820614_1300_3c1dc1c.mp3,2509,40769508,https://static-cdn.sr.se/images/2071/3336095_2048_1152.jpg,,"FÖRFATTARE, POET, REGISSÖR, SKÅDESPELARE. I Tages sista Sommar pratar han om spådomar, självuppfyllande profetior och opinionsundersökningar."
403738,4999947,Ulf Lundell 1982,1982-06-24,1982,Sommar,https://www.sverigesradio.se/avsnitt/403738,https://static-cdn.sr.se/laddahem/podradio/sommar_i_p1/1982/06/sommar_i_p1_19820624_1300_3c6b7a5.mp3,2630,42694970,https://static-cdn.sr.se/images/2071/3370198_2048_1152.jpg,,"Musiker, författare och konstnär Ulf Lundells första Sommarprogram handlar om kylan i Sverige, getingfobi och om den vackra Baggensfjärden. Och om att kunna prata med fåglar, minnen från sommaren 1967 och kärleken till hemlandet."
421777,5308113,Vilgot Sjöman 1982,1982-07-04,1982,Sommar,https://www.sverigesradio.se/avsnitt/421777,https://static-cdn.sr.se/laddahem/podradio/sommar_i_p1/1982/07/sommar_i_p1_19820704_1300_3af5478.mp3,2935,47099247,https://static-cdn.sr.se/images/2071/3373576_2048_1152.jpg,,"Författare och filmregissör I programmet från 1982 berättar han bland annat om myggor och elefanter, Pentagon och film. Han pratar även om Francis Ford Coppolas film Apocalypse now."
421776,5317061,Pelle Berglund 1982,1982-07-17,1982,Sommar,https://www.sverigesradio.se/avsnitt/421776,https://static-cdn.sr.se/laddahem/podradio/sommar_i_p1/1982/07/sommar_i_p1_19820717_1300_3e1787c.mp3,3175,50947769,https://static-cdn.sr.se/images/2071/3373570_1600_900.jpg,,"Regissör, producent och manusförfattare I sitt Sommarprogram 1982 pratar Pelle Berglund om mysterium, om att få åtta chefer sparkade, om SJ och om mazariner."
421775,5313791,Lena Larsson 1982,1982-07-18,1982,Sommar,https://www.sverigesradio.se/avsnitt/421775,https://static-cdn.sr.se/laddahem/podradio/sommar_i_p1/1982/07/sommar_i_p1_19820718_1300_2a961fb.mp3,3478,55790212,https://static-cdn.sr.se/images/2071/3373564_2000_1125.jpg,,"Inredningsarkitekt och skribent I sitt Sommarprogram 1982 pratar Lena Larsson om mogna förgängligheter, Route 66, björkar och om barns framtid."
421774,5279906,Fred Åkerström 1982,1982-08-01,1982,Sommar,https://www.sverigesradio.se/avsnitt/421774,https://static-cdn.sr.se/laddahem/podradio/sommar_i_p1/1982/08/sommar_i_p1_19820801_1300_34dc908.mp3,3168,50827463,https://static-cdn.sr.se/images/2071/3373552_2048_1152.jpg,,"Trubadur I Sommar från 1982 pratar Fred om somrarna hos Anna Eugenia, om vuxnas nedlåtande behandling av ungdomar, om kärleken vid 13 och pappers vikt. Och länge leve Nisse Gustavsson, Ruben Nilsson och Bellman."
416443,4080047,Marie Göranzon 1982,1982-08-02,1982,Sommar,https://www.sverigesradio.se/avsnitt/416443,https://static-cdn.sr.se/laddahem/podradio/sommar_i_p1/2012/08/SR_sommar_i_p1_820802_999F.mp3,2037,32629607,https://static-cdn.sr.se/images/2071/3357503_2048_1152.jpg,,Skådespelare
421773,5216022,Birgit Nilsson 1982,1982-08-27,1982,Sommar,https://www.sverigesradio.se/avsnitt/421773,https://static-cdn.sr.se/laddahem/podradio/sommar_i_p1/1982/08/sommar_i_p1_19820827_1300_3278ec3.mp3,2630,42321581,https://static-cdn.sr.se/images/2071/3373544_1700_956.jpg,,"Operasångerska, sopran och hovsångerska I sitt första Sommarprogram från 1982 berättar hon minnen från sin karriär, och om diviga tenorer."
1913491,8252182,Torsten Ehrenmark 1983,1983-06-24,1983,Sommar,https://www.sverigesradio.se/avsnitt/1913491,https://static-cdn.sr.se/laddahem/podradio/2022/03/sommar__vinter_i_p1_torsten_ehrenmark_1983_20240909_1330512698.mp3,3895,62339485,https://static-cdn.sr.se/images/2071/95aca8a2-966a-41ef-81c6-370fdf474d27.jpg,,Kåsören och journalisten Torsten Ehrenmark är den sommarvärd som gjort flest sommarprogram. Ett svårslaget rekord på hela 50 program blev det totalt.
404553,5001155,Ulf Lundell 1983,1983-07-23,1983,Sommar,https://www.sverigesradio.se/avsnitt/404553,https://static-cdn.sr.se/laddahem/podradio/sommar_i_p1/1983/07/sommar_i_p1_19830723_1300_3964d52.mp3,3894,62929432,https://static-cdn.sr.se/images/2071/3255603_2048_1152.jpg,,"Musiker, författare och konstnär I sitt andra Sommarprogram pratar Ulf Lundell om att komma till insikt, om byggångest och om skogen."
433195,5063677,Brasse Brännström 1983,1983-07-31,1983,Sommar,https://www.sverigesradio.se/avsnitt/433195,https://static-cdn.sr.se/laddahem/podradio/sommar_i_p1/1983/07/sommar_i_p1_19830731_1300_35957c1.mp3,3449,55811705,https://static-cdn.sr.se/images/2071/3409424_2048_1152.jpg,,"Skådespelare I sitt Sommarprogram pratade han om varför han inte tycker om sommaren, varför han gillar vintern, Österrike, mammor, musik och om att han har varit en tokig skådis på häst."
421772,5311165,Putte Wickman 1983,1983-08-03,1983,Sommar,https://www.sverigesradio.se/avsnitt/421772,https://static-cdn.sr.se/laddahem/podradio/sommar_i_p1/1983/08/sommar_i_p1_19830803_1300_2c02dd0.mp3,1379,22215597,https://static-cdn.sr.se/images/2071/3373539_2048_1152.jpg,,Jazzmusiker och en klarinettist. I programmet pratar han om fantastiska musikanter som älskar att spela på sitt sätt. Om Brahms och saknaden efter pianisten Leif Asp.
1147107,6602729,Kristina Lugn 1983,1983-08-04,1983,Sommar,https://www.sverigesradio.se/avsnitt/1147107,https://static-cdn.sr.se/laddahem/podradio/mp/sommar_i_p1/1983/08/sommar__vinter_i_p1_kristina_lugn_1983_20250220_1455348842.mp3,2978,47675489,https://static-cdn.sr.se/images/2071/0877ff05-0a37-4449-9f97-cc389c4fae4f.jpg,Bertil S-son Åberg /SVT,Författare och poet
416361,5022711,Cornelis Vreeswijk 1983,1983-08-06,1983,Sommar,https://www.sverigesradio.se/avsnitt/416361,https://static-cdn.sr.se/laddahem/podradio/sommar_i_p1/1983/08/sommar_i_p1_19830806_1300_2c27c7c.mp3,2111,34390777,https://static-cdn.sr.se/images/2071/3356981_2048_1152.jpg,,"Folkkär trubadur, kompositör och poet I sitt Sommar från 1983 pratar han om fred och nymfer. Han säger att moralen alltid kommer sist."
1147097,6602670,Ingemar Unge 1983,1983-08-07,1983,Sommar,https://www.sverigesradio.se/avsnitt/1147097,https://static-cdn.sr.se/laddahem/podradio/mp/sommar_i_p1/1983/08/sommar__vinter_i_p1_ingemar_unge_1983_20250220_1451095538.mp3,3735,59797137,https://static-cdn.sr.se/images/2071/5bba9a3f-ba54-4f61-b2f3-059dd27ed628.jpg,Bertil S-son Åberg /SVT.,Journalist
421658,5283286,Gits Olsson 1984,1984-06-22,1984,Sommar,https://www.sverigesradio.se/avsnitt/421658,https://static-cdn.sr.se/laddahem/podradio/sommar_i_p1/1984/06/sommar_i_p1_19840622_1300_31bd0a7.mp3,3403,54599489,https://static-cdn.sr.se/images/2071/3373502_2048_1152.jpg,,"Kåsör, författare och journalist I Sommarprogrammet från 1984 pratar han om sommarmyter, sommarbyxor, sommartips, korsord, segling och om djävulen och dess personal."
1782848,7959784,Rosa Taikon 1984,1984-06-27,1984,Sommar,https://www.sverigesradio.se/avsnitt/1782848,https://static-cdn.sr.se/laddahem/podradio/sommar_i_p1/1984/06/sommar_i_p1_19840627_1300_611a854c.mp3,3086,49440095,https://static-cdn.sr.se/images/2071/5b4b1e5f-1e44-4771-8bd2-fa93b56fd375.jpg,Jacob Zocherman / SvD / TT,Silversmeden pratar om den zigenska kulturen och historiken.
1149933,6607767,Magnus Härenstam 1984,1984-07-08,1984,Sommar,https://www.sverigesradio.se/avsnitt/1149933,https://static-cdn.sr.se/laddahem/podradio/mp/sommar_i_p1/1984/07/sommar_i_p1_19840708_1300_5b7d71b6.mp3,4162,66627462,https://static-cdn.sr.se/images/2071/3350750_2000_1125.jpg,,Skådespelare och komiker.
416840,5311019,Bodil Malmsten 1984,1984-08-02,1984,Sommar,https://www.sverigesradio.se/avsnitt/416840,https://static-cdn.sr.se/laddahem/podradio/sommar_i_p1/1984/08/sommar__vinter_i_p1_bodil_malmsten_1984_20250220_1446205286.mp3,2056,33041482,https://static-cdn.sr.se/images/2071/3373480_2048_1152.jpg,,"Författaren, diktaren och dramatikern om ensamhet och om att bli älskad."
421656,5203842,Jan Guillou 1984,1984-08-03,1984,Sommar,https://www.sverigesradio.se/avsnitt/421656,https://static-cdn.sr.se/laddahem/podradio/sommar_i_p1/1984/08/sommar_i_p1_19840803_1300_3686cb2.mp3,3130,50332692,https://static-cdn.sr.se/images/2071/3250665_2048_1152.jpg,,"Författare och journalist I sitt andra Sommarprogram pratar Jan Guillou om hur sanningen är huvudsaken för honom som journalist, men att det ofta är problematiskt att berätta sanningen."
1143219,6594815,Ralph Lundsten 1984,1984-08-11,1984,Sommar,https://www.sverigesradio.se/avsnitt/1143219,https://static-cdn.sr.se/laddahem/podradio/mp/sommar_i_p1/1984/08/sommar__vinter_i_p1_ralph_lundsten_20250220_1443325442.mp3,4321,69174465,https://static-cdn.sr.se/images/2071/66d84e4b-d2d8-4ebc-8f3b-03ecd513c62e.jpg,Bertil S-son Åberg /SVT bild,Kompositör
1913494,8252191,Torsten Ehrenmark 1984,1984-08-12,1984,Sommar,https://www.sverigesradio.se/avsnitt/1913494,https://static-cdn.sr.se/laddahem/podradio/2022/03/sommar__vinter_i_p1_torsten_ehrenmark_1984_20240909_1331302820.mp3,4049,64805152,https://static-cdn.sr.se/images/2071/95aca8a2-966a-41ef-81c6-370fdf474d27.jpg,,Kåsören och journalisten Torsten Ehrenmark är den sommarvärd som gjort flest sommarprogram. Ett svårslaget rekord på hela 50 program blev det totalt.
1273758,6866829,Ulf Lundell 1985,1985-06-29,1985,Sommar,https://www.sverigesradio.se/avsnitt/1273758,https://static-cdn.sr.se/laddahem/podradio/mp/sommar_i_p1/1985/06/sommar_i_p1_19850629_1300_5c98d2b2.mp3,2448,39192155,https://static-cdn.sr.se/images/2071/3370198_2048_1152.jpg,,"Författare, musiker och konstnär. I sitt tredje Sommarprogram delar Ulf Lundell med sig av sin skivsamling och pratar om livskris och längtan. Han filosoferar också runt ekvationen energi + humor = öppenhetens makt."
421655,5098415,Annika Hagström 1985,1985-07-02,1985,Sommar,https://www.sverigesradio.se/avsnitt/421655,https://static-cdn.sr.se/laddahem/podradio/sommar_i_p1/1985/07/sommar__vinter_i_p1_annika_hagstrom_1985_20250220_1439109574.mp3,3553,57057191,https://static-cdn.sr.se/images/2071/3373429_2048_1152.jpg,,"Journalisten, tv-producenten och programledaren om bilden av den vanliga människan inom journalistiken, om elakhet och vikten av att tro på sig själv, om frälsning och om ett brödrecept. Gäster i studion är Bo Strömstedt och Carola."
2562434,9687052,Sommar rekommenderar: Lars Ulvenstam 1985,1985-07-14,1985,Sommar,https://www.sverigesradio.se/avsnitt/2562434,https://static-cdn.sr.se/laddahem/podradio/2025/03/program_lars_ulvenstam_podd_1985_20250306_1022594298.mp3,4371,69955099,https://static-cdn.sr.se/images/2071/1190b0af-be74-4c24-b6d0-5d1007d1ff98.jpg,Kerstin Björnström/TT,"Journalisten, författaren och Sommarveteranen Lars Ulvenstam visar prov på sina dialektkunskaper när han minns gamla bekanta i detta program från 1985."
421653,5297806,Herman Lindqvist 1985,1985-07-19,1985,Sommar,https://www.sverigesradio.se/avsnitt/421653,https://static-cdn.sr.se/laddahem/podradio/sommar_i_p1/1985/07/sommar_i_p1_19850719_1300_352636f.mp3,3365,53979289,https://static-cdn.sr.se/images/2071/3373411_2048_1152.jpg,,"Journalist, författare och populärhistoriker I sitt Sommarprogram 1985 berättar Herman Lindqvist om när han var korrespondent i Beirut, om nyhetsflödet, Napoleon och om vikten av kärlek."
416898,5027475,Povel Ramel 1985,1985-07-21,1985,Sommar,https://www.sverigesradio.se/avsnitt/416898,https://static-cdn.sr.se/laddahem/podradio/sommar_i_p1/1985/07/sommar_i_p1_19850721_1300_36f5105.mp3,2974,48201900,https://static-cdn.sr.se/images/2071/3362083_700_394.jpg,,En av våra största artister inom musik och underhållning I programmet från 1985 sitter han på stranden med sin dotter Lotta och spelar skivor på en grammofon. Hur kommer sånger till?
421652,5305568,Totte Wallin 1985,1985-07-24,1985,Sommar,https://www.sverigesradio.se/avsnitt/421652,https://static-cdn.sr.se/laddahem/podradio/sommar_i_p1/1985/07/sommar_i_p1_19850724_1300_3eea84e.mp3,2906,46643518,https://static-cdn.sr.se/images/2071/3373391_2048_1152.jpg,,"Sångare, musiker och komiker. Han pratar om perspektiv, turism, om att vara uppkomling och om materialism."
421649,5304183,Bengt Lagerkvist 1985,1985-07-26,1985,Sommar,https://www.sverigesradio.se/avsnitt/421649,https://static-cdn.sr.se/laddahem/podradio/sommar_i_p1/1985/07/sommar_i_p1_19850726_1300_3c278b4.mp3,2612,41939127,https://static-cdn.sr.se/images/2071/3373377_2048_1152.jpg,,"Regissör och författare I sitt Sommarprogram 1985 berättar Bengt Lagerkvist om resor genom de svenska landskapen sedd genom olika konstnärers ögon, om resan till Kreta och om haven."
421648,5299406,Sun Axelsson 1985,1985-07-30,1985,Sommar,https://www.sverigesradio.se/avsnitt/421648,https://static-cdn.sr.se/laddahem/podradio/sommar_i_p1/1985/07/sommar_i_p1_19850730_1300_3cdf704.mp3,2362,37931097,https://static-cdn.sr.se/images/2071/3373345_2048_1152.jpg,,"Författare, kritiker och översättare som pratar om tågresor och skaparglädje."
1569337,7484655,Olle Adolphson 1985,1985-08-01,1985,Sommar,https://www.sverigesradio.se/avsnitt/1569337,https://static-cdn.sr.se/laddahem/podradio/sommar_i_p1/1985/08/sommar__vinter_i_p1_olle_adolphson_1985_20240909_1336504681.mp3,3749,60031352,https://static-cdn.sr.se/images/2071/b6bf5ede-f848-4228-9d2f-ef8a234cc007.jpg,Bertil S-son Åberg ,Visdiktare. Programmet sändes 1 augusti 1985.
1348199,7013336,Torgny Svensson 1986,1986-07-02,1986,Sommar,https://www.sverigesradio.se/avsnitt/1348199,https://static-cdn.sr.se/laddahem/podradio/mp/sommar_i_p1/1986/07/sommar_i_p1_19860702_1300_5d3b0995.mp3,3587,57431636,https://static-cdn.sr.se/images/2071/4b54a580-4bd9-4369-9ed3-97fbd44f6ae2.jpg,Bo-Aje Mellin / SVT,"Sommar i P1 med Torgny Svensson, alpin landslagstränare. Programmet sändes 1986-07-02."
416427,5022913,Magnus Uggla 1986,1986-07-05,1986,Sommar,https://www.sverigesradio.se/avsnitt/416427,https://static-cdn.sr.se/laddahem/podradio/sommar_i_p1/1986/07/sommar_i_p1_19860705_1300_33589d9.mp3,3505,56701534,https://static-cdn.sr.se/images/2071/3357313_2048_1152.jpg,,"Artist, musiker och låtskrivare. I Sommar från 1986 berättar Magnus Uggla om sin röda pubertetsnäsa, moppedrömmar, tjejer och spelningar. Balla klubbar, kändisfolket och sin skådiskarriär."
449611,5098077,Annika Hagström 1986,1986-07-06,1986,Sommar,https://www.sverigesradio.se/avsnitt/449611,https://static-cdn.sr.se/laddahem/podradio/sommar_i_p1/1986/07/sommar_i_p1_19860706_1300_3442e0a.mp3,3706,59504634,https://static-cdn.sr.se/images/2071/3373429_2048_1152.jpg,,"Journalist, tv-producent och programledare Gäst, under en del av programmet, är Hans Holmér."
722477,5683374,Michael B. Tretow 1986,1986-07-09,1986,Sommar,https://www.sverigesradio.se/avsnitt/722477,https://static-cdn.sr.se/laddahem/podradio/sommar_i_p1/1986/07/sommar_i_p1_19860709_1300_32ea981.mp3,3403,54459771,https://static-cdn.sr.se/images/2071/3675559_2048_1152.jpg,,"LJUDTEKNIKER, KOMPOSITÖR. Han börjar med att testa ljudet med röster som kommer från olika håll i hörlurarna."
351595,4723328,Måns Herngren 1986,1986-07-25,1986,Sommar,https://www.sverigesradio.se/avsnitt/351595,https://static-cdn.sr.se/laddahem/podradio/sommar_i_p1/1986/07/sommar_i_p1_19860725_1600_355ebdb.mp3,3589,57460050,https://static-cdn.sr.se/images/2071/3172939_2048_1152.jpg,,"Regissör, manusförfattare och skådespelare. Det här är Måns Herngrens första Sommarprogram."
416442,4080053,Marie Göranzon och Jan Malmsjö 1986,1986-08-02,1986,Sommar,https://www.sverigesradio.se/avsnitt/416442,https://static-cdn.sr.se/laddahem/podradio/sommar_i_p1/2012/08/SR_sommar_i_p1_860802_9B97.mp3,4043,64723503,https://static-cdn.sr.se/images/2071/3357513_2048_1152.jpg,,Skådespelare och gifta med varandra
534703,4236268,Lars Ulvenstam 1986,1986-08-03,1986,Sommar,https://www.sverigesradio.se/avsnitt/534703,https://static-cdn.sr.se/laddahem/podradio/sommar_i_p1/2012/11/sommar__vinter_i_p1_lars_ulvenstam_1986_20240909_1542587862.mp3,4731,75736836,https://static-cdn.sr.se/images/2071/9f939378-4c67-4cf3-90cd-6efdd9e5690a.jpg,Bertil S-son Åberg/SVT,Journalist och författare.
421647,5300749,Amelia Adamo 1986,1986-08-06,1986,Sommar,https://www.sverigesradio.se/avsnitt/421647,https://static-cdn.sr.se/laddahem/podradio/sommar_i_p1/1986/08/sommar_i_p1_19860806_1300_3c20946.mp3,3146,50477661,https://static-cdn.sr.se/images/2071/3373329_2048_1152.jpg,,"Tidningsmakare När Amelia Adamo debuterar i Sommar 1986 pratar hon om livet hos nunnorna, synden, rättvisan och kändisjournalistik. Åsa Moberg är med på telefon om sex och samlevnadsfrågor. Och leve Sverige!"
907868,6108215,Stina Ekblad 1986,1986-08-09,1986,Sommar,https://www.sverigesradio.se/avsnitt/907868,https://static-cdn.sr.se/laddahem/podradio/sommar_i_p1/1986/08/sommar__vinter_i_p1_stina_ekblad_1986_20250220_1410021306.mp3,3125,50032624,https://static-cdn.sr.se/images/2071/53c3fac9-c740-467e-9eaf-02b769033c1f.jpg,Gunnar Lundmark / SvD / TT,Skådespelare
2494782,9545368,Lasse Hallström 1986,1986-08-12,1986,Sommar,https://www.sverigesradio.se/avsnitt/2494782,https://static-cdn.sr.se/laddahem/podradio/2024/11/sommar__vinter_i_p1_lasse_hallstrom_1986_20241114_1629127480.mp3,3356,53723603,https://static-cdn.sr.se/images/2071/4ab0a118-07a3-446c-8e47-c5e9afbe3232.jpg,Bo-Aje Mellin Bam/SVT,Regissören och manusförfattaren bakom den svenska filmklassikern Mitt liv som hund och otaliga fler filmer.
415844,5303634,Per Gunnar Evander 1986,1986-08-17,1986,Sommar,https://www.sverigesradio.se/avsnitt/415844,https://static-cdn.sr.se/laddahem/podradio/sommar_i_p1/1986/08/sommar_i_p1_19860817_1300_29678d5.mp3,4436,71120109,https://static-cdn.sr.se/images/2071/3357472_2048_1152.jpg,,"Författare I sitt Sommarprogram 1986 berättar Per Gunnar Evander om sina släktingars liv och öden, om kunskap och om sågmanschetter."
415910,4080037,Hannes Holm 1987,1987-07-10,1987,Sommar,https://www.sverigesradio.se/avsnitt/415910,https://static-cdn.sr.se/laddahem/podradio/sommar_i_p1/2012/08/SR_sommar_i_p1_870710_9828.mp3,3631,58144960,https://static-cdn.sr.se/images/2071/3357607_2000_1125.jpg,,"Filmregissör, manusförfattare"
1569343,7484676,Kristina Lugn - 1987,1987-07-25,1987,Sommar,https://www.sverigesradio.se/avsnitt/1569343,https://static-cdn.sr.se/laddahem/podradio/sommar_i_p1/1987/07/sommar__vinter_i_p1_kristina_lugn__1987_20250220_1406487800.mp3,3817,61119316,https://static-cdn.sr.se/images/2071/46d7e0e9-5147-4f31-ad4d-fb879b588085.jpg,Bertil S-son Åberg ,"Poet, dramatiker."
1585352,7524095,Monica Borrfors -1988,1988-07-18,1988,Sommar,https://www.sverigesradio.se/avsnitt/1585352,https://static-cdn.sr.se/laddahem/podradio/sommar_i_p1/1988/07/sommar__vinter_i_p1_monica_borrfors_1988_20250220_1405053169.mp3,3265,52289518,https://static-cdn.sr.se/images/2071/c2d4b3f7-45bc-4a06-b734-43e808ad7510.jpg,,Jazzsångare
421646,5293307,Anderz Harning 1988,1988-08-06,1988,Sommar,https://www.sverigesradio.se/avsnitt/421646,https://static-cdn.sr.se/laddahem/podradio/sommar_i_p1/1988/08/sommar__vinter_i_p1_anderz_harning_1988_20250220_1403399223.mp3,4242,68008699,https://static-cdn.sr.se/images/2071/3373278_2048_1152.jpg,,"Samhällsdebattör, journalist, litteraturkritiker och författare Anderz Harning berättar om Portugal, tryggheten i det svenska samhället och åldringsvården. Om felaktig historiesyn, att kritisera Ingvar Carlsson och varför det är bra att sälar dör."
1869946,8137662,Bi Puranen 1988,1988-08-17,1988,Sommar,https://www.sverigesradio.se/avsnitt/1869946,https://static-cdn.sr.se/laddahem/podradio/2021/12/sommar__vinter_i_p1_bi_puranen_1988_20220818_1433191738.mp3,4040,64668252,https://static-cdn.sr.se/images/2071/fdf2e254-fdd4-4fde-b2d9-d9bf99d85bd0.jpg,Privat. ,Bi Puranen är forskare och författare. Hon debuterade som sommarvärd 1988. Nu kan du lyssna på hennes debutprogram.
415909,4080045,Hannes Holm 1988,1988-08-20,1988,Sommar,https://www.sverigesradio.se/avsnitt/415909,https://static-cdn.sr.se/laddahem/podradio/sommar_i_p1/2012/08/SR_sommar_i_p1_880820_991A.mp3,3365,53876612,https://static-cdn.sr.se/images/2071/3357615_2000_1125.jpg,,"Filmregissör, manusförfattare"
1144387,6598633,Ralph Lundsten 1989,1989-07-08,1989,Sommar,https://www.sverigesradio.se/avsnitt/1144387,https://static-cdn.sr.se/laddahem/podradio/mp/sommar_i_p1/1989/07/sommar__vinter_i_p1_ralph_lundsten_1989_20250220_1356163450.mp3,4616,73889055,https://static-cdn.sr.se/images/2071/66d84e4b-d2d8-4ebc-8f3b-03ecd513c62e.jpg,Bertil S-son Åberg /SVT bild,Kompositör
421644,5199823,Hans Alfredson 1989,1989-07-09,1989,Sommar,https://www.sverigesradio.se/avsnitt/421644,https://static-cdn.sr.se/laddahem/podradio/sommar_i_p1/1989/07/sommar_i_p1_19890709_1300_31fbb9f.mp3,4009,64895132,https://static-cdn.sr.se/images/2071/3373257_2048_1152.jpg,,"Författare, skådespelare och regissör I sitt Sommarprogram 1989 berättar Hans Alfredson om vad som hänt i karriären, revyminnen och om resor."
723002,5684666,Jujja Wieslander 1989,1989-07-12,1989,Sommar,https://www.sverigesradio.se/avsnitt/723002,https://static-cdn.sr.se/laddahem/podradio/sommar_i_p1/1989/07/sommar__vinter_i_p1_jujja_wieslander_1989_20250220_1353197594.mp3,2113,33835207,https://static-cdn.sr.se/images/2071/b55ddbc7-d0b4-4f60-9932-57689d6a0cc3.jpg,,"Författare, ledamot av svenska barnboksakademin. Hon inleder sitt Sommar med att prata som sin karaktär Mamma Mu."
557632,5328574,Ulla Skoog 1989,1989-07-13,1989,Sommar,https://www.sverigesradio.se/avsnitt/557632,https://static-cdn.sr.se/laddahem/podradio/sommar_i_p1/1989/07/sommar_i_p1_19890713_1300_3023d32.mp3,3827,61375169,https://static-cdn.sr.se/images/2071/3541832.jpg,,Skådespelerska och ståuppkomiker
1149934,6607769,Magnus Härenstam 1989,1989-07-15,1989,Sommar,https://www.sverigesradio.se/avsnitt/1149934,https://static-cdn.sr.se/laddahem/podradio/mp/sommar_i_p1/1989/07/sommar_i_p1_19890715_1300_5b7d71d4.mp3,4456,71335354,https://static-cdn.sr.se/images/2071/3350750_2000_1125.jpg,,Skådespelare och komiker.
415918,4103725,Lasse Brandeby 1989,1989-07-22,1989,Sommar,https://www.sverigesradio.se/avsnitt/415918,https://static-cdn.sr.se/laddahem/podradio/sommar_i_p1/2012/08/SR_sommar_i_p1_890722_9ED1.mp3,4191,67091698,https://static-cdn.sr.se/images/2071/2461867_1200_675.jpg,,"Komiker, skådespelare"
1570317,7488752,Hans Cavalli-Björkman - 1989,1989-07-23,1989,Sommar,https://www.sverigesradio.se/avsnitt/1570317,https://static-cdn.sr.se/laddahem/podradio/sommar_i_p1/1989/07/sommar__vinter_i_p1_hans_cavallibjorkman__1989_20250220_1347154368.mp3,3595,57571566,https://static-cdn.sr.se/images/2071/ee020399-243f-4e3e-8ad9-90017c8d35df.jpg,SVT Bild,Hans Cavalli-Björkman var bankman och verkade som ordförande i Malmö FF mellan 1975 och 1998 och blev senare utnämnd till hedersordförande.
406237,5003441,Allan Edwall 1989,1989-07-29,1989,Sommar,https://www.sverigesradio.se/avsnitt/406237,https://static-cdn.sr.se/laddahem/podradio/sommar_i_p1/1989/07/sommar_i_p1_19890729_1300_3156175.mp3,3218,52103243,https://static-cdn.sr.se/images/2071/3337197_2048_1152.jpg,,"Skådespelare, regissör, författare och musiker I sitt Sommarprogram 1989 pratar Allan Edwall om att vara pessimist, om vad musik egentligen är och om människans evolution. Om modern brottslighet, en förgiftningsolycka och en skilsmässa."
2217788,8914395,Staffan Göthe 1989,1989-08-05,1989,Sommar,https://www.sverigesradio.se/avsnitt/2217788,https://static-cdn.sr.se/laddahem/podradio/2023/07/sommar__vinter_i_p1_staffan_gothe_1989_20230714_1409101765.mp3,4098,65600837,https://static-cdn.sr.se/images/2071/6ffd4ebc-308d-4666-b35f-7637b865c399.jpg,Peter Nodbrink,Betraktelser från ett sommarhus utanför Milano i Italien.
483379,4236261,Mikael Wiehe 1989,1989-08-10,1989,Sommar,https://www.sverigesradio.se/avsnitt/483379,https://static-cdn.sr.se/laddahem/podradio/sommar_i_p1/2012/11/SR_sommar_i_p1_121102_BC12.mp3,3173,50808904,https://static-cdn.sr.se/images/2071/3452785_2048_1152.jpg,,Låtskrivare och artist.
2220209,8925347,Claes Eriksson 1989,1989-08-13,1989,Sommar,https://www.sverigesradio.se/avsnitt/2220209,https://static-cdn.sr.se/laddahem/podradio/2023/07/sommar__vinter_i_p1_claes_eriksson_1989_20230724_1500323339.mp3,3940,63069051,https://static-cdn.sr.se/images/2071/c4133eef-72cc-4bbe-89c9-b0a6ae5cf70f.jpg,Björn Edergren /SVT bild,Ett Sommarprat till alla som inte tar vara på dagen.
2479137,9517148,Steffo Törnquist 1990,1990-06-29,1990,Sommar,https://www.sverigesradio.se/avsnitt/2479137,https://static-cdn.sr.se/laddahem/podradio/2024/10/sommar__vinter_i_p1_steffo_tornquist_1990_20250129_0933037486.mp3,4416,70690405,https://static-cdn.sr.se/images/2071/c95310fc-ef8c-4fc1-a13c-9670ae7ac69b.png,Leif R Jansson/TT Nyhetsbyrån,"Programledaren Steffo Törnquist Sommarpratar om rattfylla, journalistik och sist avlägger han även en bekännelse."
415905,5193773,Jonas Gardell 1990,1990-07-04,1990,Sommar,https://www.sverigesradio.se/avsnitt/415905,https://static-cdn.sr.se/laddahem/podradio/sommar_i_p1/1990/07/sommar_i_p1_19900704_1300_3db0e4e.mp3,3446,55891056,https://static-cdn.sr.se/images/2071/3373217_2048_1152.jpg,,"Författare, komiker och artist I sitt Sommarprogram 1990 pratar Jonas Gardell om tillvarons outgrundliga gåtor, dåliga psaltarsånger och om hantverkare."
415917,4102463,Alf Mork 1990,1990-07-15,1990,Sommar,https://www.sverigesradio.se/avsnitt/415917,https://static-cdn.sr.se/laddahem/podradio/sommar_i_p1/2012/08/SR_sommar_i_p1_900715_E48C.mp3,4137,66241763,https://static-cdn.sr.se/images/2071/3363419_2048_1152.jpg,,Reklamare och författare I Sommar från 1990 berättar han bland annat om planerna på att bli präst och varför han aldrig blev fullärd på piano.
1569345,7484708,Kristina Lugn - 1990,1990-07-21,1990,Sommar,https://www.sverigesradio.se/avsnitt/1569345,https://static-cdn.sr.se/laddahem/podradio/sommar_i_p1/1990/07/sommar__vinter_i_p1_kristina_lugn__1990_20250220_1332354528.mp3,3736,59831580,https://static-cdn.sr.se/images/2071/738279ff-f78b-4f81-a416-3a444ec03d9f.jpg,,Poet och dramatiker.
1304462,6934161,Peter Dahl 1990,1990-07-25,1990,Sommar,https://www.sverigesradio.se/avsnitt/1304462,https://static-cdn.sr.se/laddahem/podradio/mp/sommar_i_p1/1990/07/sommar__vinter_i_p1_peter_dahl_1990_20220818_1756181829.mp3,2528,40484603,https://static-cdn.sr.se/images/2071/bba250e5-5a6a-4c02-ba85-99815e959d75.jpg,Åke Erlandsson,"Konstnären Peter Dahl pratar om livet, tiden och konsten."
760411,5760248,Alexander Bard 1990,1990-08-06,1990,Sommar,https://www.sverigesradio.se/avsnitt/760411,https://static-cdn.sr.se/laddahem/podradio/sommar_i_p1/1990/08/sommar__vinter_i_p1_alexander_bard_1990_20250220_1328079353.mp3,3700,59348469,https://static-cdn.sr.se/images/2071/c86d9c61-cb7c-42a8-a15e-d2fe8733d3e8.jpg,Leif R Jansson / TT,"”Knarksommar!” Börjar Alexander Bard sitt första Sommarprogram med. Han tar med oss på en musikalisk livsresa och pratar om alltifrån droger och invandringsfrågan. Han berättar även om att han ”ville bli bög, innan jag ens visste vad ordet hette.”"
432965,5062332,Birgitta Stenberg 1990,1990-08-11,1990,Sommar,https://www.sverigesradio.se/avsnitt/432965,https://static-cdn.sr.se/laddahem/podradio/sommar_i_p1/1990/08/sommar__vinter_i_p1_birgitta_stenberg_1990_20250220_1326166097.mp3,3294,53325938,https://static-cdn.sr.se/images/2071/3399718_2048_1152.jpg,,"Författaren och konstnären om våldtäkter, sällskapshundar, egyptisk historia och svensk fylla."
414919,5019433,Jan Stenbeck 1990,1990-08-15,1990,Sommar,https://www.sverigesradio.se/avsnitt/414919,https://static-cdn.sr.se/laddahem/podradio/sommar_i_p1/1990/08/sommar__vinter_i_p1_jan_stenbeck_1990_20250220_1324200272.mp3,3042,49299993,https://static-cdn.sr.se/images/2071/3357466_2048_1152.jpg,,"Finansmannen om tiden på Wall Street, ekonomi, pluralism, humanism och monopol. Om förhållandet mellan politiker och journalister i Sverige, Bassethunden Hubert och om 800 rosor till en kvinna."
1569352,7488731,Ulrica Hydman-Vallien - 1991,1991-06-22,1991,Sommar,https://www.sverigesradio.se/avsnitt/1569352,https://static-cdn.sr.se/laddahem/podradio/sommar_i_p1/1991/06/sommar_i_p1_19910622_0700_5f43e101.mp3,3949,63232933,https://static-cdn.sr.se/images/2071/4a0acd8a-fa9b-45d9-a248-b732ed6e0cd8.jpg,SVT Bild,Glaskonstnär. Programmet sändes 22 juni 1991.
1742119,7870060,Niklas Strömstedt 1991,1991-06-23,1991,Sommar,https://www.sverigesradio.se/avsnitt/1742119,https://static-cdn.sr.se/laddahem/podradio/sommar_i_p1/1991/06/sommar_i_p1_19910623_1300_60c07d0f.mp3,3511,56237412,https://static-cdn.sr.se/images/2071/06237486-7b39-490f-92ba-f12dd01f3818.jpg,TT,Sommar i P1 med Niklas Strömstedt från den 23 juni 1991.
1149121,6607474,Sven Yrvind fd. Lundin 1991,1991-06-28,1991,Sommar,https://www.sverigesradio.se/avsnitt/1149121,https://static-cdn.sr.se/laddahem/podradio/mp/sommar_i_p1/1991/06/sommar_i_p1_19910628_1300_5b7d5528.mp3,4233,67767279,https://static-cdn.sr.se/images/2071/663966e8-e6f6-469d-b511-fd4fc0124254.jpg,FREDRIK SANDBERG / TT,"Författare, båtbyggare och ensamseglare."
1569341,7484667,Kristina Lugn - 1991,1991-06-30,1991,Sommar,https://www.sverigesradio.se/avsnitt/1569341,https://static-cdn.sr.se/laddahem/podradio/sommar_i_p1/1991/06/sommar_i_p1_19910630_0700_5f3ea9a2.mp3,3501,56068269,https://static-cdn.sr.se/images/2071/538d1faa-fc02-4031-8893-f09d3226118e.jpg,SVT Bild,"Poet, dramatiker. Programmet sändes 30 juni 1991."
1569350,7484654,Claes Borgström - 1991,1991-07-04,1991,Sommar,https://www.sverigesradio.se/avsnitt/1569350,https://static-cdn.sr.se/laddahem/podradio/sommar_i_p1/1991/07/sommar__vinter_i_p1_claes_borgstrom_1991_20250220_1311529347.mp3,3200,51249230,https://static-cdn.sr.se/images/2071/16d0d52d-e224-4afb-b783-53df17ea5e31.jpg,,"Jurist, författare och politiker."
782849,5814836,Siw Carlsson 1991,1991-07-05,1991,Sommar,https://www.sverigesradio.se/avsnitt/782849,https://static-cdn.sr.se/laddahem/podradio/sommar_i_p1/1991/07/sommar_i_p1_19910705_1300_35fc05a.mp3,2819,45254735,https://static-cdn.sr.se/images/2071/90c5bf5e-6ab5-4367-ad29-050bd480ff1b.jpg,,Siw Carlsson kämpar med sitt alter egon Augustina och Svea som också vill ha tid i Sommarprogrammet från 1991 där vi tar med oss på en resa i den svenska sommaren. Det går inte alltid så bra…
325737,4773324,Jonas Gardell 1991,1991-07-08,1991,Sommar,https://www.sverigesradio.se/avsnitt/325737,https://static-cdn.sr.se/laddahem/podradio/sommar_i_p1/2013/11/sommar__vinter_i_p1_jonas_gardell_1991_20250220_1310167735.mp3,3642,58307210,https://static-cdn.sr.se/images/2071/2840785_1200_675.jpg,,"Författaren, artisten och dramatikern följer upp sitt tidigare Sommarprogram om hantverkare och pratar om hur han plötsligt förändrar sina föreställningar om sig själv och vilka som är normala. Han funderar också en del kring Tarzan och hans klädsel."
1782856,7959788,Jan Guillou 1991,1991-07-21,1991,Sommar,https://www.sverigesradio.se/avsnitt/1782856,https://static-cdn.sr.se/laddahem/podradio/sommar_i_p1/1991/07/sommar_i_p1_19910721_1300_611a8583.mp3,3628,58104048,https://static-cdn.sr.se/images/2071/e8c0f2c8-a955-413c-98f4-1108ad83d220.jpg,SVT Bild.,Författaren pratar om livets stora orättvisor och livets små förtretligheter.
558715,5331704,Eva Dahlgren 1991,1991-07-29,1991,Sommar,https://www.sverigesradio.se/avsnitt/558715,https://static-cdn.sr.se/laddahem/podradio/sommar_i_p1/1991/07/sommar_i_p1_19910729_1300_28f28f7.mp3,3101,49766579,https://static-cdn.sr.se/images/2071/3357389_2048_1152.jpg,,Artist och låtskrivare Hon börjar med att säga att hon är trött för att hon fyllde 21 år dagen innan Sommarprogrammet. Vad ska hon prata om?
773578,5795782,Staffan Heimerson 1991,1991-08-01,1991,Sommar,https://www.sverigesradio.se/avsnitt/773578,https://static-cdn.sr.se/laddahem/podradio/sommar_i_p1/1991/08/sommar__vinter_i_p1_staffan_heimerson_1991_20250220_1150429017.mp3,4201,67366300,https://static-cdn.sr.se/images/2071/3ede4429-7f39-4c16-8cec-06b8349628e4.jpg,,"Journalisten och författaren berättar hur flera personer, som han har intervjuat, har rest sig och gått därifrån."
2474971,9502515,Gunde Svan 1991,1991-08-03,1991,Sommar,https://www.sverigesradio.se/avsnitt/2474971,https://static-cdn.sr.se/laddahem/podradio/2024/10/sommar__vinter_i_p1_gunde_svan_1991_20241015_1704267667.mp3,3779,60500881,https://static-cdn.sr.se/images/2071/1ea3a934-f5bb-446d-b3e4-284082ccb3a2.jpeg,Bertil Ericson/TT Nyhetsbyrån,"Längdskidåkaren om barndomen, hur han mötte sin fru Marie och kanske lite om valla, eller inte."
782850,5814840,Kikki Danielsson 1991,1991-08-04,1991,Sommar,https://www.sverigesradio.se/avsnitt/782850,https://static-cdn.sr.se/laddahem/podradio/sommar_i_p1/1991/08/sommar_i_p1_19910804_1300_35ecbc8.mp3,4164,66781159,https://static-cdn.sr.se/images/2071/616a91bc-f61a-4eb3-b2a7-ba7c57a98e23.jpg,Stefan Lindblom / TT /,I sitt första Sommarprogram håller Kikki Danielsson oss sällskap en vacker och mysig augustieftermiddag 1991.
403632,4999355,Micke ”Svullo” Dubois 1991,1991-08-07,1991,Sommar,https://www.sverigesradio.se/avsnitt/403632,https://static-cdn.sr.se/laddahem/podradio/sommar_i_p1/1991/08/sommar__vinter_i_p1_micke_svullo_dubois_1991_20240909_1515095698.mp3,3013,48833669,https://static-cdn.sr.se/images/2071/3335038_2048_1152.jpg,,Micke Dubois berättar om hur han började uppträda och hur hans karaktär Svullo kom till.
1394851,7116472,Agneta von Schinkel 1991,1991-08-10,1991,Sommar,https://www.sverigesradio.se/avsnitt/1394851,https://static-cdn.sr.se/laddahem/podradio/mp/sommar_i_p1/1991/08/sommar__vinter_i_p1_sommar_i_p1_med_agneta_von_sch_20250220_1147032612.mp3,3989,63850499,https://static-cdn.sr.se/images/2071/f7b0f89d-d358-43c3-9be9-7e588d0c7428.jpg,Mark Earthy/TT,"Fd chefsredaktör, VD, förlagschef och delägare i Svensk Damtidning och även författare."
439195,5075670,Bodil Jönsson 1991,1991-08-13,1991,Sommar,https://www.sverigesradio.se/avsnitt/439195,https://static-cdn.sr.se/laddahem/podradio/sommar_i_p1/1991/08/sommar_i_p1_19910813_1300_3ba8c3c.mp3,3724,60203126,https://static-cdn.sr.se/images/2071/3404093_1200_675.jpg,,"Professor emerita i rehabiliteringsteknik Hon berättar hur man mäter tid, om det sinnliga, det internationella perspektivet och den skånska matglädjen."
325736,4773466,Jonas Gardell - Vinter 1991,1991-12-31,1991,Vinter,https://www.sverigesradio.se/avsnitt/325736,https://static-cdn.sr.se/laddahem/podradio/sommar_i_p1/2013/11/sommar_i_p1_20131125_1300_2d26c62.mp3,1898,30412630,https://static-cdn.sr.se/images/2071/2840785_1200_675.jpg,,"Världen är densamma även efter tolvslaget på nyåret. Det säger författaren, komikern och artisten Jonas Gardell som i sitt Vinterprogram från 1991 pratar om högervindarna i Sverige och spekulerar kring vad det är vi egentligen firar när klockan slår tolv på nyårsafton.- Våra dagar på jorden är räknade. Låt oss ikväll fira att ett färre antal dagar av de återstår, så börjar Jonas Gardell sitt program."
325735,4773934,Jonas Gardell 1992,1992-06-21,1992,Sommar,https://www.sverigesradio.se/avsnitt/325735,https://static-cdn.sr.se/laddahem/podradio/sommar_i_p1/2013/11/sommar__vinter_i_p1_jonas_gardell1992_20250220_1142483179.mp3,3585,57401424,https://static-cdn.sr.se/images/2071/2854228_1200_675.jpg,,"Författaren, artisten och dramatikern Jonas Gardell beskriver sig själv som inställsam och vill bara att alla ska vara nöjda, i alla fall i Sommar i P1."
2531642,9623835,Rikard Wolff 1992,1992-06-24,1992,Sommar,https://www.sverigesradio.se/avsnitt/2531642,https://static-cdn.sr.se/laddahem/podradio/2025/01/sommar__vinter_i_p1_rikard_wolff_1992_20250123_2007239567.mp3,4335,69391144,https://static-cdn.sr.se/images/2071/fe3ad4a3-2338-4e07-90a9-b81a02aea0b4.jpg,Jan Collsiöö/TT,"Sångaren och skådespelaren om försvunna barndomsvänner, livets förälskelser och pappans död."
421643,5200010,Britt Ekland 1992,1992-06-27,1992,Sommar,https://www.sverigesradio.se/avsnitt/421643,https://static-cdn.sr.se/laddahem/podradio/sommar_i_p1/1992/06/sommar__vinter_i_p1_britt_ekland_1992_20250220_1139352932.mp3,3647,59105690,https://static-cdn.sr.se/images/2071/3e2b5aed-7049-4e00-91f2-fda90cd706db.jpg,STF/AP,"Skådespelaren om sitt liv, från livet i Stockholm till livet som filmstjärna i världen. Om olika män, giftemål och skilsmässor och om lyx och andra kända vänner."
2217757,8913977,Göran Greider 1992,1992-06-29,1992,Sommar,https://www.sverigesradio.se/avsnitt/2217757,https://static-cdn.sr.se/laddahem/podradio/2023/07/sommar__vinter_i_p1_goran_greider_1992_20250220_1137520788.mp3,4125,66036326,https://static-cdn.sr.se/images/2071/b2263f10-14e9-468e-be11-b2d0df366a21.jpg,Anders Roth /SVT,"Göran Greider håller ett tal till nationen och pratar om Sverige, från Gustav Vasa till Bert Karlsson."
1778177,7950840,PG Gyllenhammar 1992,1992-07-04,1992,Sommar,https://www.sverigesradio.se/avsnitt/1778177,https://static-cdn.sr.se/laddahem/podradio/sommar_i_p1/1992/07/sommar__vinter_i_p1_pg_gyllenhammar_1992_20241121_1900317294.mp3,3658,58586799,https://static-cdn.sr.se/images/2071/4203a78d-5885-46b3-b509-60cfeed3f76c.jpg,Bengt O Nordin /TT Bild.,"Styrelseordföranden för Volvo om historiken till EG, som håller på att bli EU."
2220216,8925395,Babben Larsson 1992,1992-07-05,1992,Sommar,https://www.sverigesradio.se/avsnitt/2220216,https://static-cdn.sr.se/laddahem/podradio/2023/07/sommar__vinter_i_p1_babben_larsson_1992_20250220_1134326929.mp3,3592,57497979,https://static-cdn.sr.se/images/2071/4f9b1e71-05e6-47bc-9170-45dfcaca4982.jpg,Bertil S-son Åberg/SVT bild,Komikern ger en lägesrapport direkt från Radio Gotland.
421642,5282928,Sven-Bertil Taube 1992,1992-07-11,1992,Sommar,https://www.sverigesradio.se/avsnitt/421642,https://static-cdn.sr.se/laddahem/podradio/sommar_i_p1/1992/07/sommar__vinter_i_p1_svenbertil_taube_1992_20250220_1132378810.mp3,3522,56495868,https://static-cdn.sr.se/images/2071/caf7d575-7de3-4540-b4c6-c30e91a73332.jpg,Anders Wiklund / TT,"Sångare och skådespelare. Han bland annat om roliga artist- och karriärsminnen, om stumma möten med Geraldine Chaplin och om en osannolik glassgubbe som gav honom några tusen franc."
567017,5346744,Sverker Olofsson 1992,1992-07-24,1992,Sommar,https://www.sverigesradio.se/avsnitt/567017,https://static-cdn.sr.se/laddahem/podradio/sommar_i_p1/1992/07/sommar__vinter_i_p1_sverker_olofsson_1992_20250220_1131277042.mp3,3885,62300989,https://static-cdn.sr.se/images/2071/3530366_2048_1152.jpg,,Programledare
594146,5396806,Robert Broberg 1992,1992-07-26,1992,Sommar,https://www.sverigesradio.se/avsnitt/594146,https://static-cdn.sr.se/laddahem/podradio/sommar_i_p1/1992/07/sommar_i_p1_19920726_1300_3033b55.mp3,3857,61850163,https://static-cdn.sr.se/images/2071/3552337_2048_1152.jpg,,"SÅNGARE, LÅTSKRIVARE OCH KONSTNÄR. Han reser ner till Frankrike och träffar Picasso, Rembrandt, da Vinci, Munch och Chagall."
1782861,7959800,Göran Tunström 1992,1992-08-08,1992,Sommar,https://www.sverigesradio.se/avsnitt/1782861,https://static-cdn.sr.se/laddahem/podradio/sommar_i_p1/1992/08/sommar_i_p1_19920808_1300_611a862e.mp3,4029,64524566,https://static-cdn.sr.se/images/2071/3c819861-3f4f-4b59-9560-6b05872458fa.jpg,Bertil S-son Åberg /SVT Bild,Författaren om hur han kom på en bokidé då han var inlagd på sjukhus i Lissabon.
415915,4102457,Camilla Henemark 1992,1992-08-10,1992,Sommar,https://www.sverigesradio.se/avsnitt/415915,https://static-cdn.sr.se/laddahem/podradio/sommar_i_p1/2012/08/SR_sommar_i_p1_920810_E058.mp3,3842,61520134,https://static-cdn.sr.se/images/2071/3357551_2000_1125.jpg,,Artist
435143,5066286,Bodil Jönsson 1992,1992-08-13,1992,Sommar,https://www.sverigesradio.se/avsnitt/435143,https://static-cdn.sr.se/laddahem/podradio/sommar_i_p1/1992/08/sommar_i_p1_19920813_1300_31df5be.mp3,4366,70486446,https://static-cdn.sr.se/images/2071/3404093_1200_675.jpg,,Professor emerita i rehabiliteringsteknik I sitt Sommarprogram 1992 lärde Bodil Jönsson oss att räkna med tvåans princip.
371367,4777439,Mona Sahlin 1992,1992-08-14,1992,Sommar,https://www.sverigesradio.se/avsnitt/371367,https://static-cdn.sr.se/laddahem/podradio/sommar_i_p1/2013/11/sommar_i_p1_20131128_1000_24b6475.mp3,4223,67614825,https://static-cdn.sr.se/images/2071/3258039_2048_1152.jpg,,"POLITIKER. - Jag är politiker, mamma, sportälskare, stolt skattebetalare. Hör Mona Sahlin i sitt första Sommarprogram från 1992."
404163,5000892,Astrid Lindgren 1993,1993-06-26,1993,Sommar,https://www.sverigesradio.se/avsnitt/404163,https://static-cdn.sr.se/laddahem/podradio/sommar_i_p1/1993/06/sommar__vinter_i_p1_astrid_lindgren_1993_20250220_1123373846.mp3,2657,43135169,https://static-cdn.sr.se/images/2071/3334233_2048_1152.jpg,,"Författare – Efter döden kommer jag som en liten fågel – om jag kan, säger Astrid Lindgren i sitt Sommarprogram 1993."
1436605,7204179,Mark Levengood 1993,1993-06-27,1993,Sommar,https://www.sverigesradio.se/avsnitt/1436605,https://static-cdn.sr.se/laddahem/podradio/mp/sommar_i_p1/1993/06/sommar_i_p1_19930627_1300_5e0f4dee.mp3,2169,34733865,https://static-cdn.sr.se/images/2071/a3947ebe-cc28-45a0-919a-1ff884924b12.jpg,,Folkkär journalist och programledare.
421623,5278665,Olle Adolphson 1993,1993-06-30,1993,Sommar,https://www.sverigesradio.se/avsnitt/421623,https://static-cdn.sr.se/laddahem/podradio/sommar_i_p1/1993/06/sommar_i_p1_19930630_1300_38d50a0.mp3,2113,33959386,https://static-cdn.sr.se/images/2071/3372190_2048_1152.jpg,,"Kompositör, textförfattare, gitarrist och vissångare Om en låda med minnen från en resa med Sven-Bertil Taube i Spanien handlar hans Sommarprogram om."
559374,5332956,Gunilla Röör 1993,1993-07-01,1993,Sommar,https://www.sverigesradio.se/avsnitt/559374,https://static-cdn.sr.se/laddahem/podradio/sommar_i_p1/1993/07/sommar_i_p1_19930701_1300_25bd95e.mp3,2078,33385248,https://static-cdn.sr.se/images/2071/3541477_2048_1152.jpg,,Skådespelerska
416867,5028616,Krister Henriksson 1993,1993-07-08,1993,Sommar,https://www.sverigesradio.se/avsnitt/416867,https://static-cdn.sr.se/laddahem/podradio/sommar_i_p1/1993/07/sommar__vinter_i_p1_krister_henriksson_1993_20250220_1117504832.mp3,2229,36290184,https://static-cdn.sr.se/images/2071/3370171_2048_1152.jpg,,"Skådespelare och professor i scenisk gestaltning Det är ett program ”utan röd tråd”. Henriksson berättar om nattjobb på sjukhus, teater med fåglar som publik och hur ”den störste lögnaren i ett par skor” skulle bli trovärdig på scen."
399558,4992589,Henrik Schyffert 1993,1993-07-10,1993,Sommar,https://www.sverigesradio.se/avsnitt/399558,https://static-cdn.sr.se/laddahem/podradio/sommar_i_p1/1993/07/sommar__vinter_i_p1_henrik_schyffert_1993_20250220_1114388912.mp3,2004,32687865,https://static-cdn.sr.se/images/2071/3325694_2048_1152.jpg,,"Programledare, komiker, artist och manusförfattare. - Jag ska prata om den svenska sommaren, barndomsminnen från Öland och det svenska språket. Om segling, att vara turist i Sverige och intresset för humor. Men framförallt om ironi."
421622,5227611,Britt Edwall 1993,1993-07-11,1993,Sommar,https://www.sverigesradio.se/avsnitt/421622,https://static-cdn.sr.se/laddahem/podradio/sommar_i_p1/1993/07/sommar_i_p1_19930711_1300_314b5f9.mp3,1893,30530562,https://static-cdn.sr.se/images/2071/3372177_2048_1152.jpg,,"Radioproducent, författare och regissör I sitt Sommarprogram 1993 pratar Britt Edwall om revir, fulla grannar som vill grilla och älg på kommunalkontoret."
429601,5053322,Birgitta Stenberg 1993,1993-07-19,1993,Sommar,https://www.sverigesradio.se/avsnitt/429601,https://static-cdn.sr.se/laddahem/podradio/sommar_i_p1/1993/07/sommar__vinter_i_p1_birgitta_stenberg_1993_20240909_1431439685.mp3,1668,27315212,https://static-cdn.sr.se/images/2071/3389621_2048_1152.jpg,,"Författare, konstnär Birgitta Stenberg berättar bland annat om hur skådespelerskan Rebecka Holms öde kom till. Rebecka är en gestalt från hennes böcker ”Tusenbröderna” och ”Detta med Doris”."
414918,5019236,Cecilia Hagen 1993,1993-07-25,1993,Sommar,https://www.sverigesradio.se/avsnitt/414918,https://static-cdn.sr.se/laddahem/podradio/sommar_i_p1/1993/07/sommar__vinter_i_p1_cecilia_hagen_1993_20240909_1430595112.mp3,2545,41338715,https://static-cdn.sr.se/images/2071/3357452_2048_1152.jpg,,"Journalist, krönikör, författare Cecilia Hagen passar på och ber lite halvt-om-halvt om ursäkt till några av sina intervjuoffer. Som till exempel Jarl Kulle, Lasse Pöysti och Larry Hagman. Det är ett ”självspäkarprogram” som hon själv säger."
2465026,9481514,Johan Ulveson 1993,1993-07-30,1993,Sommar,https://www.sverigesradio.se/avsnitt/2465026,https://static-cdn.sr.se/laddahem/podradio/2024/09/sommar__vinter_i_p1_johan_ulveson_1993_20250129_1645460124.mp3,2375,38026220,https://static-cdn.sr.se/images/2071/257979e1-8b3d-460a-a9d5-78367ec33dc9.jpg,Bertil S-son Åberg,Skådespelaren Johan Ulveson pratar om det bitterljuva svenska tungsinnet och om den uteblivna pedanten inom sig.
421621,5217297,Anna-Lena Brundin 1993,1993-08-10,1993,Sommar,https://www.sverigesradio.se/avsnitt/421621,https://static-cdn.sr.se/laddahem/podradio/sommar_i_p1/1993/08/sommar_i_p1_19930810_1300_30d7344.mp3,2337,37630937,https://static-cdn.sr.se/images/2071/3372167_2048_1152.jpg,,"Författare, komiker och sångerska Om bortskämda 50-talister, fördomfulla skåningar, arga kvinnor, män med pojkdrömmar, och om en stor stark pratar Anna-Lena Brundin i sitt Sommarprogram 1993."
2476631,9511440,Katarina Frostenson 1993,1993-08-18,1993,Sommar,https://www.sverigesradio.se/avsnitt/2476631,https://static-cdn.sr.se/laddahem/podradio/2024/10/sommar__vinter_i_p1_katarina_frostenson_1993_20250128_1516142381.mp3,2451,39251042,https://static-cdn.sr.se/images/2071/f7a9a006-1642-4db5-9dd1-e51e1c53705a.jpg,Leif R Jansson / TT /,Författare och poet samt senare medlem i den Svenska Akademien. Hennes Sommarprat rör sig mellan saga och verklighet och avslutas med en egen dikt.
883566,6053839,Gösta Ekman 1993,1993-08-21,1993,Sommar,https://www.sverigesradio.se/avsnitt/883566,https://static-cdn.sr.se/laddahem/podradio/sommar_i_p1/1993/08/sommar__vinter_i_p1_gosta_ekman_1993_20250220_1107329683.mp3,2487,40001686,https://static-cdn.sr.se/images/2071/46750e73-342f-436d-97aa-bda49b7489cc.jpg,,Skådespelare
420718,5223733,Stina Dabrowski 1994,1994-06-24,1994,Sommar,https://www.sverigesradio.se/avsnitt/420718,https://static-cdn.sr.se/laddahem/podradio/sommar_i_p1/1994/06/sommar__vinter_i_p1_stina_dabrowski_1994_20250220_1105095342.mp3,2174,35024927,https://static-cdn.sr.se/images/2071/3370306_2048_1152.jpg,,"Journalisten och programledaren om resorna i jobbet, om tre dagar i kloster och om en intervju med blicken långt bort i horisonten."
1569347,7484701,Kristina Lugn - 1994,1994-06-26,1994,Sommar,https://www.sverigesradio.se/avsnitt/1569347,https://static-cdn.sr.se/laddahem/podradio/sommar_i_p1/1994/06/sommar_i_p1_19940626_0700_5f3eafb3.mp3,2048,32811766,https://static-cdn.sr.se/images/2071/738279ff-f78b-4f81-a416-3a444ec03d9f.jpg,,"Dramatiker, poet. Programmet sändes 26 juni 1994."
1144115,6598845,Margareta Strömstedt 1994,1994-07-16,1994,Sommar,https://www.sverigesradio.se/avsnitt/1144115,https://static-cdn.sr.se/laddahem/podradio/mp/sommar_i_p1/1994/07/sommar__vinter_i_p1_margareta_stromstedt_1994_20250220_1102505545.mp3,2489,39851507,https://static-cdn.sr.se/images/2071/77104487-878a-4e35-ad06-a1f76f0624ec.jpg,Björn Edergren /SVT,"Författaren och journalisten berättar att hon har gått med i AM, Anonyma Mytomaner. Hon försöker ljuga med måtta."
403733,4318185,Sissela Kyle 1994,1994-07-26,1994,Sommar,https://www.sverigesradio.se/avsnitt/403733,https://static-cdn.sr.se/laddahem/podradio/p1_vinter/2012/12/SR_p1_vinter_940726_9CBA.mp3,2373,38016887,https://static-cdn.sr.se/images/2071/3335221_2048_1152.jpg,,"Skådespelerska, komiker och regissör När Sissela var liten var hon rädd för att hon skulle vara en narkoman."
760412,5760249,Malou von Sivers 1994,1994-07-28,1994,Sommar,https://www.sverigesradio.se/avsnitt/760412,https://static-cdn.sr.se/laddahem/podradio/sommar_i_p1/1994/07/sommar_i_p1_19940728_1300_310ae2e.mp3,2087,33552426,https://static-cdn.sr.se/images/2071/08db30b8-34ed-4dd2-b319-e9ec82383df3.jpg,Bertil Ericson,"I sitt program från 1994 berättar Malou von Sivers om de människor hon har träffat, från JR i Dallas, drottning Silvia eller inbrottstjuven Manfred, och lyckan med tidiga mornar – gryningen."
1146808,6602117,Ulf Stark 1994,1994-07-29,1994,Sommar,https://www.sverigesradio.se/avsnitt/1146808,https://static-cdn.sr.se/laddahem/podradio/mp/sommar_i_p1/1994/07/sommar_i_p1_19940729_1305_5b769edc.mp3,2090,33476990,https://static-cdn.sr.se/images/2071/90218383-a050-4dc4-a2c4-8da478d46db2.jpg,Micke Grönberg /Sveriges Radio,FÖRFATTARE.
460951,5122624,Kim Anderzon 1994,1994-08-05,1994,Sommar,https://www.sverigesradio.se/avsnitt/460951,https://static-cdn.sr.se/laddahem/podradio/sommar_i_p1/1994/08/sommar_i_p1_19940805_1300_2968574.mp3,1939,31232989,https://static-cdn.sr.se/images/2071/3431673_2048_1152.jpg,,"Skådespelare I sitt andra Sommarprogram pratar Kim Anderzon om att vara vice president för Jämtland, att hon är en tältunge, om sin pappa och nyttan med att börja dagen med skrattmeditation."
2217792,8914073,Claes Eriksson 1995,1995-06-18,1995,Sommar,https://www.sverigesradio.se/avsnitt/2217792,https://static-cdn.sr.se/laddahem/podradio/2023/07/sommar__vinter_i_p1_claes_eriksson_1995_20250220_1054287671.mp3,3535,56587131,https://static-cdn.sr.se/images/2071/b13443de-86ee-44e4-92da-505c1fa8aea9.jpg,Carl Johan Söder,Komikern om information och oinformation.
420717,5223631,Ulla Skoog 1995,1995-07-02,1995,Sommar,https://www.sverigesradio.se/avsnitt/420717,https://static-cdn.sr.se/laddahem/podradio/sommar_i_p1/1995/07/sommar_i_p1_19950702_1300_337a1cd.mp3,2981,47943182,https://static-cdn.sr.se/images/2071/3370290_2048_1152.jpg,,Skådespelerska och ståuppkomiker I Sommarprogrammmet från 1995 pratar hon bl.a om hur svårt det kan vara att påbörja saker och att det kan vara bra att inte veta allt.
953125,6199012,Leif Boork 1995,1995-07-05,1995,Sommar,https://www.sverigesradio.se/avsnitt/953125,https://static-cdn.sr.se/laddahem/podradio/sommar_i_p1/1995/07/sommar__vinter_i_p1_leif_boork_1995_20240909_1423150792.mp3,3040,48671100,https://static-cdn.sr.se/images/2071/dc13a33e-5bce-470e-b372-3efea5e49c3e.jpg,Jurek Holzer/TT,"ISHOCKEYTRÄNARE. 1995 var Leif Boork tränare för ishockeylaget Modo Hockey och har gjort sig känd för sin okonventionella tränarstil. I sitt program pratar han om sitt liv, sin far, och den sportande familjen Boork."
420012,5208732,Bibi Andersson 1995,1995-07-14,1995,Sommar,https://www.sverigesradio.se/avsnitt/420012,https://static-cdn.sr.se/laddahem/podradio/sommar_i_p1/1995/07/sommar_i_p1_19950714_1300_3883b81.mp3,3221,51786230,https://static-cdn.sr.se/images/2071/3369963_700_394.jpg,,"Skådespelare I sitt Sommarprogram 1995 pratar Bibi Andersson om toner som berör, minnen, sommar och om att skratta högt."
420011,5278572,Marit Paulsen 1995,1995-07-16,1995,Sommar,https://www.sverigesradio.se/avsnitt/420011,https://static-cdn.sr.se/laddahem/podradio/sommar_i_p1/1995/07/sommar_i_p1_19950716_1300_3741697.mp3,2811,45112637,https://static-cdn.sr.se/images/2071/3498746_2048_1152.jpg,,"Författare och politiker I Sommarprogrammet från 1995 pratar hon om att kunna glädjas åt andra, en präktig kärring, matbeteende och den lyckliga medelådern."
2008651,8461516,Staffan Westerberg 1995,1995-07-20,1995,Sommar,https://www.sverigesradio.se/avsnitt/2008651,https://static-cdn.sr.se/laddahem/podradio/2022/08/program_staffan_westerberg_19950720_20220825_1552215483.mp3,3890,62252450,https://static-cdn.sr.se/images/2071/8d6ee59b-80b1-47a0-a3e7-26e1e0798edc.jpg,Bertil S-son Åberg /SVT Bild,Dramatikern har målat upp sitt liv i olika akvarellmålningar.
420010,5278494,Anders Lundin 1995,1995-07-22,1995,Sommar,https://www.sverigesradio.se/avsnitt/420010,https://static-cdn.sr.se/laddahem/podradio/sommar_i_p1/1995/07/sommar_i_p1_19950722_1300_35080c2.mp3,3514,56368894,https://static-cdn.sr.se/images/2071/3250192_2048_1152.jpg,,Programledare och artist Anders Lundin i sitt första Sommarprat från 1995.
420009,5276095,Tomas von Brömssen 1996,1996-06-16,1996,Sommar,https://www.sverigesradio.se/avsnitt/420009,https://static-cdn.sr.se/laddahem/podradio/sommar_i_p1/1996/06/sommar_i_p1_19960616_1300_3a4c015.mp3,2699,43332927,https://static-cdn.sr.se/images/2071/3369909_2048_1152.jpg,,"Skådespelare I sitt Sommarprogram 1996 pratar Tomas von Brömssen om skämt, publik, att lära vidare och om att han spelar klarinett."
434218,5065087,Bodil Jönsson 1996,1996-06-21,1996,Sommar,https://www.sverigesradio.se/avsnitt/434218,https://static-cdn.sr.se/laddahem/podradio/sommar_i_p1/1996/06/sommar_i_p1_19960621_1300_3650486.mp3,4580,73909330,https://static-cdn.sr.se/images/2071/3402803_1600_900.jpg,,Professor emerita i rehabiliteringsteknik Hon berättade hur hon bestämde sig för att hon har gott om tid och ger tips om du vill prova att göra detsamma. Hör också om hennes möte med Dalai lama och vad han sa till henne om ansvar.
1436723,7204268,Mark Levengood 1996,1996-06-22,1996,Sommar,https://www.sverigesradio.se/avsnitt/1436723,https://static-cdn.sr.se/laddahem/podradio/mp/sommar_i_p1/1996/06/sommar_i_p1_19960622_1300_5e0f5708.mp3,3393,54318512,https://static-cdn.sr.se/images/2071/102a9836-76b4-4092-a0d4-f2ecbb4346a1.jpg,,Folkkär journalist och programledare.
1569340,7484666,Kristina Lugn - 1996,1996-06-23,1996,Sommar,https://www.sverigesradio.se/avsnitt/1569340,https://static-cdn.sr.se/laddahem/podradio/sommar_i_p1/1996/06/sommar__vinter_i_p1_kristina_lugn__1996_20250220_1029001796.mp3,2929,46910783,https://static-cdn.sr.se/images/2071/620dca3c-5674-49c0-b469-387f0994fea7.jpg,Bertil S-son Åberg,"Poet, dramatiker."
420008,5197937,Kristian Luuk 1996,1996-06-26,1996,Sommar,https://www.sverigesradio.se/avsnitt/420008,https://static-cdn.sr.se/laddahem/podradio/sommar_i_p1/1996/06/sommar_i_p1_19960626_1300_3c6a1bd.mp3,2807,45655387,https://static-cdn.sr.se/images/2071/3369895_2048_1152.jpg,,"Programledare och komiker I sitt Sommarprogram 1996 medverkar inte Sommarvärden Kristian Luuk själv. Men nära och kära bjuder på berättelser om estniska familjemiddagar, brist på ödmjukhet och hur man skiljer äggula från äggvita."
1569349,7484653,Michael Bjerkhagen - 1996,1996-06-27,1996,Sommar,https://www.sverigesradio.se/avsnitt/1569349,https://static-cdn.sr.se/laddahem/podradio/sommar_i_p1/1996/06/sommar__vinter_i_p1_michael_bjerkhagen__1996_20250220_1027072461.mp3,2978,47697788,https://static-cdn.sr.se/images/2071/9a0649cc-5938-4066-8bca-7689ae526fab.jpg,Sveriges Radio,Präst.
414922,5019658,Eva Dahlgren 1996,1996-06-30,1996,Sommar,https://www.sverigesradio.se/avsnitt/414922,https://static-cdn.sr.se/laddahem/podradio/sommar_i_p1/1996/06/sommar_i_p1_19960630_1300_3cb867e.mp3,2798,45387347,https://static-cdn.sr.se/images/2071/3357403_1800_1013.jpg,,"Artist och låtskrivare I sitt Sommarprogram 1996 pratar Eva Dahlgren om tråkighetens förlängda arm, kryddiga konstverk, dövörat och om svenskar som är dåliga på att bråka."
2539688,9640756,José Luis Ramirez 1996,1996-07-01,1996,Sommar,https://www.sverigesradio.se/avsnitt/2539688,https://static-cdn.sr.se/laddahem/podradio/2025/01/sommar__vinter_i_p1_jos_luis_ramirez_1996_20250207_0919445616.mp3,3742,59894716,https://static-cdn.sr.se/images/2071/f25562b8-1d82-4a00-ad51-8ce138db1da4.jpg,Anders Roth,"Fd politiker, filosof och doktorand i samhällsplanering om svenskhet och om kampen att, som utlandsfödd, passa in i Sverige."
420007,5275836,Mian Lodalen 1996,1996-07-03,1996,Sommar,https://www.sverigesradio.se/avsnitt/420007,https://static-cdn.sr.se/laddahem/podradio/sommar_i_p1/1996/07/sommar_i_p1_19960703_1300_33e0204.mp3,2883,46265813,https://static-cdn.sr.se/images/2071/3369834_2048_1152.jpg,,"Författare I sitt sommarprat funderar Mian Lodalen kring hur det är att vara den första kvinnliga, öppet homosexualla Sommarvärden, undrar om det verkligen var bättre förr och bjuder på Hassan."
1436497,7203916,Wille Crafoord 1996,1996-07-04,1996,Sommar,https://www.sverigesradio.se/avsnitt/1436497,https://static-cdn.sr.se/laddahem/podradio/mp/sommar_i_p1/1996/07/sommar_i_p1_19960704_1300_5e0f245b.mp3,3533,56559329,https://static-cdn.sr.se/images/2071/7b51bc3a-04b3-4022-9a7c-306303f01265.jpg,Mark Earthy/TT,"Flerfaldigt grammisbelönad svensk kompositör, trubadur och hiphopare."
907869,6108216,Janne Josefsson 1996,1996-07-08,1996,Sommar,https://www.sverigesradio.se/avsnitt/907869,https://static-cdn.sr.se/laddahem/podradio/sommar_i_p1/1996/07/sommar__vinter_i_p1_janne_josefsson_1996_20250220_1023236903.mp3,3279,52495096,https://static-cdn.sr.se/images/2071/b0b3af8b-2256-49f9-a418-c7bbbd8b9975.jpg,Fredrik Sandberg/TT,Journalist. I sitt första Sommarprogram tar Janne Josefsson med oss på en resa i ett Sverige i förändring: där nazister är på frammarsch och klassklyftorna ökar.
556586,5325896,Carl Bildt 1996,1996-07-12,1996,Sommar,https://www.sverigesradio.se/avsnitt/556586,https://static-cdn.sr.se/laddahem/podradio/sommar_i_p1/1996/07/sommar_i_p1_19960712_1300_3e9ab83.mp3,3149,50534544,https://static-cdn.sr.se/images/2071/3517885_1900_1069.jpg,,Partiledare Moderaterna
416866,5027280,Annette Kullenberg 1996,1996-07-13,1996,Sommar,https://www.sverigesradio.se/avsnitt/416866,https://static-cdn.sr.se/laddahem/podradio/sommar_i_p1/1996/07/sommar_i_p1_19960713_1300_2ffebc9.mp3,2679,43490952,https://static-cdn.sr.se/images/2071/3361822_1632_918.jpg,,"Annette Kullenberg journalist och författare. Hon pratar om samba, vita sporter och självförbrännande artister."
411914,5013679,Gudrun Schyman 1996,1996-07-21,1996,Sommar,https://www.sverigesradio.se/avsnitt/411914,https://static-cdn.sr.se/laddahem/podradio/sommar_i_p1/1996/07/sommar_i_p1_19960722_1300_3224866.mp3,3288,53230775,https://static-cdn.sr.se/images/2071/3348000_2000_1125.jpg,,Politiker och socionom. I sitt sommarprogram från 1996 berättar hon om hur hon blev politiskt aktiv. Om tiden som socialarbetare och om filmningen av sin första förlossning.
2008647,8461085,Amanda Ooms 1996,1996-07-31,1996,Sommar,https://www.sverigesradio.se/avsnitt/2008647,https://static-cdn.sr.se/laddahem/podradio/2022/08/sommar__vinter_i_p1_amanda_ooms_1996_20220825_1359322560.mp3,3181,50923504,https://static-cdn.sr.se/images/2071/da4c614a-940f-4847-a10c-ec8e861619ef.jpg,Sveriges Radio,"Skådespelaren leker med ord, hon berättar från A-O."
415871,4103794,Per Gunnar Evander 1996,1996-08-04,1996,Sommar,https://www.sverigesradio.se/avsnitt/415871,https://static-cdn.sr.se/laddahem/podradio/sommar_i_p1/2012/08/SR_sommar_i_p1_960804_A61A.mp3,4303,68882615,https://static-cdn.sr.se/images/2071/3355722_1500_841.jpg,,Författare
744617,5760252,Marianne Lindberg De Geer 1996,1996-08-07,1996,Sommar,https://www.sverigesradio.se/avsnitt/744617,https://static-cdn.sr.se/laddahem/podradio/sommar_i_p1/1996/08/sommar_i_p1_19960807_1300_311708d.mp3,2275,36547814,https://static-cdn.sr.se/images/2071/136eff27-238a-4880-b872-745077548f9d.jpg,Eric Roxfelt / TT,"I sitt första Sommarprogram berättar Marianne Lindeberg De Geer om då hon jobbade på psyket, och de karaktärer som fanns där. Och om en utflykt med dom, ut i den verkliga världen…"
420006,5226477,Arne Hegerfors 1996,1996-08-09,1996,Sommar,https://www.sverigesradio.se/avsnitt/420006,https://static-cdn.sr.se/laddahem/podradio/sommar_i_p1/1996/08/sommar_i_p1_19960809_1300_375b86a.mp3,2867,46120922,https://static-cdn.sr.se/images/2071/3369781_2048_1152.jpg,,"Sportjournalist och programledare I sitt Sommarprogram 1996 pratar Arne Hegerfors om många och långa skolår, att ständigt komma för sent, hur det är att vara rockstjärna för en kväll och så bjuder han på fotbollsanekdoter från förr."
420005,5271053,Thomas Di Leva 1997,1997-06-10,1997,Sommar,https://www.sverigesradio.se/avsnitt/420005,https://static-cdn.sr.se/laddahem/podradio/sommar_i_p1/1997/06/sommar_i_p1_19970610_1300_3438b0c.mp3,2737,43939938,https://static-cdn.sr.se/images/2071/3369766_713_401.jpg,,"Artist och låtskrivare I sitt Sommarprogram 1997 pratar Thomas Di Leva om det möjliga praradiset här på jorden. Om det heliga vattnet, fred, kärlek, sanning, lotusblomman och om några frågor till mamma."
2498747,9553157,Örn Lindstrand 1997,1997-06-12,1997,Sommar,https://www.sverigesradio.se/avsnitt/2498747,https://static-cdn.sr.se/laddahem/podradio/2024/11/sommar__vinter_i_p1_rn_lindstrand_1997_20241114_1608208801.mp3,3462,55420960,https://static-cdn.sr.se/images/2071/31e0eacf-3404-45ad-973b-98319e7b7634.jpg,Jack Mikrut/TT Nyhetsbyrån,Han var journalist och berättade öppet om sin hiv-diagnos i en tid då sjukdomen spred skräck i Sverige.
1782858,7959789,Jan Guillou 1997,1997-06-13,1997,Sommar,https://www.sverigesradio.se/avsnitt/1782858,https://static-cdn.sr.se/laddahem/podradio/sommar_i_p1/1997/06/sommar_i_p1_19970613_1300_611a85ae.mp3,3172,50804810,https://static-cdn.sr.se/images/2071/448420c8-0ec5-42da-ac78-a753101e82d0.jpg,Bengt O Nordin /SVT Bild,Författaren och journalisten berättar en spionhistoria och pratar om hur han upplever journalistik.
760410,5760246,Maja Hagerman 1997,1997-06-18,1997,Sommar,https://www.sverigesradio.se/avsnitt/760410,https://static-cdn.sr.se/laddahem/podradio/sommar_i_p1/1997/06/sommar_i_p1_19970618_1300_30ec0c3.mp3,2861,45929031,https://static-cdn.sr.se/images/2071/5ec6f85b-8d1a-419e-922d-be560fcd545a.jpg,Frida Hedberg/TT,"Maja Hagerman börjar sitt Sommarprogram på jobbet, om de skrivardrömmar hon möter som förläggare på förlaget Ordfront."
925868,6140284,Mats Johansson 1997,1997-06-19,1997,Sommar,https://www.sverigesradio.se/avsnitt/925868,https://static-cdn.sr.se/laddahem/podradio/sommar_i_p1/1998/06/sommar_i_p1_19980619_1300_319d23d.mp3,3182,50951419,https://static-cdn.sr.se/images/2071/ac8258cc-f38c-4574-adbb-55199d03949e.jpg,Olivia Mariette Borg/SR,"JOURNALIST, FÖRFATTARE, POLITIKER. Mats Johansson upp den politiska kampen mellan vänster och höger, och riktar blicken mot både efterkrigstidens Sverige och Europas historia och framtid."
420004,5269815,Carina Rydberg 1997,1997-06-29,1997,Sommar,https://www.sverigesradio.se/avsnitt/420004,https://static-cdn.sr.se/laddahem/podradio/sommar_i_p1/1997/06/sommar_i_p1_19970629_1300_357f0a8.mp3,2860,45902130,https://static-cdn.sr.se/images/2071/3509239_2048_1152.jpg,,"Författare I sitt sommar från 1997 berättar hon om hettan som lockar henne tillbaka till Asien, den första sanna kärleken och riktig hämnd."
907867,6108214,Johan von Schreeb 1997,1997-06-30,1997,Sommar,https://www.sverigesradio.se/avsnitt/907867,https://static-cdn.sr.se/laddahem/podradio/sommar_i_p1/1997/06/sommar_i_p1_19970630_1300_285c14e.mp3,2624,42023974,https://static-cdn.sr.se/images/2071/7eacb01d-e526-4570-99e5-e5bc00299114.jpg,Eric Roxfelt/TT,LÄKARE. I Johan von Schreebs program tar han med oss på en resa på upplevelser som har format honom som läkare: ”Jag vill att livet ska bestå av stunder av upplevelser”.
1135002,6576107,Horace Engdahl 1997,1997-07-22,1997,Sommar,https://www.sverigesradio.se/avsnitt/1135002,https://static-cdn.sr.se/laddahem/podradio/mp/sommar_i_p1/1997/07/sommar_i_p1_19970722_1300_5b59ae5b.mp3,3071,49166999,https://static-cdn.sr.se/images/2071/a28a09a5-cdd5-4ee9-8146-7860b6327fbc.jpg,Gunnar Ask /TT,"FÖRFATTARE, LITTERATURVETARE, KRITIKER. Han börjar sitt program med att prata om att det är krångligt att uttala hans förnamn."
411457,5012240,Carin Mannheimer 1997,1997-07-25,1997,Sommar,https://www.sverigesradio.se/avsnitt/411457,https://static-cdn.sr.se/laddahem/podradio/sommar_i_p1/1997/07/sommar_i_p1_19970725_1300_2542313.mp3,2305,37504665,https://static-cdn.sr.se/images/2071/3346529_2048_1152.jpg,,"Regissör, manusförfattare och författare I sitt Sommarprogram 1997 pratar Carin Mannheimer om nostalgisk inkontinens, minnenas betydelse, och varje familjs egen historia och ritualer."
458505,5136061,Mattias Klum 1997,1997-07-28,1997,Sommar,https://www.sverigesradio.se/avsnitt/458505,https://static-cdn.sr.se/laddahem/podradio/sommar_i_p1/1997/07/sommar_i_p1_19970728_1300_3b2d449.mp3,3619,58097686,https://static-cdn.sr.se/images/2071/3252408_2048_1152.jpg,,Fotograf och filmare Han börjar med att berätta hur han fick sina första bilder på Borneos skogselefanter och avslutar med en närkontakt med en landsorm i Costa Rica.
1137271,6597216,Ebba Witt-Brattström 1997,1997-07-29,1997,Sommar,https://www.sverigesradio.se/avsnitt/1137271,https://static-cdn.sr.se/laddahem/podradio/mp/sommar_i_p1/1997/07/sommar_i_p1_19970729_1300_5b718c9c.mp3,2963,47442298,https://static-cdn.sr.se/images/2071/6cc6e631-e04c-42f9-b492-37e56113f622.jpg,Jack Mikrut,LITTERATURFORSKARE.
626680,5474818,Henning Mankell 1997,1997-07-30,1997,Sommar,https://www.sverigesradio.se/avsnitt/626680,https://static-cdn.sr.se/laddahem/podradio/sommar_i_p1/1997/07/sommar_i_p1_19970730_1300_380ea8f.mp3,3068,49223840,https://static-cdn.sr.se/images/2071/3587304_2048_1152.jpg,,FÖRFATTARE OCH DRAMATIKER.
534702,4236271,Lars Ulvenstam 1997,1997-07-31,1997,Sommar,https://www.sverigesradio.se/avsnitt/534702,https://static-cdn.sr.se/laddahem/podradio/sommar_i_p1/2012/11/sommar__vinter_i_p1_lars_ulvenstam_1997_20240909_1444533788.mp3,4030,64514632,https://static-cdn.sr.se/images/2071/51913fe6-652d-4006-ba8f-93b0c76994ab.jpg,Jan Collsiöö/TT Nyhetsbyrån,Journalist och författare.
420003,5269701,Siw Malmkvist 1997,1997-08-03,1997,Sommar,https://www.sverigesradio.se/avsnitt/420003,https://static-cdn.sr.se/laddahem/podradio/sommar_i_p1/1997/08/sommar_i_p1_19970803_1300_322af94.mp3,2877,46174689,https://static-cdn.sr.se/images/2071/3369729_700_394.jpg,,"Artist I sitt Sommarprogram 1997 byter Siw Malmqvist dialekt och pratar också om dialekter. Programmet handlar dessutom om Hitler, kolonier och om konstiga ortsnamn."
414921,4103696,Jan Stenbeck 1997,1997-08-05,1997,Sommar,https://www.sverigesradio.se/avsnitt/414921,https://static-cdn.sr.se/laddahem/podradio/sommar_i_p1/2012/08/SR_sommar_i_p1_970805_9D57.mp3,2466,39505924,https://static-cdn.sr.se/images/2071/3353586_2048_1148.jpg,,Finansman och medieägare
2593303,9750678,Sommar rekommenderar: Eric Gadd 1997,1997-08-07,1997,Sommar,https://www.sverigesradio.se/avsnitt/2593303,https://static-cdn.sr.se/laddahem/podradio/2025/04/sommar__vinter_i_p1_sommar_rekommenderar_eric_gad_20250502_0936487812.mp3,2531,40533199,https://static-cdn.sr.se/images/2071/5e945a2a-08b6-4379-ab63-b918173b56c3.jpg,Torbjörn F Gustafsson/TT,Artisten om vad som format honom som människa och artist.
1395966,7202660,Göran Persson 1997,1997-08-09,1997,Sommar,https://www.sverigesradio.se/avsnitt/1395966,https://static-cdn.sr.se/laddahem/podradio/mp/sommar_i_p1/1997/08/sommar_i_p1_19970809_1300_5e0ddbed.mp3,2963,47441068,https://static-cdn.sr.se/images/2071/24a99413-cdb9-4b03-b197-6c455731c483.jpg,Björn Larsson Ask/TT,Politiker. F.d statsminister 1996-2006.
1782860,7959787,Lennart Bernadotte 1998,1998-06-07,1998,Sommar,https://www.sverigesradio.se/avsnitt/1782860,https://static-cdn.sr.se/laddahem/podradio/sommar_i_p1/1998/06/sommar_i_p1_19980607_1300_611a85f0.mp3,2243,35945351,https://static-cdn.sr.se/images/2071/787d6666-2adf-49c2-95ee-0c6cca64152f.jpg,SVT Bild,Greven berättar om livet på slott och herrgårdar.
403532,4998481,Lill Lindfors 1998,1998-06-14,1998,Sommar,https://www.sverigesradio.se/avsnitt/403532,https://static-cdn.sr.se/laddahem/podradio/sommar_i_p1/1998/06/sommar_i_p1_19980614_1300_3680ef5.mp3,3386,54800174,https://static-cdn.sr.se/images/2071/3335147_1556_875.jpg,,"Sångerska, komiker och skådespelare Hon gillar långa, långsamma frukostar och hon kan alla Harry Belafontes låtar. Vidare pratar hon om kroppsspråk, sina stora fötter och om att åka hockeyrör."
1321251,6961965,Joachim Berner 1998,1998-06-16,1998,Sommar,https://www.sverigesradio.se/avsnitt/1321251,https://static-cdn.sr.se/laddahem/podradio/mp/sommar_i_p1/1998/06/sommar_i_p1_19980616_1300_5d0106b5.mp3,2958,47352563,https://static-cdn.sr.se/images/2071/839f63cf-f687-4457-8c9c-6ba71cce2c57.jpg,Claus Gertsen Scanpix,"Joachim Berner talar om journalistik, Stockholm, nyheter på nätet och jätteproppen Orvar."
429632,5054366,Alexandra Pascalidou 1998,1998-06-20,1998,Sommar,https://www.sverigesradio.se/avsnitt/429632,https://static-cdn.sr.se/laddahem/podradio/sommar_i_p1/1998/06/sommar__vinter_i_p1_alexandra_pascalidou_1998_20250219_1420423131.mp3,3196,51750472,https://static-cdn.sr.se/images/2071/3491115_2048_1152.jpg,,Journalist och programledare.
416870,5268140,Povel Ramel 1998,1998-06-21,1998,Sommar,https://www.sverigesradio.se/avsnitt/416870,https://static-cdn.sr.se/laddahem/podradio/sommar_i_p1/1998/06/sommar__vinter_i_p1_povel_ramel_1998_20250207_0922142778.mp3,3044,48840889,https://static-cdn.sr.se/images/2071/3361951_2048_1152.jpg,,"En av våra största artister inom musik och underhållning. I det sista programmet från 1998 blir det en musikkavalkad, och till Povels förtret är det fler som vill spela musik än bara han."
387522,4236266,Po Tidholm 1998,1998-06-22,1998,Sommar,https://www.sverigesradio.se/avsnitt/387522,https://static-cdn.sr.se/laddahem/podradio/sommar_i_p1/2012/11/SR_sommar_i_p1_121102_BD85.mp3,3056,48943128,https://static-cdn.sr.se/images/2071/3298449_2048_1152.jpg,,"Författare, journalist. Po Tidholms Sommarprogram från 1998."
454822,5268555,Majgull Axelsson 1998,1998-06-24,1998,Sommar,https://www.sverigesradio.se/avsnitt/454822,https://static-cdn.sr.se/laddahem/podradio/sommar_i_p1/1998/06/sommar_i_p1_19980624_1300_36ea0f4.mp3,3161,50716814,https://static-cdn.sr.se/images/2071/3494054_2048_1152.jpg,,"Journalist, dramatiker och författare  I Majgull Axelssons Sommarprogram 1998 får vi höra om att vara ofrivillig resenär till misären, mötet med Aprilhäxan, skotten som ville vara norrman och viktiga lärdomar under en resa till Liverpool 1965."
911874,6116050,Luis Ramos Ruggiero 1998,1998-06-25,1998,Sommar,https://www.sverigesradio.se/avsnitt/911874,https://static-cdn.sr.se/laddahem/podradio/sommar_i_p1/1998/06/sommar__vinter_i_p1_luis_ramos_ruggiero_1998_20250219_1414352104.mp3,3001,48063958,https://static-cdn.sr.se/images/2071/619f788d-533d-45cb-a30b-4a1cbcc40edc.jpg,Fredrik Sandberg/TT,Psykolog vid centrum för tortyr- och traumaskadade i Stockholm. Luis program tar sitt avstamp i sekelskiftets Världsutställningar och dess framtidsoptimism och utopier...
1149116,6607456,Mats Karlsson 1998,1998-06-27,1998,Sommar,https://www.sverigesradio.se/avsnitt/1149116,https://static-cdn.sr.se/laddahem/podradio/mp/sommar_i_p1/1998/06/sommar_i_p1_19980627_1300_5b7d50c2.mp3,3254,52101291,https://static-cdn.sr.se/images/2071/b6f6d841-1dbd-411d-add2-346b88188bc6.jpg,BENGT O NORDIN/SVT bild,Statssekreterare 1994-1999.
419838,5034317,Bea Uusma 1998,1998-07-02,1998,Sommar,https://www.sverigesradio.se/avsnitt/419838,https://static-cdn.sr.se/laddahem/podradio/sommar_i_p1/1998/07/sommar_i_p1_19980702_1300_36412b9.mp3,2894,46925481,https://static-cdn.sr.se/images/2071/3373602_2048_1152.jpg,,"Författare, illustratör."
415901,4080021,Sverker Åström 1998,1998-07-03,1998,Sommar,https://www.sverigesradio.se/avsnitt/415901,https://static-cdn.sr.se/laddahem/podradio/sommar_i_p1/2012/08/SR_sommar_i_p1_980703_9130.mp3,3450,55246179,https://static-cdn.sr.se/images/2071/2462555_1200_675.jpg,,"Diplomat I Sommarprogrammet från 1998 berättar han om när han grälade med Olof Palme, delar med sig av sin livsfilosofi och pratar om utrikespolitik förr och nu och i framtiden."
418238,5267568,Kerstin Ekman 1998,1998-07-04,1998,Sommar,https://www.sverigesradio.se/avsnitt/418238,https://static-cdn.sr.se/laddahem/podradio/sommar_i_p1/1998/07/sommar_i_p1_19980704_1300_3fb8a52.mp3,3096,49683147,https://static-cdn.sr.se/images/2071/3369699_2048_1152.jpg,,"Författare, filosofie hedersdoktor och skoglig hedersdoktor I sitt Sommarprogram 1998 pratar Kerstin Ekman om minnet, de döda, om det som ligger i skuggan. Hon pratar om sitt 1700-tal och om de olika språken i Norrland."
400054,4994021,Thommy Berggren 1998,1998-07-05,1998,Sommar,https://www.sverigesradio.se/avsnitt/400054,https://static-cdn.sr.se/laddahem/podradio/sommar_i_p1/1998/07/sommar_i_p1_19980705_1300_3b37a93.mp3,2988,48422625,https://static-cdn.sr.se/images/2071/3325878_2000_1125.jpg,,Skådespelare Thommy Berggren berättar om sin fascination av Amerika och dess musiker. Han beskriver möten med artister han har träffat. En gång var han så nära att få träffa självaste Frank Sinatra.
541321,5295409,Charlotta Cederlöf 1998,1998-07-09,1998,Sommar,https://www.sverigesradio.se/avsnitt/541321,https://static-cdn.sr.se/laddahem/podradio/sommar_i_p1/1998/07/sommar_i_p1_19980709_1300_3a42bfa.mp3,2600,41741168,https://static-cdn.sr.se/images/2071/3505847_1800_1013.jpg,,"Programledare, författare och konstnär På hennes 33-årsdag sände hon sitt Sommar. Hon berättade om sin egen historik."
419934,5212559,Gunilla Bergström 1998,1998-07-19,1998,Sommar,https://www.sverigesradio.se/avsnitt/419934,https://static-cdn.sr.se/laddahem/podradio/sommar_i_p1/1998/07/sommar__vinter_i_p1_gunilla_bergstrom_1998_20250219_1358245298.mp3,3366,54104786,https://static-cdn.sr.se/images/2071/3369677_1615_908.jpg,,"Författaren och journalisten om den vita ego- och ha-roligt kulturen, om det andra hemlandet Gambia, och om elak forskning och afrovärme."
415914,4080038,Anders Wijkman 1998,1998-07-22,1998,Sommar,https://www.sverigesradio.se/avsnitt/415914,https://static-cdn.sr.se/laddahem/podradio/sommar_i_p1/2012/08/SR_sommar_i_P1_980722_9578.mp3,3370,53970017,https://static-cdn.sr.se/images/2071/3357707_2000_1125.jpg,,"Författare, före detta EU-parlamentariker (kd)."
1569339,7484657,Kristina Kappelin - 1998,1998-07-23,1998,Sommar,https://www.sverigesradio.se/avsnitt/1569339,https://static-cdn.sr.se/laddahem/podradio/sommar_i_p1/1998/07/sommar_i_p1_19980723_0700_5f3ea90a.mp3,3363,53862328,https://static-cdn.sr.se/images/2071/b53c9d0d-cc80-47c3-8fdb-61620b50d9a2.jpg,,Journalist och författare. Programmet sändes 23 juli 1998.
2460910,9472404,Lisbeth Palme 1998,1998-07-25,1998,Sommar,https://www.sverigesradio.se/avsnitt/2460910,https://static-cdn.sr.se/laddahem/podradio/2024/09/sommar__vinter_i_p1_lisbeth_palme_1998_20240920_0915180286.mp3,2526,40450057,https://static-cdn.sr.se/images/2071/48f711c9-632f-4380-b3e7-4e3f13fc0daa.jpg,Bengt O Nordin,"Lisbeth Palme Sommarpratar tolv år efter maken Olof Palmes död. Hon är då ordförande i svenska Unicef-kommittén och pratar bland annat om apartheid, barns rättigheter och Olof Palmes politiska gärning. "
728934,5698377,Olle Ljungström 1998,1998-07-28,1998,Sommar,https://www.sverigesradio.se/avsnitt/728934,https://static-cdn.sr.se/laddahem/podradio/sommar_i_p1/1998/07/sommar__vinter_i_p1_olle_ljungstrom_1998_20250219_1350291459.mp3,2300,36837129,https://static-cdn.sr.se/images/2071/3682363_2048_1152.jpg,,Musiker. Han börjar med att prata om sin familj.
1436278,7202859,Jakob von Uexkull 1998,1998-07-31,1998,Sommar,https://www.sverigesradio.se/avsnitt/1436278,https://static-cdn.sr.se/laddahem/podradio/mp/sommar_i_p1/1998/07/sommar_i_p1_19980731_1300_5e0df8a1.mp3,3588,57445945,https://static-cdn.sr.se/images/2071/ee9587f4-efe7-42c9-9642-4a00fabd88c7.jpg,Jack Mikrut/TT Nyhetsbyrån,"Svensk-tysk före detta politiker och professionell filatelist. Grundade the Right Livelihood Award år 1980, som delas ut årligen."
2001559,8450805,Göran Rosenberg 1998,1998-08-07,1998,Sommar,https://www.sverigesradio.se/avsnitt/2001559,https://static-cdn.sr.se/laddahem/podradio/2022/08/program_goran_rosenberg_19980807_pod_20220817_1506323467.mp3,3277,52444320,https://static-cdn.sr.se/images/2071/bb0ca34d-40a2-462e-8641-8e643bfb7679.jpg,Micke Grönberg /Sveriges Radio,Journalisten och författaren pratar om tid. Om upplevd tid och olika sorters tidsresor.
416868,5027394,Krister Henriksson 1998,1998-08-09,1998,Sommar,https://www.sverigesradio.se/avsnitt/416868,https://static-cdn.sr.se/laddahem/podradio/sommar_i_p1/1998/08/sommar__vinter_i_p1_krister_henriksson_1998_20250205_1159402938.mp3,3985,64389387,https://static-cdn.sr.se/images/2071/3370164_2048_1152.jpg,,När skådespelare och professor i scenisk gestaltning gör Sommar 1998 är det först motvilligt: ”Det är ett program man skiter ut och det måste bli bra”.
395610,4986175,Peter Carlsson 1999,1999-06-23,1999,Sommar,https://www.sverigesradio.se/avsnitt/395610,https://static-cdn.sr.se/laddahem/podradio/sommar_i_p1/1999/06/sommar_i_p1_19990623_1300_3cef902.mp3,3744,60525557,https://static-cdn.sr.se/images/2071/3318377_2048_1152.jpg,,"Musiker, textförfattare och estradör Sommarprogrammet handlar om att vara rökfri, att nästan vara rockstjärna i Norge och ett äventyr med Åhman Band i Afrika. Om ett misslyckat inbrott, kärleken till en gammal motorcykel och konsten att grina."
2009223,8461660,Marita Ulvskog 1999,1999-06-27,1999,Sommar,https://www.sverigesradio.se/avsnitt/2009223,https://static-cdn.sr.se/laddahem/podradio/2022/08/sommar__vinter_i_p1_marita_ulvskog_1999_20220826_1210342315.mp3,3152,50466892,https://static-cdn.sr.se/images/2071/66bf744e-d622-438f-97cf-3f89f06fdc9a.jpg,Anders Roth /Sveriges Radio,Kulturministern om en lätt melankolisk längtan till midnattsol.
2274039,9537327,Elisabeth Ohlson 1999,1999-06-29,1999,Sommar,https://www.sverigesradio.se/avsnitt/2274039,https://static-cdn.sr.se/laddahem/podradio/2024/10/sommar__vinter_i_p1_elisabeth_ohlson1999_20241107_1729083416.mp3,3367,53900301,https://static-cdn.sr.se/images/2071/2d56d050-89d4-45fa-8190-82cdfb87cd42.jpg,Anders Roth,Fotografen och konstnären som skapade den ikoniska fotoutställningen Ecce Homo 1998.
483377,4103795,Gustaf von Platen 1999,1999-06-30,1999,Sommar,https://www.sverigesradio.se/avsnitt/483377,https://static-cdn.sr.se/laddahem/podradio/sommar_i_p1/2012/08/SR_sommar_i_p1_990630_A72E.mp3,3414,54662436,https://static-cdn.sr.se/images/2071/2463610_1200_675.jpg,,Journalist och författare I sitt Sommarprogram pratar han om sina möten med musiken - trots sin tondövhet.
419933,5265115,Lukas Moodysson 1999,1999-07-02,1999,Sommar,https://www.sverigesradio.se/avsnitt/419933,https://static-cdn.sr.se/laddahem/podradio/sommar_i_p1/1999/07/sommar__vinter_i_p1_lukas_moodysson_1999_20250219_1210338539.mp3,1959,31493243,https://static-cdn.sr.se/images/2071/3369655_2048_1152.jpg,,"Filmregissör, manusförfattare, poet och författare I Moodyssons Sommar spelar han helst sina favoritlåtar. Men det ska ju pratas också. Lukas funderar kring hur intressant det är att lyssna på egentligen, kärlek och sophämtarna Pekka och Gunnar."
416869,5028815,Mark Levengood 1999,1999-07-04,1999,Sommar,https://www.sverigesradio.se/avsnitt/416869,https://static-cdn.sr.se/laddahem/podradio/sommar_i_p1/1999/07/sommar_i_p1_19990704_1300_38f5355.mp3,3244,52527494,https://static-cdn.sr.se/images/2071/3361905_2048_1152.jpg,,Folkkär journalist och programledare.
2455928,9459602,KG Hammar 1999,1999-07-07,1999,Sommar,https://www.sverigesradio.se/avsnitt/2455928,https://static-cdn.sr.se/laddahem/podradio/2024/08/sommar__vinter_i_p1_kg_hammar_1999_20240913_0709489231.mp3,2878,46086615,https://static-cdn.sr.se/images/2071/49cd9d97-47e8-43f2-9ef7-b3f11565b8b3.jpg,Anders Roth,Som ärkebiskop i Svenska kyrkan Sommarpratade KG Hammar om livets hemlighet.
1782845,7959782,Karin Johannisson 1999,1999-07-08,1999,Sommar,https://www.sverigesradio.se/avsnitt/1782845,https://static-cdn.sr.se/laddahem/podradio/sommar_i_p1/1999/07/sommar_i_p1_19990708_1300_611a8501.mp3,2790,44702930,https://static-cdn.sr.se/images/2071/b0139c64-ff82-4822-b227-20a22abcdbd8.jpg,Anders Roth /Sveriges Radio,Idéhistorikern pratar om nostalgi och känslor.
415913,4103772,Hans-Uno Bengtsson 1999,1999-07-09,1999,Sommar,https://www.sverigesradio.se/avsnitt/415913,https://static-cdn.sr.se/laddahem/podradio/sommar_i_p1/2012/08/SR_sommar_i_p1_990709_A2D0.mp3,3007,48158527,https://static-cdn.sr.se/images/2071/2462674_1200_675.jpg,,"Fysiker, författare, översättare"
556585,5325882,Carl Bildt 1999,1999-07-10,1999,Sommar,https://www.sverigesradio.se/avsnitt/556585,https://static-cdn.sr.se/laddahem/podradio/sommar_i_p1/1999/07/sommar_i_p1_19990710_1300_3e62f51.mp3,2944,47248965,https://static-cdn.sr.se/images/2071/3517884_2048_1152.jpg,,Partiledare Moderaterna
2455842,9458476,Bo Sundström 1999,1999-07-11,1999,Sommar,https://www.sverigesradio.se/avsnitt/2455842,https://static-cdn.sr.se/laddahem/podradio/2024/08/sommar__vinter_i_p1_bo_sundstrom_1999_20240913_0710025453.mp3,2370,37948202,https://static-cdn.sr.se/images/2071/45f8828b-3625-4096-9baf-6145ddaf86f7.jpg,Anders Roth,Artisten och sångaren i Bo Kaspers Orkester. Om sin relation till pengar och hur man blir odödlig.
1319270,6958868,Sven-David Sandström 1999,1999-07-12,1999,Sommar,https://www.sverigesradio.se/avsnitt/1319270,https://static-cdn.sr.se/laddahem/podradio/mp/sommar_i_p1/1999/07/sommar__vinter_i_p1_svendavid_sandstrom_1999_20220818_1608598958.mp3,2687,43031341,https://static-cdn.sr.se/images/2071/3fca16da-687f-4824-8e94-347119e14406.jpg,Eva Rudling,I sitt Sommarprogram från 1999 berättar tonsättaren Sven-David Sandström om sitt förhållande till musiken.
448989,5095566,Liza Marklund 1999,1999-07-14,1999,Sommar,https://www.sverigesradio.se/avsnitt/448989,https://static-cdn.sr.se/laddahem/podradio/sommar_i_p1/1999/07/sommar_i_p1_19990714_1300_37c2203.mp3,2813,45213102,https://static-cdn.sr.se/images/2071/3419969_2048_1152.jpg,,"Författare och journalist I sitt Sommarprogram 1999 pratar Liza Marklund om om mord, makt och media – och vad de företeelserna gör med oss människor."
2455998,9459911,Bengt Westerberg 1999,1999-07-15,1999,Sommar,https://www.sverigesradio.se/avsnitt/2455998,https://static-cdn.sr.se/laddahem/podradio/2024/08/sommar__vinter_i_p1_bengt_westerberg_1999_20240913_0710143668.mp3,2879,46092887,https://static-cdn.sr.se/images/2071/2157d30d-a04b-4e47-9a04-8b026615c060.jpg,Anders Roth,I sitt Sommarprat från 1999 summerar Bengt Westerberg sin politiska gärning. Han var partiledare för Folkpartiet i tolv år.
1149935,6607776,Torun Bülow-Hübe 1999,1999-07-17,1999,Sommar,https://www.sverigesradio.se/avsnitt/1149935,https://static-cdn.sr.se/laddahem/podradio/mp/sommar_i_p1/1999/07/sommar_i_p1_19990717_1300_5b7d7f5f.mp3,2550,40836845,https://static-cdn.sr.se/images/2071/26c851eb-70be-4004-b06d-a7bcc792c959.jpg,,Silversmed.
669517,5573643,Kristina Lugn 1999,1999-07-18,1999,Sommar,https://www.sverigesradio.se/avsnitt/669517,https://static-cdn.sr.se/laddahem/podradio/sommar_i_p1/1999/07/sommar__vinter_i_p1_kristina_lugn_1999_20240910_1345085590.mp3,3291,52692124,https://static-cdn.sr.se/images/2071/3625932_2048_1152.jpg,,"POET, FÖRFATTARE OCH DRAMATIKER. Om rädsla och självförtroende."
2673486,9908861,Jan Myrdal 1999,1999-07-19,1999,Sommar,https://www.sverigesradio.se/avsnitt/2673486,https://static-cdn.sr.se/laddahem/podradio/2025/09/sommar__vinter_i_p1_jan_myrdal_1999_20250917_1409273568.mp3,2505,40112070,https://static-cdn.sr.se/images/2071/6cda3771-30cb-4a05-928a-15e13c1ad1e7.jpg,Maja Suslin/TT,"Författaren och debattören beskriver sin identitet präglad av familjens kontrasterande arv, den politiska medvetenheten och kärlekens komplexitet."
1345290,10084421,Cordelia Edvardsson 1999,1999-07-21,1999,Sommar,https://www.sverigesradio.se/avsnitt/1345290,https://static-cdn.sr.se/laddahem/podradio/2026/02/sommar__vinter_i_p1_cordelia_edvardsson_1999_20260220_1502546367.mp3,3002,48069939,https://static-cdn.sr.se/images/2071/9bb8e8d0-f434-423e-829b-da69fdd5db5f.jpg,Dan Hansson / SvD / TT,Journalist och författare. Hennes Sommar i P1 handlar om gränsöverskridanden. Sändes 1999-07-21
534114,5278446,Nane Annan 1999,1999-07-24,1999,Sommar,https://www.sverigesradio.se/avsnitt/534114,https://static-cdn.sr.se/laddahem/podradio/sommar_i_p1/1999/07/sommar_i_p1_19990724_1300_33f82ac.mp3,2500,40140971,https://static-cdn.sr.se/images/2071/3498690_1600_900.jpg,,Jurist och konstnär I sitt Sommarprogram pratar om livet före och efter det att hennes man valdes till FN:s generalsekreterare.
416864,5027159,Robyn Carlsson 1999,1999-07-25,1999,Sommar,https://www.sverigesradio.se/avsnitt/416864,https://static-cdn.sr.se/laddahem/podradio/sommar_i_p1/1999/07/sommar_i_p1_19990725_1300_2998e45.mp3,3259,52771026,https://static-cdn.sr.se/images/2071/3361648_1807_1016.jpg,,"Sångerska och låtskrivare I sitt första Sommarprogram från 1999 berättar Robyn Carlsson om hur hon växte upp på en turnerande teater, om pappersdrakar, kändisliv och splittring."
594150,5398010,Robert Broberg 1999,1999-08-01,1999,Sommar,https://www.sverigesradio.se/avsnitt/594150,https://static-cdn.sr.se/laddahem/podradio/sommar_i_p1/1999/08/sommar_i_p1_19990801_1300_2fc5f89.mp3,2995,48058436,https://static-cdn.sr.se/images/2071/3552393_1440_810.jpg,,"SÅNGARE, LÅTSKRIVARE OCH KONSTNÄR. Han och kompisen Anders Lundquist har rest runt till Afrika, Indien och Sydamerika för tv-programmet Robert Brobergs världsomsnegling."
419238,5264895,Carl Johan De Geer 1999,1999-08-06,1999,Sommar,https://www.sverigesradio.se/avsnitt/419238,https://static-cdn.sr.se/laddahem/podradio/sommar_i_p1/1999/08/sommar_i_p1_19990806_1300_33be064.mp3,3512,56339121,https://static-cdn.sr.se/images/2071/3367856_2048_1152.jpg,,"Konstnär, fotograf och författare I sitt Sommarprogram 1999 pratar Carl Johan de Geer om den adliga uppväxten på slottet, klassresan neråt, det räddande tjänstefolket, den feodala förbannelsen och om den gula blomman som skulle rädda släkten."
415912,4102452,Linn Ullmann 1999,1999-08-07,1999,Sommar,https://www.sverigesradio.se/avsnitt/415912,https://static-cdn.sr.se/laddahem/podradio/sommar_i_p1/2012/08/SR_sommar_i_p1_990807_EB45.mp3,2906,46532522,https://static-cdn.sr.se/images/2071/2461824_1200_675.jpg,,"Författare och kulturjournalist. I Sommarprogrammet från 1999 pratar hon om smärta, kärlek, om vikten av ögonkontakt och om önskan att kunna sjunga."
419237,5265014,Kjell Höglund 1999,1999-08-10,1999,Sommar,https://www.sverigesradio.se/avsnitt/419237,https://static-cdn.sr.se/laddahem/podradio/sommar_i_p1/1999/08/sommar__vinter_i_p1_kjell_hoglund_1999_20250219_1152202125.mp3,2579,41406685,https://static-cdn.sr.se/images/2071/3367845_2048_1152.jpg,,"Låtskivare och artist I sitt Sommarprogram 1999 gör Kjell Höglund stillsamma funderingar om personliga ting, men sätter också sommaren i sitt sammanhang. Den ”svävar ju inte i tomma intet utan föds ur våren och övergår i höst och vinter”."
573022,5356372,Karolina Ramqvist 1999,1999-08-12,1999,Sommar,https://www.sverigesradio.se/avsnitt/573022,https://static-cdn.sr.se/laddahem/podradio/sommar_i_p1/1999/08/sommar__vinter_i_p1_karolina_ramqvist_1999_20250219_1151276788.mp3,2209,35480254,https://static-cdn.sr.se/images/2071/3535294_2048_1152.jpg,,Journalist och författare. Hon börjar programmet med att säga att hon inte kommer spela låtar med Ulf Lundell.
415851,4103728,Per Gunnar Evander 1999,1999-08-15,1999,Sommar,https://www.sverigesradio.se/avsnitt/415851,https://static-cdn.sr.se/laddahem/podradio/sommar_i_p1/2012/08/SR_sommar_i_p1_990815_A10B.mp3,3683,58966533,https://static-cdn.sr.se/images/2071/3355693_1563_877.jpg,,Författare
2568140,9697681,Kelly Tainton 1999,1999-08-18,1999,Sommar,https://www.sverigesradio.se/avsnitt/2568140,https://static-cdn.sr.se/laddahem/podradio/2025/03/sommar__vinter_i_p1_kelly_tainton_1999_20250416_1619151147.mp3,3665,58678028,https://static-cdn.sr.se/images/2071/4eb07cff-98f2-4ebf-a84e-3551cb738132.jpg,Sören Andersson/TT,Skådespelaren och dansaren hedrar alla som hjälper barn på glid och slår ett slag för andra insatser som kan göra världen till en bättre plats.
557543,5328620,Amanda Ooms 1999,1999-08-20,1999,Sommar,https://www.sverigesradio.se/avsnitt/557543,https://static-cdn.sr.se/laddahem/podradio/sommar_i_p1/1999/08/sommar__vinter_i_p1_amanda_ooms_1999_20220825_1356375288.mp3,2997,48096572,https://static-cdn.sr.se/images/2071/3521396_2048_1152.jpg,,Skådespelerska.
2543005,9652793,Anne Holt 1999,1999-08-21,1999,Sommar,https://www.sverigesradio.se/avsnitt/2543005,https://static-cdn.sr.se/laddahem/podradio/2025/02/sommar__vinter_i_p1_anne_holt_1999_20250214_1530062621.mp3,2737,43823312,https://static-cdn.sr.se/images/2071/748b43e1-f82f-4f91-b94e-5cf285ece272.jpg,Annette Friberg/TT,Författaren inleder sitt Sommarprat med ett klassiskt tv-ögonblick och pratar sedan om sin relation till Sverige och hur det är att skriva.
419236,5263852,Patrik Isaksson 2000,2000-06-17,2000,Sommar,https://www.sverigesradio.se/avsnitt/419236,https://static-cdn.sr.se/laddahem/podradio/sommar_i_p1/2000/06/sommar_i_p1_20000617_1300_3b00324.mp3,2323,37308411,https://static-cdn.sr.se/images/2071/3367834_2048_1152.jpg,,"Sångare, låtskrivare och artist Förutom om radioarkiv, pratar Patrik Isaksson i sitt Sommarprogram 2000 om textskrivande, musikdrömmar och om att slippa passa mattider."
415695,4103765,Mats Sundin 2000,2000-06-18,2000,Sommar,https://www.sverigesradio.se/avsnitt/415695,https://static-cdn.sr.se/laddahem/podradio/sommar_i_p1/2012/08/sommar__vinter_i_p1_mats_sundin_2000_20250219_1146377951.mp3,2623,42006990,https://static-cdn.sr.se/images/2071/3355638_1700_954.jpg,,Ishockeyspelaren om det lite ovanliga livet som ishockeyproffs.
911943,6204576,Pernilla Glaser 2000,2000-06-19,2000,Sommar,https://www.sverigesradio.se/avsnitt/911943,https://static-cdn.sr.se/laddahem/podradio/sommar_i_p1/2000/06/sommar__vinter_i_p1_pernilla_glaser_2000_20250219_1143421747.mp3,2629,42092694,https://static-cdn.sr.se/images/2071/8b04d274-7455-4a32-8b0c-ef1345581587.jpg,JOHAN LJUNGSTRÖM,"Regissör och författare. Senaste uppsättningen musikalen ”Mega, en existentiell actionkomedi” på GöteborgsOperan. Har skrivit ”Hot n’ tot för Berns Salonger, ”Ingen Panik” för Fransesca Quartey och tillsammans med andra dramatiker ett flertal pjäser."
911944,6204575,Kurdo Baksi 2000,2000-06-20,2000,Sommar,https://www.sverigesradio.se/avsnitt/911944,https://static-cdn.sr.se/laddahem/podradio/sommar_i_p1/2000/06/sommar__vinter_i_p1_kurdo_baksi_2000_20250219_1139288836.mp3,2580,41308439,https://static-cdn.sr.se/images/2071/0b941185-b2d7-48ee-99e6-eccfe3fd7a1b.jpg,ANDERS ROTH,1965 född i staden Batman i den turkiska delen av Kurdistan i en politisk familj. 1980 flyttar Kurdo med sina föräldrar och fyra syskon till Sverige. Hösten 1987 startar Baksi den antirasistiska tidskriften Svartvitt med icke-existerande resurser.
419235,5045234,Magdalena Ribbing 2000,2000-06-21,2000,Sommar,https://www.sverigesradio.se/avsnitt/419235,https://static-cdn.sr.se/laddahem/podradio/sommar_i_p1/2000/06/sommar_i_p1_20000621_1300_399c7c2.mp3,3259,52769428,https://static-cdn.sr.se/images/2071/3367816_2048_1152.jpg,,"Författare, journalist och känd krönikör I sitt andra Sommarprogram från 2000 pratar hon om etikettsvärldens labyrinter, frågor och svar om etikett, historier om världskända smycken och om tiden i matpatrullen."
911946,6204574,Mattias Göransson 2000,2000-06-22,2000,Sommar,https://www.sverigesradio.se/avsnitt/911946,https://static-cdn.sr.se/laddahem/podradio/sommar_i_p1/2000/06/sommar__vinter_i_p1_mattias_goransson_2000_20250219_1118342520.mp3,2491,39895027,https://static-cdn.sr.se/images/2071/63465e0e-23ae-4a16-bab4-ccc91fc0308c.jpg,ANDERS ROTH,"Journalisten om fotboll, lego och hur skojigt det kan vara att leva."
419232,5225148,Kristin Kaspersen 2000,2000-06-23,2000,Sommar,https://www.sverigesradio.se/avsnitt/419232,https://static-cdn.sr.se/laddahem/podradio/sommar_i_p1/2000/06/sommar__vinter_i_p1_kristin_kaspersen_2000_20250219_1115083471.mp3,2832,45564988,https://static-cdn.sr.se/images/2071/3367788_1600_900.jpg,,"Programledaren om sina möten med olika människor i livet. Från första andetaget, till rampljuset på ett hotell i Norge, till möten i USA och Söndagsöppet."
672685,5734131,Sven-Göran ”Svennis” Eriksson 2000,2000-06-24,2000,Sommar,https://www.sverigesradio.se/avsnitt/672685,https://static-cdn.sr.se/laddahem/podradio/sommar_i_p1/2000/06/sommar__vinter_i_p1_svengoran_svennis_eriksson_20240910_1210273162.mp3,3449,55376578,https://static-cdn.sr.se/images/2071/3628769_2048_1152.jpg,,FOTBOLLSTRÄNARE ROMLAGET LAZIO.
419231,5263682,Sara Lidman 2000,2000-06-25,2000,Sommar,https://www.sverigesradio.se/avsnitt/419231,https://static-cdn.sr.se/laddahem/podradio/sommar_i_p1/2000/06/sommar__vinter_i_p1_sara_lidman_2000_20250219_1111258166.mp3,3443,55227495,https://static-cdn.sr.se/images/2071/3367772_1600_900.jpg,,"Författaren om ungdomsstudierna på distans, om resan till Afrika där hon skrev boken Jag och min son och om lögnerna om Vietnamkriget. ”Om du börjar predika så stänger vi av!” sa Sara Lidmans vänner till henne inför detta Sommarprogram."
911947,6204573,Ingrid Elam 2000,2000-06-26,2000,Sommar,https://www.sverigesradio.se/avsnitt/911947,https://static-cdn.sr.se/laddahem/podradio/sommar_i_p1/2000/06/sommar__vinter_i_p1_ingrid_elam_2000_20250219_1109271617.mp3,2783,44552730,https://static-cdn.sr.se/images/2071/19bbf0e1-433d-4be5-aaed-49dcf110befa.jpg,ANDERS ROTH,"– I mitt sommarprogram ska jag att berätta om människor jag mött, i livet, på mina arbetsplatser, på film och i böcker. Det ska också att handla om olika kommunikationsmedel och vägar som skiljer och förenar människor."
911948,6204572,Tomas Andersson Wij 2000,2000-06-27,2000,Sommar,https://www.sverigesradio.se/avsnitt/911948,https://static-cdn.sr.se/laddahem/podradio/sommar_i_p1/2000/06/sommar__vinter_i_p1_tomas_andersson_wij_2000_20250219_1107288876.mp3,2808,44959908,https://static-cdn.sr.se/images/2071/66751056-0fef-4d38-8957-cbd02d51d7c7.jpg,ANDERS ROTH,"Rocksångare, låtskrivare och skribent."
911949,6204570,Susanna Popova 2000,2000-06-28,2000,Sommar,https://www.sverigesradio.se/avsnitt/911949,https://static-cdn.sr.se/laddahem/podradio/sommar_i_p1/2000/06/sommar__vinter_i_p1_susanna_popova_2000_20240910_1207570566.mp3,2153,34481835,https://static-cdn.sr.se/images/2071/6a52d494-8046-45de-ab42-286884422b7c.jpg,ANDERS ROTH,"– Jag heter Susanna Popova, är 43 år, journalist och tvåbarnsmamma och uppvuxen i Stockholm. Jag utbildade mig till psykolog och arbetade med psykotiska tonåringar och avgiftning av narkomaner. Det har jag haft stor nytta av i journalistyrket."
953085,6205530,Mats Lundegård 2000,2000-06-29,2000,Sommar,https://www.sverigesradio.se/avsnitt/953085,https://static-cdn.sr.se/laddahem/podradio/sommar_i_p1/2000/06/sommar__vinter_i_p1_mats_lundegard_2000_20250219_1059258724.mp3,2573,41201823,https://static-cdn.sr.se/images/2071/9fdce0b5-99cd-4c4e-accb-3396457a2d16.jpg,JOHAN LJUNGSTRÖM,"Journalist, morfar, stockholmare, vänsterhänt när jag äter, annars inte. Tja, vem är man eller vem är det man tror att man är eller vem är det man vill att människor ska tro att man är. Och vad är det man tror att man ska tala om i sommarradion?"
911950,6204569,Ana L. Valdés 2000,2000-06-30,2000,Sommar,https://www.sverigesradio.se/avsnitt/911950,https://static-cdn.sr.se/laddahem/podradio/sommar_i_p1/2000/06/sommar_i_p1_20000630_1300_3faf169.mp3,2291,36685232,https://static-cdn.sr.se/images/2071/c577598e-ea11-4538-b03b-d0587032aa98.jpg,ANDERS ROTH,"– Jag är född i augusti, ett blekt vinterbarn som sov med öppna ögon, enligt min mor. Födelsedagar med varm choklad och frusna gäster, medan den obarmhärtiga sunnanvinden piskade Montevideos våta gator."
419230,5227389,Per Olov Enquist 2000,2000-07-01,2000,Sommar,https://www.sverigesradio.se/avsnitt/419230,https://static-cdn.sr.se/laddahem/podradio/sommar_i_p1/2000/07/sommar_i_p1_20000701_1300_27f65e7.mp3,3165,50879273,https://static-cdn.sr.se/images/2071/2ec96978-f2e5-44db-abcf-2349da42116a.jpg,ANDERS ROTH,"Författare I sitt Sommarprogram 2000 berättar Per Olov Enquist om åren då han bodde i Danmark, om skillnader och likheter gentemot Sverige, och om den efterlängtade Öresundsbron."
911951,6204571,Bo Ekman 2000,2000-07-02,2000,Sommar,https://www.sverigesradio.se/avsnitt/911951,https://static-cdn.sr.se/laddahem/podradio/sommar_i_p1/2000/07/sommar__vinter_i_p1_bo_ekman_2000_20250219_1055369998.mp3,3447,55190313,https://static-cdn.sr.se/images/2071/3e5e279d-feaa-43ab-8c3e-ecef217d32cf.jpg,ANDERS ROTH,"Rådgivaren och konsulten i strategi, omvärld och förändringsprocesser om ”TRH”, tuffa resultatorienterade humanister och uppbrottet och gränsöverskridandet som förutsättning för frihet och utveckling i det lilla och det stora."
911952,6204568,Jane Magnusson 2000,2000-07-03,2000,Sommar,https://www.sverigesradio.se/avsnitt/911952,https://static-cdn.sr.se/laddahem/podradio/sommar_i_p1/2000/07/sommar__vinter_i_p1_jane_magnusson_2000_20250219_1052269797.mp3,2711,43411213,https://static-cdn.sr.se/images/2071/b2fb7d0d-c36d-4dcc-a1df-50774032f3e7.jpg,ANDERS ROTH,"Skribent med ett förflutet på Nöjesguiden, Sveriges Radio och Dagens Nyheter. Bokdebuten ”Esther Williams: Skenbiografin” landar i dagarna i bokhandeln. Ett sommarprogram med listor och bruksanvisningar, gränslös produktplacering och kultursponsring."
419229,5262477,Claes Borgström 2000,2000-07-04,2000,Sommar,https://www.sverigesradio.se/avsnitt/419229,https://static-cdn.sr.se/laddahem/podradio/sommar_i_p1/2000/07/sommar__vinter_i_p1_claes_borgstrom_2000_20250219_1051263209.mp3,2759,44282420,https://static-cdn.sr.se/images/2071/bc322915-7763-4670-a89a-5b99d7facaed.jpg,SVT Bild,"Advokat och fd jämställdhetsombudsman – I mitt Sommarprogram tänker jag, precis som förra gången, tala om kärleken. Jag kommer också att ägna mig en del åt brott och straff, advokater, män och kvinnor och barn. Svårigheten att begränsa sig."
416924,5028371,Caroline af Ugglas 2000,2000-07-05,2000,Sommar,https://www.sverigesradio.se/avsnitt/416924,https://static-cdn.sr.se/laddahem/podradio/sommar_i_p1/2000/07/sommar_i_p1_20000705_1300_2be98b1.mp3,2327,37849343,https://static-cdn.sr.se/images/2071/3362145_1600_900.jpg,,"Artist och författare I sitt Sommar från 2000 pratar hon om småsaklighet, frihet, utseendefixering och ansvar.."
911953,6204567,Petter Askergren 2000,2000-07-06,2000,Sommar,https://www.sverigesradio.se/avsnitt/911953,https://static-cdn.sr.se/laddahem/podradio/sommar_i_p1/2000/07/sommar__vinter_i_p1_petter_askergren_2000_20250219_1048472289.mp3,2918,46721352,https://static-cdn.sr.se/images/2071/a1094824-c1a1-4c40-95d3-f19f719c1ea4.jpg,ANDERS ROTH,Artist och rappare
403730,4236203,Lars Winnerbäck 2000,2000-07-07,2000,Sommar,https://www.sverigesradio.se/avsnitt/403730,https://static-cdn.sr.se/laddahem/podradio/sommar_i_p1/2012/11/SR_sommar_i_p1_121102_BCFB.mp3,2444,39141585,https://static-cdn.sr.se/images/2071/3251250_2048_1152.jpg,,Lars Winnerbäck i sitt första Sommarprogram från 2000.
672683,5752910,Sven-Bertil Taube 2000,2000-07-08,2000,Sommar,https://www.sverigesradio.se/avsnitt/672683,https://static-cdn.sr.se/laddahem/podradio/sommar_i_p1/2000/07/sommar__vinter_i_p1_svenbertil_taube_2000_20250219_1043127820.mp3,3122,50101388,https://static-cdn.sr.se/images/2071/3628758_2048_1152.jpg,,"Sångare och skådespelare. Han börjar med att berätta om en upplevelse på en båt på Medelhavet. Några år senare upplevde han något liknande, fast i sitt inre, då han fick en hjärtattack."
672680,5574585,Lena Andersson 2000,2000-07-09,2000,Sommar,https://www.sverigesradio.se/avsnitt/672680,https://static-cdn.sr.se/laddahem/podradio/sommar_i_p1/2000/07/sommar_i_p1_20000709_1300_2aba8f4.mp3,2952,47250025,https://static-cdn.sr.se/images/2071/3628653_2048_1152.jpg,,"FÖRFATTARE, SKRIBENT OCH KRITIKER. Hon träffar de inflytelserika männen Kungen, Marcel Proust, Gunde Svan, Tony Blair och Robert Redford."
911954,6205531,Anders Sandström 2000,2000-07-10,2000,Sommar,https://www.sverigesradio.se/avsnitt/911954,https://static-cdn.sr.se/laddahem/podradio/sommar_i_p1/2000/07/sommar__vinter_i_p1_anders_sandstrom_2000_20250219_1028213364.mp3,2794,44736586,https://static-cdn.sr.se/images/2071/08442d98-841c-454b-bf1c-1e70cfc5a86e.jpg,ANDERS ROTH,"– Om hur de tidiga och intensiva upplevelserna av naturen, tiden som sjöman, vandringar i Tunisien, Andalusien och i Sameland, formade mitt vuxna liv och blev inkörsporten till konstnärsskap, naturexpeditioner och liv med ursprungsinnevånare."
911955,6205527,Gunilla Granath 2000,2000-07-11,2000,Sommar,https://www.sverigesradio.se/avsnitt/911955,https://static-cdn.sr.se/laddahem/podradio/sommar_i_p1/2000/07/sommar__vinter_i_p1_gunilla_granath_2000_20240910_1154256968.mp3,2826,45246964,https://static-cdn.sr.se/images/2071/eb854649-7d33-497f-bf0e-91702e8a1351.jpg,ANDERS ROTH,– Jag är frilansjournalist och författare och de senaste åren har jag ägnat mig åt att undersöka skolans värld inifrån.
911956,6205529,Michael Ekeblad 2000,2000-07-12,2000,Sommar,https://www.sverigesradio.se/avsnitt/911956,https://static-cdn.sr.se/laddahem/podradio/sommar_i_p1/2000/07/sommar__vinter_i_p1_michael_ekeblad_2000_20250219_1024447136.mp3,2239,35849658,https://static-cdn.sr.se/images/2071/26c851eb-70be-4004-b06d-a7bcc792c959.jpg,,"Michael Ekebland berättar om kontrasterna mellan granskogen i Dalsland där han är född och vardagen bland skyskraporna på Manhattan, samt att man får en styrka som kan förflytta berg om man lär sig uppskatta olikheter."
953086,6206336,Annika Åhnberg 2000,2000-07-13,2000,Sommar,https://www.sverigesradio.se/avsnitt/953086,https://static-cdn.sr.se/laddahem/podradio/sommar_i_p1/2000/07/sommar__vinter_i_p1_annika_hnberg_2000_20240910_1152270327.mp3,2778,44485986,https://static-cdn.sr.se/images/2071/f3ec5783-9abe-4b39-af65-d62db91a4439.jpg,ANDERS ROTH,"– Det var inte bättre förr! Mitt sommarprogram ska handla en hel del om den där känslan som väcks och förstärks av bland andra Ulf Lundell, Mozart, Tom Waits och så ”Drömmen om Elin”."
911957,6205526,Måns Gahrton 2000,2000-07-14,2000,Sommar,https://www.sverigesradio.se/avsnitt/911957,https://static-cdn.sr.se/laddahem/podradio/sommar_i_p1/2000/07/sommar__vinter_i_p1_mans_gahrton_2000_20240910_1152069237.mp3,3075,49232843,https://static-cdn.sr.se/images/2071/079f48fc-ab15-411b-aa3a-05992244d340.jpg,ANDERS ROTH,"– Jag heter Måns Gahrton. Jag föddes 1961, och har nästan hela livet velat berätta historier. 1984 träffade jag tecknaren Johan Unenge på en fests småtimmar. Vi beslöt att prova att jobba ihop, och har gjort det sen dess."
911958,6123053,Åse Kleveland 2000,2000-07-15,2000,Sommar,https://www.sverigesradio.se/avsnitt/911958,https://static-cdn.sr.se/laddahem/podradio/sommar_i_p1/2000/07/sommar__vinter_i_p1_se_kleveland_2000_20250219_1016528901.mp3,3001,48051846,https://static-cdn.sr.se/images/2071/f99237d6-cade-4064-899c-13687b07d33d.jpg,SVT Bild,Åse Kleveland har sedan 1965 varit verksam som sångerska och artist men kom så småningom att göra en helt annan karriär: till exempel som kulturminister i sex år i Gro Harlem Brundtlands regering och numera vd för Svenska Filminstitutet.
911959,6205521,Asrin Mohamadi 2000,2000-07-16,2000,Sommar,https://www.sverigesradio.se/avsnitt/911959,https://static-cdn.sr.se/laddahem/podradio/sommar_i_p1/2000/07/sommar__vinter_i_p1_asrin_mohamadi_2000_20240910_1151196075.mp3,2459,39383793,https://static-cdn.sr.se/images/2071/6730bec8-4e92-4645-b2a5-22f9e6497775.jpg,JOHAN LJUNGSTRÖM,För fyra år sedan uppmanade den då 20-åriga Asrin Mohamadi muslimska kvinnor att sluta bära slöja. Asrin bodde i Iran tills hon var 15 år och är själv fostrad till muslim och från det att hon var fem år gammal var hon tvungen att bära slöja.
911960,6205523,Kjell Stjernholm 2000,2000-07-17,2000,Sommar,https://www.sverigesradio.se/avsnitt/911960,https://static-cdn.sr.se/laddahem/podradio/sommar_i_p1/2000/07/sommar__vinter_i_p1_kjell_stjernholm_2000_20250219_1009128291.mp3,2995,47959485,https://static-cdn.sr.se/images/2071/26c851eb-70be-4004-b06d-a7bcc792c959.jpg,,"Kjell Stjernholm är regissör, utbildare och konstnärlig ledare för Moomsteatern i Malmö. En unik teater där de förståndshandikappade skådespelarna vunnit internationell ära och berömmelse för sina professionella produktioner."
498769,5207388,Jan Stenberg 2000,2000-07-18,2000,Sommar,https://www.sverigesradio.se/avsnitt/498769,https://static-cdn.sr.se/laddahem/podradio/sommar_i_p1/2000/07/sommar__vinter_i_p1_jan_stenberg_2000_20250218_1643111572.mp3,2851,45870326,https://static-cdn.sr.se/images/2071/3467174_2048_1152.jpg,,"Affärsmannen om hans flygande och farande, läsande och lyssnande samt om många oväntade och spännande möten."
419228,5227704,David Lega 2000,2000-07-19,2000,Sommar,https://www.sverigesradio.se/avsnitt/419228,https://static-cdn.sr.se/laddahem/podradio/sommar_i_p1/2000/07/sommar__vinter_i_p1_david_lega_2000_20250218_1639185917.mp3,2858,45975818,https://static-cdn.sr.se/images/2071/3367723_2048_1152.jpg,,Simmaren och handikappidrottaren om den långa vägen till VM-medaljer och världsrekord.
911961,6205522,Beate Grimsrud 2000,2000-07-20,2000,Sommar,https://www.sverigesradio.se/avsnitt/911961,https://static-cdn.sr.se/laddahem/podradio/sommar_i_p1/2000/07/sommar__vinter_i_p1_beate_grimsrud_2000_20250218_1633562604.mp3,3268,52326833,https://static-cdn.sr.se/images/2071/faa879d1-27da-4f7f-8143-f940919804e2.jpg,ANDERS ROTH,"Författare, dramatiker och filmare. - Jag kommer att berätta om mig själv. Mina intressen. Hur jag tänker när jag skriver. Och sedan lite om TID. Om jag hinner."
911962,6205517,Daniel Birnbaum 2000,2000-07-21,2000,Sommar,https://www.sverigesradio.se/avsnitt/911962,https://static-cdn.sr.se/laddahem/podradio/sommar_i_p1/2000/07/sommar__vinter_i_p1_daniel_birnbaum_2000_20240910_1105278291.mp3,2520,40352424,https://static-cdn.sr.se/images/2071/6c43995b-29a8-4ffc-ae0f-54583be5162d.jpg,ANDERS ROTH,"– Jag fyller 37 i sommar och bor i Stockholm. Sedan drygt tio år har jag arbetat som konstskribent, först för Dagens Nyheter men numera framförallt för den amerikanska tidningen Artforum som ges ut i New York."
723230,5734227,Malena Ernman 2000,2000-07-22,2000,Sommar,https://www.sverigesradio.se/avsnitt/723230,https://static-cdn.sr.se/laddahem/podradio/sommar_i_p1/2000/07/sommar__vinter_i_p1_malena_ernman_2000_20250218_1630263710.mp3,3020,48511436,https://static-cdn.sr.se/images/2071/3676836_2048_1152.jpg,,Operasångare och artist. – Mitt program kommer att handla om ljud. Jag har alltid varit en lyssnare och iakttagare och alltid varit fascinerad av ljud och röster av alla de slag.
722591,5683465,Suzanne Osten 2000,2000-07-23,2000,Sommar,https://www.sverigesradio.se/avsnitt/722591,https://static-cdn.sr.se/laddahem/podradio/sommar_i_p1/2000/07/sommar__vinter_i_p1_suzanne_osten_2000_20250218_1629168915.mp3,2937,47020843,https://static-cdn.sr.se/images/2071/3675632_2048_1152.jpg,Mattias Ahlm/Sveriges Radio (bild från 2008),"Regissör. Jag tänker tala om besvärliga människor och vilka dom är. Jag ska spela musik av en del besvärliga människor. Förresten, vem bestämmer vem som är besvärlig? Jag är själv en klart besvärlig människa. Akta er, jag sänder direkt."
911963,6205516,Kajsa Ellegård 2000,2000-07-24,2000,Sommar,https://www.sverigesradio.se/avsnitt/911963,https://static-cdn.sr.se/laddahem/podradio/sommar_i_p1/2000/07/sommar__vinter_i_p1_kajsa_ellegard_2000_20250218_1624020159.mp3,2861,45804810,https://static-cdn.sr.se/images/2071/d34e55e8-e82b-458c-b3ff-c2c3b2bb8cf2.jpg,ANDERS ROTH,"– Jag tänker prata om tid, den tid vi lever i, den tid vi använder och den tid vi tycker att vi har för lite av. Att ha ont om tid tycks ha varit ett lika aktuellt problem under antiken som det är idag."
419226,5227483,Iman Shakarchi 2000,2000-07-25,2000,Sommar,https://www.sverigesradio.se/avsnitt/419226,https://static-cdn.sr.se/laddahem/podradio/sommar_i_p1/2000/07/sommar_i_p1_20000725_1300_2c4a4fb.mp3,2739,44071340,https://static-cdn.sr.se/images/2071/3367688_1200_675.jpg,,"Förlorade två döttrar i samband med brandkatastrofen i Göteborg 1998 I Sommar berättar hon om flykten från Irak, om förlusten av sina två flickor i brandkatastrofen i Göteborg, och om kärlekens helande kraft i att fortsätta leva."
403732,4318469,Sissela Kyle 2000,2000-07-26,2000,Sommar,https://www.sverigesradio.se/avsnitt/403732,https://static-cdn.sr.se/laddahem/podradio/p1_vinter/2012/12/SR_p1_vinter_000726_BABA.mp3,3018,48335840,https://static-cdn.sr.se/images/2071/3332822_1569_883.jpg,,"Skådespelerska, komiker och regissör Programmet börjar på en premiärfest på restaurang KB i Stockholm och fokus ligger på maten."
911964,6205514,Henrik Wallgren 2000,2000-07-27,2000,Sommar,https://www.sverigesradio.se/avsnitt/911964,https://static-cdn.sr.se/laddahem/podradio/sommar_i_p1/2000/07/sommar_i_p1_20000727_1300_374ba5f.mp3,2691,43094020,https://static-cdn.sr.se/images/2071/c5d7c7f3-1299-4c78-a112-36a255eb1771.jpg,ANDERS ROTH,"henrikwallgren.com har grävt ner en silverskatt nånstans i Sverige. Var berättar han i sitt program som också handlar om kreativitet, droger och gud."
911965,6205515,Magne Raundalen 2000,2000-07-28,2000,Sommar,https://www.sverigesradio.se/avsnitt/911965,https://static-cdn.sr.se/laddahem/podradio/sommar_i_p1/2000/07/sommar__vinter_i_p1_magne_raundalen_2000_20250218_1531089411.mp3,3385,54199618,https://static-cdn.sr.se/images/2071/3628779_2048_1152.jpg,,Barnpsykolog
596449,5406180,Olle Häger 2000,2000-07-29,2000,Sommar,https://www.sverigesradio.se/avsnitt/596449,https://static-cdn.sr.se/laddahem/podradio/sommar_i_p1/2000/07/sommar__vinter_i_p1_olle_hager_2000_20250218_1529401530.mp3,2606,41837215,https://static-cdn.sr.se/images/2071/3556055_2000_1124.jpg,,"Tv-producent, författare, abborrfiskare och historiker."
911966,6205510,Monica Mengarelli 2000,2000-07-30,2000,Sommar,https://www.sverigesradio.se/avsnitt/911966,https://static-cdn.sr.se/laddahem/podradio/sommar_i_p1/2000/07/sommar__vinter_i_p1_monica_mengarelli_2000_20250218_1526487996.mp3,2771,44366076,https://static-cdn.sr.se/images/2071/d08bbd85-3242-4ebe-b318-ada69ae4e157.jpg,ANDERS ROTH,"Dansaren om åren med hennes andra familj, Cullbergbaletten. Om turnerandet, föreställningarna och livet på och bakom scenen världen över."
911967,6122599,Isa Stenberg 2000,2000-07-31,2000,Sommar,https://www.sverigesradio.se/avsnitt/911967,https://static-cdn.sr.se/laddahem/podradio/sommar_i_p1/2000/07/sommar__vinter_i_p1_isa_stenberg_2000_20240910_1101108601.mp3,3592,57511396,https://static-cdn.sr.se/images/2071/f98beb62-106c-4091-9c02-c43e70425df0.jpg,ANDERS ROTH,"Jag är finlandssvensk, född under finska kriget i Karelens gränstrakter, men har bott i Sverige och arbetat på svenska teatrar sedan 1980. Jag började mitt yrkesliv som socialarbetare, men gled så småningom in på teatern där jag jobbat i snart 30 år."
911968,6205488,Chris Torch 2000,2000-08-01,2000,Sommar,https://www.sverigesradio.se/avsnitt/911968,https://static-cdn.sr.se/laddahem/podradio/sommar_i_p1/2000/08/sommar_i_p1_20000801_1300_36b5ca1.mp3,3238,51843216,https://static-cdn.sr.se/images/2071/26c851eb-70be-4004-b06d-a7bcc792c959.jpg,,"Chris Torch är konstnärlig ledare för Intercult, en produktionsenhet som arbetar framförallt med interkulturell scenkonst sedan 1992."
325706,4774059,Lasse Berg 2000,2000-08-02,2000,Sommar,https://www.sverigesradio.se/avsnitt/325706,https://static-cdn.sr.se/laddahem/podradio/sommar_i_p1/2013/11/sommar__vinter_i_p1_lasse_berg_20000802_20250218_1519374837.mp3,3237,51841147,https://static-cdn.sr.se/images/2071/f3c167ba-f67b-4108-bc17-4e036650b6ff.jpg,ANDERS ROTH,– Jag är författare och har länge sysslat med att berätta om världen långt bortom horisonten. Sedan jag flyttade tillbaka till Sverige efter tio år i Afrika har jag åter ägnat mig åt Asien. Dit kom jag första gången i en gammal Volkswagenbuss 1966.
911969,6205487,Maria Blom 2000,2000-08-03,2000,Sommar,https://www.sverigesradio.se/avsnitt/911969,https://static-cdn.sr.se/laddahem/podradio/sommar_i_p1/2000/08/sommar__vinter_i_p1_maria_blom_2000_20250218_1446092034.mp3,3020,48350199,https://static-cdn.sr.se/images/2071/4bce5dab-9557-49e8-9a24-76e8ce4d1faa.jpg,ANDERS ROTH,"– Jag har haft det stora nöjet att blivit omnämnd som ”framgångsfenomen” efter att ha regisserat tre ständigt utsålda föreställningar på Backstage Stockholms Stadsteater: ”Doktor Kokos kärlekslaboratorium”, ”Rabarbers” och ”Sårskorpor”."
419225,5212667,Jan Myrdal 2000,2000-08-04,2000,Sommar,https://www.sverigesradio.se/avsnitt/419225,https://static-cdn.sr.se/laddahem/podradio/sommar_i_p1/2000/08/sommar__vinter_i_p1_jan_myrdal_2000_20250218_1351011352.mp3,2815,45287211,https://static-cdn.sr.se/images/2071/3367647_1800_1013.jpg,,"Författare och debattör. I Sommar från 2000 pratar han om den bildade medelklass han är uppväxt i, om att ömsom vara hyllad och föraktad. Om de politiska skeendena kring första världskriget och därefter, och om det lustfulla arbetet med att skriva."
419224,5208789,Mikael Wiehe 2000,2000-08-05,2000,Sommar,https://www.sverigesradio.se/avsnitt/419224,https://static-cdn.sr.se/laddahem/podradio/sommar_i_p1/2000/08/sommar__vinter_i_p1_mikael_wiehe_2000_20250218_1348105020.mp3,2073,33410661,https://static-cdn.sr.se/images/2071/3367610_1800_1013.jpg,,"Låtskrivaren och artisten om en svart uppsyn, tuffa tider, att vara en ung rebell och om sin barndoms söndagsmorgnar."
911970,6206331,Patricia Tudor-Sandahl 2000,2000-08-06,2000,Sommar,https://www.sverigesradio.se/avsnitt/911970,https://static-cdn.sr.se/laddahem/podradio/sommar_i_p1/2000/08/sommar__vinter_i_p1_patricia_tudorsandahl_2000_20250218_1338462412.mp3,2638,42234704,https://static-cdn.sr.se/images/2071/753a8483-b81a-478a-886c-53e2c8f23d0b.jpg,ANDERS ROTH,Psykologen om tystnadens betydelse och att våga ta risker i livet. Om dansens glöd och människans längtan efter Gud. Om behovet av försoning med vår historia och nödvändigheten av mogna ledare. Om glädjen i äkta möten och skrivandets läkande kraft.
911971,6206542,Peter Esaiasson 2000,2000-08-07,2000,Sommar,https://www.sverigesradio.se/avsnitt/911971,https://static-cdn.sr.se/laddahem/podradio/sommar_i_p1/2000/08/sommar__vinter_i_p1_peter_esaiasson_2000_20250218_1330082085.mp3,2338,37447896,https://static-cdn.sr.se/images/2071/67c3a874-8a88-44dd-9212-53ff49367eb2.jpg,Claudio Bresciani/TT,Professorn i Statsvetenskap om varför det är så svårt att bestämma saker och ting tillsammans.
953087,6206364,Karin Pilsäter 2000,2000-08-08,2000,Sommar,https://www.sverigesradio.se/avsnitt/953087,https://static-cdn.sr.se/laddahem/podradio/sommar_i_p1/2000/08/sommar__vinter_i_p1_karin_pilsater_2000_20250218_1321499563.mp3,2777,44471476,https://static-cdn.sr.se/images/2071/5d2e6d3f-b015-4482-89a6-8c7b4f91163c.jpg,SVT Bild,"Politikern om villkoren för oss då vi växer upp, om segregation och könsfördomar och om livet i förorten, nu och då."
911972,6206310,Andreas Carlgren 2000,2000-08-09,2000,Sommar,https://www.sverigesradio.se/avsnitt/911972,https://static-cdn.sr.se/laddahem/podradio/sommar_i_p1/2000/08/sommar__vinter_i_p1_andreas_carlgren_2000_20250218_1303551982.mp3,2543,40712439,https://static-cdn.sr.se/images/2071/6cbc3188-0a0f-4608-91d3-2170633ab5d9.jpg,Integrationsverket,"– Jag är generaldirektör för Integrationsverket och försöker fortfarande vänja mig vid titeln. Mitt första jobb var som butiksbiträde på Weibulls. Det innebar att bära jordsäckar, sälja julgranar och lära mig latinska namn på trädgårdsbuskar."
911973,6206306,Kenneth Kvarnström 2000,2000-08-10,2000,Sommar,https://www.sverigesradio.se/avsnitt/911973,https://static-cdn.sr.se/laddahem/podradio/sommar_i_p1/2000/08/sommar__vinter_i_p1_kenneth_kvarnstrom_2000_20250218_1006162020.mp3,2546,40769529,https://static-cdn.sr.se/images/2071/c5deeb30-b5b7-442a-af35-cea3d3a90a42.jpg,JOHAN LJUNGSTRÖM,"Finlandssvensk koreograf, bosatt i Sverige för tillfället. Aktuell med föreställningar på Operan i Stockholm, med Cullbergbaletten och med sitt egna kompani och eventuellt ett tv-program i höst."
911974,6117411,Anna-Karin Elde 2000,2000-08-11,2000,Sommar,https://www.sverigesradio.se/avsnitt/911974,https://static-cdn.sr.se/laddahem/podradio/sommar_i_p1/2000/08/sommar__vinter_i_p1_annakarin_elde_2000_20250218_0944517905.mp3,2914,46656390,https://static-cdn.sr.se/images/2071/f8d58ab7-3012-4ac1-992b-34ceb3ab160b.jpg,BJÖRN EDERGREN,"Illustratör, kåsör och författare."
911975,6206307,Bettina Aller 2000,2000-08-12,2000,Sommar,https://www.sverigesradio.se/avsnitt/911975,https://static-cdn.sr.se/laddahem/podradio/sommar_i_p1/2000/08/sommar__vinter_i_p1_bettina_aller_2000_20250218_0940246681.mp3,3154,50503607,https://static-cdn.sr.se/images/2071/abd42ea6-94fa-4315-b763-a715268ea396.jpg,Tobias Röstlund,"Företagsledare och äventyrare. – Mit pogram bliver en blanding av glad musik, eventyr, og lidt ”lomme-livs-filosophi”. Det hedder det på dansk, kan måske oversättes til: ”fick-livs-filosophi”, men om det har en mening på svensk, ved jeg ikke?"
953088,6206486,Lars Ulvenstam 2000,2000-08-13,2000,Sommar,https://www.sverigesradio.se/avsnitt/953088,https://static-cdn.sr.se/laddahem/podradio/sommar_i_p1/2000/08/sommar__vinter_i_p1_lars_ulvenstam_2000_20250218_0932343839.mp3,3399,54421402,https://static-cdn.sr.se/images/2071/3263968_2048_1152.jpg,,"Journalisten och författaren om den vanliga anonyma människans styrka och storhet och om livet, kärleken, åldrandet och döden."
492171,6206304,Ella Lemhagen 2000,2000-08-14,2000,Sommar,https://www.sverigesradio.se/avsnitt/492171,https://static-cdn.sr.se/laddahem/podradio/sommar_i_p1/2000/08/sommar_i_p1_20000814_1300_272c53d.mp3,2867,45905108,https://static-cdn.sr.se/images/2071/3461537_2048_1152.jpg,,Filmregissör
911976,6206303,Vera Rolander 2000,2000-08-15,2000,Sommar,https://www.sverigesradio.se/avsnitt/911976,https://static-cdn.sr.se/laddahem/podradio/sommar_i_p1/2000/08/sommar__vinter_i_p1_vera_rolander_2000_20250217_1631272832.mp3,2341,37492525,https://static-cdn.sr.se/images/2071/8e138f06-f8b8-4c1d-b7ba-b45b708532ee.jpg,Tobias Röstlund,"Född vid Volga 1917, strax före ryska Oktoberrevolutionen, av svensk far och rysk mor. Arg pensionär, men nöjd med sitt liv, samhällsengagemang och politiska arbete, trots att hon är en av dem som varit registrerad för sina (vänster-)åsikters skull."
911977,6206302,Tuomo Haapala 2000,2000-08-16,2000,Sommar,https://www.sverigesradio.se/avsnitt/911977,https://static-cdn.sr.se/laddahem/podradio/sommar_i_p1/2000/08/sommar__vinter_i_p1_tuomo_haapala_2000_20240910_1048054608.mp3,2650,42436445,https://static-cdn.sr.se/images/2071/555fdb34-3fc4-47c0-a80e-7d4df5e8c813.jpg,Ronnie Ritterland / Sveriges Radio KonstnÃ¤ren och kompositÃ¶ren Tuomo Haapala framfÃ¶r ett hommage till Nils Horner pÃ¥ kontrabas i Nord...,"Tuomo Haapala är basist, född 1945 i Torneå och uppvuxen intill Kukkolaforsen. I Sverige har han varit verksam som musiker sedan i slutet av 60-talet. Friformgruppen Iskra som han tillhörde mellan 1970 och fram till 1992 har han kallat sin högskola."
911978,6117988,Ola Skinnarmo 2000,2000-08-17,2000,Sommar,https://www.sverigesradio.se/avsnitt/911978,https://static-cdn.sr.se/laddahem/podradio/sommar_i_p1/2000/08/sommar_i_p1_20000817_1300_38bcdeb.mp3,3409,54579763,https://static-cdn.sr.se/images/2071/241db15a-575d-4515-87c8-de0bc93bfc53.jpg,Tobias Röstlund,"ÄVENTYRARE. – Jag är 28 år, uppväxt i Göteborg men bor nu i Stockholm. Under mitt sommarprogram ska jag försöka ge lyssnarna en inblick i vad det är som driver en ung svensk man att gång efter gång ge sig ut på iskalla äventyr."
911979,6119896,Nina Muhonen 2000,2000-08-18,2000,Sommar,https://www.sverigesradio.se/avsnitt/911979,https://static-cdn.sr.se/laddahem/podradio/sommar_i_p1/2000/08/sommar__vinter_i_p1_nina_muhonen_2000_20250217_1623562874.mp3,3264,52253844,https://static-cdn.sr.se/images/2071/73836568-1ac4-4f65-9f15-a8a7bdf7ef9a.jpg,JOHAN LJUNGSTRÖM,– Jag är en 21-årig tjej som för fyra år sedan råkade ut för en dykolycka då jag bröt nacken mellan den fjärde och femte halsryggkotan. Det innebar att jag blev förlamad från axlarna och nedåt och även beroende av en respirator.
794490,9075160,Herbert Blomstedt 2000,2000-08-19,2000,Sommar,https://www.sverigesradio.se/avsnitt/794490,https://static-cdn.sr.se/laddahem/podradio/2023/11/sommar__vinter_i_p1_herbert_blomstedt_2000_20240910_1046168975.mp3,2942,47109625,https://static-cdn.sr.se/images/2071/31d0e4c5-615e-4700-9a50-7209c15b4d5b.jpg,Johan Ljungström/Sveriges Radio,Musiker. Herbert Blomstedt är en svensk världsberömd dirigent. 
911980,6116243,Philip Zandén 2000,2000-08-20,2000,Sommar,https://www.sverigesradio.se/avsnitt/911980,https://static-cdn.sr.se/laddahem/podradio/sommar_i_p1/2000/08/sommar__vinter_i_p1_philip_zandn_2000_20240910_1045378353.mp3,2900,46442477,https://static-cdn.sr.se/images/2071/975a2733-e48a-44f4-b4dc-e3c0cae09dc7.jpg,SVT Bild,Skådespelare och regissör. Fram till årsskiftet var han teaterchef och vd för Malmö Musikteater och filmar just nu i såväl Norge som Sverige.
651332,5552821,Jasenko Selimovic 2001,2001-06-17,2001,Sommar,https://www.sverigesradio.se/avsnitt/651332,https://static-cdn.sr.se/laddahem/podradio/sommar_i_p1/2001/06/sommar_i_p1_20010617_1300_30a8c7b.mp3,3018,48304570,https://static-cdn.sr.se/images/2071/3610401_2048_1152.jpg,,KONSTNÄRLIG LEDARE VID GÖTEBORGS STADSTEATER. - Mitt Sommarprogram ska handla om mina första 100 dagar i det här landet: hur det är att komma hit och känna sig som en fullständig främling.
419223,5193724,Nina Björk 2001,2001-06-18,2001,Sommar,https://www.sverigesradio.se/avsnitt/419223,https://static-cdn.sr.se/laddahem/podradio/sommar_i_p1/2001/06/sommar__vinter_i_p1_nina_bjork_2001_20250217_1551351111.mp3,3258,52877372,https://static-cdn.sr.se/images/2071/3367568_1800_1013.jpg,,"Författare och skribent på Dagens Nyheters kulturredaktion. – I mitt sommarprogram ska jag tala om varför Voltaires ord ”jag hatar dina åsikter, men är beredd att gå i döden för din rätt att framföra dem” har blivit meningslösa i vårt samhälle."
419218,5207538,Peter Englund 2001,2001-06-19,2001,Sommar,https://www.sverigesradio.se/avsnitt/419218,https://static-cdn.sr.se/laddahem/podradio/sommar_i_p1/2001/06/sommar_i_p1_20010619_1300_3ba3637.mp3,2478,39900505,https://static-cdn.sr.se/images/2071/3367556_1700_956.jpg,,"Historiker och författare I sitt Sommarprogram 2001 berättar Peter Englund om hur han varit sysselsatt med katastrofer, som skapats av människor. Om reportageresan till Afganistan och om katastrofens motsats anastrofen."
651339,5551845,Kajsa Ingemarsson 2001,2001-06-20,2001,Sommar,https://www.sverigesradio.se/avsnitt/651339,https://static-cdn.sr.se/laddahem/podradio/sommar_i_p1/2001/06/sommar_i_p1_20010620_1300_38b1f35.mp3,3275,52421978,https://static-cdn.sr.se/images/2071/3610460_2048_1152.jpg,,"PROGRAMLEDARE, FÖRFATTARE, KOMIKER. – Jag tänkte berätta om varför just jag skulle bli en så bra Robinson."
651338,5551669,Thomas Nordahl 2001,2001-06-21,2001,Sommar,https://www.sverigesradio.se/avsnitt/651338,https://static-cdn.sr.se/laddahem/podradio/sommar_i_p1/2001/06/sommar__vinter_i_p1_thomas_nordahl_2001_20250217_1527537497.mp3,2938,47047281,https://static-cdn.sr.se/images/2071/3610455_2048_1152.jpg,,"Fotbollskommentator. – Jag kommer att berätta om episoder och om intressanta människor jag mött, både under ungdomsåren, under idrottstiden som TV-kommentator och som ”Don Tommaso”."
651337,5549740,Michael B. Tretow 2001,2001-06-22,2001,Sommar,https://www.sverigesradio.se/avsnitt/651337,https://static-cdn.sr.se/laddahem/podradio/sommar_i_p1/2001/06/sommar_i_p1_20010622_1300_3ee554d.mp3,3132,50132331,https://static-cdn.sr.se/images/2071/3610450_2048_1152.jpg,,"LJUDTEKNIKER, KOMPOSITÖR. Många av de så kallade ”matlagningstipsen” som redovisas kommer att - i bästa fall - vara oätliga."
449609,5097932,Alice Bah 2001,2001-06-23,2001,Sommar,https://www.sverigesradio.se/avsnitt/449609,https://static-cdn.sr.se/laddahem/podradio/sommar_i_p1/2001/06/sommar__vinter_i_p1_alice_bah_2001_20250217_1513534622.mp3,2947,47350627,https://static-cdn.sr.se/images/2071/26c851eb-70be-4004-b06d-a7bcc792c959.jpg,,"Avdelningschefen på Skandias avdelning ”Idéer för livet” och fd programledare. Om Livet - i Sverige, i Europa, i världen, om sitt svenska kulturarv och om hur den identiteten växer sig starkare i en ökad globalisering."
415364,4102401,Raymond Ahlgren 2001,2001-06-24,2001,Sommar,https://www.sverigesradio.se/avsnitt/415364,https://static-cdn.sr.se/laddahem/podradio/sommar_i_p1/2012/08/sommar__vinter_i_p1_raymond_ahlgren_2001_20250217_1501383479.mp3,3275,52441743,https://static-cdn.sr.se/images/2071/3252648_2048_1152.jpg,,Författaren och egenföretagaren om hur hans pappa blev mördad i Chile.
449612,5098241,Margot Wallström 2001,2001-06-25,2001,Sommar,https://www.sverigesradio.se/avsnitt/449612,https://static-cdn.sr.se/laddahem/podradio/sommar_i_p1/2001/06/sommar__vinter_i_p1_margot_wallstrom_2001_20250217_1459509747.mp3,2871,46138228,https://static-cdn.sr.se/images/2071/3421401_2048_1152.jpg,,EU-kommissionären om vikten av att skifta tidsperspektiv och om att tänka mer på framtiden.
651336,5548197,Emma Hamberg 2001,2001-06-26,2001,Sommar,https://www.sverigesradio.se/avsnitt/651336,https://static-cdn.sr.se/laddahem/podradio/sommar_i_p1/2001/06/sommar_i_p1_20010626_1300_38cedaa.mp3,2760,44172773,https://static-cdn.sr.se/images/2071/3610438_2048_1152.jpg,,"CHEFREDAKTÖR FÖR VECKO-REVYN, SERIETECKNARE. – Se mitt sommarprogram som en talkshow, The Slickie Snake Show."
651335,5548230,Mirja Unge 2001,2001-06-27,2001,Sommar,https://www.sverigesradio.se/avsnitt/651335,https://static-cdn.sr.se/laddahem/podradio/sommar_i_p1/2001/06/sommar_i_p1_20010627_1300_3a51e2e.mp3,2655,42497639,https://static-cdn.sr.se/images/2071/3610423_2048_1152.jpg,,"FÖRFATTARE. – Jag debuterade 1998 med romanen, ”Det var ur munnarna orden kom”, och 2000 kom den senaste, ”Järnnätter”. Sommarprogrammet jag ska hålla i utspelar sig en sommar på Färöarna."
419174,5205376,Ola Håkansson 2001,2001-06-28,2001,Sommar,https://www.sverigesradio.se/avsnitt/419174,https://static-cdn.sr.se/laddahem/podradio/sommar_i_p1/2001/06/sommar_i_p1_20010628_1300_3aa2bf9.mp3,3372,54198377,https://static-cdn.sr.se/images/2071/3367528_1700_956.jpg,,"Sångare, kompositör och producent I sitt Sommarprogram 2001 pratar Ola Håkansson om svårigheten med att heta Ola, om Radio Luxembourg, ungdomsgårdsspelningar och pyroteknik."
651334,5548043,Anneli Kråik 2001,2001-06-29,2001,Sommar,https://www.sverigesradio.se/avsnitt/651334,https://static-cdn.sr.se/laddahem/podradio/sommar_i_p1/2001/06/sommar_i_p1_20010629_1300_34ff12e.mp3,2761,44188536,https://static-cdn.sr.se/images/2071/3610421_2048_1152.jpg,,SAMISK SKRIBENT. – Jag är same och detta faktum dominerar starkt hela min tillvaro. Min uppväxt i en renskötarvardag med nomadliv och utpräglat samiskt kulturella inslag.
399668,5205208,Marcus Storch 2001,2001-06-30,2001,Sommar,https://www.sverigesradio.se/avsnitt/399668,https://static-cdn.sr.se/laddahem/podradio/sommar_i_p1/2001/06/sommar__vinter_i_p1_marcus_storch_2001_20250217_1349468922.mp3,2975,47844409,https://static-cdn.sr.se/images/2071/3367540_1700_956.jpg,,"Medicine hedersdoktor och fd vd för AGA Av sin mycket brokiga familjehistoria, spännande arbetsliv och aktiva insatser i samhället väver Marcus Storch samman sitt Sommar under något som kan sammanfattas av rubriken Rörelse, Förändring, Likgiltighet."
651333,5547939,Tina Ahlin 2001,2001-07-01,2001,Sommar,https://www.sverigesradio.se/avsnitt/651333,https://static-cdn.sr.se/laddahem/podradio/sommar_i_p1/2001/07/sommar_i_p1_20010701_1300_323c74c.mp3,3190,51058571,https://static-cdn.sr.se/images/2071/3610411_2048_1152.jpg,,"PIANIST, SÅNGERSKA. – Jag kommer kvasifilosofera lite kring kvintessenserna i mitt liv, nämligen; fenomenet kärlek, god och mindre god sådan, upplevelser av musik, goda och mindre goda sådana."
43602,8265738,Rolf Sandberg 2001,2001-07-02,2001,Sommar,https://www.sverigesradio.se/avsnitt/43602,https://static-cdn.sr.se/laddahem/podradio/2022/03/sommar__vinter_i_p1_rolf_sandberg_2001_20240910_1414570322.mp3,2069,33120369,https://static-cdn.sr.se/images/2071/a4d20aff-4396-4f51-8d0c-b7a48e11c707.jpg,,POLIS
622289,5526413,Cilla Naumann 2001,2001-07-03,2001,Sommar,https://www.sverigesradio.se/avsnitt/622289,https://static-cdn.sr.se/laddahem/podradio/sommar_i_p1/2001/07/sommar_i_p1_20010703_1800_3991d12.mp3,3092,49486268,https://static-cdn.sr.se/images/2071/3582240_2048_1152.jpg,,"FÖRFATTARE, JOURNALIST. – I mitt sommarprogram ska jag berätta en riktigt lång historia. Det är en historia som jag inte har berättat förut. Ibland har jag funderat över att skriva den, men det har aldrig fallit sig så."
425304,5044985,Olle Leino 2001,2001-07-04,2001,Sommar,https://www.sverigesradio.se/avsnitt/425304,https://static-cdn.sr.se/laddahem/podradio/sommar_i_p1/2001/07/sommar__vinter_i_p1_olle_leino_2001_20250217_1337480745.mp3,2928,47472352,https://static-cdn.sr.se/images/2071/3378535_2048_1152.jpg,,"Journalist, författare"
622288,5465063,Marie Hermanson 2001,2001-07-05,2001,Sommar,https://www.sverigesradio.se/avsnitt/622288,https://static-cdn.sr.se/laddahem/podradio/sommar_i_p1/2001/07/sommar_i_p1_20010705_1300_358e432.mp3,3146,50474142,https://static-cdn.sr.se/images/2071/3582228_2048_1152.jpg,,"FÖRFATTARE. – Jag ska prata om läsande, skrivande, djur och människor. Musiken blir allt möjligt från Satie till Björk."
622286,5465000,Michael Nyqvist 2001,2001-07-06,2001,Sommar,https://www.sverigesradio.se/avsnitt/622286,https://static-cdn.sr.se/laddahem/podradio/sommar_i_p1/2001/07/sommar__vinter_i_p1_michael_nyqvist_2001_20250217_1333171650.mp3,2962,47539520,https://static-cdn.sr.se/images/2071/3582218_2048_1152.jpg,,"SKÅDESPELARE. – I mitt sommarprogram tänker jag berätta om farbror Gustav och tant Greta, om Beatles, snedväxta krukväxter och upplevda ordstäv och allt det där andra som händer när man inte står på scen."
622285,5464981,Nina Persson 2001,2001-07-07,2001,Sommar,https://www.sverigesradio.se/avsnitt/622285,https://static-cdn.sr.se/laddahem/podradio/sommar_i_p1/2001/07/sommar_i_p1_20010707_1300_3347932.mp3,2647,42496175,https://static-cdn.sr.se/images/2071/3582205_2048_1152.jpg,,"SÅNGERSKA. – Jag ska prata mycket om musiken i mitt liv, berätta snuskiga historier, dra några rockskrönor och avslöja alla mina hemligheter."
399562,3474988,Leif Pagrotsky 2001,2001-07-08,2001,Sommar,https://www.sverigesradio.se/avsnitt/399562,https://static-cdn.sr.se/laddahem/podradio/sommar_i_p1/2011/09/SR_sommar_i_p1_010708_B00C.mp3,2225,35614042,https://static-cdn.sr.se/images/2071/3324309_1690_951.jpg,,"Politiker och ekonom Leif Pagrotsky om sitt Sommar: – I mitt Sommarprogram tänker jag ge några interiörer från politikens vardag, inte minst från vårens (2001) EU-ordförandeskap. Det finns mycket som behöver ifrågasättas inom EU."
613170,5464954,America Vera-Zavala 2001,2001-07-09,2001,Sommar,https://www.sverigesradio.se/avsnitt/613170,https://static-cdn.sr.se/laddahem/podradio/sommar_i_p1/2001/07/sommar_i_p1_20010709_1300_3246494.mp3,2909,46693795,https://static-cdn.sr.se/images/2071/3573206_2048_1152.jpg,,"STUDENT, AKTIV I UNG VÄNSTER OCH ATTAC. – Jag tänkte prata mycket om mina intryck, mina tankar och om vad jag såg under kravallerna i Göteborg under EU toppmötet. "
613169,5463758,Bengt Gustafsson 2001,2001-07-10,2001,Sommar,https://www.sverigesradio.se/avsnitt/613169,https://static-cdn.sr.se/laddahem/podradio/sommar_i_p1/2001/07/sommar_i_p1_20010710_1300_375e026.mp3,2884,46292220,https://static-cdn.sr.se/images/2071/3573199_2048_1152.jpg,,"ASTRONOM OCH PROFESSOR I TEORETISK ASTROFYSIK. – Jag kommer att spela musik som jag tycker om - och det är mycket det - och tala om Universum och dess innehåll av stjärnor, lykttändare och människors längtan."
601901,5428041,Lina Ekdahl 2001,2001-07-11,2001,Sommar,https://www.sverigesradio.se/avsnitt/601901,https://static-cdn.sr.se/laddahem/podradio/sommar_i_p1/2001/07/sommar_i_p1_20010711_1300_2e75921.mp3,3251,52153892,https://static-cdn.sr.se/images/2071/3561536_2048_1152.jpg,,POET. – Mitt sommarprogram: Det kan gå. Det kommer att gå. Det går. Det har gått igen. Det kommer att gå bra.
597897,5463572,Robert Weil 2001,2001-07-12,2001,Sommar,https://www.sverigesradio.se/avsnitt/597897,https://static-cdn.sr.se/laddahem/podradio/sommar_i_p1/2001/07/sommar_i_p1_20010712_1300_325180f.mp3,2825,45348898,https://static-cdn.sr.se/images/2071/3557282.jpg,,"STYRESLEORDFÖRANDE OCH ÄGARE I PROVENTUS. I mitt sommarprogram tänkte jag formulera mina tankar om livet: om kvinnorna, pengarna och skulden som ger mig styrka i den kreativa process som blivit viktigare än resultatet."
399559,5028248,Barbro Lill-Babs Svensson 2001,2001-07-13,2001,Sommar,https://www.sverigesradio.se/avsnitt/399559,https://static-cdn.sr.se/laddahem/podradio/sommar_i_p1/2001/07/sommar_i_p1_20010713_1300_260aadc.mp3,2814,45640528,https://static-cdn.sr.se/images/2071/3324139_1690_951.jpg,,"Folkkär artist. Om både din och min mamma, släktforskning, att vara snabb i repliken och om fredag den 13:e."
597896,5462517,Catharina Grünbaum 2001,2001-07-14,2001,Sommar,https://www.sverigesradio.se/avsnitt/597896,https://static-cdn.sr.se/laddahem/podradio/sommar_i_p1/2001/07/sommar_i_p1_20010714_1300_3979358.mp3,3145,50464209,https://static-cdn.sr.se/images/2071/3557290.jpg,,"SPRÅKVETARE, SPRÅKVÅRDARE. – Det roligaste med språkvårdsarbetet på tidningen är journalisternas outtömliga intresse att diskutera hur man gör för att skriva bättre."
597895,5462378,Anders Piltz 2001,2001-07-15,2001,Sommar,https://www.sverigesradio.se/avsnitt/597895,https://static-cdn.sr.se/laddahem/podradio/sommar_i_p1/2001/07/sommar_i_p1_20010715_1300_363576c.mp3,3316,53192642,https://static-cdn.sr.se/images/2071/3557280.jpg,,PROFESSOR I LATIN OCH PRÄST. – Som författare har jag velat skriva begripligt om filosofi och teologi (men har också en solitt obegriplig produktion inom min vetenskap).
606278,5445185,Barbara Dührkop 2001,2001-07-16,2001,Sommar,https://www.sverigesradio.se/avsnitt/606278,https://static-cdn.sr.se/laddahem/podradio/sommar_i_p1/2001/07/sommar_i_p1_20010716_1300_3ba5ba0.mp3,2448,39315213,https://static-cdn.sr.se/images/2071/3565596_2048_1152.jpg,,"SPANSK POLITIKER. – Genom hela mitt liv har jag burit på ett engagemang. Under studentåren i Sverige var det FNL-rörelsen, när jag flyttade till Tyskland vid 27 års ålder kom fackföreningsengagemanget. "
412381,5014042,Kjell Westö 2001,2001-07-17,2001,Sommar,https://www.sverigesradio.se/avsnitt/412381,https://static-cdn.sr.se/laddahem/podradio/sommar_i_p1/2001/07/sommar__vinter_i_p1_kjell_westo_2001_20250217_1320157844.mp3,2959,47972503,https://static-cdn.sr.se/images/2071/3298459_1689_950.jpg,,Författare.  Om Finland och Sverige och skillnaderna länderna emellan. Om hur svensk film plötsligt blivit kult i Finland. Om Helsingfors och Stockholm och hur de två huvudstäderna skildrats i litteraturen.
660415,5553006,Meja Beckman 2001,2001-07-18,2001,Sommar,https://www.sverigesradio.se/avsnitt/660415,https://static-cdn.sr.se/laddahem/podradio/sommar_i_p1/2001/07/sommar_i_p1_20010718_1300_35b7f07.mp3,3625,58016937,https://static-cdn.sr.se/images/2071/3620284_2048_1152.jpg,,ARTIST. Hon pratar om starka kvinnor. Själv känner hon sig som en fegis.
660416,5553152,Bengt Johansson 2001,2001-07-19,2001,Sommar,https://www.sverigesradio.se/avsnitt/660416,https://static-cdn.sr.se/laddahem/podradio/sommar_i_p1/2001/07/sommar__vinter_i_p1_bengt_johansson_2001_20250213_1648180277.mp3,2847,45582349,https://static-cdn.sr.se/images/2071/3620264_2048_1152.jpg,,"FÖRBUNDSKAPTEN SVENSKA HANDBOLLSLAGET. – Jag tänkte främst prata om: Handboll, Halmstad, Halland, Humanism."
597894,5445036,Joakim Pirinen 2001,2001-07-20,2001,Sommar,https://www.sverigesradio.se/avsnitt/597894,https://static-cdn.sr.se/laddahem/podradio/sommar_i_p1/2001/07/sommar_i_p1_20010720_1300_381db19.mp3,2474,39728461,https://static-cdn.sr.se/images/2071/3557287.jpg,,TECKNARE. – Min mest kända skapelse är seriefiguren Socker-Conny som föddes 1985 och försvann senare samma år. Vad har hänt med Conny sedan dess?
327823,4755232,Elsie Johansson 2001,2001-07-21,2001,Sommar,https://www.sverigesradio.se/avsnitt/327823,https://static-cdn.sr.se/laddahem/podradio/sommar_i_p1/2013/11/sommar_i_p1_20131108_0900_226e5c1.mp3,3394,54346785,https://static-cdn.sr.se/images/2071/3061992_1200_675.jpg,,"Författare I sitt Sommarprogram 2001 berättar Elsie Johansson om skrivdebuten, tiden i Missionsförbundet, moster Gerdas cykeldröm och om ögonblick att spara i evighet."
386301,5196682,Sven Wollter 2001,2001-07-22,2001,Sommar,https://www.sverigesradio.se/avsnitt/386301,https://static-cdn.sr.se/laddahem/podradio/sommar_i_p1/2001/07/sommar_i_p1_20010722_1300_3c0e58c.mp3,2847,46302586,https://static-cdn.sr.se/images/2071/3294080_1690_951.jpg,,"Skådespelare Sven Wollter pratade om människor och grönsaker. Om kvinnor, religion och om hur man presenterar sig själv."
597462,5428259,Richard Holmgren 2001,2001-07-23,2001,Sommar,https://www.sverigesradio.se/avsnitt/597462,https://static-cdn.sr.se/laddahem/podradio/sommar_i_p1/2001/07/sommar__vinter_i_p1_richard_holmgren_2001_20250213_1521418706.mp3,2979,47812906,https://static-cdn.sr.se/images/2071/3557283.jpg,,Arkeologen om annorlunda fältarkeologiska upptäckter och erfarenheter från utgrävningarna i bibelns Sodom och Gomorra vid Döda havet - om hur biblisk arkeologi tidigare färgats av fundamentalistiska strategier och nu kan mötas med andra förståelser.
597461,5428164,Tomas Boström 2001,2001-07-24,2001,Sommar,https://www.sverigesradio.se/avsnitt/597461,https://static-cdn.sr.se/laddahem/podradio/sommar_i_p1/2001/07/sommar_i_p1_20010724_1300_3292246.mp3,2954,47402772,https://static-cdn.sr.se/images/2071/3557281.jpg,,"SÅNGFÖRFATTARE, MUSIKER OCH PRÄST. – Mitt sommarprogram har arbetsnamnet ”etsningar och dagboksblad”. Jag kommer inte att hålla mig till sanningen musikvalet vill vara en hyllning till visans veteraner och kvinnliga konstnärer."
597113,5425383,Camilla Lundberg 2001,2001-07-25,2001,Sommar,https://www.sverigesradio.se/avsnitt/597113,https://static-cdn.sr.se/laddahem/podradio/sommar_i_p1/2001/07/sommar_i_p1_20010725_1300_2cb8ab8.mp3,2761,44326548,https://static-cdn.sr.se/images/2071/3557291.jpg,,"MUSIKSKRIBENT, PROJEKTLEDARE PÅ TV. – Jag tror att mitt Sommarprogram kommer att handla om detta: hur vår inre och yttre kartritning och historieskrivning ständigt förändras. Och hur det hörs i musiken."
386300,5205095,Magnus Linton 2001,2001-07-26,2001,Sommar,https://www.sverigesradio.se/avsnitt/386300,https://static-cdn.sr.se/laddahem/podradio/sommar_i_p1/2001/07/sommar__vinter_i_p1_magnus_linton_2001_20250213_1516414737.mp3,2579,41513952,https://static-cdn.sr.se/images/2071/3294132_1690_951.jpg,,"Journalist, författare och debattör – Mitt program handlar om breda samhällslögner. Myter och starka men sjuka normer inom några valda teman som av olika skäl kommit att intressera mig teoretiskt: knark, sex och kött."
597102,5424436,Linna Johansson 2001,2001-07-27,2001,Sommar,https://www.sverigesradio.se/avsnitt/597102,https://static-cdn.sr.se/laddahem/podradio/sommar_i_p1/2001/07/sommar_i_p1_20010727_1300_37597ee.mp3,3354,53812448,https://static-cdn.sr.se/images/2071/3557285.jpg,,"JOURNALIST. – Under senare tid har jag alltmer börjat intressera mig för idrott och idrottsjournalistik, och det kommer att märkas i mitt Sommarprogram."
597029,5424281,Mikael Niemi 2001,2001-07-28,2001,Sommar,https://www.sverigesradio.se/avsnitt/597029,https://static-cdn.sr.se/laddahem/podradio/sommar_i_p1/2001/07/sommar_i_p1_20010728_1300_329a034.mp3,2571,41280005,https://static-cdn.sr.se/images/2071/3557284.jpg,,"FÖRFATTARE. I mitt Sommarprogram kommer jag att berätta om tornedalskt vemod, islossning och rock’n roll. Jag ska också berätta om mina vådliga resor i Nepal och om min kontakt med sekter."
436614,5071580,Liv Ullmann 2001,2001-07-29,2001,Sommar,https://www.sverigesradio.se/avsnitt/436614,https://static-cdn.sr.se/laddahem/podradio/sommar_i_p1/2001/07/sommar_i_p1_20010729_1300_3adad7f.mp3,3876,62632791,https://static-cdn.sr.se/images/2071/3409319_1000_563.jpg,,Skådespelerska.
386299,5200096,Josef Fares 2001,2001-07-30,2001,Sommar,https://www.sverigesradio.se/avsnitt/386299,https://static-cdn.sr.se/laddahem/podradio/sommar_i_p1/2001/07/sommar__vinter_i_p1_josef_fares_2001_20250213_1512182723.mp3,2549,41532380,https://static-cdn.sr.se/images/2071/3294165_1700_956.jpg,,"Filmregissör, manusförfattare, skådespelare och programledare."
597027,5424202,Eva Moberg 2001,2001-07-31,2001,Sommar,https://www.sverigesradio.se/avsnitt/597027,https://static-cdn.sr.se/laddahem/podradio/sommar_i_p1/2001/07/sommar__vinter_i_p1_eva_moberg_2001_20250213_1511092329.mp3,2501,40167706,https://static-cdn.sr.se/images/2071/3557288.jpg,,Dramatiker
597026,5424134,Catti Brandelius 2001,2001-08-01,2001,Sommar,https://www.sverigesradio.se/avsnitt/597026,https://static-cdn.sr.se/laddahem/podradio/sommar_i_p1/2001/08/sommar__vinter_i_p1_catti_brandelius_2001_20250213_1508417758.mp3,2878,46189078,https://static-cdn.sr.se/images/2071/3557289.jpg,,"Miss Universum har dykt upp i de mest skilda sammanhang; i popbandet Doktor Kosmos, som guide på Moderna Museet, i radioprogrammet Flipper, nu senast invigde hon årets konstmässa med sina tjänare som uppförde en bejublad dans med vimplar och bollar."
596816,5418841,Mauricio Rojas 2001,2001-08-02,2001,Sommar,https://www.sverigesradio.se/avsnitt/596816,https://static-cdn.sr.se/laddahem/podradio/sommar_i_p1/2001/08/sommar_i_p1_20010802_1300_3cb2df1.mp3,3370,54056550,https://static-cdn.sr.se/images/2071/3556513_2048_1152.jpg,,"FÖRFATTARE, DOCENT I EKONOMISK HISTORIA OCH TIMBROS VICE VD. – Med andra ögon - En berättelse om Sverige: Sverige är ett land som döljer sin verkliga identitet."
596815,5423128,Carola Magnusson 2001,2001-08-03,2001,Sommar,https://www.sverigesradio.se/avsnitt/596815,https://static-cdn.sr.se/laddahem/podradio/sommar_i_p1/2001/08/sommar__vinter_i_p1_carola_magnusson_2001_20250213_1506419101.mp3,2948,47318882,https://static-cdn.sr.se/images/2071/3556511_900_506.jpg,,"Ekologisk husmor. – Mitt program handlar om varför jag tycker att skolmat är så viktigt nu och för framtiden. Dessutom om livet som ekologisk husmor och som konsument i Sri Lanka och i Sverige, möjligheter, svårigheter och upplevelser."
595596,5407164,Diabaté Dialy Mory,2001-08-04,2001,Sommar,https://www.sverigesradio.se/avsnitt/595596,https://static-cdn.sr.se/laddahem/podradio/sommar_i_p1/2001/08/sommar__vinter_i_p1_diabat_dialy_mory_2001_20250213_1502382845.mp3,2446,39279209,https://static-cdn.sr.se/images/2071/3555354_1800_1012.jpg,,"ORDFÖRANDE I MALMÖS BOXNINGSKLUBB, FRITIDSLEDARE. "
386298,5193690,Håkan Nesser 2001,2001-08-05,2001,Sommar,https://www.sverigesradio.se/avsnitt/386298,https://static-cdn.sr.se/laddahem/podradio/sommar_i_p1/2000/08/sommar_i_p1_20000805_1300_3954954.mp3,3146,51081125,https://static-cdn.sr.se/images/2071/3355524_1696_951.jpg,,"Känd deckarförfattare Han berättar om sin tid som lärare, om det svenska skolsystemets brister och om lyckan att läsa böcker."
594502,5403936,Tilde Björfors 2001,2001-08-06,2001,Sommar,https://www.sverigesradio.se/avsnitt/594502,https://static-cdn.sr.se/laddahem/podradio/sommar_i_p1/2001/08/sommar_i_p1_20010806_1300_3bef260.mp3,2068,33234277,https://static-cdn.sr.se/images/2071/3553013_1700_956.jpg,,CIRKUSDIREKTÖR. – Mitt program ska troligen handla en del om det samt om den så kallade upplevelseindustrin och om hur det är att vara ung och vilja göra något.
594410,5398342,Alf Svensson 2001,2001-08-07,2001,Sommar,https://www.sverigesradio.se/avsnitt/594410,https://static-cdn.sr.se/laddahem/podradio/sommar_i_p1/2001/08/sommar_i_p1_20010807_1300_39666e0.mp3,2655,42619525,https://static-cdn.sr.se/images/2071/3552860_1700_956.jpg,,"PARTILEDARE KRISTDEMOKRATERNA. – Under mina 30 år i politiken har jag mött många människor, som satt avtryck både i mitt eget sinne och i lokal och nationell historia."
594411,5398246,Kristina Axén Olin 2001,2001-08-08,2001,Sommar,https://www.sverigesradio.se/avsnitt/594411,https://static-cdn.sr.se/laddahem/podradio/sommar_i_p1/2001/08/sommar__vinter_i_p1_kristina_axn_olin_2001_20250213_1459288195.mp3,2629,42212714,https://static-cdn.sr.se/images/2071/3552845_1700_956.jpg,,Socialborgarråd.
560200,5333705,Ernst Billgren 2001,2001-08-09,2001,Sommar,https://www.sverigesradio.se/avsnitt/560200,https://static-cdn.sr.se/laddahem/podradio/sommar_i_p1/2001/08/sommar_i_p1_20010809_1300_40fdc8a.mp3,2735,43899634,https://static-cdn.sr.se/images/2071/3523790_2048_1152.jpg,,Konstnär. I hans program försöker han besvara de frågor som vi alla gått omkring och funderat på ett tag.
386297,4080031,Emma Sjöberg 2001,2001-08-10,2001,Sommar,https://www.sverigesradio.se/avsnitt/386297,https://static-cdn.sr.se/laddahem/podradio/sommar_i_p1/2012/08/sommar__vinter_i_p1_emma_sjoberg_2001_20250213_1457157432.mp3,3296,52773188,https://static-cdn.sr.se/images/2071/3370135_2048_1152.jpg,,"Före detta fotomodellen, numera entreprenören delar med sig av minnen från tiden som fotomodell."
386295,5003542,Thomas Öberg 2001,2001-08-11,2001,Sommar,https://www.sverigesradio.se/avsnitt/386295,https://static-cdn.sr.se/laddahem/podradio/sommar_i_p1/2001/08/sommar__vinter_i_p1_thomas_berg_2001_20250213_1454272820.mp3,2382,38740860,https://static-cdn.sr.se/images/2071/3337058_1904_1071.jpg,,Musikern och producenten ger oss i sitt Sommarprogram nya varianter på ordspråk.
660417,5553186,Lars Ulvenstam 2001,2001-08-12,2001,Sommar,https://www.sverigesradio.se/avsnitt/660417,https://static-cdn.sr.se/laddahem/podradio/sommar_i_p1/2001/08/sommar_i_p1_20010812_1300_3b11f4f.mp3,3802,60844339,https://static-cdn.sr.se/images/2071/3620231_2048_1152.jpg,,"JOURNALIST. - Ska kanske försöka vara lite mindre gravallvarlig som slutankare i år och prata om mat, säger ”Ulven”."
389173,4968202,Lena Andersson 2002,2002-06-16,2002,Sommar,https://www.sverigesradio.se/avsnitt/389173,https://static-cdn.sr.se/laddahem/podradio/sommar_i_p1/2002/06/sommar__vinter_i_p1_lena_andersson_2002_20250213_1449099901.mp3,3130,50114852,https://static-cdn.sr.se/images/2071/3296260_2048_1152.jpg,,"Författaren, skribenten och kritikern om livet, konsten och samhället."
386296,4969113,Maria Lundqvist 2002,2002-06-17,2002,Sommar,https://www.sverigesradio.se/avsnitt/386296,https://static-cdn.sr.se/laddahem/podradio/sommar_i_p1/2002/06/sommar__vinter_i_p1_maria_lundqvist_2002_20250213_1446586534.mp3,3173,50804608,https://static-cdn.sr.se/images/2071/3297052_2048_1152.jpg,,"Skådespelaren om kärleken till skådespeleriet, om karaktären Sally, den häftiga mammarollen, sexualiseringen av kvinnan, utsattheten hos krigsdrabbade familjer och om hänsyn och segling."
389085,4969124,Thomas Hylland Eriksen 2002,2002-06-18,2002,Sommar,https://www.sverigesradio.se/avsnitt/389085,https://static-cdn.sr.se/laddahem/podradio/sommar_i_p1/2002/06/sommar__vinter_i_p1_thomas_hylland_eriksen_2002_20250213_1445255178.mp3,2703,43296746,https://static-cdn.sr.se/images/2071/3301845_2048_1152.jpg,,"Professorn i antropologi om Internet och mobiltelefoner, jetflyg och SMS-meddelanden, snabbmat och flexibel arbetstid - och om varför livet måste levas långsamt. Annars riskerar vi att inte hinna leva, eftersom så mycket annat måste göras först."
389084,4969131,Johanna Strömberg 2002,2002-06-19,2002,Sommar,https://www.sverigesradio.se/avsnitt/389084,https://static-cdn.sr.se/laddahem/podradio/sommar_i_p1/2002/06/sommar__vinter_i_p1_johanna_stromberg_2002_20250213_1443586674.mp3,2926,46859958,https://static-cdn.sr.se/images/2071/3301827_2048_1152.jpg,,FÖRFATTARE. I sitt Sommarprogram från 19 juni 2002 berättar Johanna Strömberg om när hon fick beskedet att hon hade cancer.
386294,4969158,Kjell Swanberg 2002,2002-06-20,2002,Sommar,https://www.sverigesradio.se/avsnitt/386294,https://static-cdn.sr.se/laddahem/podradio/sommar_i_p1/2002/06/sommar_i_p1_20020620_1300_3a33f50.mp3,3071,49175816,https://static-cdn.sr.se/images/2071/3323916_1900_1069.jpg,,KÅSÖR OCH FÖRFATTARE. I sitt sista Sommarprogram ger han restips och danslektioner i shottis. Han berättar nyheter och önskar att det vore jul jämt.
389083,4969162,Tina Nordström 2002,2002-06-21,2002,Sommar,https://www.sverigesradio.se/avsnitt/389083,https://static-cdn.sr.se/laddahem/podradio/sommar_i_p1/2002/06/sommar_i_p1_20020621_1300_3b2fb5f.mp3,2654,42509849,https://static-cdn.sr.se/images/2071/3297065_2048_1152.jpg,,"Tv-kock – Jag tänkte prata lite om det senaste året i den här spännande branschen som kock, bland annat i tv. Det blir både skoj och allvar om vad som har stått i tidningarna om mig. Men också lite matminnen från tidigare midsommaraftnar!"
389082,4971706,Kalle Moraeus 2002,2002-06-22,2002,Sommar,https://www.sverigesradio.se/avsnitt/389082,https://static-cdn.sr.se/laddahem/podradio/sommar_i_p1/2002/06/sommar_i_p1_20020622_1300_3b28005.mp3,2874,46027521,https://static-cdn.sr.se/images/2071/3300044_2048_1152.jpg,,"Spelman – Mitt sommarprogram kommer nog att handla mycket om minnen från alla dessa år som musiker. Människor man mött och händelser jag minns, säger musikern Kalle Moraeus om sitt Sommarprogram från 2002."
389081,4971768,Bo Strömstedt 2002,2002-06-23,2002,Sommar,https://www.sverigesradio.se/avsnitt/389081,https://static-cdn.sr.se/laddahem/podradio/sommar_i_p1/2002/06/sommar__vinter_i_p1_bo_stromstedt_2002_20250213_1440002119.mp3,3238,51855714,https://static-cdn.sr.se/images/2071/3297071_2048_1152.jpg,,– Med åren inser man att det i varje ”nu” finns ett ”då”. Nuet uppstår inte ur sig självt. Det samtalar med det som har varit. De döda är inte döda.
386293,5055768,Lena Philipsson 2002,2002-06-24,2002,Sommar,https://www.sverigesradio.se/avsnitt/386293,https://static-cdn.sr.se/laddahem/podradio/sommar_i_p1/2002/06/sommar__vinter_i_p1_lena_philipsson_2002_20250213_1438262216.mp3,2732,44330384,https://static-cdn.sr.se/images/2071/3247457_2048_1152.jpg,,"Artisten och sångerskan om hemmet med målartejp och snören, den inre dialogen, blygheten och om hur barn aktiveras ihjäl idag."
386292,4972549,Stefan Einhorn 2002,2002-06-25,2002,Sommar,https://www.sverigesradio.se/avsnitt/386292,https://static-cdn.sr.se/laddahem/podradio/sommar_i_p1/2002/06/sommar_i_p1_20020625_1300_2b22ca3.mp3,3198,51214208,https://static-cdn.sr.se/images/2071/3294292_900_505.jpg,,"Professor i molekylär onkologi, överläkare, författare och föreläsare I sitt Sommarprogram pratar Stefan Einhorn om Guds existens, om slumpen, om livets magi, om etik och om att göra rätt."
389080,4972583,Petra Ulmanen 2002,2002-06-26,2002,Sommar,https://www.sverigesradio.se/avsnitt/389080,https://static-cdn.sr.se/laddahem/podradio/sommar_i_p1/2002/06/sommar__vinter_i_p1_petra_ulmanen_2002_20250213_1435250302.mp3,2853,45683767,https://static-cdn.sr.se/images/2071/3300921_2048_1152.jpg,,Feministjournalist
389079,4972917,Åke Edwardson 2002,2002-06-27,2002,Sommar,https://www.sverigesradio.se/avsnitt/389079,https://static-cdn.sr.se/laddahem/podradio/sommar_i_p1/2002/06/sommar_i_p1_20020627_1300_36b69d2.mp3,2980,47720406,https://static-cdn.sr.se/images/2071/3301811_2048_1152.jpg,,– Vi möter i det här programmet sårbara män och svekfulla kvinnor. Någon gång är det tvärtom. Många tårar kommer att falla denna eftermiddag. Vi kommer att stå vid många vägkorsningar.
386291,4972967,Özz Nûjen 2002,2002-06-28,2002,Sommar,https://www.sverigesradio.se/avsnitt/386291,https://static-cdn.sr.se/laddahem/podradio/sommar_i_p1/2002/06/sommar__vinter_i_p1_zz_njen_2002_20250213_1431531270.mp3,3386,54217095,https://static-cdn.sr.se/images/2071/3301796_2048_1152.jpg,,"Ståuppkomiker, manusförfattare."
386419,4973073,Annalisa Ericson-Schildt 2002,2002-06-29,2002,Sommar,https://www.sverigesradio.se/avsnitt/386419,https://static-cdn.sr.se/laddahem/podradio/sommar_i_p1/2002/06/sommar__vinter_i_p1_annalisa_ericsonschildt_2002_20250213_1428182461.mp3,3096,49581686,https://static-cdn.sr.se/images/2071/3294136_1900_1069.jpg,,Artisten och skådespelaren om sin långa karriär och om alla de stora stjärnor hon arbetat med genom åren.
389078,4973091,Kenny Bräck 2002,2002-06-30,2002,Sommar,https://www.sverigesradio.se/avsnitt/389078,https://static-cdn.sr.se/laddahem/podradio/sommar_i_p1/2002/06/sommar_i_p1_20020630_1300_3b321be.mp3,3058,48972517,https://static-cdn.sr.se/images/2071/3301790_2048_1152.jpg,,"Racerförare – Mitt program kommer förstås att handla en hel del om racing, och om ett annat av mina stora intressen: musiken. Dessutom om värmländska taxiförare och om hur du själv kan träna för att känna dig exakt som en formelbilförare."
389621,4973787,Salvatore Grimaldi 2002,2002-07-01,2002,Sommar,https://www.sverigesradio.se/avsnitt/389621,https://static-cdn.sr.se/laddahem/podradio/sommar_i_p1/2002/07/sommar_i_p1_20020701_1300_26a4052.mp3,2880,46117402,https://static-cdn.sr.se/images/2071/3303671_2048_1152.jpg,,"Vd för cykelimperium – I mitt sommarprogram skall jag bland annat prata om det italienska ”arvet”, om uppväxten i Västerås, om olika situationer under min karriär som egen företagare och om vad Sverige och Italien betyder för mig."
389622,4973839,Sara Kadefors 2002,2002-07-02,2002,Sommar,https://www.sverigesradio.se/avsnitt/389622,https://static-cdn.sr.se/laddahem/podradio/sommar_i_p1/2002/07/sommar__vinter_i_p1_sara_kadefors_2002_20250213_1424528167.mp3,3053,48888638,https://static-cdn.sr.se/images/2071/3303690_2048_1152.jpg,,Författare
389623,4973853,Göran Everdahl 2002,2002-07-03,2002,Sommar,https://www.sverigesradio.se/avsnitt/389623,https://static-cdn.sr.se/laddahem/podradio/sommar_i_p1/2002/07/sommar__vinter_i_p1_goran_everdahl_2002_20250213_1423390364.mp3,2778,44494349,https://static-cdn.sr.se/images/2071/3303754_2048_1152.jpg,,Filmrecensent.
389696,4973938,Gufran Al-nadaf 2002,2002-07-04,2002,Sommar,https://www.sverigesradio.se/avsnitt/389696,https://static-cdn.sr.se/laddahem/podradio/sommar_i_p1/2002/07/sommar__vinter_i_p1_gufran_alnadaf_2002_20250213_1422184102.mp3,2120,33961045,https://static-cdn.sr.se/images/2071/3303765_2048_1152.jpg,,Redaktör på UD.
389698,4973959,Lars Schmidt 2002,2002-07-05,2002,Sommar,https://www.sverigesradio.se/avsnitt/389698,https://static-cdn.sr.se/laddahem/podradio/sommar_i_p1/2002/07/sommar__vinter_i_p1_lars_schmidt_2002_20250213_1420225047.mp3,3483,55773933,https://static-cdn.sr.se/images/2071/3303790_2048_1152.jpg,,Teaterdirektör.
389699,5026121,Pia Johansson 2002,2002-07-06,2002,Sommar,https://www.sverigesradio.se/avsnitt/389699,https://static-cdn.sr.se/laddahem/podradio/sommar_i_p1/2002/07/sommar__vinter_i_p1_pia_johansson_2002_20250213_1417340413.mp3,3310,53578869,https://static-cdn.sr.se/images/2071/3303801_2048_1152.jpg,,Skådespelare.
389792,4974190,Lars Nittve 2002,2002-07-07,2002,Sommar,https://www.sverigesradio.se/avsnitt/389792,https://static-cdn.sr.se/laddahem/podradio/sommar_i_p1/2002/07/sommar__vinter_i_p1_lars_nittve_2002_20250213_1417581501.mp3,2799,44835279,https://static-cdn.sr.se/images/2071/3303809_2048_1152.jpg,,Museichefen och konstkritikern om vad det var som lockade honom till konsten.
389734,4974134,Viveca Ax:son Johnson 2002,2002-07-08,2002,Sommar,https://www.sverigesradio.se/avsnitt/389734,https://static-cdn.sr.se/laddahem/podradio/sommar_i_p1/2002/07/sommar__vinter_i_p1_viveca_axsonjohnson_2002_20250213_1413080084.mp3,3005,48125062,https://static-cdn.sr.se/images/2071/3303814_2048_1152.jpg,,Vice ordförande i Nordstjernan AB.
389896,4974347,Carl-Gustaf Petersén 2002,2002-07-09,2002,Sommar,https://www.sverigesradio.se/avsnitt/389896,https://static-cdn.sr.se/laddahem/podradio/sommar_i_p1/2002/07/sommar__vinter_i_p1_carlgustaf_petersn_2002_20250213_1411314148.mp3,3442,55109604,https://static-cdn.sr.se/images/2071/3303824_2048_1152.jpg,,Auktionsdirektör – Jag tänkte försöka ge en doft från den gamla fina världen och berätta om hur konstauktionerna såg ut när jag började för 30 år sedan. Men också om hur det är idag och om det är plånboken eller hjärtat som styr.
389897,4974368,Melinda Wrede 2002,2002-07-10,2002,Sommar,https://www.sverigesradio.se/avsnitt/389897,https://static-cdn.sr.se/laddahem/podradio/sommar_i_p1/2002/07/sommar_i_p1_20020710_1300_384d473.mp3,2288,36655160,https://static-cdn.sr.se/images/2071/3303659_2048_1152.jpg,,"Hiphop-artist – Den som rattar in P1 i sommar kommer få höra mig spela en massa ”just” musik och snacka om kärlek och respekt, kreativitet, mörker, nojor och, ni vet...livet liksom. Live, ocensurerat och direkt från hjärtat."
390076,4975038,Alexander Bard 2002,2002-07-11,2002,Sommar,https://www.sverigesradio.se/avsnitt/390076,https://static-cdn.sr.se/laddahem/podradio/sommar_i_p1/2002/07/sommar_i_p1_20020711_1300_30dea9f.mp3,3052,48874935,https://static-cdn.sr.se/images/2071/3303833_2048_1152.jpg,,Musikproducent – Jag kommer att sommarprata om konsten att arbeta som filosof i ett land och en kultur som aldrig har lyckats producera en enda filosof av betydelse.
390078,4979255,Kristina Svensson 2002,2002-07-12,2002,Sommar,https://www.sverigesradio.se/avsnitt/390078,https://static-cdn.sr.se/laddahem/podradio/sommar_i_p1/2002/07/sommar__vinter_i_p1_kristina_svensson_2002_20250213_1407303495.mp3,2858,45766305,https://static-cdn.sr.se/images/2071/3304347_2048_1152.jpg,,"Ambassadör Zimbabve. – Mitt Sommarprogram handlar om Afrika - om platser jag besökt, om människor jag mött, om naturupplevelser."
386290,4985748,Peter Dalle 2002,2002-07-13,2002,Sommar,https://www.sverigesradio.se/avsnitt/386290,https://static-cdn.sr.se/laddahem/podradio/sommar_i_p1/2002/07/sommar__vinter_i_p1_peter_dalle_2002_20250213_1405149837.mp3,3131,50718840,https://static-cdn.sr.se/images/2071/3304349_2048_1152.jpg,,"Skådespelaren och regissören om den svenska rättvisan, om det orimliga och om pilgrimsstigen som tagit 400 år att färdigställa."
390079,4979360,Bodil Malmsten 2002,2002-07-14,2002,Sommar,https://www.sverigesradio.se/avsnitt/390079,https://static-cdn.sr.se/laddahem/podradio/sommar_i_p1/2002/07/sommar__vinter_i_p1_bodil_malmsten_2002_20250213_1403462735.mp3,2298,36812517,https://static-cdn.sr.se/images/2071/3304351_2048_1152.jpg,,– Jag kommer att prata om Atlanten och om franska företeelser. Vad gäller musik blir det cello och piano. Någon Rolling Stones singel. Och jag är den enda av sommarpratarna som får spela ”Fattaru” fast jag är 57 och jag kommer att avslöja varför.
390080,4979341,Dan Laurin 2002,2002-07-15,2002,Sommar,https://www.sverigesradio.se/avsnitt/390080,https://static-cdn.sr.se/laddahem/podradio/sommar_i_p1/2002/07/sommar__vinter_i_p1_dan_laurin_2002_20250213_1343371112.mp3,3146,50372881,https://static-cdn.sr.se/images/2071/3304360_2048_1152.jpg,,Världsflöjtist.
390082,4979374,Karin Berglund 2002,2002-07-16,2002,Sommar,https://www.sverigesradio.se/avsnitt/390082,https://static-cdn.sr.se/laddahem/podradio/sommar_i_p1/2002/07/sommar__vinter_i_p1_karin_berglund_2002_20250213_1340382911.mp3,3035,48606927,https://static-cdn.sr.se/images/2071/3304363_2048_1152.jpg,,Trädgårdsskribent.
390084,4979487,Ronny Eriksson 2002,2002-07-17,2002,Sommar,https://www.sverigesradio.se/avsnitt/390084,https://static-cdn.sr.se/laddahem/podradio/sommar_i_p1/2002/07/sommar__vinter_i_p1_ronny_eriksson_2002_20250213_1338356206.mp3,3000,48036743,https://static-cdn.sr.se/images/2071/3304371_2048_1152.jpg,,Ståuppkomiker.
390086,4979532,Ingela Josefson 2002,2002-07-18,2002,Sommar,https://www.sverigesradio.se/avsnitt/390086,https://static-cdn.sr.se/laddahem/podradio/sommar_i_p1/2002/07/sommar__vinter_i_p1_ingela_josefsson_2002_20250213_1336502777.mp3,3199,51226509,https://static-cdn.sr.se/images/2071/3304377_2048_1152.jpg,,Professor i arbetslivskunskap – Jag kommer att fundera över hur utbildning och bildning kan komma varandra till mötes. Bildningsspråket ligger långt från implementeringen av modulerna.
390088,4979736,Claes af Geijerstam 2002,2002-07-19,2002,Sommar,https://www.sverigesradio.se/avsnitt/390088,https://static-cdn.sr.se/laddahem/podradio/sommar_i_p1/2002/07/sommar__vinter_i_p1_claes_af_geijerstam_2002_20250213_1334318307.mp3,3554,56912618,https://static-cdn.sr.se/images/2071/3304381_2048_1152.jpg,,Radioman.
390090,4979871,Brita af Geijerstam 2002,2002-07-20,2002,Sommar,https://www.sverigesradio.se/avsnitt/390090,https://static-cdn.sr.se/laddahem/podradio/sommar_i_p1/2002/07/sommar__vinter_i_p1_brita_af_geijerstam_2002_20250213_1333255906.mp3,3579,57308551,https://static-cdn.sr.se/images/2071/3304384_2048_1152.jpg,,"Danspedagog, författare och översättare."
390096,4979939,Carl-Einar Häckner 2002,2002-07-21,2002,Sommar,https://www.sverigesradio.se/avsnitt/390096,https://static-cdn.sr.se/laddahem/podradio/sommar_i_p1/2002/07/sommar__vinter_i_p1_carleinar_hackner_2002_20250213_1332104690.mp3,3699,59225694,https://static-cdn.sr.se/images/2071/3304386_2048_1152.jpg,,"Trollkarl – Jag ska läsa ur Livets varieté och bjuda på lättsam salongs-underhållning: röster ur det förflutna, läsa ur en väns roman, kärleken till Bon Scott. Och så bjuder jag på tea for two!"
390097,4979984,Lars O Grönstedt 2002,2002-07-22,2002,Sommar,https://www.sverigesradio.se/avsnitt/390097,https://static-cdn.sr.se/laddahem/podradio/sommar_i_p1/2002/07/sommar__vinter_i_p1_lars_o_gronstedt_2002_20250213_1330361609.mp3,3124,50020409,https://static-cdn.sr.se/images/2071/3304388_2048_1152.jpg,,Företagsledare.
386289,4985837,Rebecka Törnqvist 2002,2002-07-23,2002,Sommar,https://www.sverigesradio.se/avsnitt/386289,https://static-cdn.sr.se/laddahem/podradio/sommar_i_p1/2002/07/sommar__vinter_i_p1_rebecka_tornqvist_2002_20250213_1327309841.mp3,2531,41119528,https://static-cdn.sr.se/images/2071/3304395_2048_1152.jpg,,Sångerskan och låtskrivaren om konsten att ta emot hjälp.
390109,4980000,Marina Schiptjenko 2002,2002-07-24,2002,Sommar,https://www.sverigesradio.se/avsnitt/390109,https://static-cdn.sr.se/laddahem/podradio/sommar_i_p1/2002/07/sommar__vinter_i_p1_marina_schiptjenko_2002_20250213_1322014461.mp3,1893,30322735,https://static-cdn.sr.se/images/2071/3304397_2048_1152.jpg,,Gallerist.
390112,4980008,Johanne Hildebrandt 2002,2002-07-25,2002,Sommar,https://www.sverigesradio.se/avsnitt/390112,https://static-cdn.sr.se/laddahem/podradio/sommar_i_p1/2002/07/sommar__vinter_i_p1_johanne_hildebrandt_2002_20250213_1320493553.mp3,2922,46794594,https://static-cdn.sr.se/images/2071/3304399_2048_1152.jpg,,"Journalist, författare."
390113,4980632,Carl-Johan Vallgren 2002,2002-07-26,2002,Sommar,https://www.sverigesradio.se/avsnitt/390113,https://static-cdn.sr.se/laddahem/podradio/sommar_i_p1/2002/07/sommar__vinter_i_p1_carljohan_vallgren_2002_20250213_1319435705.mp3,2841,45502588,https://static-cdn.sr.se/images/2071/3304406_2048_1152.jpg,,"Författare, musiker."
390114,4980846,Calle Norlén 2002,2002-07-27,2002,Sommar,https://www.sverigesradio.se/avsnitt/390114,https://static-cdn.sr.se/laddahem/podradio/sommar_i_p1/2002/07/sommar__vinter_i_p1_calle_norln_2002_20250213_1318315270.mp3,2983,47770463,https://static-cdn.sr.se/images/2071/3304411_2048_1152.jpg,,"Tidningskåsör och showförfattare – Jag hade väl tänkt prata om humor, elakhet och var gränserna går. Försöka skrämma bort svenskar som invaderar mina smultronställen i Barcelona. Och förhoppningsvis ha med mig märkligheter som aldrig spelats i radio."
390115,4980942,Magnus Olsson 2002,2002-07-28,2002,Sommar,https://www.sverigesradio.se/avsnitt/390115,https://static-cdn.sr.se/laddahem/podradio/sommar_i_p1/2002/07/sommar__vinter_i_p1_magnus_olsson_2002_20250213_1317113418.mp3,3357,53750325,https://static-cdn.sr.se/images/2071/3304416_2048_1152.jpg,,Havskappseglare.
390116,4980993,Dominika Peczynski 2002,2002-07-29,2002,Sommar,https://www.sverigesradio.se/avsnitt/390116,https://static-cdn.sr.se/laddahem/podradio/sommar_i_p1/2002/07/sommar__vinter_i_p1_dominika_peczynski_2002_20250213_1314200079.mp3,2525,40439711,https://static-cdn.sr.se/images/2071/3304422_2048_1152.jpg,,"Vd för PR-byrå, programledare, artist."
390117,4981052,Georg Klein 2002,2002-07-30,2002,Sommar,https://www.sverigesradio.se/avsnitt/390117,https://static-cdn.sr.se/laddahem/podradio/sommar_i_p1/2002/07/sommar__vinter_i_p1_georg_klein_2002_20250213_1313166056.mp3,3540,56679695,https://static-cdn.sr.se/images/2071/3304431_2048_1152.jpg,,"Cancerforskare, professor."
390118,4981152,Eva Bergman 2002,2002-07-31,2002,Sommar,https://www.sverigesradio.se/avsnitt/390118,https://static-cdn.sr.se/laddahem/podradio/sommar_i_p1/2002/07/sommar_i_p1_20020731_1300_3903ae2.mp3,2367,37916339,https://static-cdn.sr.se/images/2071/3304441_2048_1152.jpg,,Teaterregissör - Jag ska prata om mina nya äventyr efter 24 år som chef för Backa Teater.
390119,4981202,Ale Möller 2002,2002-08-01,2002,Sommar,https://www.sverigesradio.se/avsnitt/390119,https://static-cdn.sr.se/laddahem/podradio/sommar_i_p1/2002/08/sommar__vinter_i_p1_ale_moller_2002_20250213_1310523746.mp3,3217,52090845,https://static-cdn.sr.se/images/2071/3304445_2048_1152.jpg,,"Musikant, kompositör."
390120,4981246,Björn Hellberg 2002,2002-08-02,2002,Sommar,https://www.sverigesradio.se/avsnitt/390120,https://static-cdn.sr.se/laddahem/podradio/sommar_i_p1/2002/08/sommar__vinter_i_p1_bjorn_hellberg_2002_20250213_1309297840.mp3,3115,50465199,https://static-cdn.sr.se/images/2071/3304447_2048_1152.jpg,,"Journalist, författare."
390121,4981276,Cecilia Frode 2002,2002-08-03,2002,Sommar,https://www.sverigesradio.se/avsnitt/390121,https://static-cdn.sr.se/laddahem/podradio/sommar_i_p1/2002/08/sommar_i_p1_20020803_1300_3d5863b.mp3,2712,44011399,https://static-cdn.sr.se/images/2071/3304451_2048_1152.jpg,,"Skådespelare – Mitt Sommarprogram ska handla om oss här på jorden, om våra förmågor och oförmågor."
390122,4981827,Reza Parsa 2002,2002-08-04,2002,Sommar,https://www.sverigesradio.se/avsnitt/390122,https://static-cdn.sr.se/laddahem/podradio/sommar_i_p1/2002/08/sommar__vinter_i_p1_reza_parsa_2002_20250213_1307444017.mp3,3405,55102620,https://static-cdn.sr.se/images/2071/3304455_2048_1152.jpg,,Filmregissör.
390123,4981917,Maria Küchen 2002,2002-08-05,2002,Sommar,https://www.sverigesradio.se/avsnitt/390123,https://static-cdn.sr.se/laddahem/podradio/sommar_i_p1/2002/08/sommar__vinter_i_p1_maria_kchen_2002_20250213_1306436317.mp3,3016,48877448,https://static-cdn.sr.se/images/2071/3304457_2048_1152.jpg,,Författare.
390124,4981973,Ingemar Gens 2002,2002-08-06,2002,Sommar,https://www.sverigesradio.se/avsnitt/390124,https://static-cdn.sr.se/laddahem/podradio/sommar_i_p1/2002/08/sommar__vinter_i_p1_ingemar_gens_2002_20250213_1302235416.mp3,3402,55058201,https://static-cdn.sr.se/images/2071/3304463_2048_1152.jpg,,Beteendevetare.
390125,4982211,Joanna Rubin Dranger 2002,2002-08-07,2002,Sommar,https://www.sverigesradio.se/avsnitt/390125,https://static-cdn.sr.se/laddahem/podradio/sommar_i_p1/2002/08/sommar__vinter_i_p1_joanna_rubin_dranger_2002_20250213_1301017323.mp3,3311,53605331,https://static-cdn.sr.se/images/2071/3304469_2048_1152.jpg,,"Illustratör, Författare."
390126,4982267,Annika Borg 2002,2002-08-08,2002,Sommar,https://www.sverigesradio.se/avsnitt/390126,https://static-cdn.sr.se/laddahem/podradio/sommar_i_p1/2002/08/sommar__vinter_i_p1_annika_borg_2002_20250213_1259059634.mp3,3304,53489608,https://static-cdn.sr.se/images/2071/3304473_2048_1152.jpg,,Präst
390127,4982433,Bengt Ahlfors 2002,2002-08-09,2002,Sommar,https://www.sverigesradio.se/avsnitt/390127,https://static-cdn.sr.se/laddahem/podradio/sommar_i_p1/2002/08/sommar__vinter_i_p1_bengt_ahlfors_2002_20250213_1253020948.mp3,2888,46833048,https://static-cdn.sr.se/images/2071/3304477_2048_1152.jpg,,"Regissör, författare."
390128,4982517,Camilla Thulin 2002,2002-08-10,2002,Sommar,https://www.sverigesradio.se/avsnitt/390128,https://static-cdn.sr.se/laddahem/podradio/sommar_i_p1/2002/08/sommar__vinter_i_p1_camilla_thulin_2002_20250213_1145005751.mp3,2987,48413058,https://static-cdn.sr.se/images/2071/3304481_2048_1152.jpg,,Designer.
390129,4982549,Lars Ulvenstam 2002,2002-08-11,2002,Sommar,https://www.sverigesradio.se/avsnitt/390129,https://static-cdn.sr.se/laddahem/podradio/sommar_i_p1/2002/08/sommar__vinter_i_p1_lars_ulvenstam_2002_20250213_1143344185.mp3,3844,62123335,https://static-cdn.sr.se/images/2071/3304487_2048_1152.jpg,,"Journalist, Sommarankare."
381770,4962815,Vilgot Sjöman 2003,2003-06-15,2003,Sommar,https://www.sverigesradio.se/avsnitt/381770,https://static-cdn.sr.se/laddahem/podradio/sommar_i_p1/2003/06/sommar__vinter_i_p1_vilgot_sjoman_2003_20250213_1141094833.mp3,2794,44752789,https://static-cdn.sr.se/images/2071/3275510_2048_1152.jpg,,"Filmregissör och författare. - I mitt program spelar jag sådan musik som betyder något särskilt för mig - schlagers, operetter, klassisk musik - och pratar om det viktigaste i livet: sex, religion och… vad var nu det tredje? Jo, politisk korrekthet."
381771,4962841,Johanna Almer 2003,2003-06-16,2003,Sommar,https://www.sverigesradio.se/avsnitt/381771,https://static-cdn.sr.se/laddahem/podradio/sommar_i_p1/2003/06/sommar__vinter_i_p1_johanna_almer_2004_20250213_1139178223.mp3,3179,50901889,https://static-cdn.sr.se/images/2071/3275616_2048_1152.jpg,,Präst på Chalmers.
381772,4962912,Yngve Bergquist 2003,2003-06-17,2003,Sommar,https://www.sverigesradio.se/avsnitt/381772,https://static-cdn.sr.se/laddahem/podradio/sommar_i_p1/2003/06/sommar_i_p1_20030617_1300_241ae40.mp3,2968,47526345,https://static-cdn.sr.se/images/2071/3275652_2048_1152.jpg,,"Chef för Ishotellet i Jukkasjärvi - Som ovan radiopratare är det ett iskallt uppdrag för mig att vara Sommarvärd. Jag ska tala om det i mitt liv norr om polcirkeln som betyder mest för mig: människorna, det rena vattnet och det fantastiska ljuset!"
381773,4962926,Christian Azar 2003,2003-06-18,2003,Sommar,https://www.sverigesradio.se/avsnitt/381773,https://static-cdn.sr.se/laddahem/podradio/sommar_i_p1/2003/06/sommar__vinter_i_p1_christian_azar_2004_20250213_1137314413.mp3,2493,39927697,https://static-cdn.sr.se/images/2071/3275676_2048_1152.jpg,,Vetenskapsman och professor i fysisk resursteori.
381774,4962952,Agneta Klingspor 2003,2003-06-19,2003,Sommar,https://www.sverigesradio.se/avsnitt/381774,https://static-cdn.sr.se/laddahem/podradio/sommar_i_p1/2003/06/sommar__vinter_i_p1_agneta_klingspor_2003_20250213_1136272330.mp3,2743,43923394,https://static-cdn.sr.se/images/2071/3275691_2048_1152.jpg,,"Författare, kulturskribent, debattör."
381775,4962961,Lars Krantz 2003,2003-06-20,2003,Sommar,https://www.sverigesradio.se/avsnitt/381775,https://static-cdn.sr.se/laddahem/podradio/sommar_i_p1/2003/06/sommar_i_p1_20030620_1300_2690d63.mp3,3033,48578254,https://static-cdn.sr.se/images/2071/3275715_2048_1152.jpg,,"Trädgårdsmästare - Jag tänker i mitt Sommar tala om trädgården som livets verkstad, och om rationellt och sensuellt i trädgården. Men också om kärleken till staden och om längtan till landet."
381776,4963014,Magdalena Johannesson 2003,2003-06-21,2003,Sommar,https://www.sverigesradio.se/avsnitt/381776,https://static-cdn.sr.se/laddahem/podradio/sommar_i_p1/2003/06/sommar__vinter_i_p1_magdalena_johannesson_2003_20250213_1134581832.mp3,2795,44765532,https://static-cdn.sr.se/images/2071/3275726_2048_1152.jpg,,Skådespelare och komiker.
325704,4773625,Lasse Berg 2003,2003-06-22,2003,Sommar,https://www.sverigesradio.se/avsnitt/325704,https://static-cdn.sr.se/laddahem/podradio/sommar_i_p1/2013/11/sommar__vinter_i_p1_lasse_berg_20030622_20250213_1133448761.mp3,3198,51207939,https://static-cdn.sr.se/images/2071/3177458_1860_1047.jpg,,"Världsresenär, journalist, dokumentärfilmare och författare."
381777,4963020,Esbjörn Svensson 2003,2003-06-23,2003,Sommar,https://www.sverigesradio.se/avsnitt/381777,https://static-cdn.sr.se/laddahem/podradio/sommar_i_p1/2003/06/sommar__vinter_i_p1_esbjorn_svensson_2003_20250213_1131383148.mp3,2724,43627285,https://static-cdn.sr.se/images/2071/3280809_2048_1152.jpg,,"Jazzmusiker, pianist."
381778,4963043,Ilon Wikland 2003,2003-06-24,2003,Sommar,https://www.sverigesradio.se/avsnitt/381778,https://static-cdn.sr.se/laddahem/podradio/sommar_i_p1/2003/06/sommar_i_p1_20030624_1300_2a0d119.mp3,3005,48128874,https://static-cdn.sr.se/images/2071/3280888_2048_1152.jpg,,"Estlandsfödd tecknare, konstnär, barnboksillustratör. - Jag ska berätta om varför postkontoret brann ner när jag skulle skicka teckningar till förlaget, säger Ilon Wikland om sitt första Sommarprogram från 24 juni 2003."
381779,4961265,Stephan Rössner 2003,2003-06-25,2003,Sommar,https://www.sverigesradio.se/avsnitt/381779,https://static-cdn.sr.se/laddahem/podradio/sommar_i_p1/2003/06/sommar__vinter_i_p1_stephan_rossner_2003_20250213_1130161421.mp3,2910,46595600,https://static-cdn.sr.se/images/2071/3280905_2048_1152.jpg,,Fetmaforskare och läkare.
381780,4963083,Paula McManus 2003,2003-06-26,2003,Sommar,https://www.sverigesradio.se/avsnitt/381780,https://static-cdn.sr.se/laddahem/podradio/sommar_i_p1/2003/06/sommar__vinter_i_p1_paula_mcmanus_2003_20250213_1127425220.mp3,3200,51236274,https://static-cdn.sr.se/images/2071/3280956_2048_1152.jpg,,"Skådespelare, improvisatör, programledare."
381781,4963105,Robert Wells 2003,2003-06-27,2003,Sommar,https://www.sverigesradio.se/avsnitt/381781,https://static-cdn.sr.se/laddahem/podradio/sommar_i_p1/2003/06/sommar_i_p1_20030627_1300_2c3ea78.mp3,2876,46065575,https://static-cdn.sr.se/images/2071/3280962_2048_1152.jpg,,"Pianist och scenartist. - Mitt program har två namn: att vara till lags eller inte vara till lags ... Det är frågan.Eller: M.U.S.I.K. Allt rörande musikantliv, underhållning, scenarbetare, inspirationskällor, Kinakultur."
381007,4963183,Susanne Bier 2003,2003-06-28,2003,Sommar,https://www.sverigesradio.se/avsnitt/381007,https://static-cdn.sr.se/laddahem/podradio/sommar_i_p1/2003/06/sommar_i_p1_20030628_1300_2f24f67.mp3,2749,44023055,https://static-cdn.sr.se/images/2071/3281096_2048_1152.jpg,,Dansk filmregissör - Jag kommer att tala om den bakgrund jag har som lett fram till den jag är idag. Dessutom en del om relationerna inom familjen. Musiken blir en mycket blandad cocktail i detta sommarprogram som sänds från Köpenhamn.
381008,4963120,Anna Maria Corazza Bildt 2003,2003-06-29,2003,Sommar,https://www.sverigesradio.se/avsnitt/381008,https://static-cdn.sr.se/laddahem/podradio/sommar_i_p1/2003/06/sommar__vinter_i_p1_anna_maria_corazza_bildt_2003_20250213_1024100993.mp3,3565,57078912,https://static-cdn.sr.se/images/2071/3281102_2048_1152.jpg,,"Driver ett italienskt matföretag, medlem i svenska Röda Korsets centralstyrelse."
381009,4963214,Tuttika Sen 2003,2003-06-30,2003,Sommar,https://www.sverigesradio.se/avsnitt/381009,https://static-cdn.sr.se/laddahem/podradio/sommar_i_p1/2003/06/sommar__vinter_i_p1_tuttika_sen_2003_20250213_1022485874.mp3,2947,47197537,https://static-cdn.sr.se/images/2071/3281123_2048_1152.jpg,,"Startade Next stop Soviet-manifestationen i Sverige, initiativtagare till Megaexpress."
381010,4963281,Dick Harrison 2003,2003-07-01,2003,Sommar,https://www.sverigesradio.se/avsnitt/381010,https://static-cdn.sr.se/laddahem/podradio/sommar_i_p1/2003/07/sommar__vinter_i_p1_dick_harrison_2003_20250213_1021318233.mp3,2818,45126227,https://static-cdn.sr.se/images/2071/3281139_2048_1152.jpg,,Professor i historia i Lund och Augustprisbelönad författare.
381011,4970543,Mustafa Can 2003,2003-07-02,2003,Sommar,https://www.sverigesradio.se/avsnitt/381011,https://static-cdn.sr.se/laddahem/podradio/sommar_i_p1/2003/07/sommar_i_p1_20030702_1300_46348a9.mp3,3131,50134282,https://static-cdn.sr.se/images/2071/3281163_2048_1152.jpg,,Frilansjournalist - Mitt program handlar om passion och lust som drivkrafter i arbetet. Journalistik är inte bara ett yrke - det är på liv och död.
381016,5170825,Yrsa Stenius 2003,2003-07-03,2003,Sommar,https://www.sverigesradio.se/avsnitt/381016,https://static-cdn.sr.se/laddahem/podradio/sommar_i_p1/2003/07/sommar__vinter_i_p1_yrsa_stenius_2003_20250213_1006438253.mp3,3174,51537379,https://static-cdn.sr.se/images/2071/3281200_2048_1152.jpg,,"Författaren och krönikören om den stora kärleken till hundar, om alkoholen och signalsubstanserna, om vittnespsykologi och om Jussi Björling."
381722,4963318,Gert Wingårdh 2003,2003-07-04,2003,Sommar,https://www.sverigesradio.se/avsnitt/381722,https://static-cdn.sr.se/laddahem/podradio/sommar_i_p1/2003/07/sommar_i_p1_20030704_1300_339315b.mp3,2806,44935256,https://static-cdn.sr.se/images/2071/3284219_2048_1152.jpg,,"Mångfaldigt prisbelönad arkitekt. - I mitt program berättar jag anekdoter, från min barndom till min nuvarande ålderdom. Musiken blir mycket samtida."
381745,4963401,Hans Rosenfeldt 2003,2003-07-05,2003,Sommar,https://www.sverigesradio.se/avsnitt/381745,https://static-cdn.sr.se/laddahem/podradio/sommar_i_p1/2003/07/sommar__vinter_i_p1_hans_rosenfeldt_2003_20250213_1003229696.mp3,2806,44939257,https://static-cdn.sr.se/images/2071/3284276_2048_1152.jpg,,"Skådespelare, manusförfattare, programledare, tidigare nöjeschef på SVT. Hans Rosenfeldt om sina mindre framgångsrika år som skådespelare och om Adelyn Saville som avrättades som häxa 1618 efter att ha skrivit detaljerade profetior om framtiden."
381746,4963449,Meg Westergren 2003,2003-07-06,2003,Sommar,https://www.sverigesradio.se/avsnitt/381746,https://static-cdn.sr.se/laddahem/podradio/sommar_i_p1/2003/07/sommar_i_p1_20030706_1300_36c478d.mp3,3495,55964771,https://static-cdn.sr.se/images/2071/3284283_2048_1152.jpg,,Skådespelerska. - Jag kommer i mitt program att tala om trevliga människor jag träffat och som jag beundrat och älskat.
381769,4963503,Lotta Engberg 2003,2003-07-07,2003,Sommar,https://www.sverigesradio.se/avsnitt/381769,https://static-cdn.sr.se/laddahem/podradio/sommar_i_p1/2003/07/sommar_i_p1_20030707_1300_389aae9.mp3,2998,48003958,https://static-cdn.sr.se/images/2071/3284287_2048_1152.jpg,,"Artist - Jag ska tala om konsten att föda barn mitt under Melodifestivalen, om förvånade engelska journalister, och om att vända ett nej till ett ja."
381782,4963557,Lars Ardelius 2003,2003-07-08,2003,Sommar,https://www.sverigesradio.se/avsnitt/381782,https://static-cdn.sr.se/laddahem/podradio/sommar_i_p1/2003/07/sommar_i_p1_20030708_1300_396ba3d.mp3,3414,54670473,https://static-cdn.sr.se/images/2071/3284314_2048_1152.jpg,,"Författare - Mitt program kommer att handla mycket om ljud: sådana som har försvunnit, som förändrats och som är utrotningshotade. Till exempel det av professionella gråterskor från Nya Zeeland."
381871,4964155,Åsne Seierstad 2003,2003-07-09,2003,Sommar,https://www.sverigesradio.se/avsnitt/381871,https://static-cdn.sr.se/laddahem/podradio/sommar_i_p1/2003/07/sommar__vinter_i_p1_sne_seierstad_2003_20250213_0959492355.mp3,3213,51445814,https://static-cdn.sr.se/images/2071/3284357_2048_1152.jpg,,Norsk journalist och författare.
381872,4964210,Hans Henrik Brummer 2003,2003-07-10,2003,Sommar,https://www.sverigesradio.se/avsnitt/381872,https://static-cdn.sr.se/laddahem/podradio/sommar_i_p1/2003/07/sommar__vinter_i_p1_hans_henrik_brummer_2003_20250213_0958069630.mp3,2230,35715434,https://static-cdn.sr.se/images/2071/3284366_2048_1152.jpg,,Chef för Prins Eugens Waldemarsudde i Stockholm och tidigare även för Nationalmuseum.
381883,4964224,Birgitta Egerbladh 2003,2003-07-11,2003,Sommar,https://www.sverigesradio.se/avsnitt/381883,https://static-cdn.sr.se/laddahem/podradio/sommar_i_p1/2003/07/sommar__vinter_i_p1_birgitta_egerbladh_2003_20250213_0956454798.mp3,2943,47123474,https://static-cdn.sr.se/images/2071/3284376_2048_1152.jpg,,Koreograf
381884,4964334,Daniel Boyacioglü 2003,2003-07-12,2003,Sommar,https://www.sverigesradio.se/avsnitt/381884,https://static-cdn.sr.se/laddahem/podradio/sommar_i_p1/2003/07/sommar__vinter_i_p1_daniel_boyacioglu_2003_20250213_0954188776.mp3,2781,44543340,https://static-cdn.sr.se/images/2071/3284383_2048_1152.jpg,,Poet och estradör
382051,5113298,Birgit Nilsson 2003,2003-07-13,2003,Sommar,https://www.sverigesradio.se/avsnitt/382051,https://static-cdn.sr.se/laddahem/podradio/sommar_i_p1/2003/07/sommar_i_p1_20030713_1300_3b7b3f0.mp3,3028,48645599,https://static-cdn.sr.se/images/2071/3355519_1312_735.jpg,,"Operasångerska - Jag tar er med på en ”hialös” resa genom mitt liv där operan och musiken alltid står i fokus. Det blir många avslöjanden, bland annat hur jag fick Metropolitanchefen att rodna."
382405,4964473,Albert Bonnier 2003,2003-07-14,2003,Sommar,https://www.sverigesradio.se/avsnitt/382405,https://static-cdn.sr.se/laddahem/podradio/sommar_i_p1/2003/07/sommar_i_p1_20030714_1300_2eadb4a.mp3,2779,44502654,https://static-cdn.sr.se/images/2071/3284582_2048_1152.jpg,,"Bokförläggare - Jag ska tala om Strindberg, möten i Calcutta, och om en pojke. Och så blir det tokmycket bra musik - skruva upp volymen!"
382406,4964530,Carolina Frände 2003,2003-07-15,2003,Sommar,https://www.sverigesradio.se/avsnitt/382406,https://static-cdn.sr.se/laddahem/podradio/sommar_i_p1/2003/07/sommar__vinter_i_p1_carolina_frande_2003_20250213_0950068782.mp3,2955,47329310,https://static-cdn.sr.se/images/2071/3284606_2048_1152.jpg,,Teaterregissör
382407,4964603,Ola Salo 2003,2003-07-16,2003,Sommar,https://www.sverigesradio.se/avsnitt/382407,https://static-cdn.sr.se/laddahem/podradio/sommar_i_p1/2003/07/sommar_i_p1_20030716_1300_31d78a9.mp3,3594,57544312,https://static-cdn.sr.se/images/2071/3284613_2048_1152.jpg,,Sångare och låtskrivare - Jag kommer att berätta mycket om min musik. Men också om inspirationskällorna bakom den livsfilosofi jag har idag och som präglar dom låtar jag skriver.
382408,9038115,Nalin Pekgul 2003,2003-07-17,2003,Sommar,https://www.sverigesradio.se/avsnitt/382408,https://static-cdn.sr.se/laddahem/podradio/2023/10/sommar__vinter_i_p1_nalin_pekgul_2003_20240911_1043295067.mp3,3385,54197336,https://static-cdn.sr.se/images/2071/3284636_2048_1152.jpg,,Ordförande i socialdemokratiska kvinnoförbundet om mod.
382409,5116935,Cecilia Hagen 2003,2003-07-18,2003,Sommar,https://www.sverigesradio.se/avsnitt/382409,https://static-cdn.sr.se/laddahem/podradio/sommar_i_p1/2003/07/sommar__vinter_i_p1_cecilia_hagen_2003_20250212_1654337218.mp3,3322,53350613,https://static-cdn.sr.se/images/2071/3284672_2048_1152.jpg,,"Journalist, krönikör, författare. - Mitt program handlar om ett ämne så allmängiltigt att alla på denna jorden har djupgående personliga erfarenheter av det, och musikvalet blir i stor utsträckning anpassat därefter."
382467,4964803,Claes Malmberg 2003,2003-07-19,2003,Sommar,https://www.sverigesradio.se/avsnitt/382467,https://static-cdn.sr.se/laddahem/podradio/sommar_i_p1/2003/07/sommar__vinter_i_p1_claes_malmberg_2003_20250212_1640500595.mp3,2778,44489541,https://static-cdn.sr.se/images/2071/3284703_2048_1152.jpg,,"Skådespelare, komiker. Jag tänkte försöka ge en annan bild av mig än den medierna ofta ger genom att tala om medvetande, om relativ sanning, och om perspektiv på livet. Musiken blir bland annat klassisk, med inslag av en och annan buddistisk munk."
382590,5173531,Georgios Papandreou 2003,2003-07-20,2003,Sommar,https://www.sverigesradio.se/avsnitt/382590,https://static-cdn.sr.se/laddahem/podradio/sommar_i_p1/2003/07/sommar__vinter_i_p1_georgios_papandreou_2003_20250212_1639126949.mp3,3363,54553668,https://static-cdn.sr.se/images/2071/3284718_2048_1152.jpg,,"Utrikesminister i Grekland. Georgios Papandreou berättar från sin utgångspunkt som Greklands utrikesminister om när han kom till Sverige som flykting, undan juntan."
382591,4964892,Per Edström 2003,2003-07-21,2003,Sommar,https://www.sverigesradio.se/avsnitt/382591,https://static-cdn.sr.se/laddahem/podradio/sommar_i_p1/2003/07/sommar_i_p1_20030721_1300_3907383.mp3,4126,66052597,https://static-cdn.sr.se/images/2071/3284733_2048_1152.jpg,,"Konstnär, författare, akrobat, skådespelare, regissör, teaterchef, scenograf - Jag ska prata om världen förr och nu, och spela teatermusik i anknytning till vad jag gjort och vad jag tänker göra."
382656,4967477,Anita Björk 2003,2003-07-22,2003,Sommar,https://www.sverigesradio.se/avsnitt/382656,https://static-cdn.sr.se/laddahem/podradio/sommar_i_p1/2003/07/sommar__vinter_i_p1_anita_bjork_2003_20250212_1627530816.mp3,2604,41711582,https://static-cdn.sr.se/images/2071/3284748_2048_1152.jpg,,"Skådespelerska. Anita Björk berättar i sitt Sommarprogram 2003 om skådespelarkonsten, publiken och arbete med olika föreställningar. Om den hungriga tiden i Paris med Stig Dagerman och om svalorna."
382657,4964911,Ingela Pling Forsman 2003,2003-07-23,2003,Sommar,https://www.sverigesradio.se/avsnitt/382657,https://static-cdn.sr.se/laddahem/podradio/sommar_i_p1/2003/07/sommar_i_p1_20030723_1300_3a169c3.mp3,2513,40249285,https://static-cdn.sr.se/images/2071/3284766_2048_1152.jpg,,"Textförfattare - I mitt Sommarprogram kommer jag att laga mat, eftersom jag aldrig fått göra det i TV. Det blir förstås mycket musiksnack också, och jag kommer att kora den bästa melodifestivallåten genom tiderna!"
382705,4964936,Per Wästberg 2003,2003-07-24,2003,Sommar,https://www.sverigesradio.se/avsnitt/382705,https://static-cdn.sr.se/laddahem/podradio/sommar_i_p1/2003/07/sommar_i_p1_20030724_1300_3aeef0d.mp3,3495,55957377,https://static-cdn.sr.se/images/2071/3284779_2048_1152.jpg,,"Författare och medlem i Svenska Akademien - Jag har skrivit mycket, om Stockholm förr och nu och om frihetskampen i Afrika, om resor, kärleken, barndomen, om att läsa och skriva. Och det är just det jag tänkt prata om."
382813,4816088,Sigrid Kahle 2003,2003-07-25,2003,Sommar,https://www.sverigesradio.se/avsnitt/382813,https://static-cdn.sr.se/laddahem/podradio/sommar_i_p1/2003/07/sommar__vinter_i_p1_sigrid_kahle_2003_20250212_1622321845.mp3,3093,49532685,https://static-cdn.sr.se/images/2071/3285024_2048_1152.jpg,,Islamolog och orientalist.
382814,5173482,Kerstin Thorvall 2003,2003-07-26,2003,Sommar,https://www.sverigesradio.se/avsnitt/382814,https://static-cdn.sr.se/laddahem/podradio/sommar_i_p1/2003/07/sommar__vinter_i_p1_kerstin_thorvall_2003_20250212_1620123185.mp3,3239,52567888,https://static-cdn.sr.se/images/2071/3285039_2048_1152.jpg,,"Författare och tecknare I sitt Sommarprogram talar Kerstin Thorvall om sorgen efter pappa, om fördomsfulla fransmän, om mötet med Joe Cocker i Nice och om friheten att vara."
382815,4964939,Barbara Hendricks 2003,2003-07-27,2003,Sommar,https://www.sverigesradio.se/avsnitt/382815,https://static-cdn.sr.se/laddahem/podradio/sommar_i_p1/2003/07/sommar__vinter_i_p1_barbara_hendricks_2003_20250212_1618523296.mp3,3371,53982762,https://static-cdn.sr.se/images/2071/3285078_2048_1152.jpg,,Operasångerska.
382817,4967506,Bob Hansson 2003,2003-07-28,2003,Sommar,https://www.sverigesradio.se/avsnitt/382817,https://static-cdn.sr.se/laddahem/podradio/sommar_i_p1/2003/07/sommar_i_p1_20030728_1300_26faa25.mp3,2700,43241329,https://static-cdn.sr.se/images/2071/3285099_2048_1152.jpg,,"Poet, skivartist - I mitt Sommarprogram kommer jag manipulera fram extatisk livslust som väcker en fullständigt storslagen känsla av kärlek."
382818,4967548,Cay Bond 2003,2003-07-29,2003,Sommar,https://www.sverigesradio.se/avsnitt/382818,https://static-cdn.sr.se/laddahem/podradio/sommar_i_p1/2003/07/sommar_i_p1_20030729_1300_281f6a7.mp3,2762,44234910,https://static-cdn.sr.se/images/2071/3285124_2048_1152.jpg,,"Trendanalytiker - Eftersom jag ser kultur som navet i vårt samhälle kommer mitt program att spegla den kulturrikedom vi har så nära här i Sverige, och nära i Europa: musik, traditioner, mat, konst, design, teater, balett…"
382819,4967576,Mats Olsson 2003,2003-07-30,2003,Sommar,https://www.sverigesradio.se/avsnitt/382819,https://static-cdn.sr.se/laddahem/podradio/sommar_i_p1/2003/07/sommar_i_p1_20030730_1300_2a66239.mp3,2495,39962805,https://static-cdn.sr.se/images/2071/3285130_2048_1152.jpg,,"Sportkrönikör - Mitt program kommer att handla om sex, droger, rock’n’roll och helt omotiverade attacker på kulturetablissemanget och elbolagen."
382820,4967628,Edna Eriksson 2003,2003-07-31,2003,Sommar,https://www.sverigesradio.se/avsnitt/382820,https://static-cdn.sr.se/laddahem/podradio/sommar_i_p1/2003/07/sommar__vinter_i_p1_edna_eriksson_2003_20250212_1615323657.mp3,2858,45771446,https://static-cdn.sr.se/images/2071/3285134_2048_1152.jpg,,Journalist och kommunikatör.
382821,4967640,Leif Hjärre 2003,2003-08-01,2003,Sommar,https://www.sverigesradio.se/avsnitt/382821,https://static-cdn.sr.se/laddahem/podradio/sommar_i_p1/2003/08/sommar__vinter_i_p1_leif_hjarre_2003_20250212_1613000953.mp3,3488,55857179,https://static-cdn.sr.se/images/2071/3285149_2048_1152.jpg,,"Egyptenkännaren om hur de brittiska kronjuvelerna kom till Österlen, hur det kändes att stå på Kairooperans scen och sanningen bakom Faraos förbannelse."
382822,4102396,Rachel Mohlin 2003,2003-08-02,2003,Sommar,https://www.sverigesradio.se/avsnitt/382822,https://static-cdn.sr.se/laddahem/podradio/sommar_i_p1/2012/08/sommar__vinter_i_p1_rachel_mohlin_20250212_1607246445.mp3,2904,46501435,https://static-cdn.sr.se/images/2071/3285157_2048_1152.jpg,,Skådespelare och imitatör.
382823,5171681,Stefan Holm 2003,2003-08-03,2003,Sommar,https://www.sverigesradio.se/avsnitt/382823,https://static-cdn.sr.se/laddahem/podradio/sommar_i_p1/2003/08/sommar__vinter_i_p1_stefan_holm_2003_20250212_1605136645.mp3,2616,42602303,https://static-cdn.sr.se/images/2071/3285162_2048_1152.jpg,,Före detta höjdhoppare och OS-guldmedaljör.
382824,4967669,Johanna Billing 2003,2003-08-04,2003,Sommar,https://www.sverigesradio.se/avsnitt/382824,https://static-cdn.sr.se/laddahem/podradio/sommar_i_p1/2003/08/sommar__vinter_i_p1_johanna_billing_2003_20250212_1603063958.mp3,3036,48621372,https://static-cdn.sr.se/images/2071/3285169_2048_1152.jpg,,Konstnär.
382825,4967784,Anna Jörgensdotter 2003,2003-08-05,2003,Sommar,https://www.sverigesradio.se/avsnitt/382825,https://static-cdn.sr.se/laddahem/podradio/sommar_i_p1/2003/08/sommar_i_p1_20030805_1300_30cda98.mp3,2984,47790823,https://static-cdn.sr.se/images/2071/3285173_2048_1152.jpg,,"Författare, redaktör - Mitt sommarprogram ska handla om rätten att vara rädd och rätten att vara älskad och om rätten att vara stolt över våra jättevackra inre trädgårdar."
382826,5170886,Hans Blix 2003,2003-08-06,2003,Sommar,https://www.sverigesradio.se/avsnitt/382826,https://static-cdn.sr.se/laddahem/podradio/sommar_i_p1/2003/08/sommar__vinter_i_p1_hans_blix_2003_20250212_1557396802.mp3,3382,54853021,https://static-cdn.sr.se/images/2071/3285180_2048_1152.jpg,,"Jurist, politiker och ämbetsman, tidigare utrikesminister."
382827,5170720,Cissi Elwin 2003,2003-08-07,2003,Sommar,https://www.sverigesradio.se/avsnitt/382827,https://static-cdn.sr.se/laddahem/podradio/sommar_i_p1/2003/08/sommar_i_p1_20030807_1300_382e60c.mp3,2939,47765183,https://static-cdn.sr.se/images/2071/3285189_2048_1152.jpg,,"Tidigare programledare, chefredaktör I sitt Sommarprogram 2003 pratar Cissi Elwin om kärlek, död och sex. Om kvinnans plats i kärnfamiljen, om skilsmässa, och om att tillräckligt bra faktiskt räcker."
382828,4967850,Tore Forsberg 2003,2003-08-08,2003,Sommar,https://www.sverigesradio.se/avsnitt/382828,https://static-cdn.sr.se/laddahem/podradio/sommar_i_p1/2003/08/sommar__vinter_i_p1_tore_forsberg_2003_20250212_1540544391.mp3,3008,48177293,https://static-cdn.sr.se/images/2071/3285201_2048_1152.jpg,,Före detta kontraspion.
382829,4967894,Tiina Rosenberg 2003,2003-08-09,2003,Sommar,https://www.sverigesradio.se/avsnitt/382829,https://static-cdn.sr.se/laddahem/podradio/sommar_i_p1/2003/08/sommar_i_p1_20030809_1300_344d00d.mp3,2767,44313294,https://static-cdn.sr.se/images/2071/3285218_2048_1152.jpg,,"Docent i teater- och genusvetenskap - Jag tänker tala om sentimentalitet, om konst som tröst, och om politik som uppmuntran."
382830,4967963,Lars Ulvenstam 2003,2003-08-10,2003,Sommar,https://www.sverigesradio.se/avsnitt/382830,https://static-cdn.sr.se/laddahem/podradio/sommar_i_p1/2003/08/sommar__vinter_i_p1_lars_ulvenstam_2003_20250212_1538027484.mp3,3839,61465569,https://static-cdn.sr.se/images/2071/3263968_2048_1152.jpg,,Journalist och författare - Tänkte börja mina funderingar en morgon i kolonitäppan och sluta i skymningen med en godnattkyss till livet för att jag fick vara med om denna enastående resa.
373911,4941779,Hanne-Vibeke Holst 2004,2004-06-13,2004,Sommar,https://www.sverigesradio.se/avsnitt/373911,https://static-cdn.sr.se/laddahem/podradio/sommar_i_p1/2004/06/sommar_i_p1_20040613_1300_37d5d6e.mp3,3193,51123063,https://static-cdn.sr.se/images/2071/3262329_2048_1152.jpg,,"Dansk författare, journalist och FN:s goodwillambassadör i kvinnofrågor. I sitt första Sommarprogram talar Hanne-Vibeke Holst bland annat om lyckan.– Jeg vil fortaelle hvordan man bliver en lykkelig kvinde!"
373912,5149445,Edda Manga 2004,2004-06-14,2004,Sommar,https://www.sverigesradio.se/avsnitt/373912,https://static-cdn.sr.se/laddahem/podradio/sommar_i_p1/2004/06/sommar__vinter_i_p1_edda_manga_2004_20250212_1534325332.mp3,3271,53076607,https://static-cdn.sr.se/images/2071/3262331_2048_1152.jpg,,"Forskare i idéhistoria, skribent, föreläsare och debattör Edda Mangas Sommarprogram handlar om Kairo, kläder, kärlek och krig."
373913,4941893,Dorotea Bromberg 2004,2004-06-15,2004,Sommar,https://www.sverigesradio.se/avsnitt/373913,https://static-cdn.sr.se/laddahem/podradio/sommar_i_p1/2004/06/sommar_i_p1_20040615_1300_3a8e0ec.mp3,2389,38273922,https://static-cdn.sr.se/images/2071/3262333_2048_1152.jpg,,"Förläggare för det egna bokförlaget Brombergs – Mitt program kommer att handla om ord. Orden som vi använder när vi lyssnar, skriver, berättar och ord som vi för vidare till våra barn. Det ska alltså handla om orden som livsstil."
373914,4941962,Nils Petter Sundgren 2004,2004-06-16,2004,Sommar,https://www.sverigesradio.se/avsnitt/373914,https://static-cdn.sr.se/laddahem/podradio/sommar_i_p1/2004/06/sommar__vinter_i_p1_nils_petter_sundgren_2004_20250212_1531283066.mp3,2822,45189601,https://static-cdn.sr.se/images/2071/3262335_2048_1152.jpg,,Filmkritiker.
373915,4942701,Karin Dreijer 2004,2004-06-17,2004,Sommar,https://www.sverigesradio.se/avsnitt/373915,https://static-cdn.sr.se/laddahem/podradio/sommar_i_p1/2004/06/sommar__vinter_i_p1_karin_dreijer_2004_20250212_1530343338.mp3,2633,42173409,https://static-cdn.sr.se/images/2071/3262337_2048_1152.jpg,,"Låtskrivare, musiker, sångerska och producent."
373916,4942670,Nuri Kino 2004,2004-06-18,2004,Sommar,https://www.sverigesradio.se/avsnitt/373916,https://static-cdn.sr.se/laddahem/podradio/sommar_i_p1/2004/06/sommar__vinter_i_p1_nuri_kino_2004_20250212_1529024222.mp3,3670,58757562,https://static-cdn.sr.se/images/2071/3262342_2048_1152.jpg,,Frilansjournalist och dokumentärfilmare.
373917,4942752,Inger Frimansson 2004,2004-06-19,2004,Sommar,https://www.sverigesradio.se/avsnitt/373917,https://static-cdn.sr.se/laddahem/podradio/sommar_i_p1/2004/06/sommar__vinter_i_p1_inger_frimansson_2004_20250212_1527433011.mp3,3076,49261055,https://static-cdn.sr.se/images/2071/3262346_2048_1152.jpg,,Författare.
373918,4942835,Jens Stoltenberg 2004,2004-06-20,2004,Sommar,https://www.sverigesradio.se/avsnitt/373918,https://static-cdn.sr.se/laddahem/podradio/sommar_i_p1/2004/06/sommar_i_p1_20040620_1300_2eee26e.mp3,2651,42453088,https://static-cdn.sr.se/images/2071/3262349_2048_1152.jpg,,Partiledare för Arbeiderpartiet och Norges statsminister. I sitt Sommarprogram pratar Jens Stoltenberg om kärleksförhållandet mellan Sverige och Norge.
373919,4942880,Anne Lundberg 2004,2004-06-21,2004,Sommar,https://www.sverigesradio.se/avsnitt/373919,https://static-cdn.sr.se/laddahem/podradio/sommar_i_p1/2004/06/sommar__vinter_i_p1_anne_lundberg_2004_20250212_1525368780.mp3,2682,42947700,https://static-cdn.sr.se/images/2071/3262361_2048_1152.jpg,,Programledare.
373920,4942961,John Pohlman 2004,2004-06-22,2004,Sommar,https://www.sverigesradio.se/avsnitt/373920,https://static-cdn.sr.se/laddahem/podradio/sommar_i_p1/2004/06/sommar_i_p1_20040622_1300_3315df3.mp3,2691,43099773,https://static-cdn.sr.se/images/2071/3262365_2048_1152.jpg,,"Meteorolog och tv-personlighet – Jag kommer att tala mycket i vädret – och om vädret. Och så vill jag berätta om musiken, och om kompositörerna bakom den – dom försummas ofta! Historier om vad som hänt på tv under åren blir det också!"
373921,4949645,Johanna Thydell 2004,2004-06-23,2004,Sommar,https://www.sverigesradio.se/avsnitt/373921,https://static-cdn.sr.se/laddahem/podradio/sommar_i_p1/2004/06/sommar__vinter_i_p1_johanna_thydell_2004_20250212_1520584085.mp3,2874,46031473,https://static-cdn.sr.se/images/2071/3262369_2048_1152.jpg,,Författare.
373922,4943008,Andrea Chalupa 2004,2004-06-24,2004,Sommar,https://www.sverigesradio.se/avsnitt/373922,https://static-cdn.sr.se/laddahem/podradio/sommar_i_p1/2004/06/sommar__vinter_i_p1_andrea_chalupa_2004_20250212_1517591768.mp3,3244,51954850,https://static-cdn.sr.se/images/2071/3262371_2048_1152.jpg,,Frilansjournalist.
373923,4943121,Lars Berghagen 2004,2004-06-25,2004,Sommar,https://www.sverigesradio.se/avsnitt/373923,https://static-cdn.sr.se/laddahem/podradio/sommar_i_p1/2004/06/sommar_i_p1_20040625_1300_36edf6b.mp3,3269,52349612,https://static-cdn.sr.se/images/2071/3370100_2048_1152.jpg,,"Artist, kompositör, författare – Jag kommer att berätta om mina 40 år i nöjesbranschen, om Ricky Martin, Carl Gustaf Lindstedt och andra jag mött och jobbat med. Dessutom lär det bli en del historier från backstage Allsång på Skansen!"
373924,4943158,Fredrik Sjöberg 2004,2004-06-26,2004,Sommar,https://www.sverigesradio.se/avsnitt/373924,https://static-cdn.sr.se/laddahem/podradio/sommar_i_p1/2004/06/sommar__vinter_i_p1_fredrik_sjoberg_2004_20250212_1514338910.mp3,3303,52890821,https://static-cdn.sr.se/images/2071/3262379_2048_1152.jpg,,"Biolog, kulturskribent, författare."
385276,4967456,Kjell Eriksson,2004-06-27,2004,Sommar,https://www.sverigesradio.se/avsnitt/385276,https://static-cdn.sr.se/laddahem/podradio/sommar_i_p1/2004/06/sommar__vinter_i_p1_kjell_eriksson_2004_20250212_1512176491.mp3,3167,50720271,https://static-cdn.sr.se/images/2071/3294213_2048_1150.jpg,,"Programledare, komiker och författare Om uppväxten i ett radhusområde, att rätta sig i ledet i skolan och att banta 27 kilo på 100 dagar. Om svenskarnas mesighet, konsten att ge igen och att bli kunglig hovleverantör av släktvideor."
373925,4943240,Ebba Lindsö 2004,2004-06-28,2004,Sommar,https://www.sverigesradio.se/avsnitt/373925,https://static-cdn.sr.se/laddahem/podradio/sommar_i_p1/2004/06/sommar_i_p1_20040628_1300_396c41f.mp3,2687,43030454,https://static-cdn.sr.se/images/2071/3262381_2048_1152.jpg,,Vd för Svenskt Näringsliv– Jag kommer att tala om den omtumlande känslan det innebär att bli en offentlig person och om jobbet med att skapa ett bättre starkare Sverige med en brinnande framtidstro.
373926,4943307,Frida Östberg 2004,2004-06-29,2004,Sommar,https://www.sverigesradio.se/avsnitt/373926,https://static-cdn.sr.se/laddahem/podradio/sommar_i_p1/2004/06/sommar__vinter_i_p1_frida_stberg_2004_20250212_1509100537.mp3,2939,47068779,https://static-cdn.sr.se/images/2071/3262383_2048_1152.jpg,,Fotbollsspelare i svenska damlandslaget.
373927,4986078,Fredrik Reinfeldt 2004,2004-06-30,2004,Sommar,https://www.sverigesradio.se/avsnitt/373927,https://static-cdn.sr.se/laddahem/podradio/sommar_i_p1/2004/06/sommar__vinter_i_p1_fredrik_reinfeldt_2004_20250212_1506328062.mp3,2841,46081999,https://static-cdn.sr.se/images/2071/3262387_2048_1152.jpg,,Sveriges statsminister och Moderaternas partiledare. Fredrik Reinfeldts Sommarprogram handlar om nolltolerans och förtroendeband. Dessutom pratar han pratar han om den perfekta människan och om energipolitik i vardagen.
373928,4944093,Tomas Sjödin 2004,2004-07-01,2004,Sommar,https://www.sverigesradio.se/avsnitt/373928,https://static-cdn.sr.se/laddahem/podradio/sommar_i_p1/2004/07/sommar__vinter_i_p1_tomas_sjodin_2004_20250212_1504204613.mp3,3220,51564526,https://static-cdn.sr.se/images/2071/3262391_2048_1152.jpg,,"Predikant, föreläsare och författare."
373929,4944159,Katarina Ewerlöf 2004,2004-07-02,2004,Sommar,https://www.sverigesradio.se/avsnitt/373929,https://static-cdn.sr.se/laddahem/podradio/sommar_i_p1/2004/07/sommar_i_p1_20040702_1300_2c18a1c.mp3,3069,49151984,https://static-cdn.sr.se/images/2071/3262395_2048_1152.jpg,SVT Bild,Skådespelare – Jag kommer att tala om möten och om vådan av att vara skådespelare.
373930,4988272,Felix Herngren 2004,2004-07-03,2004,Sommar,https://www.sverigesradio.se/avsnitt/373930,https://static-cdn.sr.se/laddahem/podradio/sommar_i_p1/2004/07/sommar__vinter_i_p1_felix_herngren_2004_20250212_1455322924.mp3,3168,51311915,https://static-cdn.sr.se/images/2071/3262399_2048_1152.jpg,,"Skådespelare, komiker och regissör I sitt Sommarprogram pratar Felix Herngren om sina mest traumatiska minnen under arbetslivet i humorbranschen, om hämd och vänskap. Karaktärerna Dan Bäckman och Papi Raoul medverkar."
373932,4944378,Brian Palmer 2004,2004-07-04,2004,Sommar,https://www.sverigesradio.se/avsnitt/373932,https://static-cdn.sr.se/laddahem/podradio/sommar_i_p1/2004/07/sommar__vinter_i_p1_brian_palmer_2004_20250212_1453318355.mp3,3019,48350176,https://static-cdn.sr.se/images/2071/3262401_2048_1152.jpg,,Amerikansk antropolog och religionsvetare.
373931,4944451,Elin Ek 2004,2004-07-05,2004,Sommar,https://www.sverigesradio.se/avsnitt/373931,https://static-cdn.sr.se/laddahem/podradio/sommar_i_p1/2004/07/sommar_i_p1_20040705_1300_34ffa3c.mp3,2686,43017347,https://static-cdn.sr.se/images/2071/3262403_2048_1152.jpg,,"Programledare, radiopratare och tv-producent – Mitt sommarprogram kommer handla om livlig fantasi, längtan efter matchande bestick och manglade lakan och hur det kommer sig att Grynet kan få vem som helst att snacka."
373933,4944614,Fatima Nur 2004,2004-07-06,2004,Sommar,https://www.sverigesradio.se/avsnitt/373933,https://static-cdn.sr.se/laddahem/podradio/sommar_i_p1/2004/07/sommar_i_p1_20040706_1300_38ba85e.mp3,3227,51668742,https://static-cdn.sr.se/images/2071/3262405_2048_1152.jpg,,"Landstingspolitiker i Stockholm – Jag tänker i mitt program bland annat tala om hur överbeskyddande myndigheter har lett till passivitet, om min uppväxt i Afrika och om vikten av förebilder som grund för att ta personligt ansvar."
373934,4988425,Alexandra Charles 2004,2004-07-07,2004,Sommar,https://www.sverigesradio.se/avsnitt/373934,https://static-cdn.sr.se/laddahem/podradio/sommar_i_p1/2004/07/sommar__vinter_i_p1_alexandra_charles_2004_20250212_1450533469.mp3,3280,53101430,https://static-cdn.sr.se/images/2071/3262415_2048_1152.jpg,,PR-konsult. I sitt Sommarprogram berättar Alexandra Charles om sitt liv som nattklubbsdrottning och handelsresande.
373935,4944635,Mats Wilander,2004-07-08,2004,Sommar,https://www.sverigesradio.se/avsnitt/373935,https://static-cdn.sr.se/laddahem/podradio/sommar_i_p1/2004/07/sommar_i_p1_20040708_1300_39a4458.mp3,3284,52584809,https://static-cdn.sr.se/images/2071/3262425_2048_1152.jpg,,"Tennisspelare. – I mitt program kommer jag att prata om min son Eriks hudsjukdom, min egen musik och om vad som hänt – på gott och ont – bara för att jag är känd!"
373936,4944664,Frida Blom 2004,2004-07-09,2004,Sommar,https://www.sverigesradio.se/avsnitt/373936,https://static-cdn.sr.se/laddahem/podradio/sommar_i_p1/2004/07/sommar__vinter_i_p1_frida_blom_2004_20250212_1403482731.mp3,2814,45069103,https://static-cdn.sr.se/images/2071/3262427_2048_1152.jpg,,Ordförande i Svenska freds- och skiljedomsföreningen.
373937,4944738,Fredrik Lindström 2004,2004-07-10,2004,Sommar,https://www.sverigesradio.se/avsnitt/373937,https://static-cdn.sr.se/laddahem/podradio/sommar_i_p1/2004/07/sommar_i_p1_20040710_1300_3c55bad.mp3,3294,52739813,https://static-cdn.sr.se/images/2071/3262429_2048_1152.jpg,,"Författare, komiker och programledare I sitt Sommarprogram pratar Fredrik Lindström om svensk mentalitet, civilisationskritik, svordomar och om världens modernaste land."
373938,4988494,Thomas Bodström 2004,2004-07-11,2004,Sommar,https://www.sverigesradio.se/avsnitt/373938,https://static-cdn.sr.se/laddahem/podradio/sommar_i_p1/2004/07/sommar__vinter_i_p1_thomas_bodstrom_2004_20250212_1356576976.mp3,3195,51746112,https://static-cdn.sr.se/images/2071/3262434_2048_1152.jpg,,"Politiker, jurist och författare. I sitt Sommarprogram pratar Thomas Bodström bland annat om ostfördelning som barn, språkproblem, tomma stolar och om hypokondrin bland politiker."
373939,5028502,Mats Qviberg 2004,2004-07-13,2004,Sommar,https://www.sverigesradio.se/avsnitt/373939,https://static-cdn.sr.se/laddahem/podradio/sommar_i_p1/2004/07/sommar__vinter_i_p1_mats_qviberg_2004_20250212_1353596308.mp3,3211,51995976,https://static-cdn.sr.se/images/2071/3262848_2048_1152.jpg,,"Civilekonom, aktiemäklare och styrelseproffs. I sitt Sommarprogram ger Mats Qviberg sin åsikt om varför Sverige har tappat i konkurrenskraft."
373940,4947049,Bosse ”Bildoktorn” Andersson 2004,2004-07-14,2004,Sommar,https://www.sverigesradio.se/avsnitt/373940,https://static-cdn.sr.se/laddahem/podradio/sommar_i_p1/2004/07/sommar__vinter_i_p1_bosse_bildoktorn_andersson_2_20250212_1352164004.mp3,2986,47813103,https://static-cdn.sr.se/images/2071/3262850_2048_1152.jpg,,Bilmekaniker och motorjournalist I sitt program pratar Bosse Andersson om existentiella frågor.
375338,4947051,Elise Einarsdotter 2004,2004-07-15,2004,Sommar,https://www.sverigesradio.se/avsnitt/375338,https://static-cdn.sr.se/laddahem/podradio/sommar_i_p1/2004/07/sommar_i_p1_20040715_1300_3355c0c.mp3,2992,47915001,https://static-cdn.sr.se/images/2071/3262854_2048_1152.jpg,,"Pianist och kompositör – I mitt program ska jag berätta om när jag körde moppe på Österlen, om konserten i Addis Abeba, om handslag och händer, om utmätt tid – och om liljekonvaljer."
373941,4947058,Bengt Feldreich 2004,2004-07-16,2004,Sommar,https://www.sverigesradio.se/avsnitt/373941,https://static-cdn.sr.se/laddahem/podradio/sommar_i_p1/2004/07/sommar__vinter_i_p1_bengt_feldreich_2004_20250212_1350514221.mp3,2911,46618305,https://static-cdn.sr.se/images/2071/3262856_2048_1152.jpg,,Radio- och tv-journalist – Jag kommer att tala om episoder och människor jag mött under en tid när radio och tv utvecklats oerhört. Bland annat om ett märkligt telefonsamtal till redaktionen när vi sände månlandningen 1969.
325667,4723346,Mikael Persbrandt 2004,2004-07-17,2004,Sommar,https://www.sverigesradio.se/avsnitt/325667,https://static-cdn.sr.se/laddahem/podradio/sommar_i_p1/2004/07/sommar_i_p1_20040717_1600_360a524.mp3,3042,48714737,https://static-cdn.sr.se/images/2071/3177321_1837_1033.jpg,,Skådespelare – Jag ska tala om mitt liv som skådespelare och om min karriär.
373942,4947063,Ingmar Bergman 2004,2004-07-18,2004,Sommar,https://www.sverigesradio.se/avsnitt/373942,https://static-cdn.sr.se/laddahem/podradio/sommar_i_p1/2004/07/sommar__vinter_i_p1_ingmar_bergman_2004_20250212_1341101518.mp3,3063,49047884,https://static-cdn.sr.se/images/2071/3262865_2048_1152.jpg,,Teater- och filmregissör.
373943,4947082,Tina Thörner 2004,2004-07-19,2004,Sommar,https://www.sverigesradio.se/avsnitt/373943,https://static-cdn.sr.se/laddahem/podradio/sommar_i_p1/2004/07/sommar__vinter_i_p1_tina_thorner_2004_20250212_1100442919.mp3,2541,40701163,https://static-cdn.sr.se/images/2071/3262867_2048_1152.jpg,,"Kartläsare i högsta divisionen inom internationell rallysport. – Jag ska berätta hur det varit som tjej att göra karriär inom motorsporten, hur jag fått min positiva inställning till att leva i nuet och vikten av att vara sin egen lyckas smed."
373944,4947086,Jonas Åkerlund 2004,2004-07-20,2004,Sommar,https://www.sverigesradio.se/avsnitt/373944,https://static-cdn.sr.se/laddahem/podradio/sommar_i_p1/2004/07/sommar_i_p1_20040720_1300_38bdc7f.mp3,2418,38724020,https://static-cdn.sr.se/images/2071/3262869_2048_1152.jpg,,Regissör – Jag är van att tänka snabbt och improvisera och det kommer jag göra som sommarpratare också. Jag kommer oförberedd men med många historier i bakfickan.
373910,4938884,Gabriella Ahlström 2004,2004-07-21,2004,Sommar,https://www.sverigesradio.se/avsnitt/373910,https://static-cdn.sr.se/laddahem/podradio/sommar_i_p1/2004/07/sommar__vinter_i_p1_gabriella_ahlstrom_2004_20250212_1056273225.mp3,2885,46196566,https://static-cdn.sr.se/images/2071/3262325_2048_1152.jpg,,Författare och journalist.
373945,4947087,Farnaz Arbabi 2004,2004-07-22,2004,Sommar,https://www.sverigesradio.se/avsnitt/373945,https://static-cdn.sr.se/laddahem/podradio/sommar_i_p1/2004/07/sommar__vinter_i_p1_farnaz_arbabi_2004_20250212_1053322246.mp3,2480,39720269,https://static-cdn.sr.se/images/2071/3262873_2048_1152.jpg,,Teaterregissör.
373947,4947097,Regina Lund 2004,2004-07-23,2004,Sommar,https://www.sverigesradio.se/avsnitt/373947,https://static-cdn.sr.se/laddahem/podradio/sommar_i_p1/2004/07/sommar__vinter_i_p1_regina_lund_2004_20250212_1051508636.mp3,2123,34010884,https://static-cdn.sr.se/images/2071/3262879_2048_1152.jpg,,"Skådespelare, låtskrivare, artist, poet – Mitt program är en radiokonsert. Ett nedslag i min framtid, skulle man kunna säga. Just nu. Mycket NU. Mycket framtid. Mikrolite historia. Ett avtryck av min tid i vår tid. En tjuvlyssning av min framtid."
373948,5132019,Louise Hoffsten 2004,2004-07-24,2004,Sommar,https://www.sverigesradio.se/avsnitt/373948,https://static-cdn.sr.se/laddahem/podradio/sommar_i_p1/2004/07/sommar_i_p1_20040724_1300_3a97ff6.mp3,3096,49731931,https://static-cdn.sr.se/images/2071/3262881_2048_1152.jpg,,"Sångerska, kompositör, textförfattare I sitt Sommarprogram pratar Louise Hoffsten om sin musikaliska resa och om sin längtan till Afrika. det blir också prat om blues, östgötskan, nunnorna i Israel och om sin sjukdom, MS."
373949,4947088,Kjell Sundvall 2004,2004-07-25,2004,Sommar,https://www.sverigesradio.se/avsnitt/373949,https://static-cdn.sr.se/laddahem/podradio/sommar_i_p1/2004/07/sommar_i_p1_20040725_1300_3a08379.mp3,2414,38666326,https://static-cdn.sr.se/images/2071/3262887_2048_1152.jpg,,REGISSÖR. – Jag kommer att tala om Norrland och film. Om min uppväxt och om vad som formade mig. Om de drömmar jag hade – och dem jag har kvar.
373946,5000757,Leif GW Persson 2004,2004-07-26,2004,Sommar,https://www.sverigesradio.se/avsnitt/373946,https://static-cdn.sr.se/laddahem/podradio/sommar_i_p1/2004/07/sommar_i_p1_20040726_1300_2f907c5.mp3,2842,46098646,https://static-cdn.sr.se/images/2071/3262877_2048_1152.jpg,,Kriminolog och professor i brottsforskning vid Rikspolisstyrelsen Leif GW Persson börjar med att prata om när han själv bodde i Knutby.
373950,5015109,Helge Skoog 2004,2004-07-27,2004,Sommar,https://www.sverigesradio.se/avsnitt/373950,https://static-cdn.sr.se/laddahem/podradio/sommar_i_p1/2004/07/sommar__vinter_i_p1_helge_skoog_2004_20250212_1044472635.mp3,3333,53958604,https://static-cdn.sr.se/images/2071/3262892_2048_1152.jpg,,SKÅDESPELARE. I sitt andra Sommarprogram avslöjar Helge Skoog hur det hela började och varför det gick som det gick.
373951,4948175,Anna Vnuk,2004-07-28,2004,Sommar,https://www.sverigesradio.se/avsnitt/373951,https://static-cdn.sr.se/laddahem/podradio/sommar_i_p1/2004/07/sommar_i_p1_20040728_1300_3822a13.mp3,2542,40715296,https://static-cdn.sr.se/images/2071/3262898_2048_1152.jpg,,"Dansare och koreograf. – Jag tänker berätta lite om de typiska situationer som uppstår när småstadstjejer med gigantiska drömmar flyttar till storstaden. Men också om kärlek, politik och dans. Och så ska jag hålla tal till nationen!"
373952,5152663,Kjell ”Brolle Jr” Wallmark 2004,2004-07-29,2004,Sommar,https://www.sverigesradio.se/avsnitt/373952,https://static-cdn.sr.se/laddahem/podradio/sommar_i_p1/2004/07/sommar__vinter_i_p1_kjell_brolle_jr_wallmark_200_20250212_1037393666.mp3,3086,50131200,https://static-cdn.sr.se/images/2071/3262902_2048_1152.jpg,,"Artist, musiker och sångare. Om att lära sig spela gitarr, att vantrivas i skolan och den allra första spelningen. Om att vara en sökare, den första gitarren och charmen med äldre musik."
325702,4723351,Lisa Nilsson 2004,2004-07-30,2004,Sommar,https://www.sverigesradio.se/avsnitt/325702,https://static-cdn.sr.se/laddahem/podradio/sommar_i_p1/2004/07/sommar__vinter_i_p1_lisa_nilsson_20040730_20250212_1036322770.mp3,3057,48955885,https://static-cdn.sr.se/images/2071/3177431_1370_771.jpg,,Artist och låtskrivare.
373953,5037475,Johan Wester 2004,2004-07-31,2004,Sommar,https://www.sverigesradio.se/avsnitt/373953,https://static-cdn.sr.se/laddahem/podradio/sommar_i_p1/2004/07/sommar__vinter_i_p1_johan_wester_2004_20250212_1033208224.mp3,3117,50492351,https://static-cdn.sr.se/images/2071/3262904_2048_1152.jpg,,Komiker.
374011,4948265,Jan Malmsjö 2004,2004-08-01,2004,Sommar,https://www.sverigesradio.se/avsnitt/374011,https://static-cdn.sr.se/laddahem/podradio/sommar_i_p1/2004/08/sommar_i_p1_20040801_1300_39bbb0f.mp3,2630,42127662,https://static-cdn.sr.se/images/2071/3263713_2048_1152.jpg,,Skådespelare – Jag kommer att prata huller om buller. Så förklarar Jan Malmsjö sitt tredje Sommarprogram från 2004.
374012,4949190,Jonas Hassen Khemiri 2004,2004-08-02,2004,Sommar,https://www.sverigesradio.se/avsnitt/374012,https://static-cdn.sr.se/laddahem/podradio/sommar_i_p1/2004/08/sommar__vinter_i_p1_jonas_hassen_khemiri_2004_20250212_1040249636.mp3,2782,44561178,https://static-cdn.sr.se/images/2071/3263718_2048_1152.jpg,,Författare.
374013,4949255,Elisabeth Rynell,2004-08-03,2004,Sommar,https://www.sverigesradio.se/avsnitt/374013,https://static-cdn.sr.se/laddahem/podradio/sommar_i_p1/2004/08/sommar_i_p1_20040803_1300_30d117a.mp3,2986,47818448,https://static-cdn.sr.se/images/2071/3263727_2048_1152.jpg,,"FÖRFATTARE. – Jag har tänkt ge mig in i sommarnatten. Försöka se vad som gömmer sig där i det vita mörkret, säger Elisabeth Rynell om sitt Sommarprogram från 2004."
374028,5119497,Carl Jan Granqvist 2004,2004-08-04,2004,Sommar,https://www.sverigesradio.se/avsnitt/374028,https://static-cdn.sr.se/laddahem/podradio/sommar_i_p1/2004/08/sommar__vinter_i_p1_carl_jan_granqvist_2004_20250212_1023497435.mp3,3752,60227062,https://static-cdn.sr.se/images/2071/3263750_2048_1152.jpg,,"Krögare och matprofil. I sitt andra Sommarprogram pratar Carl Jan Granqvist om musikaliska energichockar, släkthistoria, måltidsestetik och potatisland."
378051,4949427,Lisa Förare Winbladh 2004,2004-08-05,2004,Sommar,https://www.sverigesradio.se/avsnitt/378051,https://static-cdn.sr.se/laddahem/podradio/sommar_i_p1/2004/08/sommar__vinter_i_p1_lisa_forare_winbladh_2004_20250212_1021192068.mp3,2851,45665986,https://static-cdn.sr.se/images/2071/3263821_2048_1152.jpg,,Matskribent och karavanförare.
374110,4949470,Magnus Wernstedt 2004,2004-08-06,2004,Sommar,https://www.sverigesradio.se/avsnitt/374110,https://static-cdn.sr.se/laddahem/podradio/sommar_i_p1/2004/08/sommar__vinter_i_p1_magnus_wernstedt_2004_20250212_1019098052.mp3,3200,51248129,https://static-cdn.sr.se/images/2071/3263883_2048_1152.jpg,,Sveriges ambassadör i Demokratiska Republiken Kongo.
374111,4949605,Kristina Lugn 2004,2004-08-07,2004,Sommar,https://www.sverigesradio.se/avsnitt/374111,https://static-cdn.sr.se/laddahem/podradio/sommar_i_p1/2004/08/sommar_i_p1_20040807_1300_39d37b0.mp3,2799,44827314,https://static-cdn.sr.se/images/2071/3263903_2048_1152.jpg,,"POET, FÖRFATTARE OCH DRAMATIKER. – Bland annat ska jag spela musik av Stefan Sundström, säger Kristina Lugn om sitt nionde Sommarprogram från 2004."
374113,4950418,Lars Ulvenstam 2004,2004-08-08,2004,Sommar,https://www.sverigesradio.se/avsnitt/374113,https://static-cdn.sr.se/laddahem/podradio/sommar_i_p1/2004/08/sommar__vinter_i_p1_lars_ulvenstam_2004_20250212_1013506481.mp3,3279,52506428,https://static-cdn.sr.se/images/2071/3263968_2048_1152.jpg,,"Sommarveteran, fil. dr. journalist, författare och mångårig tv-producent på SVT"
377277,4945607,Lars Norén 2005,2005-06-19,2005,Sommar,https://www.sverigesradio.se/avsnitt/377277,https://static-cdn.sr.se/laddahem/podradio/sommar_i_p1/2005/06/sommar__vinter_i_p1_lars_norn_2005_20240911_1453018314.mp3,2751,44055910,https://static-cdn.sr.se/images/2071/3250218_2048_1152.jpg,,"Författare, dramatiker, regissör och konstnärlig ledare I sitt Sommarprogram från 2005 pratar Lars Norén om längtan efter barn.- Jag ville göra ett program som heter Vinter, vinter, vinter. Det ni ska få höra är det programmet med utdrag från en dagbok som jag kommer publicera nästa år. Jag börjar med anteckningar från sommaren 2000 under repetitionerna med Michael Nyqvist av pjäsen som grundar sig på Primo Levis bok ”Är detta en människa?”."
285997,5054544,Marit Bergman 2005,2005-06-20,2005,Sommar,https://www.sverigesradio.se/avsnitt/285997,https://static-cdn.sr.se/laddahem/podradio/sommar_i_p1/2005/06/sommar__vinter_i_p1_marit_bergman_2005_20240911_1451173957.mp3,2611,42402389,https://static-cdn.sr.se/images/2071/3226731_2048_1146.jpg,,"Artist I sitt program berättar Marit Bergman om sitt tv-tittande, modeintresse, svarta hål och Carola-frälsningen. ”Jag tänkte lufta några teorier; det tycker jag låter som att ta med sig sin lilla teori i ett koppel till parken så får den leka med andra teorier och så får man gå därifrån med en lite gladare teori!” berättar hon. - Jag tänkte passa på att lufta teorier som jag själv har om olika saker. Det blir förmodligen prat om designern Marc Jacobs, självmord, och kanske lite om marijuana."
322711,4853099,Jan Berglin 2005,2005-06-21,2005,Sommar,https://www.sverigesradio.se/avsnitt/322711,https://static-cdn.sr.se/laddahem/podradio/sommar_i_p1/2005/06/sommar__vinter_i_p1_jan_berglin_2005_20240911_1452415202.mp3,2618,41931033,https://static-cdn.sr.se/images/2071/3227220_2048_1146.jpg,,"Serietecknare – Jag tänker berätta om min misslyckade idrottskarriär, som aldrig blev någon, samt ta upp några andra exempel på när det skitit sig, för mig och en del andra. Jag har delvis valt musik efter mitt tema, och jag hoppas att jag kommer att ha kontroll över min knarriga röst!"
358367,4908732,Åsa Hagelstedt 2005,2005-06-22,2005,Sommar,https://www.sverigesradio.se/avsnitt/358367,https://static-cdn.sr.se/laddahem/podradio/sommar_i_p1/2005/06/sommar__vinter_i_p1_sa_hagelstedt_2005_20240911_1525399758.mp3,2635,42205466,https://static-cdn.sr.se/images/2071/3229461_2048_1146.jpg,,Kommunikationschef för IOGT-NTO Som nykterist och vegetarian är Åsa övertygad om att hon kan göra skillnad och förändra världen. Som barn var hon lika övertygad över det faktumet då hon protesterade att ett hus skulle byggas över hennes favoritträd. Det är ett Sommarprogram som handlar om det mest radikala man kan vara - nykterist. - Mitt program handla om att vara nykterist. Om viljan att förändra världen och om känslan att bli omskriven i skvallerpressen.
358368,5149662,Bakhtiar Amin 2005,2005-06-23,2005,Sommar,https://www.sverigesradio.se/avsnitt/358368,https://static-cdn.sr.se/laddahem/podradio/sommar_i_p1/2005/06/sommar_i_p1_20050623_1300_3c63ef9.mp3,3197,51903979,https://static-cdn.sr.se/images/2071/3229546_2048_1146.jpg,,"Tidigare irakisk minister för mänskliga rättigheter Som irakisk minister för mänskliga rättigheter var det Bakhtiar Amins ansvar att bekräfta att Saddam Hussein behandlades bra i sin fängelsecell efter sitt tillfångatagande 2003, långt mycket bättre än de tusentals fångar som dog under Saddams styre. I en historia med mörker finns ljuset: ett politiskt uppvaknande och en efterlängtad syster, allt i en skådeplats som är världens vagga: Mesopotamien och Irak."
356084,5003160,Babben Larsson 2005,2005-06-24,2005,Sommar,https://www.sverigesradio.se/avsnitt/356084,https://static-cdn.sr.se/laddahem/podradio/sommar_i_p1/2005/06/sommar__vinter_i_p1_babben_larsson_2005_20230724_1518354893.mp3,2475,40224037,https://static-cdn.sr.se/images/2071/3226449_2048_1146.jpg,,"Ståuppkomiker och artist. Via schlagerfester och stavgång och själsutveckling berättar Babben Larsson anekdoter från yrkeslivet, pratar om läppstiftstillverkning, hur det är att vara så känd att man får skriva autografer på flintar och kvitton, och om att gå in i den berömda väggen, ett år efter att hon åkte till England för att prova lyckan Englands humordjungel."
358376,5150939,Christer Lindarw 2005,2005-06-25,2005,Sommar,https://www.sverigesradio.se/avsnitt/358376,https://static-cdn.sr.se/laddahem/podradio/sommar_i_p1/2005/06/sommar__vinter_i_p1_christer_lindarw_2005_20240911_1532419300.mp3,2333,38080747,https://static-cdn.sr.se/images/2071/3229621_2048_1146.jpg,,Artist och kläddesigner Ett Sommarprogram om häftiga möten och minnen från trettio år med After Dark och att bli kysst av Jan Malmsjö. Om könsroller och könsstatus - att det fortfarande är spännande att se män i kvinnokläder. Möten med publiken och hjärtekrossande brev. - Jag kommer att prata om häftiga möten och minnen från 30 år med After Dark. Om könsroller och om manligt/kvinnligt. Om att våga vara lat och om varför ungdomar inte borde söka till ”Idol”.
324409,4909476,Majda Raad 2005,2005-06-26,2005,Sommar,https://www.sverigesradio.se/avsnitt/324409,https://static-cdn.sr.se/laddahem/podradio/sommar_i_p1/2005/06/sommar__vinter_i_p1_majda_raad_2005_20240911_1537006193.mp3,2553,40885627,https://static-cdn.sr.se/images/2071/3229658_2048_1146.jpg,,"Prinsessa i Jordanien Ett Sommarprogram om hur det är att vara prinsessa i Jordanien, ett land där det alltid är sol, förutom då det snöar! Det är ett land med historiska ruiner från Petra i söder till Jerash i norr. En starkt engagerad välgörare i hennes andra hemland och berättar hur hon har berört tusentals handikappade barn i Jordanien. Majda Raad berättar hur annorlunda det är att komma till Sverige idag och hur svårt det är att hitta hem."
358453,4909517,Yannick Tregaro 2005,2005-06-27,2005,Sommar,https://www.sverigesradio.se/avsnitt/358453,https://static-cdn.sr.se/laddahem/podradio/sommar_i_p1/2005/06/sommar__vinter_i_p1_yannick_tregaro_2005_20240913_1003276477.mp3,2513,40250063,https://static-cdn.sr.se/images/2071/3230116_2048_1146.jpg,,"Friidrottstränare. Yannik Tregaro om ungdomsåren där han fick möjligheten att träna med en av Sveriges bästa friidrottstränare, till där han är idag, själv är en sådan tränare. – Jag kommer prata om varför svensk friidrott har exploderat, berättar han, och hur det är att jobba med några av världens bästa friidrottare. Jag tänker dela med mig av min ledarskapssyn och berätta om hur du kan bli en bättre människa. Sedan blir det konstig musik."
358672,5149593,Ingrid Luterkort 2005,2005-06-28,2005,Sommar,https://www.sverigesradio.se/avsnitt/358672,https://static-cdn.sr.se/laddahem/podradio/sommar_i_p1/2005/06/sommar__vinter_i_p1_ingrid_luterkort_2005_20240913_1015385670.mp3,3077,49984413,https://static-cdn.sr.se/images/2071/3232659_2048_1146.jpg,,"Skådespelerska, regissör, teaterpedagog och författare Ingrid Luterkort om ett 95-årigt liv i teaterns ovissa värld tillsammans med skoltidens klasskamrater som Ingrid Bergman och Gunnar Björnstrand, alla redan då på både Dramatens och Operans scen. - En lång väg genom ett sekel. En väg som slingrat och krumbuktat uppför och nerför mest inom teaterns värld. Jag berättar om speciella föreställningar, om musikens betydelse för mig. Nu sluttar vägen och jag kan ge mig ro att vila i ögonblicket!"
358454,5148078,Anders Wendin 2005,2005-06-29,2005,Sommar,https://www.sverigesradio.se/avsnitt/358454,https://static-cdn.sr.se/laddahem/podradio/sommar_i_p1/2005/06/sommar__vinter_i_p1_anders_wendin_2005_20240913_1032222077.mp3,2770,45075528,https://static-cdn.sr.se/images/2071/3230198_2048_1146.jpg,,"Musiker mer känd som Moneybrother. Om uppväxten i en liten bruksort och steget från den. Hela vägen från Ludvika till Falun, ett liv fyllt av tjejer med hennafärgat hår och poesiläsning vid Faluån. Det är ett liv fyllt av kaos och vilda turnéer och det bästa som finns - musiken. Något som kan ibland låta så illa men kännas så underbart. - Mitt program blir väl som mitt liv i övrigt. En slags skarvning som med hjälp av anpassningsförmåga, tur och brist på bättre vetande bruka funka att köra på."
349794,5146268,Bengt Ohlsson 2005,2005-06-30,2005,Sommar,https://www.sverigesradio.se/avsnitt/349794,https://static-cdn.sr.se/laddahem/podradio/sommar_i_p1/2005/06/sommar__vinter_i_p1_bengt_ohlsson_2005_20240913_1036387063.mp3,2750,44749482,https://static-cdn.sr.se/images/2071/3230304_2048_1146.jpg,,"Krönikör, dramatiker och författare Lyssnar verkligen någon på musiken i Sommarprogrammen? Bengt Ohlsson tvivlar, men är ändå upphetsad över att få spela vilken musik som han vill i sitt program. Problemet, däremot, inte bara med Sommarprogrammen, förklarar han, är att överallt vill folk prata men ingen vill lyssna. – Jag pratar om vad som anses fint och vad som anses fult och hur mycket det styr oss. Kanske pratar jag också lite om varför tjocka böcker i allmänhet är bättre än tunna böcker."
358463,4909672,Ingela Olsson 2005,2005-07-01,2005,Sommar,https://www.sverigesradio.se/avsnitt/358463,https://static-cdn.sr.se/laddahem/podradio/sommar_i_p1/2005/07/sommar__vinter_i_p1_ingela_olsson_2005_20240913_1039575596.mp3,2397,38398764,https://static-cdn.sr.se/images/2071/3230315_2048_1146.jpg,,"Skådespelerska Som ung ställde hon sig frågan: måste man vara allvarlig hela tiden? Nej, kom hon fram till. ”Humorn är ofta förvånande nära tragedin,” konstaterar hon. Teatern, ofta inget mer än en allvarsam lek, och behovet av att skratta. Ingela Olssons Sommar är ett program om teater, havet och rädslan: rädslan för hästar, rädslan för bilar, och rädslan för det största - döden. – Jag pratar om längtan. Och om teater och den jävla förbannade döden. Och så lite om havet och kvinnligheten."
358464,5090898,Claes Elfsberg 2005,2005-07-02,2005,Sommar,https://www.sverigesradio.se/avsnitt/358464,https://static-cdn.sr.se/laddahem/podradio/sommar_i_p1/2005/07/sommar_i_p1_20050702_1300_39031a2.mp3,2907,47141088,https://static-cdn.sr.se/images/2071/3230395_2048_1146.jpg,,"Journalist och nyhetsankare. Med 34 år i TV-rutan är Claes Elfsberg en expert på TV, minst lika mycket som alla andra."
358466,5133372,Tina Ahlin 2005,2005-07-03,2005,Sommar,https://www.sverigesradio.se/avsnitt/358466,https://static-cdn.sr.se/laddahem/podradio/sommar_i_p1/2005/07/sommar_i_p1_20050703_1300_3b3c255.mp3,3448,55371490,https://static-cdn.sr.se/images/2071/3230502_2048_1146.jpg,,"PIANIST, SÅNGERSKA, KOMPOSITÖR, MUNSPELARE. – Jag kommer att tala om färghållning oss människor emellan, sällskapssjuka tvångstankar och fobier, avslappningsövningar som inte funkar."
358470,4910169,Henrik Teleman 2005,2005-07-04,2005,Sommar,https://www.sverigesradio.se/avsnitt/358470,https://static-cdn.sr.se/laddahem/podradio/sommar_i_p1/2005/07/sommar__vinter_i_p1_henrik_teleman_2005_20240913_1041490370.mp3,2592,41514902,https://static-cdn.sr.se/images/2071/3231120_2048_1146.jpg,,"Konstnär och chef för Virserums Konsthall. – Jag pratar om det som är viktigt i livet, nämligen om andra människor. Jag pratar också om konst och kärlek, men även om förhållandet stad/land, om allas rätt till bilder och ord som stämmer in på en själv. Det blir lite poesi och mycket bluesmusik, tror jag."
358471,4910186,Michael Azar 2005,2005-07-05,2005,Sommar,https://www.sverigesradio.se/avsnitt/358471,https://static-cdn.sr.se/laddahem/podradio/sommar_i_p1/2005/07/sommar__vinter_i_p1_michael_azar_2005_20240913_1042103444.mp3,2598,41603445,https://static-cdn.sr.se/images/2071/3231175_2048_1146.jpg,,"Idéhistoriker, författare och musiker – Vad står i dag i vägen för det personliga skapandets pånyttfödelser? Jag kommer att tala om musikens, litteraturens och konstens möjligheter – men också om det ressentiment som hotar från olika håll. Programmet kommer att väva samman idéhistoriska nedslag med diagnoser över samtiden, angrepp på politiskt hyckleri med hyllningar till mänsklig överlevnadsförmåga. Inblickar ges också i min pågående forskning om vad jag kallar för den koloniala bumerangen."
324410,5144998,Emina Merdzanic 2005,2005-07-06,2005,Sommar,https://www.sverigesradio.se/avsnitt/324410,https://static-cdn.sr.se/laddahem/podradio/sommar_i_p1/2005/07/sommar_i_p1_20050706_1300_2755655.mp3,3233,51930434,https://static-cdn.sr.se/images/2071/3230633_2048_1146.jpg,,"Statsvetare I sitt Sommarprogram pratar Emina Merdzanic om att komma hem till Bosnien-Hercegovina men inte alls känna sig hemma. Det är ett program om en livslång resa efter identitet. En kamp mellan islam, kvinnlighet, socialdemokrati och tillhörighet, där allt tar sin början i hur hon stolt sjöng sånger om den Jugoslaviska diktatorn Tito och växte upp i ett land i förändring."
358467,5145573,Anna Liljequist 2005,2005-07-08,2005,Sommar,https://www.sverigesradio.se/avsnitt/358467,https://static-cdn.sr.se/laddahem/podradio/sommar_i_p1/2005/07/sommar__vinter_i_p1_anna_liljequist_2005_20240913_1044196701.mp3,3347,53746729,https://static-cdn.sr.se/images/2071/3230690_2048_1146.jpg,,"Småbrukare, etnolog och professionell berättare Anna Liljequist om vad som hände henne och hennes familj under natten 2005 som förändrade allt - då stormen Gudrun rasade. Men också om utsattheten veckorna efter, när många var tvungna att försöka leva i mörker och kyla och utan kontakt med omvärlden."
327259,4863145,Lena Andersson 2005,2005-07-09,2005,Sommar,https://www.sverigesradio.se/avsnitt/327259,https://static-cdn.sr.se/laddahem/podradio/sommar_i_p1/2005/07/sommar__vinter_i_p1_lena_andersson_20050709_20240913_1045421379.mp3,2864,45869024,https://static-cdn.sr.se/images/2071/3180886_2048_1152.jpg,,"Författare, skribent och kritiker Var fanns egentligen Gud? undrade Lena Andersson som barn. Hon var barnet som bad för säkerhets skull för att klara alla prov och hon är författaren som i sitt Sommarprogram tolkar Jesus ateistiskt. ”Jesus - som vi lär oss är godheten, empatin och kärleken - straffar alla som tänker kritiskt,” förklarar Lena Andersson. Genom Bibelhistorier berättar hon en annorlunda historia om Kristendomens centralgestalt som kanske egentligen var omnipotent och egocentrerad."
358962,4911967,Lars Bergquist 2005,2005-07-10,2005,Sommar,https://www.sverigesradio.se/avsnitt/358962,https://static-cdn.sr.se/laddahem/podradio/sommar_i_p1/2005/07/sommar__vinter_i_p1_lars_bergquist_2005_20240913_1046127033.mp3,2763,44258492,https://static-cdn.sr.se/images/2071/3232687_2048_1146.jpg,,"Författare och före detta diplomat – Mitt program blir en musikalisk självbiografi med gamla schlagers, filmmusik och artister som Benny Andersson och Harry Belafonte. Varje musikstycke speglar en tid eller längre period i mitt liv, exempelvis från alla år i Kina och Pekingoperan, som symbol för kulturkrockar och det svårförståeliga kinesiska sättet att vara och tänka."
359038,4912009,Maria Blom 2005,2005-07-11,2005,Sommar,https://www.sverigesradio.se/avsnitt/359038,https://static-cdn.sr.se/laddahem/podradio/sommar_i_p1/2005/06/sommar__vinter_i_p1_maria_blom_2005_20230805_0831465597.mp3,2797,44789794,https://static-cdn.sr.se/images/2071/3232780_2048_1146.jpg,,"Manusförfattare och filmregissör. Maria Blom tar sitt avstamp där hennes förra Sommarprogram slutade: med Russell Crowe i Gladiator. Det var 2000. Maria går igenom vad som har hänt det senaste fem åren: däribland fått fästman, hus och Guldbagge - och allt hon har gjort är att leka!"
324411,4912138,Maud Olofsson 2005,2005-07-12,2005,Sommar,https://www.sverigesradio.se/avsnitt/324411,https://static-cdn.sr.se/laddahem/podradio/sommar_i_p1/2005/07/sommar__vinter_i_p1_maud_olofsson_2005_20240913_1046477852.mp3,2344,37540696,https://static-cdn.sr.se/images/2071/3232903_2048_1146.jpg,,"Politiker och före detta partiledare för Centerpartiet – Jag kommer att prata om hur det är att vara kvinnlig partiledare bland alla män i politik, näringsliv och media. Jag tänker förklara varför jag vill att vi skall sluta vara matade fågelungar och bli ivriga bävrar. Jag vill berätta om hur Högfors, en by med sju invånare, kan hamna i politikens centrum och vad som egentligen hände det där dygnet…"
359355,5003210,Jonas Karlsson 2005,2005-07-13,2005,Sommar,https://www.sverigesradio.se/avsnitt/359355,https://static-cdn.sr.se/laddahem/podradio/sommar_i_p1/2005/07/sommar__vinter_i_p1_jonas_karlsson_2005_20240913_1051321590.mp3,2966,48084478,https://static-cdn.sr.se/images/2071/3232917_2048_1146.jpg,,"Skådespelare Jonas Karlsson har i början av sitt Sommarprogram på sig norra Europas coolaste skinnjacka och solglasögon - lite coolare än alla andra. En rockstjärna. Men så var det inte på riktigt ändå. Det är just det hans Sommarprogram handlar om: viljan att vara någon annan. Någon lite coolare. Att inte vara från jämngrå svensk medelklass. Att kanske vara någon. Det, musik, farbröderi, Hammarby, Johnny Rotten, teater, kultur, ursprung, synthband, klarinetter, Arlanda, bisittare, cykelturer."
359363,4912232,Richard Juhlin 2005,2005-07-14,2005,Sommar,https://www.sverigesradio.se/avsnitt/359363,https://static-cdn.sr.se/laddahem/podradio/sommar_i_p1/2005/07/sommar__vinter_i_p1_richard_juhlin_2005_20240913_1053519426.mp3,2477,39681839,https://static-cdn.sr.se/images/2071/3232988_2048_1146.jpg,,"Vinprovare, champagneexpert och författare – Många ser Sommarprogrammet som ett utmärkt tillfälle att marknadsföra sig själva och sitt eget ämne. Jag ser i stället programmet som min stora chans att för en gång skull prata om annat som är viktigt för mig i livet, även om jag säkert kommer att ha svårt att helt och hållet hålla mig borta från livets ljuvligaste drycker."
359450,4912505,Ylva Eggehorn 2005,2005-07-15,2005,Sommar,https://www.sverigesradio.se/avsnitt/359450,https://static-cdn.sr.se/laddahem/podradio/sommar_i_p1/2005/07/sommar__vinter_i_p1_ylva_eggehorn_2005_20240913_1054165153.mp3,2080,33319722,https://static-cdn.sr.se/images/2071/3233386_2048_1146.jpg,,"Författare – Jag tänker prata om danska psalmer, en häst och fångarna i Irak. Om berättelser, musik och människor som ger mig kraft att stiga upp en morgon till och sätta fram filmjölkspaketet på bordet. Fast man borde ha slutat med det för längesen, som världen ser ut. Om att tonen B svänger i universum 55 oktaver under vad vi kan höra med egna öron. Jo, den gör det. Det sa de på Vetenskapsradion."
359469,4912521,PG Gyllenhammar 2005,2005-07-16,2005,Sommar,https://www.sverigesradio.se/avsnitt/359469,https://static-cdn.sr.se/laddahem/podradio/sommar_i_p1/2005/07/sommar__vinter_i_p1_pg_gyllenhammar_2005_20241121_1900080541.mp3,2309,36981008,https://static-cdn.sr.se/images/2071/900c6a49-4570-443d-9215-92533e042ae9.jpg,Anna-Karin Ivarsson/SR,En av svenskt näringslivs största profiler.
359556,4992815,Anita Ekberg 2005,2005-07-17,2005,Sommar,https://www.sverigesradio.se/avsnitt/359556,https://static-cdn.sr.se/laddahem/podradio/sommar_i_p1/2005/07/sommar_i_p1_20050717_1300_3c64744.mp3,3144,50930290,https://static-cdn.sr.se/images/2071/3233489_2048_1146.jpg,,"Världsberömd skådespelare I sitt sommarprogram 2005 pratar Anita Ekberg om hur hon hamnade i Hollywood, om att fotas i en fontän och om att leva i Italien."
359558,4912656,Göran Palm 2005,2005-07-18,2005,Sommar,https://www.sverigesradio.se/avsnitt/359558,https://static-cdn.sr.se/laddahem/podradio/sommar_i_p1/2005/07/sommar__vinter_i_p1_goran_palm_2005_20240913_1055489563.mp3,2539,40673094,https://static-cdn.sr.se/images/2071/3233539_2048_1152.jpg,,"Författare, poet och debattör Göran Palms Sommarprogram handlar om ett Sverige i ständig rörelse - och då bara inte i folkrörelsernas gymnastiksalar. Det är en historia om ett aktivt folk: körer, kulturvandringar, gymnastikföreningar och författarcirkla. Eldiga debatter och engagerade människor i ett ständigt föränderligt samhälle, med nya värderingar och nya teser."
359817,4913254,Tor Bomann-Larsen 2005,2005-07-19,2005,Sommar,https://www.sverigesradio.se/avsnitt/359817,https://static-cdn.sr.se/laddahem/podradio/sommar_i_p1/2005/07/sommar__vinter_i_p1_tor_bomannlarsen_2005_20240913_1056042842.mp3,2650,42439621,https://static-cdn.sr.se/images/2071/3233989_2048_1152.jpg,,"Författare och tecknare – Jag vill berätta för de svenska lyssnarna om den dramatiska sommaren 1905. På natten, när den norska regeringen blockerade järnvägs- och telegrafförbindelse till Sverige, om veckan då den skadinaviska halvön riskerade att bli ett blodigt Balkan. Jag kommer att ge lyssnarna en del av vad jag funnit i de kungliga arkiven i Europa och svara på frågan om varför Bernadotterne förlorade den norska kungliga tronen."
359896,4913324,Peter Eriksson 2005,2005-07-20,2005,Sommar,https://www.sverigesradio.se/avsnitt/359896,https://static-cdn.sr.se/laddahem/podradio/sommar_i_p1/2005/07/sommar__vinter_i_p1_peter_eriksson_2005_20240913_1058494263.mp3,2407,38561520,https://static-cdn.sr.se/images/2071/3234023_2048_1152.jpg,,"Politiker Peter Eriksson berättar om ett land långt långt borta, ett land där marken är orörd och man kan vandra på stigar som inte vandras av människor annat än var femte år. Ett land där man kan vandra mil utan att korsa en bilväg. Landet Sverige. Det är en betraktelse från norr. Han berättar om resor över hela världen - till Vanuatu, den lilla ögruppen på andra sidan jorden, genom världens politik: om politikens insida och baksida. Detta, och en stilla sång på vinyl från Peters sjuttiotal."
359897,5131886,Anna Jansson 2005,2005-07-21,2005,Sommar,https://www.sverigesradio.se/avsnitt/359897,https://static-cdn.sr.se/laddahem/podradio/sommar_i_p1/2005/07/sommar_i_p1_20050721_1300_3785212.mp3,3201,51410735,https://static-cdn.sr.se/images/2071/3234059_2048_1152.jpg,,"Författare, massör och sjuksköterska Gotlänningen, bosatt utanför Örebro, Anna Jansson, blir ställd då hon kommer till Stockholm. Där är hon förvirrad över rulltrappekotym och skillnaden mellan espresso och blåbärskaffe."
359898,5128238,Barbro Hedvall 2005,2005-07-22,2005,Sommar,https://www.sverigesradio.se/avsnitt/359898,https://static-cdn.sr.se/laddahem/podradio/sommar_i_p1/2005/07/sommar__vinter_i_p1_barbro_hedvall_2005_20240913_1106270784.mp3,2946,47332159,https://static-cdn.sr.se/images/2071/3234174_2048_1152.jpg,,"Journalist ”Äntligen stod skribenten vid radiomikrofonen!” så, med inga andra jämförelser med varken Selma Lagerlöf eller Gösta Berling, börjar Barbro Hedvall sitt program. Efter 25 år som åsiktsjournalist berättar hon hur det är att jobba och leva under devisen ”ge mig ett ämne, jag ger dig en åsikt”. Ett liv levt med nyhetspuls, om erfarenheter från många av modern historias största händelser, om Palme, 11:e september, mode och historia."
359899,5013477,Pia Johansson 2005,2005-07-23,2005,Sommar,https://www.sverigesradio.se/avsnitt/359899,https://static-cdn.sr.se/laddahem/podradio/sommar_i_p1/2005/07/sommar_i_p1_20050723_1300_28be074.mp3,3463,56035575,https://static-cdn.sr.se/images/2071/3234266_2048_1152.jpg,,"Skådespelare I sitt Sommarprogram 2005 pratar Pia om alla gånger hon har gjort bort sig. Historier om bröst, vårtor, inlevelser, blodiga skador och... cancer. Det är allvaret i livet: historier om cancerpatienter och rädslor och ångest. Det är ett sommarprogram som börjar med ett dödsbud och slutar med dykare och hemkomst. Och en hyllning till livet, och alla barn som vågar leva."
359900,5128124,Käbi Laretei 2005,2005-07-24,2005,Sommar,https://www.sverigesradio.se/avsnitt/359900,https://static-cdn.sr.se/laddahem/podradio/sommar_i_p1/2005/07/sommar_i_p1_20050724_1300_2f7531a.mp3,3444,55314624,https://static-cdn.sr.se/images/2071/3234344_2048_1152.jpg,,"Pianist, musikpedagog och författare Käbi Laretei beskriver sitt liv som ett kaleidoskop: färger, mångfald, och aldrig sig likt. Man skakar livet lite och så är det en helt ny konstellation av situationer och färger. Ingenting är ständigt, inget är beständigt. Hon längtar hem men vet egentligen inte vad detta är. Avsnitt och kapitel fyllda med historier om att lämna ett land och att återvända till ett land. Ett liv med Ingmar Bergman, och ett liv som pianist och författare."
324412,4913587,Hans Rosling 2005,2005-07-25,2005,Sommar,https://www.sverigesradio.se/avsnitt/324412,https://static-cdn.sr.se/laddahem/podradio/sommar_i_p1/2005/04/sommar__vinter_i_p1_hans_rosling_20240913_1107523804.mp3,2765,44286753,https://static-cdn.sr.se/images/2071/3234430_2048_1152.jpg,,"Professor i internationell hälsa vid Karolinska institutet – Arbetet som läkare och grötforskare i Afrika gjorde mig till professor i internationell hälsa på Karolinska Institutet. Jag berättar om händelser som förstärkt eller kullkastat mina åsikter från 1968. Det handlar om min beundran för nunnor, piloter och kvinnliga afrikanska bönder, den glädje som kommer från barn, cirkus, dataspel och globalisering, samt om hur svårt det är att argumentera med Fidel Castro och Utbildningsdepartementet."
279982,5000627,Sissela Kyle 2005,2005-07-26,2005,Sommar,https://www.sverigesradio.se/avsnitt/279982,https://static-cdn.sr.se/laddahem/podradio/sommar_i_p1/2005/07/sommar_i_p1_20050726_1300_2a5d0fe.mp3,3412,55217093,https://static-cdn.sr.se/images/2071/3234501_2048_1152.jpg,,"Skådespelerska, komiker och regissör Sissela Kyle har varit Sommarvärd två gånger innan, men i sitt tredje Sommarprogram talar hon om att vara där men ändå inte. Som Posten, som är där, på något sätt, men ändå inte. Henne pappa förstod aldrig riktigt det: var ska man egentligen betala räkningarna om inte på Posten?"
359901,4913735,Martin Stenmarck 2005,2005-07-27,2005,Sommar,https://www.sverigesradio.se/avsnitt/359901,https://static-cdn.sr.se/laddahem/podradio/sommar_i_p1/2005/07/sommar__vinter_i_p1_martin_stenmarck_2005_20240913_1109374911.mp3,2426,38861139,https://static-cdn.sr.se/images/2071/3234624_2048_1152.jpg,,"ARTIST. Martin Stenmarck har bestämt sig för att inte låta journalister komma honom inom på livet, och inte svara helt öppet på alla frågor. Det är ett Sommarprogram om att ljuga för att man inte hinner med att berätta sanningen. Om att inte svara på frågor, en princip som han lägger åt sidan och öppnar upp sig för andras frågor till honom, om honom. Även med blodiga historier om hur han sköt sin bror med pilbåge och tog ett världsrekord i läskdrickande."
359908,5105760,Astrid Assefa 2005,2005-07-28,2005,Sommar,https://www.sverigesradio.se/avsnitt/359908,https://static-cdn.sr.se/laddahem/podradio/sommar_i_p1/2005/07/sommar__vinter_i_p1_astrid_assefa_2005_20240913_1109553294.mp3,2247,36153839,https://static-cdn.sr.se/images/2071/3234801_2048_1152.jpg,,"Skådespelerska, sångerska och teaterchef Var inte Astrid Assefas far död? Det var vad Astrid trodde hela sitt liv fram till att hon fyllde 21 år. Chockerande, men likväl en lektion i livets förgänglighet. Om att känna sig så nära och så långt ifrån ett hemland. Det är ett program om att leva i de kulturella korsvägarnas ständiga storm, och att alltid irritera sig på uttrycket ”politiskt korrekt”."
324413,4913916,Marie Rådbo 2005,2005-07-29,2005,Sommar,https://www.sverigesradio.se/avsnitt/324413,https://static-cdn.sr.se/laddahem/podradio/sommar_i_p1/2005/07/sommar__vinter_i_p1_marie_radbo_2005_20240913_1114013395.mp3,2819,45146033,https://static-cdn.sr.se/images/2071/3234812_2048_1152.jpg,,"Universitetslektor i astronomi vid Göteborgs universitet och hedersdoktor vid Chalmers tekniska högskola Astronomi handlar om livet, och var aliens och Gud egentligen bor. Marie Rådbo svarar på frågor som vi alla har undrat: var vi alla kommer ifrån. Men problemet är att man inte riktigt vet - än så länge. – I mitt program berättar jag om mitt liv som astronom, men framför allt om universum och hur jordnära det trots allt är. Ett och annat tips på hur man kan gå ut och njuta av vårt universum."
324414,4914427,Mauro Scocco 2005,2005-07-30,2005,Sommar,https://www.sverigesradio.se/avsnitt/324414,https://static-cdn.sr.se/laddahem/podradio/sommar_i_p1/2005/07/sommar__vinter_i_p1_mauro_scocco_2005_20240912_1738024916.mp3,2420,38765236,https://static-cdn.sr.se/images/2071/3235188_2048_1152.jpg,,"Artist, kompositör och producent Mauro Scocco Sommarpratade 2005 helt naken. Orsaken var ett vad mellan honom och Anita Ekberg i kulisserna till Sommars presskonferens. Mauro minns delar av sitt liv; som den där gången han bodde på Skånegatan i dagens ack så trendiga SoFo på Södermalm i Stockholm, men som då mest var Finsk blandmissbrukare-Fo. – Mitt program kommer inte ha någon röd tråd. Framför allt ser jag Sommar som ett unikt tillfälle att pracka på svenska folket min favoritmusik."
359911,4979258,Mustafa Can 2005,2005-07-31,2005,Sommar,https://www.sverigesradio.se/avsnitt/359911,https://static-cdn.sr.se/laddahem/podradio/sommar_i_p1/2005/07/sommar_i_p1_20050731_1300_283171f.mp3,3120,49965064,https://static-cdn.sr.se/images/2071/3235252_2048_1152.jpg,,Författare och journalist Mustafa Can kallar sig själv för en hemlös främning. Han berättar i sitt Sommarprogram berättelser ur det riktiga livet och berättar om sin far. Som barn bodde han i en lägenhet som varken kändes eller såg ut som ett hem.
359913,5105695,Efva Attling 2005,2005-08-01,2005,Sommar,https://www.sverigesradio.se/avsnitt/359913,https://static-cdn.sr.se/laddahem/podradio/sommar_i_p1/2005/08/sommar__vinter_i_p1_efva_attling_2005_20240912_1734204811.mp3,2521,40541288,https://static-cdn.sr.se/images/2071/3235357_2048_1152.jpg,,"Designer och silversmed Från metallslöjdssalen gick Efva Attlings resa till Paris via en karriär som gogodansare på Gröna Lund. Ett program om att bli ratad, om att hänga på, och att livet inte alltid är bara leenden. Det är ett program om både träslöjd och konkurrens framför både spegeln och i styrelserummet. – Mina spännande upplevelser i livet från fotomodell till popsångerska till designer är starkt förknippade med musik. Jag ska prata om det och spela musik med röster som berör mig."
359914,4914576,Kay Pollak 2005,2005-08-02,2005,Sommar,https://www.sverigesradio.se/avsnitt/359914,https://static-cdn.sr.se/laddahem/podradio/sommar_i_p1/2005/08/sommar__vinter_i_p1_kay_pollak_2005_20240913_1042481265.mp3,2983,47776876,https://static-cdn.sr.se/images/2071/3235383_2048_1152.jpg,,"Filmregissör och författare – Glädje, förakt, förälskelse, inspiration, mobbing och rädsla - allt det kommer jag att prata om i mitt sommarprogram. Och om varför jag älskar att göra film. Och vad som hände på den där tokiga kursen där vi alla först skulle tvätta varandras fötter. Och så ska jag spela härlig musik. Med Louis Armstrong! Och så förstås Mozart! Och Sven Ingvars!"
359915,4914586,Ingrid Sommar 2005,2005-08-03,2005,Sommar,https://www.sverigesradio.se/avsnitt/359915,https://static-cdn.sr.se/laddahem/podradio/sommar_i_p1/2005/08/sommar_i_p1_20050803_1300_26199c9.mp3,2308,36978935,https://static-cdn.sr.se/images/2071/3235400_2048_1152.jpg,,"Journalist och författare. – Jag tänker tala om design som också är det jag jobbar med. Särskilt då om den förkättrade skandinaviska designen, känd och beundrad utomlands, men här hemma betraktad som en propp för utvecklingen. Sedan är jag en engagerad musiklyssnare och tänker leta både bland mina egna favoriter och i vänners iPod-arkiv efter musik som faktiskt har en koppling till design."
324415,4914637,Marcus Samuelsson 2005,2005-08-04,2005,Sommar,https://www.sverigesradio.se/avsnitt/324415,https://static-cdn.sr.se/laddahem/podradio/sommar_i_p1/2005/08/sommar__vinter_i_p1_marcus_samuelsson_2005_20240912_1732159015.mp3,2321,37174744,https://static-cdn.sr.se/images/2071/3235476_2048_1152.jpg,,"KOCK OCH KRÖGARE. Marcus Samuelsson är inte ensam i sitt Sommar: han har med sig sin systerson Petrus och pratar om vikten av drömmar och föräldrars förväntningar på sina barn. Programmet sträcker sig från New York till Smögen. Om passion och att laga mat oavsett om den är ”svart” eller ”vit” och bara laga mat som man själv gillar. – Jag talar om förändringen genom åren av vad ens föräldrar vill att deras barn ska bli. Jag ska även berätta resminnen, tala om hur man kan utveckla sin smak."
359920,4914651,Sari Nykvist 2005,2005-08-05,2005,Sommar,https://www.sverigesradio.se/avsnitt/359920,https://static-cdn.sr.se/laddahem/podradio/sommar_i_p1/2005/08/sommar__vinter_i_p1_sari_nykvist_2005_20240912_1725584085.mp3,2418,38730688,https://static-cdn.sr.se/images/2071/3235504_2048_1152.jpg,,"Journalist Sari Nykvists Sommarprogram tar sitt avstamp i lunchrusningen i centrala Stockholm, i en protest för tillgänglighet och respekt: – Jag är CP och jag är stolt. Jag ska prata om diskriminering, apartheidsystemet, om civil olydnad och kampen för att behandlas lika. Dessutom om dödshjälp kontra livssyn. Och om synen på funktionshindrade som en svag grupp. Efter mitt program lovar jag att du inte kommer att tycka synd om mig!"
359922,5091001,Anders Jansson 2005,2005-08-06,2005,Sommar,https://www.sverigesradio.se/avsnitt/359922,https://static-cdn.sr.se/laddahem/podradio/sommar_i_p1/2005/08/sommar__vinter_i_p1_anders_jansson_2005_20240912_1725333922.mp3,3352,53835666,https://static-cdn.sr.se/images/2071/3235538_2048_1152.jpg,,"Skådespelare, komiker och manusförfattare Anders Jansson sitter inte ensam i studion under sitt Sommar. Där sitter han med karaktärer som Tony Thomasson, Tiffany Persson och utrikeskorrespondenten Morgan Pålsson, alla från TV-serien HippHipp, som Anders har varit med att skapa. – Jag pratar om HippHipp, 20-sidiga tärningar, nudister, skinnslipsar och att växa upp som den yngste bland fem syskon. Vidare om varför jag egentligen borde blivit rallyförare och hur mycket Star Wars påverkat mitt liv."
359923,4914683,Pigge Werkelin 2005,2005-08-07,2005,Sommar,https://www.sverigesradio.se/avsnitt/359923,https://static-cdn.sr.se/laddahem/podradio/sommar_i_p1/2005/08/sommar__vinter_i_p1_pigge_werkelin_2005_20240912_1721486036.mp3,2897,46401422,https://static-cdn.sr.se/images/2071/3235566_2048_1152.jpg,,"Författare och entreprenör. Pigges Sommarprogram handlar om tsunamin i Thailand där han förlorade sin familj: – Jag tänker prata om det katastrofalt dåliga agerandet från Sverige i samband med olyckan i Thailand. Hur mina värsta ovänner har hjälp mig i livet. Fördelen med att vara dyslektiker. Sökandet efter ny fru och familj. Det blir rätt mycket svensk musik, bland annat ett par låtar med favoriten Ted Gärdestad."
359924,4914947,Gunilla Pontén 2005,2005-08-08,2005,Sommar,https://www.sverigesradio.se/avsnitt/359924,https://static-cdn.sr.se/laddahem/podradio/sommar_i_p1/2005/08/sommar__vinter_i_p1_gunilla_pontn_2005_20240912_1721202663.mp3,2894,46347934,https://static-cdn.sr.se/images/2071/3235865_2048_1152.jpg,,"Modeskapare Från flickskolan i Skövde till Nordiska Muséet så har Gunilla Pontén haft stil på synen på livet. Redan i skolan chockerade hon då hon som flicka stegade in i skolan med läppstift och en kombiation av röda och gröna strumpor. Genom både hovdamer och journalister på Damernas Värld går Gunillas stilresa. – Jag tänker berätta om mina omvälvande designår. Jag delger er även mycket annat som för mig är spännande och intressant, i hopp om att många kommer att inspireras och glädjas!"
359925,4915120,Urban Bäckström 2005,2005-08-09,2005,Sommar,https://www.sverigesradio.se/avsnitt/359925,https://static-cdn.sr.se/laddahem/podradio/sommar_i_p1/2005/08/sommar__vinter_i_p1_urban_backstrom_2005_20240912_1716424720.mp3,2175,34843051,https://static-cdn.sr.se/images/2071/3236010_2048_1152.jpg,,"Politiker (m), ekonom och företagsledare – Mitt tema kommer att vara gryning i bokstavlig, bildlig och vid mening. Jag kommer att prata om när och var det nya börjar utifrån min egen erfarenhet, från historien och från nuet. Min musiksmak, som kommer att märkas i programmet, bär spår av uppväxttiden – vinylklassiker från 1960-talet."
359929,4915156,Per Öberg 2005,2005-08-10,2005,Sommar,https://www.sverigesradio.se/avsnitt/359929,https://static-cdn.sr.se/laddahem/podradio/sommar_i_p1/2005/08/sommar__vinter_i_p1_per_berg_2005_20240912_1716186305.mp3,2480,39723521,https://static-cdn.sr.se/images/2071/3236205_2048_1152.jpg,,Narkosskötare och hjälparbetare i Röda Korset Som hjälparbetare i Röda Korset har Per hjälpt människor över hela världen. Då han sitter i TV-soffan hemma i Sverige och hör om en katastrof får han direkt känslan att han ska dit - dit och hjälpa till: – Jag ska prata om hur det är att jobba i krig och katastrofer – hur det påverkar mig och hur det påverkar de områden där jag jobbar. Jag kommer också att ta upp hur det är att jobba med 400 mer eller mindre seriösa hjälporganisationer.
359931,5105257,Tomas Alfredson 2005,2005-08-11,2005,Sommar,https://www.sverigesradio.se/avsnitt/359931,https://static-cdn.sr.se/laddahem/podradio/sommar_i_p1/2005/08/sommar_i_p1_20050811_1300_2b9e747.mp3,2790,44844862,https://static-cdn.sr.se/images/2071/3236263_2048_1152.jpg,,"Regissör och manusförfattare Tomas är infödd i kretsen som sysslar med det han själv sysslar med: film- och teatermänniskor. Människor som är duktiga, tafsiga, yviga, självupptagna och alldeles fantastiska. Och ibland helt vanliga. Det är ett Sommarprogram om ett helt vanligt kändisbarn som har gått och blivit en rätt hyfsad regissör. Men även lite om Hitler och att leka Hitler. – Jag ska prata om hur ett helt vanligt kändisbarn har blivit en rätt hyfsad regissör, med fina låtar emellan."
359932,4915237,Susanne Ljung 2005,2005-08-12,2005,Sommar,https://www.sverigesradio.se/avsnitt/359932,https://static-cdn.sr.se/laddahem/podradio/sommar_i_p1/2005/08/sommar__vinter_i_p1_susanne_ljung_2005_20240912_1713548777.mp3,1467,23520511,https://static-cdn.sr.se/images/2071/3236294_2048_1152.jpg,,"Modejournalist och programledare – Skramlet från en cocktailshaker. Prasslet av shoppingpåsar. Havet vid Hamptons. Söder i Stockholm. Kattspinn. Madison Avenue och Grekland. Jag tänker sända en serie med ljudvykort från ställen och situationer som jag tycker om, och berätta varför. Och så blir det musik av Rufus Wainwright."
352859,4915287,Jan Eliasson 2005,2005-08-13,2005,Sommar,https://www.sverigesradio.se/avsnitt/352859,https://static-cdn.sr.se/laddahem/podradio/sommar_i_p1/2005/08/sommar__vinter_i_p1_jan_eliasson_2005_20240916_1141114554.mp3,2605,41722685,https://static-cdn.sr.se/images/2071/3236310_2048_1152.jpg,,Diplomat och politiker – I mitt program vill jag se både i backspegeln och i kikaren. Jag kommer att se tillbaka på möten med goda och onda i världen och på mina år i diplomatin och i USA. Men jag vill också se framåt och tala om framtiden och våra förhoppningar om en bättre värld. Det blir både rötter och vingar i programmet – och musik därefter.
359934,5105526,Lars Ulvenstam 2005,2005-08-14,2005,Sommar,https://www.sverigesradio.se/avsnitt/359934,https://static-cdn.sr.se/laddahem/podradio/sommar_i_p1/2005/08/sommar_i_p1_20050814_1300_34ab340.mp3,3984,63942971,https://static-cdn.sr.se/images/2071/3236331_2048_1152.jpg,,"Journalist och författare – Låt oss för en gångs skull börja med lite skitprat, bokstavligen. Sen återgår jag nog till allvaret, ålderdomen och tomheten efteråt. Men slutar med skönhet, glädje och kärlek i livet. Försvara dem!"
363731,4915967,Prinsessan Märtha Louise 2006,2006-06-18,2006,Sommar,https://www.sverigesradio.se/avsnitt/363731,https://static-cdn.sr.se/laddahem/podradio/sommar_i_p1/2006/06/sommar__vinter_i_p1_prinsessan_martha_louise_2006_20240913_1127557544.mp3,2442,39117950,https://static-cdn.sr.se/images/2071/3237055_2048_1152.jpg,,"Prinsessa och barnboksförfattare. I en liten båt i havet tar prinsessan Märtha Louises Sommarprogram sin början. Kort därefter kapsejsar båten. Prinsessan berättar om hennes tävlingssinne och hur det påverkade henne då hon seglade med sin bror, och hur det har drivit henne som vuxen att emot förväntningarna grundat sitt eget företag och tjäna egna pengar. Idag brinner prinsessan för sagor och den speciella relation som vi alla har till sagor - och hur hon själv bidrar till denna sagotradition."
359940,4916032,Niklas Wikegård 2006,2006-06-19,2006,Sommar,https://www.sverigesradio.se/avsnitt/359940,https://static-cdn.sr.se/laddahem/podradio/sommar_i_p1/2006/06/sommar__vinter_i_p1_niklas_wikegard_2006_20240913_1129427465.mp3,2519,40342852,https://static-cdn.sr.se/images/2071/3237143_2048_1152.jpg,,"Expertkommentator och före detta ishockeytränare. Niklas Wikegård - resultatet, enligt hans pappa, av en sprucken kondom - berättar i sitt Sommarprogram hur hans liv har sedan födseln gått på högvarv. Det är ett liv levt genom sporten, ett liv vid och på ishockeyrinken. Sporten, denna värld som lever vidare genom drivet och engagemanget; från barndomens rinkar i Gävle till de stora arenor Niklas idag spenderar sin tid på. Och sen, en kärleksförklaring till materialförvaltarna."
359942,4916066,Mohammad Fazlhashemi 2006,2006-06-20,2006,Sommar,https://www.sverigesradio.se/avsnitt/359942,https://static-cdn.sr.se/laddahem/podradio/sommar_i_p1/2006/06/sommar__vinter_i_p1_mohammad_fazlhashemi_2006_20240913_1131204014.mp3,2688,43043656,https://static-cdn.sr.se/images/2071/3237218_2048_1152.jpg,,"Professor i idéhistoria När Mohammad svarade helt fel på den Iranska överhetens kontrollfrågor blev han spärrad från universitetsstudier i landet och fick för sig att studera i Sverige. Han hade en vän som föreslog det och utan att veta något direkt om Sverige anländer han snart därefter till Umeå. Det är början på en resa som handlar om mötet med det nya och främmande, att möta och hysa fördomar och sökandet efter samhörighet och beröringspunkter."
359944,4916137,Nina Yunkers 2006,2006-06-21,2006,Sommar,https://www.sverigesradio.se/avsnitt/359944,https://static-cdn.sr.se/laddahem/podradio/sommar_i_p1/2006/06/sommar__vinter_i_p1_nina_yunkers_2006_20240913_1131387339.mp3,2027,32471101,https://static-cdn.sr.se/images/2071/3237303_2048_1152.jpg,,"Författare av Goda råd-böcker. I Nina Yunkers Sommarprogram hör vi valda bitar ur hennes osorterade liv. Bland annat kallad ”hela Sveriges kloka gumma”. Det är en historia om både alltför mycket smågodis till små barn, sandstormar i Marocko och sandstormar. Världen över som fille au pair, moderedaktör och nu Sommarvärd! - Jag ska berätta om min far, om tiden som fille de au pair, som moderedaktör och om udda resor - ett lapptäcke av upplevelser. Och så blir det udda smala musikbitar."
362019,4916343,Göran Malmqvist 2006,2006-06-22,2006,Sommar,https://www.sverigesradio.se/avsnitt/362019,https://static-cdn.sr.se/laddahem/podradio/sommar_i_p1/2006/06/sommar__vinter_i_p1_goran_malmqvist_2006_20240913_1136198026.mp3,3417,54713573,https://static-cdn.sr.se/images/2071/3237532_2048_1152.jpg,,"Professor emeritus i sinologi, språkforskare, översättare och Kinaexpert. Göran Malmqvist berättar att någon gång i livet så måste man ställa till med en hejdundrande fest. Den 30:e augusti 2004 gjorde han just det, i en fattig bergsby i Kina. Hela byn kom! Det är just där Göran Sommarprogram tar sin början och har sitt fokus - han ger oss en uppfattning om det Kina som en gång var: – I mitt program kommer jag att ströva på igenvuxna stigar i svunna världar och i minnets märkliga labyrinter."
362022,4916355,Nisti Stêrk 2006,2006-06-23,2006,Sommar,https://www.sverigesradio.se/avsnitt/362022,https://static-cdn.sr.se/laddahem/podradio/sommar_i_p1/2006/06/sommar__vinter_i_p1_nisti_strk_2006_20240913_1137125766.mp3,2196,35179822,https://static-cdn.sr.se/images/2071/3237612_2048_1152.jpg,,"Ståuppkomiker och skådespelerska. – I mitt program ska jag tala om hur det är att komma från ett land som inte finns på kartan till möjligheternas land, Sverige. Och orka kämpa, orka leva och tro på sina drömmar. Om min resa från min farfar till att sommarprata med hela svenska folket."
362053,4917421,Rikard Wolff 2006,2006-06-24,2006,Sommar,https://www.sverigesradio.se/avsnitt/362053,https://static-cdn.sr.se/laddahem/podradio/sommar_i_p1/2006/06/sommar__vinter_i_p1_rikard_wolff_20250129_0952130093.mp3,2631,42138771,https://static-cdn.sr.se/images/2071/3237760_2048_1152.jpg,,Artist.
362059,4917433,Åke Ortmark 2006,2006-06-25,2006,Sommar,https://www.sverigesradio.se/avsnitt/362059,https://static-cdn.sr.se/laddahem/podradio/sommar_i_p1/2006/06/sommar__vinter_i_p1_ke_ortmark_2006_20240913_1144323429.mp3,2544,40748453,https://static-cdn.sr.se/images/2071/3237860_2048_1152.jpg,,"Journalist. Åke Ortmark försöker förklara varför det finns så många inkompetenta politiker. Är konkurrensen verkligen så dålig? frågar han sig. Men en gång i tiden var det kanske journalisterna som var inkompetenta. Han minns tillbaka till då han som ung steg in på riksradions redaktion och märkte hur tunga spritångorna låg över hela rummet. Han berättar hur han har tjatat på makthavare i 50 år för att få dem att berätta sanningen. Ibland har det varit roligt, ibland har det blivit konflikt."
362074,4916628,Malin Alfvén 2006,2006-06-26,2006,Sommar,https://www.sverigesradio.se/avsnitt/362074,https://static-cdn.sr.se/laddahem/podradio/sommar_i_p1/2006/06/sommar__vinter_i_p1_malin_alfvn_2006_20240913_1145094277.mp3,2669,42742870,https://static-cdn.sr.se/images/2071/3237981_2048_1152.jpg,,Föräldrapsykolog. – Jag ska försöka förklara varför jag tycker att det är kul med problem och hur vi människor växer då vi löser dem. Dessutom ska jag prata om trots och om oro genom livet och annat som gör att vi människor utvecklas och mognar.
362075,5058977,Annika Ström Melin 2006,2006-06-27,2006,Sommar,https://www.sverigesradio.se/avsnitt/362075,https://static-cdn.sr.se/laddahem/podradio/sommar_i_p1/2006/06/sommar__vinter_i_p1_annika_strom_melin_2006_20240913_1145317173.mp3,2831,45919391,https://static-cdn.sr.se/images/2071/3238023_2048_1152.jpg,,"JOURNALIST OCH FÖRFATTARE. EU har varit stor del av Annika Ström Melins liv och ställer sig mycket skeptisk till att partier på både vänster- och högerkanten ställer sig så kritiska till EU. Från valnätter i Danmark till Albansk fattigdom går Annikas resa. Den täcker ämnen som nationalism, samarbete och människor - människorna, som har gjort ett stort intryck på henne."
362103,5058896,Tomas Sjödin 2006,2006-06-28,2006,Sommar,https://www.sverigesradio.se/avsnitt/362103,https://static-cdn.sr.se/laddahem/podradio/sommar_i_p1/2006/06/sommar_i_p1_20060628_1500_39c9a48.mp3,2698,43789535,https://static-cdn.sr.se/images/2071/3262391_2048_1152.jpg,,"Predikant, föreläsare och författare I sitt andra Sommarprogram från 2006 pratar han om att ha en himmel över sitt liv, om höga träd och gungor, om att våga falla, bli mottagen och buren som människa."
362132,4917413,Maria Johansson 2006,2006-06-29,2006,Sommar,https://www.sverigesradio.se/avsnitt/362132,https://static-cdn.sr.se/laddahem/podradio/sommar_i_p1/2006/06/sommar__vinter_i_p1_maria_johansson_2006_20240913_1146173203.mp3,3042,48708691,https://static-cdn.sr.se/images/2071/3238695_2048_1152.jpg,,"Skådespelerska och regissör. Maria Johanssons Sommarprogram handlar om ansiktet. Ansiktet, den kroppsdel som hur vi än vänder oss har framåt. Denna del som vi bara ser genom andra. Hur tänker man kring ansikten? Hur tänker man då man ser ett foto av ett ansikte? Ett ansikte av en vaxdocka? Och i datorspel? Vill vi att allt ska se ut som i verkligheten? Maria Johanssons program är ett program om ytans betydelse och ansikten man minns och vilka man aldrig får se."
324143,5058861,Björn Olsen 2006,2006-06-30,2006,Sommar,https://www.sverigesradio.se/avsnitt/324143,https://static-cdn.sr.se/laddahem/podradio/sommar_i_p1/2006/06/sommar__vinter_i_p1_bjorn_olsen_2006_20240913_1146415225.mp3,3111,50405433,https://static-cdn.sr.se/images/2071/3240971_2048_1152.jpg,,Professor och expert på fågelburna infektionssjukdomar I sitt Sommar från 2006 pratar Björn Olsen om passionen för fåglar och om hur en och annan dödssynd har hjälpt ett maskrosbarn att komma upp igenom asfalten.
324144,4919617,Alexandra Rapaport 2006,2006-07-01,2006,Sommar,https://www.sverigesradio.se/avsnitt/324144,https://static-cdn.sr.se/laddahem/podradio/sommar_i_p1/2006/07/sommar__vinter_i_p1_alexandra_rapaport_2006_20240913_1146564670.mp3,3101,49665570,https://static-cdn.sr.se/images/2071/3240995_2048_1152.jpg,,"Skådespelerska I sitt Sommar från 2006 berättar hon om filmstjärnedrömmar, drivkraft, fula knep och taktik på scenen."
362944,4919630,John Ajvide Lindqvist 2006,2006-07-02,2006,Sommar,https://www.sverigesradio.se/avsnitt/362944,https://static-cdn.sr.se/laddahem/podradio/sommar_i_p1/2006/07/sommar__vinter_i_p1_john_ajvide_lindqvist_2006_20240913_1147121395.mp3,2759,44193138,https://static-cdn.sr.se/images/2071/3241013_2048_1152.jpg,,"Författare – Mitt program ska handla om kärlek, skräck och humor. Om stigarna som går emellan dessa ämnen. Jag ska berätta om varför jag är lycklig och spela gladpop. Kanske skrämmas lite också."
362945,4919639,Johan Rheborg 2006,2006-07-03,2006,Sommar,https://www.sverigesradio.se/avsnitt/362945,https://static-cdn.sr.se/laddahem/podradio/sommar_i_p1/2006/07/sommar__vinter_i_p1_johan_rheborg_2006_20240913_1147395350.mp3,3174,50822091,https://static-cdn.sr.se/images/2071/3241045_2048_1152.jpg,,"Skådespelare och manusförfattare – Jag tänker tala om hat, kärlek, teater och om mig själv. Musiken hämtar jag direkt ur min ipod. Bara personliga favoriter. Puss!"
362946,4919661,Greger Hagelin 2006,2006-07-04,2006,Sommar,https://www.sverigesradio.se/avsnitt/362946,https://static-cdn.sr.se/laddahem/podradio/sommar_i_p1/2006/07/sommar__vinter_i_p1_greger_hagelin_2006_20240913_1148002533.mp3,2084,33385032,https://static-cdn.sr.se/images/2071/3241053_2048_1152.jpg,,"Grundare av och vd för klädföretaget WeSC – Jag ska prata om skateboard – som förr var min livsstil och hobby och nu är min arbetsglädje. Om de ”bortkastade” åren i Los Angeles, som sedan möjliggjorde WE. Musiken i programmet speglar mitt liv, men det blir ingen skit som Carola."
362947,4919699,Pernilla Stalfelt 2006,2006-07-05,2006,Sommar,https://www.sverigesradio.se/avsnitt/362947,https://static-cdn.sr.se/laddahem/podradio/sommar_i_p1/2006/07/sommar__vinter_i_p1_pernilla_stalfelt_2006_20240913_1148236046.mp3,2717,43508039,https://static-cdn.sr.se/images/2071/3241105_2048_1152.jpg,,Barnboksförfattare och illustratör. - Det kommer att handla en del om barn på olika plan och om mig själv som barn. Att bli förälder genom en resa. Lite om konst och så schysst musik!
363044,5058767,Christer Ericsson 2006,2006-07-06,2006,Sommar,https://www.sverigesradio.se/avsnitt/363044,https://static-cdn.sr.se/laddahem/podradio/sommar_i_p1/2006/07/sommar__vinter_i_p1_christer_ericsson_2006_20240913_1148445816.mp3,2958,47954452,https://static-cdn.sr.se/images/2071/3241170_2048_1152.jpg,,"Entreprenör, industriman och sjökapten I sitt Sommarprogram 2006 berättar Christer Ericsson om sina år till sjöss, om nystarter i exotiska länder och om uppblåsta personer."
363134,4919797,Zanyar Adami 2006,2006-07-07,2006,Sommar,https://www.sverigesradio.se/avsnitt/363134,https://static-cdn.sr.se/laddahem/podradio/sommar_i_p1/2006/07/sommar__vinter_i_p1_zanyar_adami_2006_20240913_1149018480.mp3,2689,43060641,https://static-cdn.sr.se/images/2071/3241184_2048_1152.jpg,,Journalist och före detta chefredaktör för Gringo – Mitt program ska handla om mina föräldrars bortglömda historia som frihetskämpar.
363417,4919888,Klas Östergren 2006,2006-07-08,2006,Sommar,https://www.sverigesradio.se/avsnitt/363417,https://static-cdn.sr.se/laddahem/podradio/sommar_i_p1/2006/07/sommar__vinter_i_p1_klas_stergren_2006_20240913_1151559264.mp3,2439,39065345,https://static-cdn.sr.se/images/2071/3241248_2048_1152.jpg,,"Författare och översättare – Det är ett jubileumsprogram, om en del olika jubilarer, som Ibsen, men också för att det är 25 år sedan jag gjorde Sommar förra gången. Programmet tar sitt avstamp i ungdomens frankofili, med Serge Gainsbourg och cigaretter tjocka som murartummar. I Paris närde Klas Östergren sitt sinne och lärde sig att äta ostron och inte arbeta för mycket. Klas frågar sig även - då han står fram för ett antal hormonstinna tonårskillar - om han inte är rätt så lik farbror Melker."
363426,4919927,Maria Möller 2006,2006-07-09,2006,Sommar,https://www.sverigesradio.se/avsnitt/363426,https://static-cdn.sr.se/laddahem/podradio/sommar_i_p1/2006/07/sommar__vinter_i_p1_maria_moller_2006_20240913_1152127067.mp3,2352,37670769,https://static-cdn.sr.se/images/2071/3241306_2048_1152.jpg,,"Sångerska, skådespelerska och imitatör - En till synes strukturerad oordning kommer att råda, då jag bland annat pratar om ljudallergi, kommunikativa krockar och negativ positivism. Gästerna i studion blir säkert fler än jag hade tänkt mig…"
363516,4919939,Jackie Jakubowski 2006,2006-07-10,2006,Sommar,https://www.sverigesradio.se/avsnitt/363516,https://static-cdn.sr.se/laddahem/podradio/sommar_i_p1/2006/07/sommar__vinter_i_p1_jackie_jakubowski_2006_20240913_1152323765.mp3,2524,40432683,https://static-cdn.sr.se/images/2071/3241345_2048_1152.jpg,,Journalist och författare – Det sägs att ”människan är Guds tanke”. Det är inte klart vad som var tanken med de människor vilkas märkliga öden jag ska berätta om. Och musiken är allt från zigenskt vemod och polsk smörsång till texasblues och arabisk soul.
363524,4919994,Mikael Engström 2006,2006-07-11,2006,Sommar,https://www.sverigesradio.se/avsnitt/363524,https://static-cdn.sr.se/laddahem/podradio/sommar_i_p1/2006/07/sommar__vinter_i_p1_mikael_engstrom_2006_20240913_1152491618.mp3,2669,42750097,https://static-cdn.sr.se/images/2071/3241471_2048_1152.jpg,,"Författare, fotograf, journalist och fiskeexpert – I mitt program ska jag försöka reda ut varför pappas hembyggda roddbåt alltid drog snett. ”Sitt rakt i båten ungjävel”, sa han vrångt. Men den drog snett hur rakt jag än satt. Ska spela lite blues. Jag ska också berätta detaljer om hur jag under min tid på Försvarets radioanstalt tog emot hemligt amerikanskt försvarsmateriel."
363527,4920052,Vesna Stanisic 2006,2006-07-12,2006,Sommar,https://www.sverigesradio.se/avsnitt/363527,https://static-cdn.sr.se/laddahem/podradio/sommar_i_p1/2006/07/sommar__vinter_i_p1_vesna_stanisic_2006_20240913_1153147989.mp3,2478,39699391,https://static-cdn.sr.se/images/2071/3241500_2048_1152.jpg,,"Dramaturg och översättare. – I mitt program ska jag berätta om hur det var att som nyanländ flykting föda barn under Lucianatten, om min saknad efter Hasse och Tage och vi ska bland annat lyssna på Birgitta Andersson och Allan Edwall."
363529,5058666,Agneta Ekmanner 2006,2006-07-13,2006,Sommar,https://www.sverigesradio.se/avsnitt/363529,https://static-cdn.sr.se/laddahem/podradio/sommar_i_p1/2006/07/sommar__vinter_i_p1_agneta_ekmanner_2006_20240913_1153418500.mp3,2752,44651313,https://static-cdn.sr.se/images/2071/3241522_2048_1152.jpg,,Skådespelerska I sitt Sommarprogram 2006 berättar Agneta om kvinnor hon mött både på scen och i verkligheten och deras röster. Och om rösten som ett instrumentalt verktyg.
363530,4920072,Pär Holmgren 2006,2006-07-14,2006,Sommar,https://www.sverigesradio.se/avsnitt/363530,https://static-cdn.sr.se/laddahem/podradio/sommar_i_p1/2006/07/sommar__vinter_i_p1_par_holmgren_2006_20240913_1154101553.mp3,2678,42893113,https://static-cdn.sr.se/images/2071/3241562_2048_1152.jpg,,"Meteorolog – Jag ska prata om klimatet, vad som är på väg att hända, vad vi kan göra, och varför det är så bråttom att göra så mycket som möjligt redan nu. Dessutom blir det hård rock – som inte bara är hårdrock."
363616,5058559,Erika Sunnegårdh 2006,2006-07-15,2006,Sommar,https://www.sverigesradio.se/avsnitt/363616,https://static-cdn.sr.se/laddahem/podradio/sommar_i_p1/2006/07/sommar__vinter_i_p1_erika_sunnegardh_2006_20240913_1154396432.mp3,2768,44905472,https://static-cdn.sr.se/images/2071/3241654_2048_1152.jpg,,"OPERASÅNGERSKA. Pratar om perfektionismens påtagliga brister, om råd hon har fått och individerna som gett dem. Och om det magiska som händer inför en levande publik."
325668,4920159,Mikael Persbrandt 2006,2006-07-16,2006,Sommar,https://www.sverigesradio.se/avsnitt/325668,https://static-cdn.sr.se/laddahem/podradio/sommar_i_p1/2006/07/sommar__vinter_i_p1_mikael_persbrandt_2006_20240913_1155014567.mp3,2190,35080894,https://static-cdn.sr.se/images/2071/3241683_2048_1152.jpg,,"Skådespelare I sitt andra Sommarprogram blir det inget snaskigt skvaller, däremot prat om drömmer och hur det är att vara man."
363633,4920240,Malin Berghagen 2006,2006-07-17,2006,Sommar,https://www.sverigesradio.se/avsnitt/363633,https://static-cdn.sr.se/laddahem/podradio/sommar_i_p1/2006/07/sommar__vinter_i_p1_malin_berghagen_2006_20240913_1155165447.mp3,2349,37622342,https://static-cdn.sr.se/images/2071/3241754_2048_1152.jpg,,"Skådespelerska, programledare, artist och yogainstruktör – I mitt program kommer jag att tala om hälsa, kost och om andliga värderingar."
324145,5003245,Christopher O’Regan 2006,2006-07-18,2006,Sommar,https://www.sverigesradio.se/avsnitt/324145,https://static-cdn.sr.se/laddahem/podradio/sommar_i_p1/2006/07/sommar_i_p1_20060718_1300_2986b9a.mp3,3174,51406369,https://static-cdn.sr.se/images/2071/3242164_2048_1152.jpg,,Författare och historiker. I Sommar från 2006 berättar han om hur det är att leva med ena foten i 1700-talet och den andra i nutiden. Och om det vi kallar kärlek.
363996,4920984,Louise Bjurwill 2006,2006-07-19,2006,Sommar,https://www.sverigesradio.se/avsnitt/363996,https://static-cdn.sr.se/laddahem/podradio/sommar_i_p1/2006/07/sommar__vinter_i_p1_louise_bjurwill_2006_20240913_1155541470.mp3,2500,40039500,https://static-cdn.sr.se/images/2071/3242360_2048_1152.jpg,,"Advokat – I mitt sommarprogram ska jag tala om arbete, kamp, fest och lidelse. Jazz, blues, soul, reggae och lite klassisk musik utlovas!"
363997,4920997,René Vázquez Diaz 2006,2006-07-20,2006,Sommar,https://www.sverigesradio.se/avsnitt/363997,https://static-cdn.sr.se/laddahem/podradio/sommar_i_p1/2006/07/sommar__vinter_i_p1_ren_vzquez_diaz_2006_20240913_1156117506.mp3,2661,42612219,https://static-cdn.sr.se/images/2071/3242376_2048_1152.jpg,,"Översättare och författare. – Mitt program ska handla om mat och kärlek över gränserna, om Guantánamo och om språkets och litteraturens värdighet: Historier som bevekar människornas hjärtan! Det blir både kubansk och svensk musik."
364009,5058514,Alice Timander 2006,2006-07-21,2006,Sommar,https://www.sverigesradio.se/avsnitt/364009,https://static-cdn.sr.se/laddahem/podradio/sommar_i_p1/2006/07/sommar__vinter_i_p1_alice_timander_2006_20240913_1156272274.mp3,3368,54505717,https://static-cdn.sr.se/images/2071/3242395_2048_1152.jpg,,"TANDLÄKARE OCH PREMIÄRLEJON. I programmet från 2006 berättar hon om sina upplevelser när hon sålde svenskt tandvårdsmaterial i länder som USA, Mexiko och Syrien. Bland annat hamnade hon på en krokodil i Florida - dock inte i samband med en tandvårdsundersökning."
364037,5058454,Andreas Johnson 2006,2006-07-22,2006,Sommar,https://www.sverigesradio.se/avsnitt/364037,https://static-cdn.sr.se/laddahem/podradio/sommar_i_p1/2006/07/sommar__vinter_i_p1_andreas_johnson_2006_20240913_1156553175.mp3,2650,43028739,https://static-cdn.sr.se/images/2071/3242426_2048_1152.jpg,,"Sångare och låtskrivare I sitt Sommarprogram 2006 berättar Andreas Johnson om långa och korta resor, hockey, Hemingway och sunkiga replokaler."
364038,5013778,Magnus Härenstam 2006,2006-07-23,2006,Sommar,https://www.sverigesradio.se/avsnitt/364038,https://static-cdn.sr.se/laddahem/podradio/sommar_i_p1/2006/07/sommar_i_p1_20060723_1300_3614428.mp3,3196,51766686,https://static-cdn.sr.se/images/2071/3242434_2048_1152.jpg,,"Skådespelare och komiker I sitt Sommarprogram 2006 pratar Magnus Härenstam om hur vi roar oss själva. Bakom kulisserna, i turnébussen, när filmkameran stängts av och ridån gått ner."
324146,4921032,Tuva Novotny 2006,2006-07-24,2006,Sommar,https://www.sverigesradio.se/avsnitt/324146,https://static-cdn.sr.se/laddahem/podradio/sommar_i_p1/2006/07/sommar__vinter_i_p1_tuva_novotny_2006_20240913_1157250637.mp3,1880,30120746,https://static-cdn.sr.se/images/2071/3242467_2048_1152.jpg,,"Skådespelerska Hon pratar i sitt Sommar från 2006 om viktiga saker, om livet och om sådant som gör henne arg."
364139,5057209,Jenny Wilson 2006,2006-07-25,2006,Sommar,https://www.sverigesradio.se/avsnitt/364139,https://static-cdn.sr.se/laddahem/podradio/sommar_i_p1/2006/07/sommar__vinter_i_p1_jenny_wilson_2006_20240913_1157394456.mp3,2603,42263108,https://static-cdn.sr.se/images/2071/3242501_2048_1152.jpg,,"Sångerska och låtskrivare. Jenny Wilson gjorde Sommar 2006 och i programmet pratar hon om sommaren då hon förvandlades, uppväxten, händelser samt om vikten av att tänka egna tankar."
364141,5057078,Carl-Magnus Stolt 2006,2006-07-26,2006,Sommar,https://www.sverigesradio.se/avsnitt/364141,https://static-cdn.sr.se/laddahem/podradio/sommar_i_p1/2006/07/sommar__vinter_i_p1_carlmagnus_stolt_2006_20240913_1157567374.mp3,3036,49190726,https://static-cdn.sr.se/images/2071/3242512_2048_1152.jpg,,"Professor i humanistisk medicin. I Sommarprogrammet från 2006 pratar han om starka mänskliga känslor och om de stora orden tröst, försoning och nåd."
364142,5013932,Åsa Larsson 2006,2006-07-27,2006,Sommar,https://www.sverigesradio.se/avsnitt/364142,https://static-cdn.sr.se/laddahem/podradio/sommar_i_p1/2006/07/sommar__vinter_i_p1_sa_larsson_2006_20240913_1158128724.mp3,2680,43501187,https://static-cdn.sr.se/images/2071/3242526_2048_1152.jpg,,"Deckarförfattare och jurist I sitt Sommarprogram 2006 pratar Åsa Larsson om somrarna i Tornedalen, Tornedalsrallyt, första gången en äkta rashund satte sin tass i byn och om det oglamorösa livet som ”deckardrottning”."
364156,5055935,Kattis Ahlström 2006,2006-07-28,2006,Sommar,https://www.sverigesradio.se/avsnitt/364156,https://static-cdn.sr.se/laddahem/podradio/sommar_i_p1/2006/07/sommar_i_p1_20060728_1500_3135858.mp3,3365,54456695,https://static-cdn.sr.se/images/2071/3242615_2048_1152.jpg,,"Programledare och chefredaktör Kattis Ahlström pratar i sitt Sommarprogram 2006 om varför människor är som musikinstrument, om kampen mot rastlöshet och om att få brallorna nerdragna inför hela svenska folket."
364157,4921207,Mikael Strandberg 2006,2006-07-29,2006,Sommar,https://www.sverigesradio.se/avsnitt/364157,https://static-cdn.sr.se/laddahem/podradio/sommar_i_p1/2006/07/sommar__vinter_i_p1_mikael_strandberg_2006_20240913_1158441142.mp3,3099,49630233,https://static-cdn.sr.se/images/2071/3242647_2048_1152.jpg,,"UPPTÄCKTSRESANDE. - Med humor kommer jag att tala om kyla i Sibirien, om vildhunden Sigge, massajer, äventyr världen över och människans godhet."
364158,4921216,Sigrid Rausing 2006,2006-07-30,2006,Sommar,https://www.sverigesradio.se/avsnitt/364158,https://static-cdn.sr.se/laddahem/podradio/sommar_i_p1/2006/07/sommar__vinter_i_p1_sigrid_rausing_2006_20240913_1159005497.mp3,2676,42853079,https://static-cdn.sr.se/images/2071/3242665_2048_1152.jpg,,"FÖRLÄGGARE. - Jag ska tala om mitt liv, om att flytta till ett annat land, om filantropi, om en kolchos i Estland, om min mans flykt från apartheidens Sydafrika, om författarskap och om att vara bokförläggare."
364451,921000,Åsa Sandell 2006,2006-07-31,2006,Sommar,https://www.sverigesradio.se/avsnitt/364451,https://static-cdn.sr.se/laddahem/podradio/sommar__vinter_i_p1_sa_sandell_2006_20240913_1159165875.mp3,1941,23332864,https://static-cdn.sr.se/images/2071/3242865_2048_1152.jpg,,Boxare och kulturredaktör - Jag ska prata om aggressioner och tårar och om varför jag gillar att slå folk på käften. Och så ska jag spela musik som jag älskar att dansa till.
364478,919671,Werner Vögeli 2006,2006-08-01,2006,Sommar,https://www.sverigesradio.se/avsnitt/364478,https://static-cdn.sr.se/laddahem/podradio/sommar__vinter_i_p1_werner_vogeli_2006_20240913_1159442976.mp3,2449,29431808,https://static-cdn.sr.se/images/2071/3242909_2048_1152.jpg,,"Kock och hovtraktör - Jag tänker prata om mitt liv som kock, från Emmental till Stockholms slott, om mina lyckliga stunder i köket och om middagar med kungar och presidenter vid bordet samt ge recept på en av kung Carl Gustafs favoriträtter."
364495,4921425,Gellert Tamas 2006,2006-08-02,2006,Sommar,https://www.sverigesradio.se/avsnitt/364495,https://static-cdn.sr.se/laddahem/podradio/sommar_i_p1/2006/08/sommar__vinter_i_p1_gellert_tamas_2006_20240913_1200021071.mp3,3308,52979274,https://static-cdn.sr.se/images/2071/3242962_2048_1152.jpg,,"Journalist och författare. - Vad packar man i den resväska som ska rymma ett helt liv? Mitt program ska handla om flyktingskapets villkor, om Ungernrevolten 1956, om tårtkalas på Migrationsverket och om ondskans väsen."
324148,922660,Linda Olsson 2006,2006-08-03,2006,Sommar,https://www.sverigesradio.se/avsnitt/324148,https://static-cdn.sr.se/laddahem/podradio/sommar__vinter_i_p1_linda_olsson_2006_20240913_1200234381.mp3,2728,32768000,https://static-cdn.sr.se/images/2071/3243734_2048_1152.jpg,,Jurist och författare I sitt Sommarprogram 2006 pratar Linda Olsson om längtan av olika sorter. Mest om hemlängtan – till olika sorters hem. Och så delar hon med sig av sin mormors pepparkaksrecept.
364526,4922218,Ayesha Quraishi 2006,2006-08-04,2006,Sommar,https://www.sverigesradio.se/avsnitt/364526,https://static-cdn.sr.se/laddahem/podradio/sommar_i_p1/2006/08/sommar__vinter_i_p1_ayesha_quraishi_2006_20240913_1200423125.mp3,2221,35582007,https://static-cdn.sr.se/images/2071/3243759_2048_1152.jpg,,"Artist och skivbolagsdirektör. - Revolutionen är naiv, men ett faktum. Världen är min inspirationskälla och budskapet finns i min musik. Följ med!"
364602,4922245,Inga-Britt Ahlenius 2006,2006-08-05,2006,Sommar,https://www.sverigesradio.se/avsnitt/364602,https://static-cdn.sr.se/laddahem/podradio/sommar_i_p1/2006/08/sommar__vinter_i_p1_ingabritt_ahlenius_2006_20240913_1201045369.mp3,2862,45841529,https://static-cdn.sr.se/images/2071/3243794_2048_1152.jpg,,"FN:s internrevisionschef – Jag ska tala om häxor och skrönor i Värmland, om att karda ull i köket hos farmor och farfar. Om att komma till storstaden som student, om Kosovo, om FN, om New York. Jag ska bara spela musik som jag själv älskar."
364603,921383,Olof Thunberg 2006,2006-08-06,2006,Sommar,https://www.sverigesradio.se/avsnitt/364603,https://static-cdn.sr.se/laddahem/podradio/sommar__vinter_i_p1_olof_thunberg_2006_20240913_1201324797.mp3,3054,36691968,https://static-cdn.sr.se/images/2071/3243823_2048_1152.jpg,,Skådespelare och regissör. Han talar i programmet om sitt nära förhållande till radion och hur han upplevt den genom decennierna.
364617,4922263,Anna Takanen 2006,2006-08-07,2006,Sommar,https://www.sverigesradio.se/avsnitt/364617,https://static-cdn.sr.se/laddahem/podradio/sommar_i_p1/2006/08/sommar_i_p1_20060807_1300_2361b09.mp3,2833,45375803,https://static-cdn.sr.se/images/2071/3243836_2048_1152.jpg,,"Konstnärlig ledare vid Göteborgs Stadsteater. - Jag tänker tala om teater, vänskap, möten med människor som betyder något och filosofera lite kring min samtid, över- och underordning, makten och härligheten! Och jag ska spela olika låtar som blivit soundtracket i mitt liv."
364780,4922351,Charlotte Perrelli 2006,2006-08-08,2006,Sommar,https://www.sverigesradio.se/avsnitt/364780,https://static-cdn.sr.se/laddahem/podradio/sommar_i_p1/2006/08/sommar__vinter_i_p1_charlotte_perrelli_2006_20240913_1202232578.mp3,2995,47956029,https://static-cdn.sr.se/images/2071/3243897_2048_1152.jpg,,Schlagersångerska - I mitt program ska jag spela min absoluta favoritmusik. Jag ska avslöja förebilder och inspirationskällor och berätta om min uppväxt och min långa arbetsväg dit jag är idag. Har en hel del sköna tillbakaglimtar från mina dansbandsår!
364856,922522,Carlos Decker-Molina 2006,2006-08-09,2006,Sommar,https://www.sverigesradio.se/avsnitt/364856,https://static-cdn.sr.se/laddahem/podradio/sommar__vinter_i_p1_carlos_deckermolina_2006_20240913_1202445469.mp3,1985,23863296,https://static-cdn.sr.se/images/2071/3243932_2048_1152.jpg,,"Journalist – Jag ska prata om att hur det är att vara flykting. Det må låta en aning dramatiskt, därför ska jag använda mig av anekdoter kring kulturkrockar, just för att avdramatisera det en aning."
364857,4922369,Bo Nilsson 2006,2006-08-10,2006,Sommar,https://www.sverigesradio.se/avsnitt/364857,https://static-cdn.sr.se/laddahem/podradio/sommar_i_p1/2006/08/sommar__vinter_i_p1_bo_nilsson_2006_20240913_1204082196.mp3,2127,34079530,https://static-cdn.sr.se/images/2071/3243968_2048_1152.jpg,,"Konstnärlig chef - Jag kommer att prata om konst, men också om de musikupplevelser som har ackompanjerat mitt konstintresse under hela mitt liv."
365091,4922555,Helen Sjöholm 2006,2006-08-11,2006,Sommar,https://www.sverigesradio.se/avsnitt/365091,https://static-cdn.sr.se/laddahem/podradio/sommar_i_p1/2006/08/sommar__vinter_i_p1_helen_sjoholm_2006_20240913_1204538084.mp3,2943,47134131,https://static-cdn.sr.se/images/2071/3244195_2048_1152.jpg,,"SÅNGERSKA OCH SKÅDESPELERSKA. - Mitt sommarprogram ska bland annat handla om sångarglädje, plåtslageri och världens absoluta mittpunkt. Och så ska jag bjuda på ett suveränt partytips!"
365318,4922598,Per Naroskin 2006,2006-08-12,2006,Sommar,https://www.sverigesradio.se/avsnitt/365318,https://static-cdn.sr.se/laddahem/podradio/sommar_i_p1/2006/08/sommar__vinter_i_p1_per_naroskin_2006_20240913_1205379257.mp3,2800,44847084,https://static-cdn.sr.se/images/2071/3244252_2048_1152.jpg,,"Psykolog, ståuppkomiker och föreläsare - Har tänkt uppehålla mig kring viktiga möten i spänningsfältet mellan humor och allvar. Misstänker dock starkt att jag kommer att prata om längtan och om min olyckliga kärlek till diverse saker."
370341,919925,Ulf Lundell 2007,2007-06-23,2007,Sommar,https://www.sverigesradio.se/avsnitt/370341,https://static-cdn.sr.se/laddahem/podradio/sr_sommar_i_p1_070624010332.mp3,2253,27032245,https://static-cdn.sr.se/images/2071/3255591_2048_1152.jpg,,"Musiker, författare och konstnär Ulf Lundell sänder sitt Sommarprogram på midsommardagen från Österlen. Han berättar om sitt hårda liv i rockbranschen, om hur han var som ung och om sitt nuvarande liv på Österlen."
370499,919409,Mark Levengood 2007,2007-06-24,2007,Sommar,https://www.sverigesradio.se/avsnitt/370499,https://static-cdn.sr.se/laddahem/podradio/sommar__vinter_i_p1_mark_levengood_20250203_1040285730.mp3,2907,34926592,https://static-cdn.sr.se/images/2071/3255952_2048_1152.jpg,,Programledaren och författaren i sitt fjärde Sommar i P1.
370529,919688,Anna-Karin Gauding 2007,2007-06-25,2007,Sommar,https://www.sverigesradio.se/avsnitt/370529,https://static-cdn.sr.se/laddahem/podradio/sommar__vinter_i_p1_annakarin_gauding_2007_20240913_1215277862.mp3,2684,32247808,https://static-cdn.sr.se/images/2071/3256088_2048_1152.jpg,,"Arbetar med bistånd i Sydamerika I sitt Sommarprpgram berättar Anna-Karin Gauding om konsekvenserna av sina livsval och engagemang, om Latinamerika och om sig själv. Och om att välja till istället för att välja bort."
370531,919259,Alessandro Catenacci 2007,2007-06-26,2007,Sommar,https://www.sverigesradio.se/avsnitt/370531,https://static-cdn.sr.se/laddahem/podradio/sommar__vinter_i_p1_alessandro_catenacci_2007_20240913_1215510427.mp3,2523,30312448,https://static-cdn.sr.se/images/2071/3370073_2048_1152.jpg,,Vd och koncernchef för Nobiskoncernen I sitt Sommarprogram berättar Alessandro Catenacci skandalhistorierna om hur han fick sparken av sin bästa polare och hur han hamnade i slagsmål på fotbollsplanen. Dessutom ger han sin syn på det som kallas den svenska modellen. - Men också ett perfekt exempel på hur vi invandrare kan förstöra för oss själva.
370590,919733,Helle Klein 2007,2007-06-27,2007,Sommar,https://www.sverigesradio.se/avsnitt/370590,https://static-cdn.sr.se/laddahem/podradio/sommar__vinter_i_p1_helle_klein_2007_20240913_1216125160.mp3,2579,30984192,https://static-cdn.sr.se/images/2071/3256162_2048_1152.jpg,,"Skribent, präst och debattör I sitt Sommarprogram pratar Helle Klein om ”maktens ordmissbruk och folkets ordtrötthet”. Och så filosoferar hon över nutidsmänniskans längtan efter språk och om vikten av att benämna saker vid sitt rätta namn. - Och musiken blir mångkulturell."
323838,919555,Göran Lambertz 2007,2007-06-28,2007,Sommar,https://www.sverigesradio.se/avsnitt/323838,https://static-cdn.sr.se/laddahem/podradio/sommar__vinter_i_p1_goran_lambertz_2007_20240913_1216306609.mp3,2590,31113216,https://static-cdn.sr.se/images/2071/3256228_2048_1152.jpg,,"Justitiekansler I sitt Sommarprogram pratar Göran Lambertz om påtryckningar, lögner och fegisar, men också om ”underbara människor sådant som får hjärtat att smälta”."
370592,922710,Jessika Gedin 2007,2007-06-29,2007,Sommar,https://www.sverigesradio.se/avsnitt/370592,https://static-cdn.sr.se/laddahem/podradio/sr_sommar_i_p1_070629030054.mp3,2948,35367122,https://static-cdn.sr.se/images/2071/3256307_2048_1152.jpg,,Skribent och radioprofil I sitt Sommarprogram ger Jessika Gedin lyssnarna ett hyllningsporträtt av sig själv. – Mitt sommarprogram kommer att vara ett ganska okritiskt hyllningsporträtt av mig själv. Och så kommer jag passa på att hämnas några gamla oförrätter från sjuttiotalet. Och spela riktigt bra musik.
370591,923076,Barbro Dahlbom-Hall 2007,2007-06-30,2007,Sommar,https://www.sverigesradio.se/avsnitt/370591,https://static-cdn.sr.se/laddahem/podradio/sr_sommar_i_p1_070630040054.mp3,3170,38033256,https://static-cdn.sr.se/images/2071/3256264_2048_1152.jpg,,Ledarskapskonsult och författare I sitt Sommarprogram pratar Barbro Dahlbom-Hall om hur ledarskap är kopplat till kön. – Jag avslöjar också hur bristen på hisskyltar kan vara starten på ett oerhört innehållsrikt yrkesliv.
370593,920307,Thore Skogman 2007,2007-07-01,2007,Sommar,https://www.sverigesradio.se/avsnitt/370593,https://static-cdn.sr.se/laddahem/podradio/sr_sommar_i_p1_070701030058.mp3,2484,29802789,https://static-cdn.sr.se/images/2071/3256341_2048_1152.jpg,,"Sångare, kompositör och textförfattare. I sitt Sommarprogram berättar Thore Skogman om livet som artist, travkusk, träsnidare och maratonlöpare. – Livet är inte bara rött hår och glest mellan tänderna…"
370594,921904,Zinat Pirzadeh 2007,2007-07-02,2007,Sommar,https://www.sverigesradio.se/avsnitt/370594,https://static-cdn.sr.se/laddahem/podradio/sr_sommar_i_p1_070702031550.mp3,3358,40292177,https://static-cdn.sr.se/images/2071/3256375_2048_1152.jpg,,Ståuppkomiker och skådespelerska. Zinat Pirzadehs Sommarprogram handlar om flykten från Iran och resorna genom Sverige.
370595,922952,Lina Sjöberg 2007,2007-07-03,2007,Sommar,https://www.sverigesradio.se/avsnitt/370595,https://static-cdn.sr.se/laddahem/podradio/sr_sommar_i_p1_070703030051.mp3,3099,37177514,https://static-cdn.sr.se/images/2071/3256402_2048_1152.jpg,,"Teolog, författare och kulturskribent. I sitt Sommarprogram pratar Lina Sjöberg om frihet och ansvar, heteronormativitet, missionärsbarn och vad det är att vara människa. - Säkert nuddar jag vid lite av varje. Musiken gör mig glad eller arg, till exempel Joni Mitchell och Skunk Anansie."
370788,922277,Filip Hammar och Fredrik Wikingsson 2007,2007-07-04,2007,Sommar,https://www.sverigesradio.se/avsnitt/370788,https://static-cdn.sr.se/laddahem/podradio/sr_sommar_i_p1_070704030047.mp3,2971,35646631,https://static-cdn.sr.se/images/2071/3256954_2048_1152.jpg,,"Journalister och programledareI deras Sommarprogram berättar de om första resan till favoritlandet USA. – Vi ska berätta om en resa i december '96 då vi första gången reste till USA tillsammans. Vi utvecklade en vänskap, men också en djup förälskelse till det vi snabbt insåg var världens bästa land."
370804,919549,Jan Egeland 2007,2007-07-05,2007,Sommar,https://www.sverigesradio.se/avsnitt/370804,https://static-cdn.sr.se/laddahem/podradio/sr_sommar_i_p1_070706091915.mp3,3225,38699007,https://static-cdn.sr.se/images/2071/3370070_2048_1152.jpg,,Norsk diplomat och politiker I sitt Sommarprogram berättar Jan Egeland om krig och kriser runtom i världen och om sina möten med de värsta och det bästa av mänsklighetens representanter. - Jag vill beskriva hur vi kan få ett slut på krig och svält i nästa generation. Och jag ska berätta för norrmän och svenskar att de är lyckligt lottade att bo där de bor och har varandra som grannar. Det kunde faktiskt ha varit mycket värre!
381558,919616,Per ”Plura” Jonsson 2007,2007-07-06,2007,Sommar,https://www.sverigesradio.se/avsnitt/381558,https://static-cdn.sr.se/laddahem/podradio/sommar__vinter_i_p1_per_plura_jonsson_2007_20240913_1218495402.mp3,2695,32372736,https://static-cdn.sr.se/images/2071/3283177_2048_1152.jpg,,"Artist, musiker, programledare och bloggare – Jag kommer att prata om den musik jag växte upp med på femtiotalet och sextiotalet – ett slags expeditionsresa i Marco Polos anda, med gondol och kamel in i en svunnen värld, av snapsvisor, Bäste man på Skansen och Fiskhamnsrapporten."
353256,922512,Anja Pärson 2007,2007-07-07,2007,Sommar,https://www.sverigesradio.se/avsnitt/353256,https://static-cdn.sr.se/laddahem/podradio/sommar__vinter_i_p1_anja_parson_2007_20250206_1009328493.mp3,3441,41330688,https://static-cdn.sr.se/images/2071/3257008_2048_1152.jpg,,"Framgångsrik alpin skidåkare Anja Pärsons Sommarprogram handlar om kaxighet, blyghet och hur man når sina mål."
370886,918443,Michael Treschow 2007,2007-07-08,2007,Sommar,https://www.sverigesradio.se/avsnitt/370886,https://static-cdn.sr.se/laddahem/podradio/sr_sommar_i_p1_070708030013.mp3,2956,35471664,https://static-cdn.sr.se/images/2071/3257023_2048_1152.jpg,,Företagsledare och industriman. Michael Treschows Sommarprogram sprider mångfald och handlar om ungdomars alla möjligheter. – I mitt program vill jag ge mina bilder från olika delar av världen och visa på vilka möjligheter som finns för de som är unga idag. Musiken blir mina mångfaldsfavoriter.
370888,922584,Lars-Åke ”Babsan” Wilhelmsson,2007-07-09,2007,Sommar,https://www.sverigesradio.se/avsnitt/370888,https://static-cdn.sr.se/laddahem/podradio/sommar__vinter_i_p1_larske_wilhelmsson_20240913_1219414978.mp3,2686,32266240,https://static-cdn.sr.se/images/2071/3257046_2048_1152.jpg,,"Klädskapare och artist.  I sitt Sommarprogram berättar Lars-Åke ”Babsan” Wilhelmsson om sin uppväxt på ett nöjesfält och djurpark, hur han blev Gävles Travolta och om alla åren i nätstrumpor så att han ”ständigt ser ut som en kassler om låren”."
370978,921317,Åsa Linderborg 2007,2007-07-10,2007,Sommar,https://www.sverigesradio.se/avsnitt/370978,https://static-cdn.sr.se/laddahem/podradio/sommar__vinter_i_p1_sa_linderborg_2007_20240913_1220014832.mp3,2855,34299904,https://static-cdn.sr.se/images/2071/3257128_2048_1152.jpg,,"Historiker, kulturskribent och författare I sitt Sommarprogram pratar Åsa Linderborg om sex män som hon älskar och en man som hon inte gillar alls. – Och så ska jag ska försöka uppvigla lyssnarna till ett och annat intellektuellt attentat mot samhällsorättvisorna. Jag ska spela David Bowie och Cornelis."
370979,923042,Sture Linnér 2007,2007-07-11,2007,Sommar,https://www.sverigesradio.se/avsnitt/370979,https://static-cdn.sr.se/laddahem/podradio/sommar__vinter_i_p1_sture_linnr_2007_20240913_1220168440.mp3,3477,41756672,https://static-cdn.sr.se/images/2071/3257139_2048_1152.jpg,,"Diplomat, professor och författare I sitt Sommarprogram pratar Sture Linnér om förunderliga möten, fjärilars fladder, bilars backspeglar och om orden som kommunikationshinder. – Dessutom ska Haydn-älskarna få sitt, säger Sture Linnér."
370981,920635,Lena Nevander Friström 2007,2007-07-12,2007,Sommar,https://www.sverigesradio.se/avsnitt/370981,https://static-cdn.sr.se/laddahem/podradio/sr_sommar_i_p1_070712030033.mp3,2947,35356793,https://static-cdn.sr.se/images/2071/3257194_2048_1152.jpg,,"Psykoterapeut, föreläsare och författare I sitt Sommarprogram avslöjar Lena Nevander Friström varför vi ska strunta i att ta semester och så pratar hon om kärlek och hästar. - Min musik blir blandad – musikal, svenska visor och rock."
371086,923035,Gustav Fridolin 2007,2007-07-13,2007,Sommar,https://www.sverigesradio.se/avsnitt/371086,https://static-cdn.sr.se/laddahem/podradio/sommar__vinter_i_p1_gustav_fridolin_2007_20240913_1220551183.mp3,3515,42217472,https://static-cdn.sr.se/images/2071/3257234_2048_1152.jpg,,"Politiker och journalist I sitt Sommarprogram pratar om den olyckliga kärleken till ett allt kallare Sverige. - Jag försöker vända ut och in på vårt riksdagshus, vädrar luften i plenisalen och blåser in nya vindar i korridorerna. Dessutom blir det nordskånsk munspelsmusik."
371171,919167,Michael Nyqvist 2007,2007-07-14,2007,Sommar,https://www.sverigesradio.se/avsnitt/371171,https://static-cdn.sr.se/laddahem/podradio/sr_sommar_i_p1_070714030033.mp3,3394,40716292,https://static-cdn.sr.se/images/2071/3257341_2048_1152.jpg,Foto: Mattias Ahlm/SR,"SKÅDESPELARE. Om resorna som förändrade hans liv. – De ändrade det mesta för mig, både på insidan och utsidan. Den ena började 1966 och slutade 1997. Den andra har gjort att om någon nämner ordet skidskola så börjar jag skaka och mumla: bergskidan... bergskidan..."
371172,919336,Margareta Strömstedt 2007,2007-07-15,2007,Sommar,https://www.sverigesradio.se/avsnitt/371172,https://static-cdn.sr.se/laddahem/podradio/sommar__vinter_i_p1_margareta_stromstedt_2007_20240913_1221368065.mp3,3459,41547776,https://static-cdn.sr.se/images/2071/3257362_2048_1152.jpg,,"Författare och journalist. I sitt Sommarprogram pratar om ”den sköna ilskan”, om stenar i skon, om att kunna ta av sig skorna när de skaver och om tröst och tröstande."
371174,921283,Peter Martinsson 2007,2007-07-16,2007,Sommar,https://www.sverigesradio.se/avsnitt/371174,https://static-cdn.sr.se/laddahem/podradio/sommar__vinter_i_p1_peter_martinsson_2007_20240913_1221564356.mp3,3217,38637568,https://static-cdn.sr.se/images/2071/3170506_2000_1125.jpg,,"Lyssnarnas Sommarvärd 2007 Administratören Peter Martinsson valdes till Lyssnarnas Sommarvärd 2011. I sitt Sommarprogram berättar han om livet från sitt kortare perspektiv, 133 centimeter lång. – I mitt program kommer jag tala om livet från ett litet kortare och ovanligt perspektiv. Och om hur jag hanterat de speciella situationer det inneburit."
371175,921615,Camilla Läckberg 2007,2007-07-17,2007,Sommar,https://www.sverigesradio.se/avsnitt/371175,https://static-cdn.sr.se/laddahem/podradio/sommar__vinter_i_p1_camilla_lackberg_2007_20240913_1222148210.mp3,3132,37615616,https://static-cdn.sr.se/images/2071/3257418_2048_1152.jpg,,"Författare I sitt Sommarprogram pratar Camilla Läckberg om skrivande. – Hur man gör, varför och vad i det personliga som triggar mig i skrivandet. Och eftersom jag har en förkärlek för ballader kommer nog musiken ha en stark slagsida åt det hållet, berättar Camilla Läckberg."
371176,919643,Göran Zachrisson 2007,2007-07-18,2007,Sommar,https://www.sverigesradio.se/avsnitt/371176,https://static-cdn.sr.se/laddahem/podradio/sr_sommar_i_p1_070718030023.mp3,3086,37025709,https://static-cdn.sr.se/images/2071/3257573_2048_1152.jpg,,"Golfexpert och tv-kommentator I sitt Sommarprogram pratar Göran Zachrisson om musiken som ett språk som han känner på samma sätt som naturen och vinden. - Något jag upplever utan att förstå. Själv ägnar jag mig åt att förstå vad som bestämmer, min intuition, eller jag själv? Det är ett helsike, säger Göran Zachrisson."
371177,921795,Rigmor Gustafsson 2007,2007-07-19,2007,Sommar,https://www.sverigesradio.se/avsnitt/371177,https://static-cdn.sr.se/laddahem/podradio/sommar__vinter_i_p1_rigmor_gustafsson_2007_20240913_1222518852.mp3,2510,30154752,https://static-cdn.sr.se/images/2071/3257597_2048_1152.jpg,,"JAZZSÅNGERSKA. - Djurvänner kommer ha anledning att lyssna till mitt program. Och så kommer det bli en hel del tal om musik, förklarar Rigmor Gustafsson."
371178,919978,Gunilla von Platen 2007,2007-07-20,2007,Sommar,https://www.sverigesradio.se/avsnitt/371178,https://static-cdn.sr.se/laddahem/podradio/sr_sommar_i_p1_070720030041.mp3,2707,32480010,https://static-cdn.sr.se/images/2071/3257608_2048_1152.jpg,,Entreprenör och vd för kundserviceföretaget Xzakt I sitt Sommarprogram berättar Gunilla von Platen blan annat om föräldrarnas flykt från Turkiet. – I mitt program skall jag prata om den fantastiska resa jag gjort i mitt liv. Från att mina föräldrar flydde från Turkiet och min mamma blev skjuten till den entreprenör jag är idag.
323839,921296,Peter Settman 2007,2007-07-21,2007,Sommar,https://www.sverigesradio.se/avsnitt/323839,https://static-cdn.sr.se/laddahem/podradio/sr_sommar_i_p1_070721042440.mp3,2865,34371156,https://static-cdn.sr.se/images/2071/3257616_2048_1152.jpg,,Programledare och producent. I Sommarprogrammet avslöjar vad som är så roligt med att vara chef och vad som ger honom energi.Dessutom spelar han musik som han tycker det är skönt att lyssna på när det är sommar och man är ledig.
323840,919968,Erland Josephson 2007,2007-07-22,2007,Sommar,https://www.sverigesradio.se/avsnitt/323840,https://static-cdn.sr.se/laddahem/podradio/sr_sommar_i_p1_070722030105.mp3,2922,35057252,https://static-cdn.sr.se/images/2071/3257696_2048_1152.jpg,,"Skådespelare och författare, före detta Dramatenchef I sitt Sommarprogram gör Erland Josephson gamla minnen till nya. - Programproducenten, min son Ludvig på Sveriges Radio, visar en stimulerande nyfikenhet när vi samtalar. Till exempel om hur rivaliteten med vännen Bergman gav en Saab Turbo ny klädsel."
323841,922390,Mia Törnblom 2007,2007-07-23,2007,Sommar,https://www.sverigesradio.se/avsnitt/323841,https://static-cdn.sr.se/laddahem/podradio/sr_sommar_i_p1_070723050045.mp3,3165,37971595,https://static-cdn.sr.se/images/2071/3257707_2048_1152.jpg,,Föreläsare och författare. I sitt Sommarprogram delar Mia Törnblom med sig av de erfarenheter hon fått genom möten med modiga människor från vitt skilda världar och bakgrunder. - Och så kommer jag kommer spela blandad musik som jag tycker om.
323842,922903,Martin Kellerman 2007,2007-07-24,2007,Sommar,https://www.sverigesradio.se/avsnitt/323842,https://static-cdn.sr.se/laddahem/podradio/sommar__vinter_i_p1_martin_kellerman_2007_20240913_1224199877.mp3,3029,36382720,https://static-cdn.sr.se/images/2071/3257739_2048_1152.jpg,,"Serietecknare I sitt Sommarprogram pratar Martin Kellerman om varför han blev som han blev, varför han ritar serier som han gör och om varför han blir så orolig när vännerna inte svarar i telefonen. - Jag kommer inte spela tvärflöjtmusik, etnoskrammel från världens alla hörn eller Peter LeMarc."
323843,921961,Barbara Bonney 2007,2007-07-25,2007,Sommar,https://www.sverigesradio.se/avsnitt/323843,https://static-cdn.sr.se/laddahem/podradio/sr_sommar_i_p1_070725030109.mp3,2837,34032177,https://static-cdn.sr.se/images/2071/3257761_2048_1152.jpg,,"Operasångerska I sitt Sommarprogram spelar och berättar Barbara Bonney om sina favoriter bland sångerskor som influerat henne själv som professionell sångerska. - Även om de alla har skolade röster, ger de alltid känslan av att sjunga med hjärtat. Det har alltid varit kärnan i min musikaliska filosofi, säger Barbara Bonney."
371269,921815,Salem Al Fakir 2007,2007-07-26,2007,Sommar,https://www.sverigesradio.se/avsnitt/371269,https://static-cdn.sr.se/laddahem/podradio/sommar__vinter_i_p1_salem_al_fakir_2007_20240913_1224507803.mp3,2456,29509632,https://static-cdn.sr.se/images/2071/3257779_2048_1152.jpg,,"Musiker I sitt Sommarprogram berättar Salem Al Fakir vad han har gått igenom i sitt liv. - Saker man tänkt på, små som stora. Musiken blir sådan jag lyssnat på från det jag var liten tills nu."
371354,918537,Magdalena Graaf 2007,2007-07-27,2007,Sommar,https://www.sverigesradio.se/avsnitt/371354,https://static-cdn.sr.se/laddahem/podradio/sommar__vinter_i_p1_magdalena_graaf_2007_20250206_1011537211.mp3,3051,36651008,https://static-cdn.sr.se/images/2071/3257790_2048_1152.jpg,,Författaren och föreläsaren om kvinnovåld och hur man förlåter.
371362,918991,Ingvar Lundberg 2007,2007-07-28,2007,Sommar,https://www.sverigesradio.se/avsnitt/371362,https://static-cdn.sr.se/laddahem/podradio/sommar__vinter_i_p1_ingvar_lundberg_2007_20240913_1225332789.mp3,3213,38590464,https://static-cdn.sr.se/images/2071/3257888_2048_1152.jpg,,"Professor i psykologi I sitt Sommarprogram berätta Ingvar Lundberg om människoblivandets vidunderliga och vanskliga väg, om talandets och läsandets mystik och magi och om stämningar och konst. - Musiken blir jazz, visor och klassiska stycken kanske också med några ryssar."
371363,918708,Lena Olin 2007,2007-07-29,2007,Sommar,https://www.sverigesradio.se/avsnitt/371363,https://static-cdn.sr.se/laddahem/podradio/sr_sommar_i_p1_070729030039.mp3,3591,43090397,https://static-cdn.sr.se/images/2071/3257896_2048_1152.jpg,,"Skådespelerska Lena Olins Sommarprogram handlar om livet inom teater och film och om människor hon växt upp med, arbetat med eller mött. - Musiken blir en blandning, förhoppningsvis salig, av sådant som berört mig."
371364,922878,Peter Rost 2007,2007-07-30,2007,Sommar,https://www.sverigesradio.se/avsnitt/371364,https://static-cdn.sr.se/laddahem/podradio/sr_sommar_i_p1_070730030037.mp3,2937,35235349,https://static-cdn.sr.se/images/2071/3257917_2048_1152.jpg,,"Läkare, författare och före detta vice vd på Pfizer I sitt Sommarprogram pratar Peter Rost om hur läkemedelsindustrin blåser svenskarna på miljarder och berättar om hur det är att bo i USA. - Det blir en ocensurerad beskrivning. Och låtarna blir allt från amerikansk sydstatsrock till mexikansk musik."
371365,920197,Sophie Dow 2007,2007-08-01,2007,Sommar,https://www.sverigesradio.se/avsnitt/371365,https://static-cdn.sr.se/laddahem/podradio/sr_sommar_i_p1_070801030004.mp3,2453,29435146,https://static-cdn.sr.se/images/2071/3257923_2048_1152.jpg,,"Journalist och chef för organisationen Mindroom Sophie Dows Sommarprogram handlar om hjärnan, dolda talanger, modersinstinkt och Hollywood. - Musiken blir garanterat fri från både Wagner och Ukrainas bidrag till Eurovisionsschlager-festivalen, säger hon."
371366,921849,Mehmet Gürs 2007,2007-08-02,2007,Sommar,https://www.sverigesradio.se/avsnitt/371366,https://static-cdn.sr.se/laddahem/podradio/sr_sommar_i_p1_070802030032.mp3,2299,27585942,https://static-cdn.sr.se/images/2071/3258008_2048_1152.jpg,,"Krögare och tv-programledare i Turkiet I sitt Sommarprogram pratar Mehmet Gürs om kärlek, Istanbul, mat, finska skärgården, vikingar, Stockholm, Sicilien, Lappland, tomatsallad, invandrare, bysantinska kejsarens huvud, Evert Taube, Bob Marley, Joe Sample, Sufi... - Kan det bli mer blandat i sommar?, frågar han sig."
327824,921175,Mona Sahlin 2007,2007-08-03,2007,Sommar,https://www.sverigesradio.se/avsnitt/327824,https://static-cdn.sr.se/laddahem/podradio/sr_sommar_i_p1_070803050354.mp3,2740,32871886,https://static-cdn.sr.se/images/2071/3258019_2048_1152.jpg,,"POLITIKER OCH PARTIORDFÖRANDE (S). I sitt Sommarprogram pratar Mona Sahlin fotboll och moralpanik. – Mitt program handlar om kärlek och hat, om teletubbies, om jämförelseångest och moralpanik, om fotboll och solidaritet. Mellan Marit Bergman och Barbara Hendricks kanske jag berättar om statsråden i min regering 2010."
371369,918717,Paolo Roberto 2007,2007-08-04,2007,Sommar,https://www.sverigesradio.se/avsnitt/371369,https://static-cdn.sr.se/laddahem/podradio/sr_sommar_i_p1_070804030047.mp3,2710,32518196,https://static-cdn.sr.se/images/2071/3258058_2048_1152.jpg,,"Föreläsare, programledare och före detta proffsboxare Paolo Robertos Sommarprogram handlar om hur kroppen har besegrat själen. – Jag tänker prata om att 2000-talet är årtusendet då kroppen besegrat själen - det är i dag viktigare med rutor på magen än en god själ. Dessutom om hur vi på 30 år gick från Fader vår till tarmsköljning och GI-metoder."
371371,922428,Maud Adams 2007,2007-08-05,2007,Sommar,https://www.sverigesradio.se/avsnitt/371371,https://static-cdn.sr.se/laddahem/podradio/sommar__vinter_i_p1_maud_adams_2007_20240913_1227281311.mp3,2413,28997632,https://static-cdn.sr.se/images/2071/3258062_2048_1152.jpg,,"Skådespelerska, fotomodell och affärskvinna I sitt Sommarprogram pratar Maud Adams om ”det mogna livet” och om människor och intryck från resor. - Bland annat till Sydpolen, som väcker frågor om klimatet."
371372,921418,Lars Fredriksson 2007,2007-08-06,2007,Sommar,https://www.sverigesradio.se/avsnitt/371372,https://static-cdn.sr.se/laddahem/podradio/sr_sommar_i_p1_070806030040.mp3,3104,37241053,https://static-cdn.sr.se/images/2071/3258065_2048_1152.jpg,,"Sinolog och bibliotekarie I sitt Sommarprogram pratar Lars Fredriksson om hur man känner sig hemma långt borta. – Och spela musik som helar själen, både från gamla kulturers hov och folkliga traditioner, blandat med naturens egna rogivande musikanter."
371373,919718,Renata Chlumska 2007,2007-08-07,2007,Sommar,https://www.sverigesradio.se/avsnitt/371373,https://static-cdn.sr.se/laddahem/podradio/sr_sommar_i_p1_070807030031.mp3,2572,30854601,https://static-cdn.sr.se/images/2071/3258069_2048_1152.jpg,,"Professionell äventyrare och föreläsare I sitt Sommarprogram berättar Renata Chlumska om upplevelser och möten, tankar och minnen under en expedition i USA. – Musiken är en blandning av favoritlåtar och -artister."
371374,920196,Knut Knutson 2007,2007-08-08,2007,Sommar,https://www.sverigesradio.se/avsnitt/371374,https://static-cdn.sr.se/laddahem/podradio/sommar__vinter_i_p1_knut_knutson_2007_20240913_1228148139.mp3,3094,37167104,https://static-cdn.sr.se/images/2071/3258072_2048_1152.jpg,,Auktionsförrättare och programledare I sitt Sommarprogram pratar Knut Knutson om sin expertis – bland annat inom området gardinstänger.
355576,920350,Magdi Abdelhadi 2007,2007-08-09,2007,Sommar,https://www.sverigesradio.se/avsnitt/355576,https://static-cdn.sr.se/laddahem/podradio/sr_sommar_i_p1_070809040308.mp3,2657,31876859,https://static-cdn.sr.se/images/2071/3258503_2048_1152.jpg,,Utrikeskommentator på BBC. I sitt Sommarprogram talar Magdi Abdelhadi om sitt arbete och om glädjen över och plågan i att leva mellan två kulturer. Dessutom blir det världsmusik och musik från Mellanöstern.
371468,922142,Filippa Reinfeldt 2007,2007-08-10,2007,Sommar,https://www.sverigesradio.se/avsnitt/371468,https://static-cdn.sr.se/laddahem/podradio/sr_sommar_i_p1_070810030058.mp3,2912,34942381,https://static-cdn.sr.se/images/2071/3258535_2048_1152.jpg,,Politiker och sjukvårdslandstingsråd i Stockholms län Filippa Reinfeldts Sommarprogram handlar om livets nyckfullhet och hur det kan kännas när livet byter riktning. - Och självklart tänker jag ta chansen att spela riktigt bra musik.
371471,922451,Pernilla Wahlgren 2007,2007-08-11,2007,Sommar,https://www.sverigesradio.se/avsnitt/371471,https://static-cdn.sr.se/laddahem/podradio/sr_sommar_i_p1_070811030047.mp3,2721,32645900,https://static-cdn.sr.se/images/2071/3258584_2048_1152.jpg,,"Artist.  I sitt Sommarprogram spelar Pernilla Wahlgren flera av sina kvinnliga förebilder inom artistvärlden och så pratar hon om karriären. – Om hur en och samma person kan vara både musikalartist, barnstjärna och popstjärna."
371474,921521,Christer Fuglesang 2007,2007-08-12,2007,Sommar,https://www.sverigesradio.se/avsnitt/371474,https://static-cdn.sr.se/laddahem/podradio/sr_sommar_i_p1_070812030051.mp3,3040,36474516,https://static-cdn.sr.se/images/2071/3258610_2048_1152.jpg,,"Astronaut I sitt Sommarprogram berättar Christer Fuglesang om sina resor på land, till sjöss och i rymden. Dessutom pratar han om besvikelse, lycka, språkförbistring, trevliga poliser och funderingar i och om rymden. – Det blir blandade godbitar. Och så vardagsmusik."
371476,922723,Susanna Alakoski 2007,2007-08-13,2007,Sommar,https://www.sverigesradio.se/avsnitt/371476,https://static-cdn.sr.se/laddahem/podradio/sr_sommar_i_p1_070813050048.mp3,3403,40827094,https://static-cdn.sr.se/images/2071/3258628_2048_1152.jpg,,"Författare Susanna Alakoskis Sommarprogram handlar bland annat om miljonprogram, städning, språk och litteratur. – Musiken kommer att ha innehåll, säger Susanna Alakoski."
371635,922025,Bicky Chakraborty 2007,2007-08-14,2007,Sommar,https://www.sverigesradio.se/avsnitt/371635,https://static-cdn.sr.se/laddahem/podradio/sommar__vinter_i_p1_bicky_chakraborty_2007_20240913_1230081609.mp3,2827,33957888,https://static-cdn.sr.se/images/2071/3258647_2048_1152.jpg,,Vd och ägare av hotellkedjan Elite Hotels of Sweden I sitt Sommarprogram berättar Bicky Chakraborty hur han har klarat sig utan att följa de svenska sederna och värderingarna och om attitydens vikt för att lyckas i affärer.
371636,919253,Sliva Cigerxwin 2007,2007-08-15,2007,Sommar,https://www.sverigesradio.se/avsnitt/371636,https://static-cdn.sr.se/laddahem/podradio/sr_sommar_i_p1_070815030048.mp3,3403,40831476,https://static-cdn.sr.se/images/2071/3258662_2048_1152.jpg,,"Rådgivare för KRG, den kurdiska regionala regeringen, i Irak I sitt Sommarprogram pratar Sliva Cigerxwin om sina kurdiska rötter, om sin farfar Cigerxwin som via sina dikter och poesi har gett henne styrka och mod. - Jag kommer också prata om den enorma kärlek och stolthet till mitt folk och land. Men också om kärleken till Sverige!"
371818,922616,Ingvar Oldsberg 2007,2007-08-16,2007,Sommar,https://www.sverigesradio.se/avsnitt/371818,https://static-cdn.sr.se/laddahem/podradio/sr_sommar_i_p1_070816030046.mp3,2655,31852758,https://static-cdn.sr.se/images/2071/3258688_2048_1152.jpg,,Programledare och journalistI sitt Sommarprogram pratar Ingvar Oldsberg om sina 35 år på Sveriges Television. – Allt ifrån VM i fotboll till På Spåret. Från Lennart Hylland till Oskar Wilde. Från Torbjörn Fälldin till Muhammad Ali. Från boendet i Kalifornien till Baldersnäs.
371875,921891,Pelle ”Howlin' Pelle” Almqvist 2007,2007-08-17,2007,Sommar,https://www.sverigesradio.se/avsnitt/371875,https://static-cdn.sr.se/laddahem/podradio/sommar__vinter_i_p1_pelle_howlin_pelle_almqvist_20250217_1534259731.mp3,2548,30609408,https://static-cdn.sr.se/images/2071/3258728_2048_1152.jpg,,Artist och musiker
322570,918695,Gustaf Skarsgård 2007,2007-08-18,2007,Sommar,https://www.sverigesradio.se/avsnitt/322570,https://static-cdn.sr.se/laddahem/podradio/sr_sommar_i_p1_070820033250.mp3,2113,25354565,https://static-cdn.sr.se/images/2071/3258738_2048_1152.jpg,,"SKÅDESPELARE.  I sitt Sommarprogram pratar Gustaf Skarsgård om det som ligger närmast hjärtat, hjärnan och magen. Och så spelar han somrig musik. – Jag ska spela göttig sommarmusik med eventuella inslag av dov höst"
372032,921974,Lena Endre 2007,2007-08-19,2007,Sommar,https://www.sverigesradio.se/avsnitt/372032,https://static-cdn.sr.se/laddahem/podradio/sr_sommar_i_p1_070819030043.mp3,2730,32756297,https://static-cdn.sr.se/images/2071/3258751_2048_1152.jpg,,Skådespelare. I sitt andra Sommarprogram berättar Lena Endre bland annat om när hon var tvungen att hålla tyst i fem veckor. – Jag som älskar att prata...
363730,1217869,Fredrik Lindström 2008,2008-06-21,2008,Sommar,https://www.sverigesradio.se/avsnitt/363730,https://static-cdn.sr.se/laddahem/podradio/sommar__vinter_i_p1_fredrik_lindstrom_2008_20240913_1308355487.mp3,3634,43640832,https://static-cdn.sr.se/images/2071/3242161_2048_1152.jpg,,"Författare, komiker och programledare I sitt tredje Sommarprogram pratar Fredrik Lindström om människan som känslovarelse om varför vi tror att vi är förnuftiga, och hela tiden gör oss själva besvikna genom att inte kunna leva upp till detta. Dessutom talar han om det obegripliga i hur vi kan betrakta ”den mänskliga faktorn” som något negativt."
368978,1218679,Lena Andersson 2008,2008-06-22,2008,Sommar,https://www.sverigesradio.se/avsnitt/368978,https://static-cdn.sr.se/laddahem/podradio/SR_sommar_i_p1_080622030102.mp3,3007,36081580,https://static-cdn.sr.se/images/2071/3250714_2048_1152.jpg,,"Författare, skribent och kritiker I sitt Sommarprogram berättar Lena Andersson varför hon är plågad av sommaren och om varför hon i artonårsåldern tyckte det verkade onödigt att skriva skönlitteratur."
279990,1220068,Max Tegmark 2008,2008-06-23,2008,Sommar,https://www.sverigesradio.se/avsnitt/279990,https://static-cdn.sr.se/laddahem/podradio/SR_sommar_i_p1_080623030033.mp3,2701,32405838,https://static-cdn.sr.se/images/2071/3250748_2048_1152.jpg,,Professor i astrofysik. I sitt Sommarprogram berättar Max Tegmar om vad som inspirerar honom. Dessutom tar han oss med på en resa genom tid och rum för att utforska svarta hål och andra sevärdheter i vår kosmiska historia och framtid.
369060,1221939,Lennart Johansson 2008,2008-06-24,2008,Sommar,https://www.sverigesradio.se/avsnitt/369060,https://static-cdn.sr.se/laddahem/podradio/sommar__vinter_i_p1_lennart_johansson_2008_20240913_1310336582.mp3,2878,34574336,https://static-cdn.sr.se/images/2071/3250782_2048_1152.jpg,,Fotbollsledare I sitt Sommarprogram berättar Lennart Johansson om händelser och personer inom fotbollens värld som gjort intryck på honom genom åren. Bland annat berättar han om sina möten med Pelé.
369062,1223780,Fredrik Härén 2008,2008-06-25,2008,Sommar,https://www.sverigesradio.se/avsnitt/369062,https://static-cdn.sr.se/laddahem/podradio/sommar__vinter_i_p1_fredrik_harn_2008_20240913_1311031296.mp3,5071,60889088,https://static-cdn.sr.se/images/2071/3250921_2048_1152.jpg,,Författare och föreläsare I sitt program pratar Fredrik Härén om vikten av hopp och om vad han tror på. Dessutom blir det lite prat om kärlek. -Allt med utgångspunkt ifrån människor som inspirerat mig. Och så kommer jag att presentera Jantelagen 2.0.
369154,1225599,Maj Briht Bergström-Walan 2008,2008-06-26,2008,Sommar,https://www.sverigesradio.se/avsnitt/369154,https://static-cdn.sr.se/laddahem/podradio/sommar__vinter_i_p1_maj_briht_bergstromwalan_2008_20240913_1311184949.mp3,2696,32395264,https://static-cdn.sr.se/images/2071/3251018_2048_1152.jpg,,"Sexualforskare och psykolog I sitt Sommarprogram talar Maj Briht Bergström-Walan om sin barndom, primalterapi, sexualupplysningsfilmerna som inleddes med Kärlekens språk och om sitt intressanta liv med sin danska hustru Helle. Dessutom pratar hon om mötet med sina nya föräldrar."
369178,1227453,Björn Ranelid 2008,2008-06-27,2008,Sommar,https://www.sverigesradio.se/avsnitt/369178,https://static-cdn.sr.se/laddahem/podradio/SR_sommar_i_p1_080627030007.mp3,2830,33951242,https://static-cdn.sr.se/images/2071/3251090_2048_1152.jpg,,"FÖRFATTARE. I sitt Sommarprogram talar Björn Ranelid om vad som gör oss människor unika - sinnligheten, litteraturen och lusten. – Allt det som gör oss till människor som inte kostar något. Och så blir det en del fotboll också!"
369184,1228758,Lars Winnerbäck 2008,2008-06-28,2008,Sommar,https://www.sverigesradio.se/avsnitt/369184,https://static-cdn.sr.se/laddahem/podradio/SR_sommar_i_p1_080628030011.mp3,3191,38288091,https://static-cdn.sr.se/images/2071/3251238_2048_1152.jpg,,"Artist och låtskrivare. I sitt andra Sommarprogram pratar Lars Winnerbäck om svårigheten att vara närvarande. – Det blir ett ostrukturerat Sommarprogram om svårigheten att vara närvarande, till exempel i en limousine eller i en textilaffär."
369185,1229633,Margot Wallström 2008,2008-06-29,2008,Sommar,https://www.sverigesradio.se/avsnitt/369185,https://static-cdn.sr.se/laddahem/podradio/SR_sommar_i_p1_080629030010.mp3,2938,35255381,https://static-cdn.sr.se/images/2071/3251265_2048_1152.jpg,,"Politiker. – Mitt radioprogram ska handla om stort och smått, ont och gott. Det ska återge märkliga strupljud och spela den ljuvaste musik. Huvudvärk kan förekomma."
369186,1230974,Elisabeth Massi Fritz 2008,2008-06-30,2008,Sommar,https://www.sverigesradio.se/avsnitt/369186,https://static-cdn.sr.se/laddahem/podradio/sommar__vinter_i_p1_elisabeth_massi_fritz_2008_20240913_1313137836.mp3,3099,37228544,https://static-cdn.sr.se/images/2071/3251278_2048_1152.jpg,,"Brottsofferadvokat I sitt Sommarprogram pratar Elisabeth Massi Fritz om livets kontraster, om arbete och fritid, om karriären och moderskapet, om det allvarliga och det lekfulla och om sitt engagemang och arbete för brottsoffer."
369187,1232793,Amelia Adamo 2008,2008-07-01,2008,Sommar,https://www.sverigesradio.se/avsnitt/369187,https://static-cdn.sr.se/laddahem/podradio/sommar__vinter_i_p1_amelia_adamo_2008_20240913_1313452971.mp3,2718,32657408,https://static-cdn.sr.se/images/2071/3251290_2048_1152.jpg,,"Tidningsmakare och medial imperiebyggare I sitt Sommarprogram pratar Amelia Adamo om att älska sin ålder, om att trimma sin kropp och om att arbeta - ett Sommarprogram som blev en riktig ”känslokarneval”."
369188,1234612,Peter ”Poker” Wallenberg 2008,2008-07-02,2008,Sommar,https://www.sverigesradio.se/avsnitt/369188,https://static-cdn.sr.se/laddahem/podradio/sommar__vinter_i_p1_peter_poker_wallenberg_2008_20240913_1314206299.mp3,2915,35012608,https://static-cdn.sr.se/images/2071/3251304_2048_1152.jpg,,Styrelseordförande. Peter ”Poker” Wallenbergs Sommarprogram handlar om vikten av att satsa på svensk forskning och hur det har varit att driva ett lyxhotell som Grand Hôtel.
369190,1242066,Jana Söderberg 2008,2008-07-03,2008,Sommar,https://www.sverigesradio.se/avsnitt/369190,https://static-cdn.sr.se/laddahem/podradio/SR_sommar_i_p1_080707034551.mp3,2806,33660970,https://static-cdn.sr.se/images/2071/3251319_2048_1152.jpg,,"Samtalsterapeut och kommunikationstränare. I sitt Sommarprogram reflekterar Jana Söderberg kring ordet frihet. - Och jag vill inspirera till att oftare byta perspektiv, börja drömma igen och riva de hinder vi själva bygger upp. Börja leva fullt ut istället för att vänta på att vår tid kommer."
369191,1238385,Fredrik Skavlan 2008,2008-07-04,2008,Sommar,https://www.sverigesradio.se/avsnitt/369191,https://static-cdn.sr.se/laddahem/podradio/SR_sommar_i_p1_080704030105.mp3,2573,30873600,https://static-cdn.sr.se/images/2071/3251341_2048_1152.jpg,,"Journalist, tecknare och programledare. I sitt Sommarprogram får Fredrik Skavlan för en gångs skull får vara den som öppnar upp sig. – Som programleder av et talkshow er oppgaven å få gjesten til å åpne seg, og til å by på noe hverken gjesten selv eller publikum hadde forventet. I Sommar er den gjesten meg selv. Jeg kan bare ønske meg lykke til."
369279,1239711,Jonas Wahlström 2008,2008-07-05,2008,Sommar,https://www.sverigesradio.se/avsnitt/369279,https://static-cdn.sr.se/laddahem/podradio/SR_sommar_i_p1_080705040049.mp3,3011,36126093,https://static-cdn.sr.se/images/2071/3251874_2048_1152.jpg,,Djurexpert och chef för Skansenakvariet. I sitt andra Sommarprogram delar Jonas Wahlström med sig av märkliga djurhistorier. – I mitt program kommer jag berätta om hur djurparkerna har förändrats och utvecklats genom åren samt märkliga upplevelser och historier jag sett. Till exempel vad som kan hända när man spränger en katt i luften och hur man kan onanera med hjälp av en elefant.
369282,1240540,Peter LeMarc 2008,2008-07-06,2008,Sommar,https://www.sverigesradio.se/avsnitt/369282,https://static-cdn.sr.se/laddahem/podradio/sommar__vinter_i_p1_peter_lemarc_2008_20240913_1315418019.mp3,2611,31367168,https://static-cdn.sr.se/images/2071/3251922_2048_1152.jpg,,"Låtskrivare och artist I sitt Sommarprogram försöker Peter LeMarc formulera frågan ”När är en människa vuxen?” – Jag tänker prata om att växa upp, eller kanske växa ner. Och försöka formulera frågan: När är en människa vuxen? Musiken blir allt från Lasse Stefanz-covers till Dona Dumitru Siminica."
369284,1242084,Olle Carlsson 2008,2008-07-07,2008,Sommar,https://www.sverigesradio.se/avsnitt/369284,https://static-cdn.sr.se/laddahem/podradio/SR_sommar_i_p1_080707040050.mp3,2877,34513920,https://static-cdn.sr.se/images/2071/3251970_2048_1152.jpg,,Författare och präst i Svenska kyrkan I sitt Sommarprogram berättar Olle Carlsson hur han gick från att vara en uträknad präst med alkoholproblem till att leda en omfattande verksamhet i en kyrka på Södermalm i Stockholm som berör och når människor som normalt inte söker sig till kyrkan.
369285,1243777,Kajsa Bergqvist 2008,2008-07-08,2008,Sommar,https://www.sverigesradio.se/avsnitt/369285,https://static-cdn.sr.se/laddahem/podradio/sommar__vinter_i_p1_kajsa_bergqvist_2008_20240913_1317141314.mp3,2771,33286144,https://static-cdn.sr.se/images/2071/3251996_2048_1152.jpg,,"Friidrottare och före detta världsmästare i höjdhopp I sitt Sommarprogram berättar Kajsa Bergqvist om sin karriär - om en trasig hälsena, ett VM-guld, varför hon slutade och hur det känns som tävlingsmänniska att komma sist i alla grenar. Dessutom pratar hon om den ”försvunna diamanten” och hur hon träffade sin man."
369289,1245606,Michael Segerström 2008,2008-07-09,2008,Sommar,https://www.sverigesradio.se/avsnitt/369289,https://static-cdn.sr.se/laddahem/podradio/sommar__vinter_i_p1_michael_segerstrom_2008_20240913_1317466119.mp3,3153,37867520,https://static-cdn.sr.se/images/2071/3252040_2048_1152.jpg,,"Skådespelare I sitt andra Sommarprogram pratar Michael Segerström om politik, mystik, teater och om sin mor. Dessutom reflekterar han kring begreppet Stumra och om ”skämtbitens betydelse” i sitt liv. - Och så om Guldbaggen - naturligtvis. Det kommer nästan uteslutande bli svensk musik, berättar han."
369366,1247706,Isabella Lövin 2008,2008-07-10,2008,Sommar,https://www.sverigesradio.se/avsnitt/369366,https://static-cdn.sr.se/laddahem/podradio/sommar__vinter_i_p1_isabella_lovin_20240913_1318029890.mp3,3171,38090752,https://static-cdn.sr.se/images/2071/3252071_2048_1152.jpg,,"JOURNALIST, FÖRFATTARE, POLITIKER. Hon pratar om rikedomar – om sina möten med ”multimiljardärer, kloka människor och själfulla torskar”."
369367,1249390,Leif Silbersky 2008,2008-07-11,2008,Sommar,https://www.sverigesradio.se/avsnitt/369367,https://static-cdn.sr.se/laddahem/podradio/SR_sommar_i_p1_080711030019.mp3,2896,34747069,https://static-cdn.sr.se/images/2071/3252076_2048_1152.jpg,,"ADVOKAT. Leif Silberskys Sommarprogram handlar om livskvalitet och diskriminering och om den svenska åldersdiskrimineringen. Han berättar också om sitt cirkus- och operaintresse, om vad livskvalitet betyder för honom och varför han behållit sin skånska dialekt efter 48 år i Stockholm."
369368,1250743,Tina Nordström 2008,2008-07-12,2008,Sommar,https://www.sverigesradio.se/avsnitt/369368,https://static-cdn.sr.se/laddahem/podradio/SR_sommar_i_p1_080712030028.mp3,3221,38650149,https://static-cdn.sr.se/images/2071/3252085_2048_1152.jpg,,Kock och programledare I sitt andra Sommarprogram avslöjar Tina Nordström varför hon hatar gasspisar och varför hon älskar Hollywoodlivet. – Och så ska jag få snålvattnet att rinna på er!
369369,1251587,Björn Ulvaeus 2008,2008-07-13,2008,Sommar,https://www.sverigesradio.se/avsnitt/369369,https://static-cdn.sr.se/laddahem/podradio/SR_sommar_i_p1_080713030027.mp3,3893,46709760,https://static-cdn.sr.se/images/2071/3252112_2048_1152.jpg,,"Kompositör, textförfattare och artist. Björn Ulvaeus Sommarprogram handlar om den perfekta poplåten och om självkänsla: - Förnimmelsen av att inte riktigt se sig själv."
369370,1253038,Åsa Nilsonne 2008,2008-07-14,2008,Sommar,https://www.sverigesradio.se/avsnitt/369370,https://static-cdn.sr.se/laddahem/podradio/SR_sommar_i_p1_080714040016.mp3,3736,44823615,https://static-cdn.sr.se/images/2071/3252136_2048_1152.jpg,,"Psykiater, professor och författare Åsa Nilsonnes Sommarprogram handlar om hjärnans misslyckanden. – Jag kommer att tala om hur vår hjärna lyckas och misslyckas med sin uppgift att först begripa vad som pågår runt omkring oss, och att sedan komma på hur vi ska bete oss."
369374,1254710,Antonia Ax:son Johnson 2008,2008-07-15,2008,Sommar,https://www.sverigesradio.se/avsnitt/369374,https://static-cdn.sr.se/laddahem/podradio/SR_sommar_i_p1_080715030042.mp3,2930,35149322,https://static-cdn.sr.se/images/2071/3252168_2048_1152.jpg,,Familjeföretagare och entreprenör I sitt Sommarprogram pratar Antonia Ax:son Johnson om arvets utmaning och om det svårhanterliga behovet av att stå fri. Och så avslöjar hon vem Ogum är.
322801,1256631,Yrsa Walldén 2008,2008-07-16,2008,Sommar,https://www.sverigesradio.se/avsnitt/322801,https://static-cdn.sr.se/laddahem/podradio/sommar__vinter_i_p1_yrsa_walldn_2008_20240913_1319569936.mp3,2796,33585152,https://static-cdn.sr.se/images/2071/3252181_2048_1152.jpg,,Lyssnarnas Sommarvärd 2008. Studenten Yrsa Walldén ger ”den blyga flickan” en röst i sitt Sommarprogram. Hon berättar hur det är att leva med känslan av att inte betyda något och att inte våga gå till kiosken av rädsla för att någon skulle säga hej.
369399,1258728,Mattias Klum 2008,2008-07-17,2008,Sommar,https://www.sverigesradio.se/avsnitt/369399,https://static-cdn.sr.se/laddahem/podradio/SR_sommar_i_p1_080717045826.mp3,3160,37919765,https://static-cdn.sr.se/images/2071/3252408_2048_1152.jpg,,Fotograf och filmare I sitt Sommarprogram pratar Mattias Klum om att handla rätt för ett bättre liv och en bättre miljö.– Om konsumentmakt helt enkelt! Dessutom pratar han om surikater i Kalahariöknen och om hur det är att bli kissad på av en veckelbjörn i Panama...
369400,1260284,Hasse Wallman 2008,2008-07-18,2008,Sommar,https://www.sverigesradio.se/avsnitt/369400,https://static-cdn.sr.se/laddahem/podradio/SR_sommar_i_p1_080718030017.mp3,3433,41185802,https://static-cdn.sr.se/images/2071/3252421_2048_1152.jpg,,Grundare och vd för Wallmans nöjen. There's no business like show business... Hasse Wallmans program handlar om just - showbiz. – Det blir ett program om musikaler och om hur man hamnade i den glada branschen genom scouting som jag känner mycket för. Likaså om mitt stora intresse sedan barnsben: hästar.
369402,1261435,Dolph Lundgren 2008,2008-07-19,2008,Sommar,https://www.sverigesradio.se/avsnitt/369402,https://static-cdn.sr.se/laddahem/podradio/sommar__vinter_i_p1_dolph_lundgren_2008_20240913_1320548058.mp3,2551,30654464,https://static-cdn.sr.se/images/2071/3252441_2048_1152.jpg,,Skådespelare och regissör I sitt Sommarprogram beskriver Dolph Lundgren sin äventyrliga resa från lilla Nyland i Ångermanland till stjärnornas Hollywood. Dessutom berättar han om kändisskapets fram- och baksida. - Och musiken speglar mina tankar och känslor under denna omtumlande resas gång.
369406,1262489,Robyn Carlsson 2008,2008-07-20,2008,Sommar,https://www.sverigesradio.se/avsnitt/369406,https://static-cdn.sr.se/laddahem/podradio/SR_sommar_i_p1_080720030037.mp3,3070,36836728,https://static-cdn.sr.se/images/2071/3252528_2048_1152.jpg,,"Sångerska, låtskrivare och artist I sitt Sommarprogram berättar den världskända artisten Robyn Carlsson om sitt liv i USA. – Det blir en beskrivning av min jobbvardag under mitt arbete med att släppa min skiva. Ett självporträtt kan man nog säga, men utifrån min omgivning och de människor jag stött på där."
369502,1263818,Nils Simonson 2008,2008-07-21,2008,Sommar,https://www.sverigesradio.se/avsnitt/369502,https://static-cdn.sr.se/laddahem/podradio/SR_sommar_i_p1_080721030037.mp3,3039,36456176,https://static-cdn.sr.se/images/2071/3252581_2048_1152.jpg,,Kirurg och föreläsare med intresse för hjärnan Nils Simonsons Sommarprogram handlar om varför både optimisterna och pessimisterna har rätt och om forskning som tyder på att vi tycks kunna tänka oss både friska och sjuka.
369503,1265658,Eva Swartz Grimaldi 2008,2008-07-22,2008,Sommar,https://www.sverigesradio.se/avsnitt/369503,https://static-cdn.sr.se/laddahem/podradio/SR_sommar_i_p1_080722030041.mp3,3007,36076251,https://static-cdn.sr.se/images/2071/3252592_2048_1152.jpg,,Tidigare vd för Natur & Kultur. Eva Swartz Grimaldis berättar i sitt Sommarprogram hur det är att vara svensk men känna sig italiensk och om sina resor mellan fin- och fulkultur. - Och om den klokaste kvinna jag mött och om Lennart som gav mig både jobb och man.
369505,1267481,Raymond Ahlgren 2008,2008-07-23,2008,Sommar,https://www.sverigesradio.se/avsnitt/369505,https://static-cdn.sr.se/laddahem/podradio/SR_sommar_i_p1_080723030049.mp3,3826,45905084,https://static-cdn.sr.se/images/2071/3252624_2048_1152.jpg,,"Författare och egenföretagare – Jag umgås bara med vackra människor - som insett att de har exakt det de förtjänar i sina liv. Som insett att de är källan i sina liv och vägrar iklä sig en offerroll. Vågar du höra sanningen? Lyssna på mitt program. Vill du ha medömkan? Köp en hund, tipsar Raymond Ahlgren i sitt andra Sommarprogram."
369506,1269280,Katja Geiger 2008,2008-07-24,2008,Sommar,https://www.sverigesradio.se/avsnitt/369506,https://static-cdn.sr.se/laddahem/podradio/sommar__vinter_i_p1_katja_geiger_2008_20240913_1322370193.mp3,3166,38025216,https://static-cdn.sr.se/images/2071/3252706_2048_1152.jpg,,Modeskapare I sitt Sommarprogram berättar Katja Geiger om hur kärleken till fabriksmiljöer föddes i den skånska lermyllan och om sina möten i Hollywoods stjärnvärld där hon bland andra träffat Charlie Chaplin och Bertold Brecht.
369508,1271099,Måns Zelmerlöw 2008,2008-07-25,2008,Sommar,https://www.sverigesradio.se/avsnitt/369508,https://static-cdn.sr.se/laddahem/podradio/SR_sommar_i_p1_080725030036.mp3,2558,30686772,https://static-cdn.sr.se/images/2071/3252766_2048_1152.jpg,,Artist och programledare I sitt Sommarprogram delar Måns Zelmerlöw med sig av roliga och pinsamma anekdoter. – Jag kommer försöka utröna vilken låt som har betytt mest för mig under mina 21 år i livet. Detta genom att med hjälp av min kära mor berätta roliga och ibland rätt pinsamma anekdoter som har inträffat längs vägen.
369509,1272415,Manuel Knight 2008,2008-07-26,2008,Sommar,https://www.sverigesradio.se/avsnitt/369509,https://static-cdn.sr.se/laddahem/podradio/sommar__vinter_i_p1_manuel_knight_2008_20240913_1323084898.mp3,2312,27785216,https://static-cdn.sr.se/images/2071/3252782_2048_1152.jpg,,"AFFÄRSMAN OCH FÖRELÄSARE. I sitt Sommarprogram pratar Manuel Knight om varför kultur är likt... majs. - Kalla gärna programmet ”The Corn Session”, säger Manuel Knight."
369510,1273281,Jens Lapidus 2008,2008-07-27,2008,Sommar,https://www.sverigesradio.se/avsnitt/369510,https://static-cdn.sr.se/laddahem/podradio/sommar__vinter_i_p1_jens_lapidus_2008_20240913_1323241162.mp3,2606,31309824,https://static-cdn.sr.se/images/2071/3252794_2048_1152.jpg,,"Författare och advokat I sitt Sommarprogram pratar Jens Lapidus om sin relation till språket som verktyg och vapen. – Såväl science fiction-klassiker som inlagor till rätten, som slår ut motparten direkt. Musiken blir sådan som betytt glädje för mig, förklarar Jens Lapidus."
369512,1274710,Annika Söder 2008,2008-07-28,2008,Sommar,https://www.sverigesradio.se/avsnitt/369512,https://static-cdn.sr.se/laddahem/podradio/SR_sommar_i_p1_080728034635.mp3,2940,35278158,https://static-cdn.sr.se/images/2071/3252810_2048_1152.jpg,,Diplomat och före detta undergeneraldirektör i FAO. Annika Söders Sommarprogram handlar om mat och klimat och kulturen som livsnödvändighet och passionen som drivkraft. Och om människor som brinner för det de gör. - Det blir också en del eldfängd musik. Och annan som kan ge lugn.
369517,1276412,Martina Lowden 2008,2008-07-29,2008,Sommar,https://www.sverigesradio.se/avsnitt/369517,https://static-cdn.sr.se/laddahem/podradio/sommar__vinter_i_p1_martina_lowden_2008_20240913_1323551874.mp3,3178,38176768,https://static-cdn.sr.se/images/2071/3252918_2048_1152.jpg,,"Författare – Pandaflickan i mitt hjärta får välja musik. Hon kan spela Dory Previns Mythical Kings and Iguanas så kan jag prata om böcker med utgångspunkt från raden ”High is right and low is wrong”. Ja, något ditåt får det bli, säger Martina Lowden om sitt Sommarprogram."
369519,1278705,Göran Hägglund 2008,2008-07-30,2008,Sommar,https://www.sverigesradio.se/avsnitt/369519,https://static-cdn.sr.se/laddahem/podradio/sommar__vinter_i_p1_goran_hagglund_2008_20240913_1324123242.mp3,2962,35575808,https://static-cdn.sr.se/images/2071/3252957_2048_1152.jpg,,"Politiker och partiledare för Kristdemokraterna I sitt Sommarprogram ger Göran Hägglund oss sina tankar inför framtiden. – Mitt program blir en blandning av stort och smått, humor och allvar, minnen och en del tankar om framtiden. Och så blir det musik – ett stort intresse för mig."
369520,1280095,Karin Mamma Andersson 2008,2008-07-31,2008,Sommar,https://www.sverigesradio.se/avsnitt/369520,https://static-cdn.sr.se/laddahem/podradio/sommar__vinter_i_p1_karin_mamma_andersson_2008_20240913_1324264279.mp3,2909,34942976,https://static-cdn.sr.se/images/2071/3252970_2048_1152.jpg,,"Konstnär I sitt Sommarprogram rotar Karin Mamma Andersson i sig själv och ”den märkliga konsten”. – Det blir ovanliga röster och ovanligt bra musik, berättar Karin Mamma Andersson."
369522,1281962,Annika Norlin 2008,2008-08-01,2008,Sommar,https://www.sverigesradio.se/avsnitt/369522,https://static-cdn.sr.se/laddahem/podradio/SR_sommar_i_p1_080801030047.mp3,3216,38585574,https://static-cdn.sr.se/images/2071/3252989_2048_1152.jpg,,"Artist, låtskrivare och journalist I sitt Sommarprogram spelar Annika Norlin världens bästa låtar - enligt henne själv i alla fall. – I mitt program ska jag åka tåg upp till min hemstad Östersund. Under tiden ska jag spela världens bästa låtar och prata om hur det är första gången man förstår musik."
369523,1283281,Svante Axelsson 2008,2008-08-02,2008,Sommar,https://www.sverigesradio.se/avsnitt/369523,https://static-cdn.sr.se/laddahem/podradio/sommar__vinter_i_p1_svante_axelsson_2008_20240913_1325169413.mp3,3199,38420480,https://static-cdn.sr.se/images/2071/3252997_2048_1152.jpg,,Generalsekreterare för Svenska Naturskyddsföreningen I sitt Sommarprogram pratar Svante Axelsson om vad som hindrar oss från att vara klimatsmarta. – Klimatet är inte bara ett hot utan även en möjlighet. Jag kommer tala om det och om vikten av hinderröjning: att ta bort dumheter som gör det svårt att vara klimatsmart.
369524,1284268,Pia Johansson 2008,2008-08-03,2008,Sommar,https://www.sverigesradio.se/avsnitt/369524,https://static-cdn.sr.se/laddahem/podradio/SR_sommar_i_p1_080803073424.mp3,3450,41399275,https://static-cdn.sr.se/images/2071/3253004_2048_1152.jpg,,"Skådespelare Sitt tredje Sommarprogram beskriver Pia Johansson som stimulerande, renande och stärkande. – Det är ett program för dig som aldrig synts i vimlet, blivit nämnd i chefens tacktal eller fått ett pris. Mitt Sommar är stimulerande, renande och stärkande, skingrar melankoli och återställer vitalitet. Är också insektsavstötande. Lyssna!"
369526,1285530,Stavros Louca 2008,2008-08-04,2008,Sommar,https://www.sverigesradio.se/avsnitt/369526,https://static-cdn.sr.se/laddahem/podradio/sommar__vinter_i_p1_stavros_louca_2008_20240913_1325586257.mp3,2844,34166784,https://static-cdn.sr.se/images/2071/3253015_2048_1152.jpg,,Matematiklärare I sitt Sommarprogram berättar Stavros Louca om ambitionen att bli sjökapten men hur han istället gled in på ett bananskal som lärare. – Det blir ett program om hur jag rymde från det militära på Cypern och om ambitionen att bli sjökapten men istället gled in på ett bananskal som lärare. Och så självklart om klass 9A!
369527,1287429,Åsa Borgström 2008,2008-08-05,2008,Sommar,https://www.sverigesradio.se/avsnitt/369527,https://static-cdn.sr.se/laddahem/podradio/SR_sommar_i_p1_080805030100.mp3,3074,36879673,https://static-cdn.sr.se/images/2071/3253021_2048_1152.jpg,,Hemmansägare I sitt Sommarprogram pratar Åsa Borgström om hur det vanliga blir ovanligt. – Tillbakalutad i en gungstol ska jag snurra 360 grader med hemmansägartiteln och prata om hur vanligt blir ovanligt och öppnar för nya möjligheter.
369529,1289250,Sissela Benn 2008,2008-08-06,2008,Sommar,https://www.sverigesradio.se/avsnitt/369529,https://static-cdn.sr.se/laddahem/podradio/SR_sommar_i_p1_080806030053.mp3,2644,31725296,https://static-cdn.sr.se/images/2071/3253032_2048_1152.jpg,,"Skådespelare och komiker Sissela Benns Sommarprogram handlar kort och kort om - henne själv. – Du som lyssnar kommer att skratta, gråta och lära dig nånting om dig själv. Nä, skoja bara. Men det ska handla om mig."
369530,1291025,Per Hallberg 2008,2008-08-07,2008,Sommar,https://www.sverigesradio.se/avsnitt/369530,https://static-cdn.sr.se/laddahem/podradio/sommar__vinter_i_p1_per_hallberg_2008_20240913_1326552781.mp3,3091,37134336,https://static-cdn.sr.se/images/2071/3253045_2048_1152.jpg,,"Ljuddesigner Per Hallbergs Sommarprogram handlar om jobbet som ljudläggare i det mytomspunna Hollywood, om ljudets betydelse för filmen och om kontrasterna mellan det intensiva livet i Los Angeles och lugnet på Öland."
370057,1292842,Boris Grigorjev 2008,2008-08-08,2008,Sommar,https://www.sverigesradio.se/avsnitt/370057,https://static-cdn.sr.se/laddahem/podradio/sommar__vinter_i_p1_boris_grigorjev_2008_20240913_1327118586.mp3,3354,40280064,https://static-cdn.sr.se/images/2071/3255329_2048_1152.jpg,,"Överste och författare I sitt Sommarprogram berättar Boris Grigorjev om sina erfarenheter som spion. – Jag ska prata om Sveriges och Rysslands historia, om mina svenska vänner och den hemliga ryska själen, om min litterära och spionmässiga verklighet, om U 137 och mina upplevelser i Karlskrona 1981, berättar Boris Grigorjev."
370058,1294156,David Batra 2008,2008-08-09,2008,Sommar,https://www.sverigesradio.se/avsnitt/370058,https://static-cdn.sr.se/laddahem/podradio/SR_sommar_i_p1_080809030056.mp3,3131,37571500,https://static-cdn.sr.se/images/2071/3255347_2048_1152.jpg,,"Komiker, programledare, civilekonom och författare David Batras Sommarprogram handlar om hur man kan fördriva tiden mellan födsel och reinkarnation."
370188,1295021,Pernilla August 2008,2008-08-10,2008,Sommar,https://www.sverigesradio.se/avsnitt/370188,https://static-cdn.sr.se/laddahem/podradio/sommar__vinter_i_p1_pernilla_august_2008_20240913_1327411673.mp3,3167,38041600,https://static-cdn.sr.se/images/2071/3255384_2048_1152.jpg,,"Skådespelare och filmregissör I sitt Sommarprogram pratar Pernilla August om vad svårmodet gör med oss människor och vad det kan ge. – Rainer Maria Rilke har skrivit en text som lyder: ”Stäng aldrig ute något oroande, något svårmod från ditt liv. Ty du vet aldrig hur dessa tillstånd arbetar med dig”. Det ska mitt Sommarprogram handla om. Och om Urvädersgränd och Götgatan."
370189,1296417,Carin Götblad 2008,2008-08-11,2008,Sommar,https://www.sverigesradio.se/avsnitt/370189,https://static-cdn.sr.se/laddahem/podradio/sommar__vinter_i_p1_carin_gotblad_2008_20240913_1328142474.mp3,3104,37287936,https://static-cdn.sr.se/images/2071/3255399_2048_1152.jpg,,"Dåvarande länspolismästare i Stockholms län I sitt program pratar Carin Götblad om fördomar och kåryrken. – Det blir ett program om hur det är att vara polischef, om känslor och professionalism, om kåryrken och fördomar. Men också om ”nakenmarsvin”."
370190,1298155,Ann Henning 2008,2008-08-12,2008,Sommar,https://www.sverigesradio.se/avsnitt/370190,https://static-cdn.sr.se/laddahem/podradio/sommar__vinter_i_p1_ann_henning_2008_20240913_1328290703.mp3,3089,37101568,https://static-cdn.sr.se/images/2071/3255416_2048_1152.jpg,,"Författare och översättare I sitt Sommarprogram berättar Ann Henning om livet på Irland. – Mycket som jag älskar och beundrar där, annat som jag finner djupt chockerande. Och så ska vi ösa ur källan av underbar irländsk musik, säger Ann Henning."
370230,1299878,Hassan Brijany 2008,2008-08-13,2008,Sommar,https://www.sverigesradio.se/avsnitt/370230,https://static-cdn.sr.se/laddahem/podradio/SR_sommar_i_p1_080813030043.mp3,2800,33588872,https://static-cdn.sr.se/images/2071/3255450_2048_1152.jpg,,"Skådespelare I sitt program pratar Hassan Brijany om hur det var att lämna sitt hemland Iran. – Det är som att ryckas upp med rötterna. Men ny jord, luft och näring skapar nya rötter och kan göra en uppryckt blomma ännu starkare."
353531,1301766,Klara Zimmergren och Mia Skäringer 2008,2008-08-14,2008,Sommar,https://www.sverigesradio.se/avsnitt/353531,https://static-cdn.sr.se/laddahem/podradio/sommar__vinter_i_p1_klara_zimmergren_och_mia_skari_20240913_1329309524.mp3,2910,34959360,https://static-cdn.sr.se/images/2071/3255480_2048_1152.jpg,,"Komikerpar, manusförfattare och skådespelare. Klara Zimmergrens och Mia Skäringers Sommarprogram handlar om hur humor och sorg kan vara samma sak. De berättar hur det är att jobba som två så kallade parhästar. - Sen kommer vi spela massor av vemodig musik."
370322,1303678,Mikael Tornving 2008,2008-08-15,2008,Sommar,https://www.sverigesradio.se/avsnitt/370322,https://static-cdn.sr.se/laddahem/podradio/SR_sommar_i_p1_080815050038.mp3,3063,36746449,https://static-cdn.sr.se/images/2071/3255516_2048_1152.jpg,,Komiker och skådespelare. I sitt Sommarprogram avslöjar Mikael Tornving sin övernaturliga förmåga och så pratar han om hur hans far lärde honom att ljuga och hur hans mor lärde honom om kvinnor och jämställdhet. -Dessutom ska jag berätta om sådant som är viktigt för mig. Och om min nästan övernaturliga förmåga.
370324,1304706,Marie-Louise Ekman 2008,2008-08-16,2008,Sommar,https://www.sverigesradio.se/avsnitt/370324,https://static-cdn.sr.se/laddahem/podradio/SR_sommar_i_p1_080816050044.mp3,3050,36589401,https://static-cdn.sr.se/images/2071/3255526_2048_1152.jpg,,"Konstnär, filmskapare och Dramatenchef.  I sitt Sommarprogram delar Marie-Louise Ekman med sig av möten genom livet. – Jag kommer tala om när man föds... när man ser... när man möts... när man gör... när man tappar minnet..."
415916,1520235,Jonas Gardell - Vinter 2008,2008-12-25,2008,Vinter,https://www.sverigesradio.se/avsnitt/415916,https://static-cdn.sr.se/laddahem/podradio/SR_p1_vinter_081225060033.mp3,3215,38575856,https://static-cdn.sr.se/images/2071/3363247_2048_1152.jpg,,"Författare, komiker och artist – Jag ska prata om saker som inte blivit som man tänkt sig, samt spela låtar som jag tycker att det är lite pinsamt att jag tycker om."
418134,1521036,Jan-Öjvind Swahn - Vinter 2008,2008-12-26,2008,Vinter,https://www.sverigesradio.se/avsnitt/418134,https://static-cdn.sr.se/laddahem/podradio/SR_p1_vinter_081226030033.mp3,3273,39272385,https://static-cdn.sr.se/images/2071/3363258_2048_1152.jpg,,Folkloristikprofessor och författare – Jag kommer att Vinterprata om våra fördomar om jul och lucia.
418136,1521957,Jenny och Susanna Kallur - Vinter 2008,2008-12-27,2008,Vinter,https://www.sverigesradio.se/avsnitt/418136,https://static-cdn.sr.se/laddahem/podradio/SR_p1_vinter_081227030109.mp3,3144,37724473,https://static-cdn.sr.se/images/2071/3363281_2048_1152.jpg,,"Häcklöpartvillingpar – Vi kommer att prata om livet utanför löparbanorna, nu när vi själva har chansen att tala om det vi vill. Det kommer bland annat att handla om hur det är att vara tvillingar - på gott och ont."
418138,1522779,Lamine Dieng - Vinter 2008,2008-12-28,2008,Vinter,https://www.sverigesradio.se/avsnitt/418138,https://static-cdn.sr.se/laddahem/podradio/SR_p1_vinter_081228030102.mp3,3348,40172669,https://static-cdn.sr.se/images/2071/3363322_2048_1152.jpg,,"Debattör, skådespelare och konstnär – Jag kommer att vinterprata om längtan till ett bättre liv, om Barca eller Barsakh."
418232,1524092,Mari Jungstedt - Vinter 2008,2008-12-29,2008,Vinter,https://www.sverigesradio.se/avsnitt/418232,https://static-cdn.sr.se/laddahem/podradio/SR_p1_vinter_081229030037.mp3,3493,41913678,https://static-cdn.sr.se/images/2071/3363356_2048_1152.jpg,,Journalist och deckarförfattare – Jag kommer att prata om när jag som elvaåring för första gången skulle få åka iväg till landet över helgen med min alkoholiserade pappa. Om förhoppningen att han skulle ha ändrat sig och verkligen vilja vara tillsammans med bara mig.
418233,1525986,Henning Mankell - Vinter 2008,2008-12-30,2008,Vinter,https://www.sverigesradio.se/avsnitt/418233,https://static-cdn.sr.se/laddahem/podradio/SR_p1_vinter_081230030037.mp3,3452,41414949,https://static-cdn.sr.se/images/2071/3363366_2048_1152.jpg,,"FÖRFATTARE OCH DRAMATIKER. – Jag kommer att Vinterprata bland annat om fantasins goda formande kraft, som finns mitt i en afrikansk härdande hård vardag."
418235,1527673,Lasse Åberg - Vinter 2008,2008-12-31,2008,Vinter,https://www.sverigesradio.se/avsnitt/418235,https://static-cdn.sr.se/laddahem/podradio/SR_p1_vinter_081231030036.mp3,3298,39569868,https://static-cdn.sr.se/images/2071/3363382_2048_1152.jpg,,"Grafisk formgivare, skådespelare och filmregissör – Jag kommer bland annat att prata om samlarens själ, fikonspråk i politiken, spanska poliser, en sommar i Örträsk och synkronicit."
418237,1528575,Kerstin Ekman - Vinter 2009,2009-01-01,2009,Vinter,https://www.sverigesradio.se/avsnitt/418237,https://static-cdn.sr.se/laddahem/podradio/SR_p1_vinter_090101030102.mp3,2878,34534296,https://static-cdn.sr.se/images/2071/3363406_2048_1152.jpg,,"Författare, filosofie hedersdoktor och skoglig hedersdoktor – Jag kommer att prata om allt jag längtar efter på vintern – en blommande sommaräng, botaniska utflykter i skog, mossar och beteshagar. Jag kommer också att tala om dem som hjälper mig att stå ut med den bistra vintern."
363618,1809036,Ingvar Kamprad 2009,2009-06-20,2009,Sommar,https://www.sverigesradio.se/avsnitt/363618,https://static-cdn.sr.se/laddahem/podradio/sommar__vinter_i_p1_ingvar_kamprad_2009_20240913_1348512784.mp3,3232,38821888,https://static-cdn.sr.se/images/2071/3246366_2048_1152.jpg,,Grundare till företaget IKEA Ingvar Kamprad kallar sitt Sommarprogram för ”ett enkelt bonnasnack”. -Jag har aldrig lärt mig klättra i kunskapens träd. Däremot har ett rätt långt liv gett mig en rimligt god erfarenhet av många saker – åtminstone några kunde kanske intresse även dig?
363634,1809856,Tomas Ledin 2009,2009-06-21,2009,Sommar,https://www.sverigesradio.se/avsnitt/363634,https://static-cdn.sr.se/laddahem/podradio/sommar__vinter_i_p1_tomas_ledin_2009_20240913_1348582961.mp3,3052,36661248,https://static-cdn.sr.se/images/2071/3246383_2048_1152.jpg,,"Artist  I sitt Sommarprogram pratar Tomas Ledin om passion, vilja och besatthet. Han berättar om när Jimi Hendrix klev ur taxin i Sandviken och om resan från sågverket i Ådalen till båtplatsen på Kungliga Djurgården i Stockholm. - Jag har valt musik som jag ofta återkommer till, musik som betyder mycket för mig."
363637,1812557,Hanna Hellquist 2009,2009-06-22,2009,Sommar,https://www.sverigesradio.se/avsnitt/363637,https://static-cdn.sr.se/laddahem/podradio/SR_sommar_i_p1_090622030100.mp3,2965,35576581,https://static-cdn.sr.se/images/2071/3246399_2048_1152.jpg,,"Krönikör, författare och programledare I sitt Sommarprogram talar Hanna Hellquist om feminism och kärlek. Om att flytta hemifrån, om att bli ihop, om fyra danska ""fadöl"" och om svårigheterna med att starta en feministisk studiecirkel. - I viss mån kommer det även beröra vad som händer när man samlar 200 tjugoåringar på ett internat, säger Hanna Hellquist."
363644,1814490,Helena von Zweigbergk 2009,2009-06-23,2009,Sommar,https://www.sverigesradio.se/avsnitt/363644,https://static-cdn.sr.se/laddahem/podradio/SR_sommar_i_p1_090623030116.mp3,2761,33130893,https://static-cdn.sr.se/images/2071/3367889_2048_1152.jpg,,"Journalist och författare I sitt tredje Sommarprogram pratar Helena von Zweigbergk om hur musik kan förvrida huvudet på en. - Musiken jag ska spela är exempel på det och allt däremellan. Det blir raffel och vemod, förklarar Helena von Zweigbergk."
363645,1816470,Alexander Stubb 2009,2009-06-24,2009,Sommar,https://www.sverigesradio.se/avsnitt/363645,https://static-cdn.sr.se/laddahem/podradio/SR_sommar_i_p1_090624030053.mp3,2928,35128633,https://static-cdn.sr.se/images/2071/3241838_2048_1152.jpg,,Utrikesminister i Finland. I sitt Sommarprogram pratar Alexander Stubb om sitt förhållandet till Sverige och om sitt stora intresse: triathlon. Det blir också prat om jobbet som politiker och om intressanta personer han träffat genom det.
363646,1818457,Malin Åkerman 2009,2009-06-25,2009,Sommar,https://www.sverigesradio.se/avsnitt/363646,https://static-cdn.sr.se/laddahem/podradio/SR_sommar_i_p1_090625030037.mp3,2389,28666776,https://static-cdn.sr.se/images/2071/3246456_2048_1152.jpg,,"Skådespelerska  Malin Åkermans Sommarprogram handlar om livet i Hollywood. Hon berättar hur det känns att kissa på Ben Stillers rygg, och om vad som får henne att längta hem till Falsterbo och så avslöjar hon vad som fick byggas så att hon kunde sitta bekvämt i sin Watchmen-latexdräkt mellan inspelningarna."
363668,1820427,Kjell Lönnå 2009,2009-06-26,2009,Sommar,https://www.sverigesradio.se/avsnitt/363668,https://static-cdn.sr.se/laddahem/podradio/sommar__vinter_i_p1_kjell_lonna_2009_20240913_1349265019.mp3,2661,31973376,https://static-cdn.sr.se/images/2071/3246464_2048_1152.jpg,,Körledare och producent I sitt Sommarprogram pratar Kjell Lönnå om sin stora lidelse i livet – kör. Och det här med kommunikation – att ögonen hör och öronen ser. Hur en sång på olika sätt förändras. Och så blir det väl ett och annat jag upplevt under alla dessa sångarår. Musiken blir väldigt blandad och sånglig.
324147,1821731,Linda Olsson 2009,2009-06-27,2009,Sommar,https://www.sverigesradio.se/avsnitt/324147,https://static-cdn.sr.se/laddahem/podradio/SR_sommar_i_p1_090627030020.mp3,3072,36853656,https://static-cdn.sr.se/images/2071/3246252_2048_1152.jpg,,"Jurist och författare Linda Olssons Sommarprogram handlar om kärlek och vänskap. - Mitt Sommarprogram är ett försök att reda ut vad som är vad. Om det är någon skillnad, och vad den i så fall är."
364503,1822589,Eric Bibb 2009,2009-06-28,2009,Sommar,https://www.sverigesradio.se/avsnitt/364503,https://static-cdn.sr.se/laddahem/podradio/SR_sommar_i_p1_090628030037.mp3,2782,33377593,https://static-cdn.sr.se/images/2071/3246433_2048_1152.jpg,,"Singer-songwriter och bluesartist I sitt Sommarprogram tar Eric Bibb med oss på en musikalisk resa. – I mitt program vill jag bjuda lyssnarna på en färd som speglar min egen musikaliska resa genom åren. Mellan gamla och färska bitar kommer jag att prata om mina personliga erfarenheter som immigrant, observatör av förändringarna i det svenska samhället och om min roll som pappa samt mina influenser som gitarrist, sångare, låtskrivare och pedagog."
366689,1824049,Hans Alfredson 2009,2009-06-29,2009,Sommar,https://www.sverigesradio.se/avsnitt/366689,https://static-cdn.sr.se/laddahem/podradio/sommar__vinter_i_p1_hans_alfredson_2009_20250910_1202207164.mp3,2940,35321856,https://static-cdn.sr.se/images/2071/3246303_2048_1152.jpg,,"Författare, skådespelare och regissör I sitt sjuttonde och sista Sommarprogram pratar Hans Alfredson om reseäventyr som han varit med om i livet."
323364,1825989,Sofia Jannok 2009,2009-06-30,2009,Sommar,https://www.sverigesradio.se/avsnitt/323364,https://static-cdn.sr.se/laddahem/podradio/sommar__vinter_i_p1_sofia_jannok_2009_20240913_1349530259.mp3,3256,39110656,https://static-cdn.sr.se/images/2071/3246315_2048_1152.jpg,,Sångerska I Sofia Jannoks Sommarprogrammet utlovas ”glödkorn i vinden”. - Jag ska tala om varför man måste samla pluspoäng till den perfekta-samehustru-skalan. Och om vad allt egentligen handlar om – vidder.
366710,1827970,Erika Bjerström 2009,2009-07-01,2009,Sommar,https://www.sverigesradio.se/avsnitt/366710,https://static-cdn.sr.se/laddahem/podradio/sommar__vinter_i_p1_erika_bjerstrom_2009_20240913_1349599002.mp3,2942,35346432,https://static-cdn.sr.se/images/2071/3246496_2048_1152.jpg,,"Journalist och utrikeskorrespondent I sitt Sommarprogram berättar Erika Bjerström om vad hon upptäckte under sina reportageresor i Europa, om kampen att vila i rörelse, varför hon älskar Afrika så mycket och om att leva med en livslång sorg. - Musiken blir global – amerikansk jazz och svenska visor via Brasilien och Senegal."
366713,1829929,Joe Labero 2009,2009-07-02,2009,Sommar,https://www.sverigesradio.se/avsnitt/366713,https://static-cdn.sr.se/laddahem/podradio/sommar__vinter_i_p1_joe_labero_2009_20240913_1350066082.mp3,3342,40144896,https://static-cdn.sr.se/images/2071/3246546_2048_1152.jpg,,"Magiker I sitt Sommarprogram pratar Joe Labero om sitt motto – ingenting är omöjligt. Kanske det mottot som tagit honom världen över i jobbet. – Jag kommer att prata om upplevelser, att alltid vara på väg någonstans, att alltid förflytta sig och att allt är möjligt. Jag ska tala om att allt går ut på att ladda med positiv energi. Musiken blir en mix av allt från Frank Sinatra, Motörhead och magiska ögonblick från filmens värld, berättar Joe Labero."
366860,1831902,Cecilia Frode 2009,2009-07-03,2009,Sommar,https://www.sverigesradio.se/avsnitt/366860,https://static-cdn.sr.se/laddahem/podradio/sommar__vinter_i_p1_cecilia_frode_2009_20240913_1350151832.mp3,3397,40804352,https://static-cdn.sr.se/images/2071/3247449_2048_1152.jpg,,"Skådespelerska I sitt Sommarprogram pratar Cecilia Frode om livet, kärleken och döden. – Och den stora tacksamhet vi alla måste komma ihåg att känna. Eller så kanske det blir nåt helt annat och med musik."
366861,1833237,Lena Philipsson 2009,2009-07-04,2009,Sommar,https://www.sverigesradio.se/avsnitt/366861,https://static-cdn.sr.se/laddahem/podradio/SR_sommar_i_p1_090704030016.mp3,3080,36953339,https://static-cdn.sr.se/images/2071/3247463_2048_1152.jpg,,Artist I sitt andra Sommarprogram avslöjar Lena Philipsson varför hon inte gillar schlagermusik och så pratar hon om sitt förhållande till musiken och scenen.
366863,1834179,Herman Lindqvist 2009,2009-07-05,2009,Sommar,https://www.sverigesradio.se/avsnitt/366863,https://static-cdn.sr.se/laddahem/podradio/SR_sommar_i_p1_090705040007.mp3,3461,41520274,https://static-cdn.sr.se/images/2071/3247520_2048_1152.jpg,,"Journalist, författare och populärhistoriker  I sitt Sommarprogram pratar Herman Lindqvist om krig, kärlek och Frankrike och naturligtvis något om förr och nu, det vill säga historia. Dessutom utlovas ett och annat ord om Kungen och Kronprinsessan. - Jag ska berätta om sådant som ni inte hade en aning om, säger Herman Lindqvist och fortsätter: - I musiken ska jag visa att det finns massor med musik som inte är från USA och att alla sångtexter inte måste vara på engelska."
366864,1835535,Jonas Gahr Støre 2009,2009-07-06,2009,Sommar,https://www.sverigesradio.se/avsnitt/366864,https://static-cdn.sr.se/laddahem/podradio/sommar__vinter_i_p1_jonas_gahr_stre_2009_20240913_1350223700.mp3,3098,37212160,https://static-cdn.sr.se/images/2071/3247525_2048_1152.jpg,,Norges dåvarande utrikesminister I sitt Sommarprogram talar Jonas Gahr Støre om relationerna mellan Norge och Sverige – på gott och ont. Han pratar även om de likheter och skillnader som finns mellan våra båda folk.
366865,1936549,Nour El-Refai 2009,2009-07-07,2009,Sommar,https://www.sverigesradio.se/avsnitt/366865,https://static-cdn.sr.se/laddahem/podradio/SR_sommar_i_p1_090907030040.mp3,3023,36271543,https://static-cdn.sr.se/images/2071/3247531_2048_1152.jpg,,"Komiker och skådespelare I sitt Sommarprogram talar Nour El-Refai om rätten att få vara liten. – Allt som borde vara läskigt med att bli vuxen skrämmer mig inte, men att tillåta mig själv att vara liten, det är läskigt. Andra saker kan också få vara små, som Globen till exempel. Jag har kanske tio skivor, ingen skivspelare och ett allmänt ointresse för musik. De låtar som jag har valt har verkligen trängt sig genom bruset och rakt in i mitt svårflörtade hjärta, säger Nour El-Refai."
366866,1839628,Roger Wallis 2009,2009-07-08,2009,Sommar,https://www.sverigesradio.se/avsnitt/366866,https://static-cdn.sr.se/laddahem/podradio/SR_sommar_i_p1_090708044105.mp3,2768,33211455,https://static-cdn.sr.se/images/2071/3247533_2048_1152.jpg,,"Professor på KTH och kompositör. I sitt Sommarprogram pratar Roger Wallis om fildelning och spelar världsmusik. – Musik från hela världen kommer att varvas med historier (sanna eller nästan sanna) från mina snart 50 år som engelsman i Sverige. Troligtvis blir det en hel del avslöjanden kring dagens polariserade debatt om fildelning, om upphovsrätt och om vad som är ”lagligt” eller ”olagligt” i internetåldern."
366867,1841325,Malin Baryard 2009,2009-07-09,2009,Sommar,https://www.sverigesradio.se/avsnitt/366867,https://static-cdn.sr.se/laddahem/podradio/sommar__vinter_i_p1_malin_baryard_2009_20240913_1350431135.mp3,2659,31942656,https://static-cdn.sr.se/images/2071/3247535_2048_1152.jpg,,"Känd hästryttare I sitt Sommarprogram berättar Malin Baryard anekdoter från sin karriär. – Jag ska berätta om hur det är och vad jag tycker om det eviga livet som ryttare där män, kvinnor oavsett ålder tävlar mot varandra på samma villkor. Jag ska spela musik som någon gång gjort mig glad och handlar om mitt liv; från The Hives hästsång Giddy Up! via The Gossips Standing In The Way of Control till Sex on Fire med Kings of Leon."
366868,1843333,Christian Lindberg 2009,2009-07-10,2009,Sommar,https://www.sverigesradio.se/avsnitt/366868,https://static-cdn.sr.se/laddahem/podradio/sommar__vinter_i_p1_christian_lindberg_2009_20240913_1350502051.mp3,2803,33677312,https://static-cdn.sr.se/images/2071/3247539_2048_1152.jpg,,"Trombonist, dirigent och tonsättare I sitt Sommarprogram vill Christian Lindberg närma sig svaret på den fråga som Ingmar Bergman ställde i sitt Sommarprogram: ”Varifrån kommer musiken?” – En fråga lika omöjlig som var Gud kommer ifrån, men trots detta vill jag som har musiken som yrke, försöka komma svaret på Ingmars fråga så nära jag kan i mitt Sommarprogram."
366869,1844597,Jonas Björkman 2009,2009-07-11,2009,Sommar,https://www.sverigesradio.se/avsnitt/366869,https://static-cdn.sr.se/laddahem/podradio/sommar__vinter_i_p1_jonas_bjorkman_2009_20240913_1350566235.mp3,3439,41308160,https://static-cdn.sr.se/images/2071/3247543_2048_1152.jpg,,Före detta tennisspelare Jonas Björkman berättar i sitt Sommarprogram om sin framgångsrika tenniskarriär. – Ni kommer att få höra om min resa från det att jag plockade upp min tennisracket för första gången till att jag i höstas lade det på hyllan. Och om varför jag har kallats ”tourens ordningsman” och ”Madonna”.
323359,1845429,Prinsessan Birgitta 2009,2009-07-12,2009,Sommar,https://www.sverigesradio.se/avsnitt/323359,https://static-cdn.sr.se/laddahem/podradio/sommar__vinter_i_p1_prinsessan_birgitta_2009_20240913_1351022751.mp3,2712,32577536,https://static-cdn.sr.se/images/2071/3248729_2048_1152.jpg,,"Gymnastikdirektör och kung Carl XVI Gustafs syster I sitt Sommarprogram berättar prinsessan Birgitta om varför hon blev gymnastikdirektör och så berättar hon om viljan att gå sin egen väg. – Jag ville egentligen bli massör, men det tyckte inte hovet var passande."
366899,1846794,Sara Paborn 2009,2009-07-13,2009,Sommar,https://www.sverigesradio.se/avsnitt/366899,https://static-cdn.sr.se/laddahem/podradio/sommar__vinter_i_p1_sara_paborn_2009_20240913_1351095252.mp3,3410,40957952,https://static-cdn.sr.se/images/2071/3248767_2048_1152.jpg,,"Copywriter och författare I sitt Sommarprogram berättar Sara Paborn om författare som hon önskar att hon träffat, om sina misslyckade försök att bli en äventyrlig vagabond och om vikten av att acceptera sig själv ”som den jobbiga typ man faktiskt är”."
366903,1848711,Katerina Janouch 2009,2009-07-14,2009,Sommar,https://www.sverigesradio.se/avsnitt/366903,https://static-cdn.sr.se/laddahem/podradio/sommar__vinter_i_p1_katerina_janouch_2009_20240913_1351184404.mp3,2382,28616704,https://static-cdn.sr.se/images/2071/3248800_2048_1152.jpg,,"Sexrådgivare och författare I sitt Sommarprogram pratar Katerina Janouch kärlek, motgångar, kvinnokraft och familjeliv, sexualitet och missbruk. Och så avslöjar hon varför hon tycker det är så kul att skriva böcker och hur det kommer sig att hon blivit mamma till fem barn. - Musiken blir en blandning av inspirerande kampsånger och nostalgiska discominnen."
322826,1850616,Håkan Nilsson 2009,2009-07-15,2009,Sommar,https://www.sverigesradio.se/avsnitt/322826,https://static-cdn.sr.se/laddahem/podradio/sommar__vinter_i_p1_hakan_nilsson_2009_20240913_1351317655.mp3,3015,36220928,https://static-cdn.sr.se/images/2071/3248830_2048_1152.jpg,,"Lyssnarnas Sommarvärd 2009 Musikern Håkan Nilsson pratar om industriorten Ljusne och spelar sin egen musik. – Jag ska prata om mina musikerminnen, den lilla industriorten Ljusnes uppgång och fall och så blir det kanske något om verkligheten bakom Hallwylska palatset. Musiken blir lite eget, lite Taube och Cornelis. Framför allt ska jag spela musik som är spelad av musiker som spelar tillsammans och inte är producerad i en dator. För det är när det är äkta som det händer något."
366909,1852703,Ann Heberlein 2009,2009-07-16,2009,Sommar,https://www.sverigesradio.se/avsnitt/366909,https://static-cdn.sr.se/laddahem/podradio/sommar__vinter_i_p1_ann_heberlein_2009_20240913_1351381671.mp3,3258,39129088,https://static-cdn.sr.se/images/2071/3248860_2048_1152.jpg,,"Teologie doktor i etik I sitt Sommarprogram hyllar Ann Heberlein vardagen och ifrågasätter ifrågasättandet av begreppet ”normal”. Dessutom pratar hon om vad som händer när man visar sig svag i ett samhälle som värdesätter kontroll, styrka och framgång mer än något annat. - Musiken blir som jag – blandad."
366911,1854673,Elizabeth Kuylenstierna f.d. Gummesson 2009,2009-07-17,2009,Sommar,https://www.sverigesradio.se/avsnitt/366911,https://static-cdn.sr.se/laddahem/podradio/sommar__vinter_i_p1_elizabeth_kuylenstierna_f_d_g_20240913_1351466334.mp3,3178,38178816,https://static-cdn.sr.se/images/2071/3248902_2048_1152.jpg,,"Föreläsare och coach I sitt Sommarprogram tipsar Elizabeth Kuylenstierna om hur man släpper kontrollbehovet. – Jag berättar om den dramatiska olycka som inträffade när jag var nio år och som satte spår för resten av livet, men också tipsa om hur man gör för att släppa kontrollbehov och bli av med prestationsångest – för gott!"
367049,1855784,Kristian Luuk 2009,2009-07-18,2009,Sommar,https://www.sverigesradio.se/avsnitt/367049,https://static-cdn.sr.se/laddahem/podradio/SR_sommar_i_p1_090718030026.mp3,3109,37298155,https://static-cdn.sr.se/images/2071/3248929_2048_1152.jpg,,"Programledare och komiker I sitt andra Sommarprogram pratar Kristian Luuk om mannen i sitt liv och den gången han kördes hem i Säpobil med statsministern. - Och så kommer jag att spela musik som kommer att få några av er att mejla till mig i efterhand och skriva ""Wow! Det där var en bra låt, vad heter den?""."
367171,1856636,Per Olov Enquist 2009,2009-07-19,2009,Sommar,https://www.sverigesradio.se/avsnitt/367171,https://static-cdn.sr.se/laddahem/podradio/SR_sommar_i_p1_090719030004.mp3,3728,44729260,https://static-cdn.sr.se/images/2071/3248963_2048_1152.jpg,,"Författare I sitt femte Sommarprogram pratar Per Olov Enquist om sitt konstiga liv. - Jag kan inte undvika att prata mitt konstiga liv. Och om det jag sett på skilda håll i världen. Och om min hund Pelle, mitt ideologiska rättesnöre. Och musik av både Dizzy Gillespie och Blå Tåget kommer att höras."
367172,1858032,Madeleine Westin 2009,2009-07-20,2009,Sommar,https://www.sverigesradio.se/avsnitt/367172,https://static-cdn.sr.se/laddahem/podradio/sommar__vinter_i_p1_madeleine_westin_2009_20240913_1351233824.mp3,3304,39682048,https://static-cdn.sr.se/images/2071/3249011_2048_1152.jpg,,"Tv-meteorolog, författare och kapten i försvarsmakten. Madeleine Westins Sommarprogram handlar om äventyr och om sina år på försvarsmakten och senare på TV4. Dessutom delar hon med sig av ett dopp på Nordpolen och om hur man får tiden att räcka till. - Allt mixat med musik från olika genrer."
367176,1859948,Johan Lindeberg 2009,2009-07-21,2009,Sommar,https://www.sverigesradio.se/avsnitt/367176,https://static-cdn.sr.se/laddahem/podradio/sommar__vinter_i_p1_johan_lindeberg_2009_20240913_1352173569.mp3,3055,36700160,https://static-cdn.sr.se/images/2071/3249153_2048_1152.jpg,,"Designer I sitt Sommarprogram berättar Johan Lindeberg om resan från de anarkistiska åren i Lund till åttiotalsyuppie, varumärkesbyggare och designer. – Mina 23 flyttar på 13 år. Och om min dotter som tycker att jag är som en mamma. Musiken refererar till mina modeshower och artister som jag samarbetat med. Jag spelar också min dotter Blues favoritmusik. Depeche Mode kommer definitivt att dominera."
367177,1861858,Lasse Berg 2009,2009-07-22,2009,Sommar,https://www.sverigesradio.se/avsnitt/367177,https://static-cdn.sr.se/laddahem/podradio/SR_sommar_i_p1_090722030027.mp3,3551,42602371,https://static-cdn.sr.se/images/2071/3249161_2048_1152.jpg,,"Författare och journalist I sitt Sommarprogram pratar Lasse Berg om resor och varför vi blev som vi är. – Hur sjutton blev vi som vi är? Det tänkte jag prata om utifrån ett livs resor runt världen, samt möten med både nyfikna människor och pilska apor. Ingen jazz!"
367178,1863740,Malin Sävstam 2009,2009-07-23,2009,Sommar,https://www.sverigesradio.se/avsnitt/367178,https://static-cdn.sr.se/laddahem/podradio/SR_sommar_i_p1_090723030110.mp3,3021,36240196,https://static-cdn.sr.se/images/2071/3249203_2048_1152.jpg,,"Föreläsare som förlorade sin familj i tsunamin 2004. Malin Sävstams Sommarprogram handlar om livet, kärleken och sorgen. – Ingen kärlek, ingen sorg. Ingen kärlek, inget liv. Mitt Sommarprogram kommer att handla om mina erfarenheter av den djupaste smärta men också om högtflygande kärlek. Jag kommer också att dela med mig av insikter som jag önskar att jag hade fått utan att behöva gå igenom livets nålsöga. Musiken blir ett axplock av de låtar som har tonsatt mina känslor."
367193,1865652,Kerstin Hessius 2009,2009-07-24,2009,Sommar,https://www.sverigesradio.se/avsnitt/367193,https://static-cdn.sr.se/laddahem/podradio/sommar__vinter_i_p1_kerstin_hessius_2009_20240913_1352256690.mp3,3004,36081664,https://static-cdn.sr.se/images/2071/3249294_2048_1152.jpg,,"Nationalekonom och vd för Tredje AP-fonden Kerstin Hessius Sommarprogram handlar om författardrömmar. – I mitt program ska jag tala om hur bubblor uppstår och brister, om att vara eller inte vara boss och om varför mina författardrömmar aldrig förverkligades. Musiken är blandad men lutar åt r ’n’ b."
367266,1866959,Morgan Alling 2009,2009-07-25,2009,Sommar,https://www.sverigesradio.se/avsnitt/367266,https://static-cdn.sr.se/laddahem/podradio/SR_sommar_i_p1_090725030109.mp3,2914,34965943,https://static-cdn.sr.se/images/2071/3249319_2048_1152.jpg,,"Skådespelare Morgan Allings Sommarprogram handlar om att bryta sig loss från sitt sociala arv och om vad som gjort att han överlevt. Dessutom delar han med sig av glada, roliga och häftiga minnen, men också minnen som sårat honom och om kärleken till konsten som räddat hans liv. - Musiken är allt från sånt jag dansade till i klass tre till texten jag stannade på motorvägen och grät till. Tänker berätta om finkulturen och fulkulturen och föraktet däremellan."
367467,1867767,Ola Salo 2009,2009-07-26,2009,Sommar,https://www.sverigesradio.se/avsnitt/367467,https://static-cdn.sr.se/laddahem/podradio/SR_sommar_i_p1_090726030119.mp3,2625,31490508,https://static-cdn.sr.se/images/2071/3249356_2048_1152.jpg,,Artist och låtskrivare I sitt andra Sommarprogram delar Ola Salo med sig av musik som inspirerar honom. – Temat för mitt sommarprat är ”Kungligheter jag vanärat och korsfästelser jag överlevt”. Lyssnaren kommer även ges smakprov på musik som just nu inspirerar mig i arbetet med The Arks kommande skiva.
323362,1869309,Petra Mede 2009,2009-07-27,2009,Sommar,https://www.sverigesradio.se/avsnitt/323362,https://static-cdn.sr.se/laddahem/podradio/SR_sommar_i_p1_090727042800.mp3,3383,40591778,https://static-cdn.sr.se/images/2071/3249653_2048_1152.jpg,,"Komiker och programledare  I sitt Sommarprogram pratar Petra Mede om hur livet plötsligt tar en ny vändning, om hur hennes liv blev när det inte blev som hon tänkt sig. Det blir också prat om ""varats olidliga lätthet och helvetet i allmänhet"". - Musiken blir jazz, soul och franska låtar ni aldrig hört förut och säkert aldrig kommer att höra igen, berättar Petra Mede. "
367470,1871005,Arash Labaf 2009,2009-07-28,2009,Sommar,https://www.sverigesradio.se/avsnitt/367470,https://static-cdn.sr.se/laddahem/podradio/sommar__vinter_i_p1_arash_labaf_2009_20240913_1352316197.mp3,2056,24715264,https://static-cdn.sr.se/images/2071/3249664_2048_1152.jpg,,"Artist  I sitt Sommarprogram berättar Arash Labaf om sitt liv som innehåller det bästa av två världar. Och så utlovar han mycket bra musik. – Musik är mitt liv, och mitt liv är musik. Det blir mycket orientaliska låtar från olika delar av världen."
367472,2026745,Mathias Dahlgren 2009,2009-07-29,2009,Sommar,https://www.sverigesradio.se/avsnitt/367472,https://static-cdn.sr.se/laddahem/podradio/sommar__vinter_i_p1_mathias_dahlgren_2009_20240913_1352406398.mp3,2580,30992384,https://static-cdn.sr.se/images/2071/3249679_2048_1152.jpg,,"Stjärnkock och krögare I sitt Sommarprogram talar Mathias Dahlgren om saker som berör honom lite extra, som antingen gör honom förbannad eller glad. Han talar om ”vanliga människor”, mat- och dryckessnobberi, kossor som fiser, instruktionsböcker och om ordet ”omöjligt”. - Som musikalisk analfabet utlovar jag en helt oförutsägbar mix."
367474,1874805,Laleh Pourkarim 2009,2009-07-30,2009,Sommar,https://www.sverigesradio.se/avsnitt/367474,https://static-cdn.sr.se/laddahem/podradio/SR_sommar_i_p1_090730030118.mp3,2596,31146318,https://static-cdn.sr.se/images/2071/3249694_2048_1152.jpg,,"Artist, låtskrivare och skådespelare. Laleh Pourkarim delar med sig av hur man odlar potatis i glasskartonger och om nära döden-upplevelser. Dessutom reflekterar hon över varför vi alla inte kan gå omkring i overall. "
367475,1877133,Peter Englund 2009,2009-07-31,2009,Sommar,https://www.sverigesradio.se/avsnitt/367475,https://static-cdn.sr.se/laddahem/podradio/SR_sommar_i_p1_090731054358.mp3,2485,29819402,https://static-cdn.sr.se/images/2071/3249725_2048_1152.jpg,,"Historiker och författare Peter Englunds Sommarprogram handlar om minnet och språket, om varför tiden går fortare ju äldre man blir och vad som hände när han mötte en trettio år yngre upplaga av sig själv. På musikfronten utlovas det mycket latinsk."
367476,1877993,Alex Schulman 2009,2009-08-01,2009,Sommar,https://www.sverigesradio.se/avsnitt/367476,https://static-cdn.sr.se/laddahem/podradio/SR_sommar_i_p1_090801040702.mp3,3417,41003050,https://static-cdn.sr.se/images/2071/3249750_2048_1152.jpg,,"Medieentreprenör, författare och programledare  Alex Schulman ägnar sitt Sommarprogram till att tala om kvinnor överlag - och då särskilt tre viktiga kvinnor som han älskar. – Min mamma Lisette, mitt livs kärlek Amanda och min dotter Charlie. Tre kvinnor som har och kommer att definiera mig som person. Jag älskar dem alla tre, fast på väldigt olika sätt. Sen ser jag också fram emot att välja musik. Det skulle förvåna mig om jag släpper igenom en enda låt som inte är en musikallåt."
367477,1878818,Anders Wall 2009,2009-08-02,2009,Sommar,https://www.sverigesradio.se/avsnitt/367477,https://static-cdn.sr.se/laddahem/podradio/SR_sommar_i_p1_090802030125.mp3,3575,42892016,https://static-cdn.sr.se/images/2071/3249754_2048_1152.jpg,,"Entreprenör och finansman. – Mitt sommarprogram kommer att handla om min spännande resa från utedass och havregrynsgröt till styrelserum och doktorshattar. Jag kommer att berätta om lyckade och mindre lyckade affärer, om hur jag ser på girighet och dagens finanskris. Ni ska få lyssna till härlig musik framförd bl a av de lysande begåvningar som under åren tilldelats Anders Wall-stipendier. Och så skall jag spela min favoritpsalm."
367478,1880287,Sverre Sjölander 2009,2009-08-03,2009,Sommar,https://www.sverigesradio.se/avsnitt/367478,https://static-cdn.sr.se/laddahem/podradio/SR_sommar_i_p1_090803031223.mp3,2931,35164369,https://static-cdn.sr.se/images/2071/3249761_2048_1152.jpg,,"ZOOLOG OCH ETOLOG. I sitt Sommarprogram pratar Sverre Sjölander om djurens språk. – Jag ska prata om mitt liv bland och med olika djur, i olika delar av världen, men också om intressanta människor. Djurens språk är ett viktigt ämne för mig, liksom människans språk och djurens och vår egen verklighetsuppfattning. Som gammal körsångare spelar jag gärna vokal musik, visor och opera."
367479,1882278,Anne Sofie von Otter 2009,2009-08-04,2009,Sommar,https://www.sverigesradio.se/avsnitt/367479,https://static-cdn.sr.se/laddahem/podradio/SR_sommar_i_p1_090804043020.mp3,3079,36946442,https://static-cdn.sr.se/images/2071/3249772_2048_1152.jpg,,"Operasångerska I sitt Sommarprogram pratar Anne Sofie von Otter om natursvärmeri och kärleken till musiken. – Här ska spelas massor av musik av många olika slag som jag valt med kärlek. Jag kommer att prata om stort och smått, högt och lågt, precis som livet självt. Lite namedropping och lite natursvärmeri, om att åka pendeltåg i Los Angeles och varför Sverige är fantastiskt, säger Anne Sofie von Otter."
323361,1884151,Jerry Williams 2009,2009-08-05,2009,Sommar,https://www.sverigesradio.se/avsnitt/323361,https://static-cdn.sr.se/laddahem/podradio/sommar__vinter_i_p1_jerry_williams_2009_20240913_1353136024.mp3,2952,35457024,https://static-cdn.sr.se/images/2071/3249774_2048_1152.jpg,,"ARTIST. I sitt Sommarprogram pratar Jerry Williams motorcyklar, hockey och hundar. Och naturligtvis - rock´n´ roll! - Med musik som inspirerat under nästan 50 år av lirande och turnerande i folkparker och konserthus."
367561,1885873,Johan Eliasch 2009,2009-08-06,2009,Sommar,https://www.sverigesradio.se/avsnitt/367561,https://static-cdn.sr.se/laddahem/podradio/sommar__vinter_i_p1_johan_eliasch_2009_20240913_1353241354.mp3,3331,40011776,https://static-cdn.sr.se/images/2071/3250078_2048_1152.jpg,,"Affärsman I sitt Sommarprogram pratar Johan Eliasch, Storbritanniens premiärministers tidigare sändebud i miljöfrågor, om sitt engagemang för världens (hotade) regnskogar och om det klimathot vi står inför i dag."
367564,1887780,Jörn Donner 2009,2009-08-07,2009,Sommar,https://www.sverigesradio.se/avsnitt/367564,https://static-cdn.sr.se/laddahem/podradio/SR_sommar_i_p1_090807030040.mp3,3594,43125551,https://static-cdn.sr.se/images/2071/3356163_2048_1148.jpg,,"Författare och debattör I sitt Sommarprogram ger Jörn Donner oss personliga och subjektiva musikminnen. – En omusikalisk person försöker sortera bland personliga och subjektiva musikminnen, som är en blandning av gammalt och nytt, Sverige och Finland och världen. Ska försöka minnas en känsla, en människa, ett landskap, säger Jörn Donner."
323360,1889035,Bodil Malmsten 2009,2009-08-08,2009,Sommar,https://www.sverigesradio.se/avsnitt/323360,https://static-cdn.sr.se/laddahem/podradio/SR_sommar_i_p1_090808030024.mp3,3392,40700865,https://static-cdn.sr.se/images/2071/3250122_2048_1152.jpg,,"Författare, diktare och dramatiker  - Vissa dagar tror jag att det blir världens sorgligaste Sommarprogram – att jag för första gången kommer att säga som det är, nämna namnen, vem som gjorde vad och hur jag mår. Men så kör jag ett varv över den stora bron och får lite större perspektiv. Alla dör ändå på slutet, det är inte förhandlingsbart, säger Bodil Malmsten om sitt tionde Sommarprogram."
367674,1889873,Anders Lundin 2009,2009-08-09,2009,Sommar,https://www.sverigesradio.se/avsnitt/367674,https://static-cdn.sr.se/laddahem/podradio/SR_sommar_i_p1_090809030021.mp3,3726,44710139,https://static-cdn.sr.se/images/2071/3250165_2048_1152.jpg,,"Programledare, artist och låtskrivare I sitt Sommarprogram hoppas Anders Lundin på att han ska lyckas förklara hur man kan påverka ödet genom att imitera det man önskar. Det kan även hända att en snöleopard letar sig in lite här och var i manuset..."
367840,1891349,Nahid Persson Sarvestani 2009,2009-08-10,2009,Sommar,https://www.sverigesradio.se/avsnitt/367840,https://static-cdn.sr.se/laddahem/podradio/sommar__vinter_i_p1_nahid_persson_sarvestani_2009_20240913_1353303823.mp3,3383,40638464,https://static-cdn.sr.se/images/2071/3250203_2048_1152.jpg,,Dokumentärfilmare och tv-producent I sitt Sommarprogram berättar Nahid Persson Sarvestani om en fruktansvärd dag som förändrade hennes liv. – Det var en het sommardag. Jag höll på att förbereda ett stort födelsedagskalas för min äldsta dotter som skulle fylla ett år. Plötsligt bankade det på dörren. Det var min storebror som skrek att vi måste fly med en gång. Natten innan hade polisen tagit min pappa och mina två yngre bröder. En av dem fick jag aldrig mer återse.
367843,1893586,Owe Thörnqvist 2009,2009-08-11,2009,Sommar,https://www.sverigesradio.se/avsnitt/367843,https://static-cdn.sr.se/laddahem/podradio/SR_sommar_i_p1_090811045636.mp3,3526,42301753,https://static-cdn.sr.se/images/2071/3250274_2048_1152.jpg,,"Artist och kompositör. Owe Thörnqvists Sommarprogram blir ett Melodikryss om sitt liv och sina visor. – Den jubileumsbox som just utkommit ger en överblick täckande mitt genombrott som grammofonartist 1955 fram till innevarande år. Det kan bli en nostalgiresa runt musik och människor, platser och händelser som format mitt liv och inspirerat mitt låtskrivande."
367846,1895144,Frida Hyvönen 2009,2009-08-12,2009,Sommar,https://www.sverigesradio.se/avsnitt/367846,https://static-cdn.sr.se/laddahem/podradio/sommar__vinter_i_p1_frida_hyvonen_2009_20240913_1353495522.mp3,2919,35063808,https://static-cdn.sr.se/images/2071/3250323_2048_1152.jpg,,"Artist och låtskrivare Frida Hyvönens Sommarprogram handlar om om storlek, proportioner, krossade hjärtan och om äventyr i Europa."
368179,1897181,Günter Graffenberger 2009,2009-08-13,2009,Sommar,https://www.sverigesradio.se/avsnitt/368179,https://static-cdn.sr.se/laddahem/podradio/sommar__vinter_i_p1_gnter_graffenberger_2009_20240909_1621384944.mp3,3199,38424576,https://static-cdn.sr.se/images/2071/3250355_2048_1152.jpg,SR,Journalist och före detta österrikisk korrespondent I sitt Sommarprogram berättar Günter Graffenberger om hur han överlevde andra världskriget - och Estoniakatastrofen.
368564,1898900,Laila Bagge 2009,2009-08-14,2009,Sommar,https://www.sverigesradio.se/avsnitt/368564,https://static-cdn.sr.se/laddahem/podradio/sommar__vinter_i_p1_laila_bagge_2009_20240909_1620594412.mp3,2699,32428032,https://static-cdn.sr.se/images/2071/3250409_2048_1152.jpg,SR,"Manager och låtskrivare I sitt Sommarprogram delar Laila Bagge med sig av både glädje och sorg. – Jag tänker berätta om mitt liv på ett så ärligt sätt som möjligt med ämnen som berör både glädje och sorg. Det blir musik som har anknytning till mitt liv, antingen kända hits i Sverige eller utomlands eller nåt som inte så många hört, men som berört mitt liv på något sätt."
364502,1900156,Jan Guillou 2009,2009-08-15,2009,Sommar,https://www.sverigesradio.se/avsnitt/364502,https://static-cdn.sr.se/laddahem/podradio/SR_sommar_i_p1_090815030045.mp3,3404,40847882,https://static-cdn.sr.se/images/2071/3282423_2048_1152.jpg,,"Författare och journalist I sitt Sommarprogram 2009 ser Jan Guillou tillbaka på sitt yrkesliv, i samband med boksläppet av hans memoarer."
387452,2123568,Hans Rosenfeldt - Vinter 2009,2009-12-25,2009,Vinter,https://www.sverigesradio.se/avsnitt/387452,https://static-cdn.sr.se/laddahem/podradio/SR_p1_vinter_091225041231.mp3,3045,36533290,https://static-cdn.sr.se/images/2071/3363033_2048_1152.jpg,,"Manusförfattare och programledare – Det blir ett program om vinterminnen, om vad kylskåpsmagneter säger om våra liv och varför vår största skräck är att bli som våra föräldrar. Och så kommer jag att prata om min mamma som gick bort i somras."
387453,2124421,Sarah Dawn Finer - Vinter 2009,2009-12-26,2009,Vinter,https://www.sverigesradio.se/avsnitt/387453,https://static-cdn.sr.se/laddahem/podradio/SR_p1_vinter_091226041532.mp3,3364,40367961,https://static-cdn.sr.se/images/2071/3363069_2048_1152.jpg,,"Sångerska, låtskrivare, skådespelare och artist – Det blir ett program om att följa sina drömmar, om att hitta drivkraft och om min kärlek till musik och melankoli. Dessutom om saker i livet som på något sätt format och förändrat mig. Ska också bjuda på en outgiven sång, som jag spelar live."
386428,2125230,Stefan Einhorn - Vinter 2009,2009-12-27,2009,Vinter,https://www.sverigesradio.se/avsnitt/386428,https://static-cdn.sr.se/laddahem/podradio/SR_p1_vinter_091227030052.mp3,3480,41758511,https://static-cdn.sr.se/images/2071/3300856_2048_1152.jpg,,"Professor i molekylär onkologi, överläkare, författare och föreläsare – Jag ska bland annat tala om visdom och dess motsats, dumhet, och om när jag upptäckte att båda dessa egenskaper kunde rymmas i en och samma person – samtidigt."
387515,2126674,Monika Ahlberg - Vinter 2009,2009-12-28,2009,Vinter,https://www.sverigesradio.se/avsnitt/387515,https://static-cdn.sr.se/laddahem/podradio/SR_p1_vinter_091228030035.mp3,3100,37197845,https://static-cdn.sr.se/images/2071/3363105_2048_1152.jpg,,Matkreatör och kokboksförfattare – Jag ska tala om att våga och om vikten av att vara på rätt plats vid rätt tillfälle.
387516,2128615,Elsie Johansson - Vinter 2009,2009-12-29,2009,Vinter,https://www.sverigesradio.se/avsnitt/387516,https://static-cdn.sr.se/laddahem/podradio/sommar__vinter_i_p1_elsie_johansson_20240909_1611465254.mp3,3753,45072384,https://static-cdn.sr.se/images/2071/3363115_2048_1152.jpg,,"Författare – Vad hände med Josef? Och alla andra ”Josefar”, det vill säga de utanförställda fäderna? Jag hoppas vara lite utmanande. Ämnet är tyvärr högst aktuellt i våra dagar."
418101,2130461,Johann Neumann - Vinter 2009,2009-12-30,2009,Vinter,https://www.sverigesradio.se/avsnitt/418101,https://static-cdn.sr.se/laddahem/podradio/SR_p1_vinter_091230030038.mp3,2978,35725166,https://static-cdn.sr.se/images/2071/3363224_2048_1152.jpg,,"Skådespelare – Jag kommer att berätta om kvinnor som givit mig något mycket speciellt och som jag beundrar, bland andra Ingrid Bergman som var min vän. Dessutom om lyckan i att nå sina drömmar och om smärtan att vara tonåring i ett barns kropp."
387517,2132110,Sofi Fahrman - Vinter 2009,2009-12-31,2009,Vinter,https://www.sverigesradio.se/avsnitt/387517,https://static-cdn.sr.se/laddahem/podradio/SR_p1_vinter_091231030035.mp3,2250,26996297,https://static-cdn.sr.se/images/2071/3363127_2048_1152.jpg,,"Moderedaktör, skribent och författare – Följ med på en resa från Gäddvägen på Lidingö där jag vuxit upp, hela vägen till Fifth Avenue i New York. Jag tar er med in på en tidningsredaktion, ni får reda på hur det är att vara programledare och hur jag lyckades skriva en bok på fyra månader."
387518,2133006,Bodil Jönsson - Vinter 2010,2010-01-01,2010,Vinter,https://www.sverigesradio.se/avsnitt/387518,https://static-cdn.sr.se/laddahem/podradio/SR_p1_vinter_100101030040.mp3,3546,42540617,https://static-cdn.sr.se/images/2071/3363156_2048_1152.jpg,,"Professor emerita i rehabiliteringsteknik – Jag tänker nyårsprata om de årsringar som var och en av oss har inom sig – fler och fler ju äldre vi blir. Märks och syns gör ju mest den senaste årsringen, men det är alla tillsammans som gör oss till de människor vi är."
387520,2133895,Alexandra Coelho Ahndoril - Vinter 2010,2010-01-02,2010,Vinter,https://www.sverigesradio.se/avsnitt/387520,https://static-cdn.sr.se/laddahem/podradio/SR_p1_vinter_100102030445.mp3,3531,42371344,https://static-cdn.sr.se/images/2071/3363187_2048_1152.jpg,,"Författare och litteraturkritiker – Jag kommer att tala om åren som teater- och fotbollsbesatt pojkflicka i Helsingborg, fram till livet som ena halvan av Lars Kepler. Dessutom berättar jag vad som kan hända om man börjar brevväxla med en sjöman."
387521,2134818,Lars Gustafsson - Vinter 2010,2010-01-03,2010,Vinter,https://www.sverigesradio.se/avsnitt/387521,https://static-cdn.sr.se/laddahem/podradio/SR_p1_vinter_100103030036.mp3,2886,34620500,https://static-cdn.sr.se/images/2071/3363195_2048_1152.jpg,,"Författare, filosof och poet – I mitt program skall jag spela musik som betyder något personligt för mig, från Dave Brubeck och gamla klezmerband från Manhattan, till Arvo Pärt och Josquin des Prez. Jag skall tala om vinter, om kärleken och om livets eventuella mening."
126323,2453793,Annika Sörenstam 2010,2010-06-26,2010,Sommar,https://www.sverigesradio.se/avsnitt/126323,https://static-cdn.sr.se/laddahem/podradio/sommar__vinter_i_p1_annika_sorenstam_2010_20240913_1401067267.mp3,2700,32434176,https://static-cdn.sr.se/images/2071/3234101_2048_1152.jpg,,"Före detta professionell golfspelare. I sitt Sommarprogram pratar Annika Sörenstam om livet efter golfen, om varför hon alltid kommer att förknippa Solheim Cup med U2 och om vilka de enda tankarna var som gick genom huvudet när hon skulle slå det första slaget på herrarnas PGA-tour på The Colonial. Och så pratar hon om familjen och om sin stora passion för mat och vin."
126322,2454615,Eva Dahlgren 2010,2010-06-27,2010,Sommar,https://www.sverigesradio.se/avsnitt/126322,https://static-cdn.sr.se/laddahem/podradio/SR_sommar_i_p1_100627030048.mp3,3628,43531494,https://static-cdn.sr.se/images/2071/3246574_2048_1152.jpg,,"Artist och låtskrivare I sitt Sommarprogram berättar Eva Dahlgren om dagen som förändrade hennes liv, om sitt hittills svåraste beslut och om varför hon älskar Simon Spies. Dessutom avslöjar hon varför man ska vara på sin vakt när man fiskar gädda år 2040."
70376,2456015,Babak Najafi 2010,2010-06-28,2010,Sommar,https://www.sverigesradio.se/avsnitt/70376,https://static-cdn.sr.se/laddahem/podradio/sommar__vinter_i_p1_babak_najafi_2010_20240913_1401171468.mp3,2567,30838784,https://static-cdn.sr.se/images/2071/3233906_2048_1152.gif,,"Filmare och regissör Babak Najafis Sommarprogram handlar om att förverkliga en dröm. Vi får möta en tågkonduktör, en syokonsulent och en alkoholist på ett torg i Uppsala."
112134,2457817,Pär Johansson 2010,2010-06-29,2010,Sommar,https://www.sverigesradio.se/avsnitt/112134,https://static-cdn.sr.se/laddahem/podradio/sommar__vinter_i_p1_par_johansson_2010_20240913_1401284009.mp3,2654,31883264,https://static-cdn.sr.se/images/2071/3246591_2048_1152.jpg,,"Teaterproducent, regissör och manusförfattare I sitt Sommarprogram pratar Pär Johansson om varför man ska behandla människor med respekt och vad som är receptet bakom Glada Hudik-teaterns framgång. Han berättar också hur hans bästa kompis hamnade i världslaget i fotboll medan han själv hamnade på en vedbacke med utvecklingsstörda. - En kursändring jag aldrig ångrat, säger Pär Johansson. "
126321,2460114,Per Holknekt 2010,2010-06-30,2010,Sommar,https://www.sverigesradio.se/avsnitt/126321,https://static-cdn.sr.se/laddahem/podradio/sommar__vinter_i_p1_per_holknekt_2010_20240913_1401424364.mp3,3519,42258432,https://static-cdn.sr.se/images/2071/3246613_2048_1152.jpg,,"Modedesigner och entreprenör I sitt Sommarprogram talar Per Holknekt om livets olika skeden, som i hans eget fall varit mycket skiftande. Från den fina uppväxten i doften av nytjärade träskidor och mammaskalade apelsiner i snöbivack till den darrande tiden ute i samhällskylan, på fel sida linjen. Han berättar om hur han sen åter fann hopp och kraft i en förtvivlad situation, om stålbadet och om ”återkomsten till en närande, varm och skön plats i tillvaron”."
111823,2461743,Natasha Illum Berg 2010,2010-07-01,2010,Sommar,https://www.sverigesradio.se/avsnitt/111823,https://static-cdn.sr.se/laddahem/podradio/sommar__vinter_i_p1_natasha_illum_berg_2010_20240913_1515453284.mp3,3322,39903232,https://static-cdn.sr.se/images/2071/3234093_2048_1152.jpg,,"Professionell storviltsjägare och författare Om livet i Tanzania där hon bor ensam i ett litet hus som hon byggt själv. - Jag har alltid varit författare och jägare med drömmar om buffeljakt och äventyr och flyttade till Afrika så snart jag bara kunde. Vilka omvägar jag än kunnat ta, hade jag ankommit till Tanzanias bush med gevär i ena handen och penna i den andra, förr eller senare. Livet har varit mig så nådig att den gett mig en dröm. Och i min värld fanns det inget annat än att följa den. "
126320,2464526,Rolf Ekéus 2010,2010-07-02,2010,Sommar,https://www.sverigesradio.se/avsnitt/126320,https://static-cdn.sr.se/laddahem/podradio/sommar__vinter_i_p1_rolf_ekus_2010_20240913_1423288703.mp3,3138,37689344,https://static-cdn.sr.se/images/2071/3234138_2048_1152.jpg,,"Diplomat I sitt Sommarprogram bjuder Rolf Ekéus på FN-hemligheter och historer om ryska spionchefer och de israeliska och amerikanska underrättelsetjänsterna. Men han talar också om det glittriga livet på Manhattan och möten med författare, psykoanalytiker och jazzmusiker i New York. Dessutom handlar hans Sommar om hur det gick till att avväpna Saddam Hussein och samtidigt att lyckas överleva och så berättar han om sitt livslånga engagemang för att eliminera kärnvapen."
126319,2466838,Eva Gabrielsson 2010,2010-07-03,2010,Sommar,https://www.sverigesradio.se/avsnitt/126319,https://static-cdn.sr.se/laddahem/podradio/sommar__vinter_i_p1_eva_gabrielsson_2010_20240913_1425179076.mp3,2871,34484224,https://static-cdn.sr.se/images/2071/3247469_2048_1152.jpg,,"Arkitekt och livskamrat med författaren och journalisten Stieg Larsson I sitt Sommarprogram berättar Eva Gabrielsson om sina rötter i Västerbotten som har präglat hennes moral, sin syn på livet och om människornas betydelse. - Om hur det är att förlora någon – i mitt fall Stieg – och vad det är som kan hjälpa en tillbaka till livet igen. Om träd jag minns och träd som får andra att minnas, om det som byggs upp och är konstruktivt. Som motsats talar jag om avund, som det destruktiva i mitt liv."
126318,2468809,Ulf Malmros 2010,2010-07-04,2010,Sommar,https://www.sverigesradio.se/avsnitt/126318,https://static-cdn.sr.se/laddahem/podradio/sommar__vinter_i_p1_ulf_malmros_2010_20240913_1425288872.mp3,3126,37552128,https://static-cdn.sr.se/images/2071/3247471_2048_1152.jpg,,"Filmregissör och manusförfattare I sitt Sommarprogram berättar Ulf Malmros om när han missade att ringa ett samtal och därför förlorade tvåhundra miljoner kronor och hur han en morgon höll på att bli skjuten i huvudet. - Om jag bara hade läst den där pärmen så hade jag badat i pengar nu, varit ekonomiskt oberoende. Men jag kunde å andra sidan ha varit död, skjuten i huvudet, så inleder Ulf Malmros sitt Sommar där han även bjuder på en hel del filmmusik."
126317,2471386,Anna Carrfors Bråkenhielm 2010,2010-07-05,2010,Sommar,https://www.sverigesradio.se/avsnitt/126317,https://static-cdn.sr.se/laddahem/podradio/sommar__vinter_i_p1_anna_carrfors_brakenhielm_2010_20240913_1428142084.mp3,3212,38580224,https://static-cdn.sr.se/images/2071/3234193_2048_1152.jpg,,"Medieentreprenör Om att bryta upp, om den ständiga jakten på frihet och handlingsutrymme. Om glädjen i att starta på nytt om och om igen. Om tryggheten i att ha fuck off-pengar eller bara förmågan att säga ”fuck off” oavsett ekonomisk trygghet. - Jag uppmana alla svenska företagsledningar och styrelser att satsa på kvinnor. Överhuvudtaget ägnar jag en hel del tid åt manligt och kvinnligt både i yrkeslivet och privat. Och slår ett slag för att våga vara bråkig, kunna sälja, äga sin egen business."
126316,2473751,Nicklas Lundblad 2010,2010-07-06,2010,Sommar,https://www.sverigesradio.se/avsnitt/126316,https://static-cdn.sr.se/laddahem/podradio/sommar__vinter_i_p1_nicklas_lundblad_2010_20240913_1428333458.mp3,2907,34920448,https://static-cdn.sr.se/images/2071/3234229_2048_1152.jpg,,"IT-debattör, samhällspolitisk rådgivare på Google i Kalifornien I sitt Sommarprogram pratar Nicklas Lundblad om det vardagliga skrivandet och hur det formar oss och hur det format honom själv. - Ett liv kan formas av några avgörande händelser. När det sker är du inte medveten om det och sen ändras allt utan att du visste det. För mig handlade det om en händelse i högstadiet. Så inleder Nicklas Lundblad sitt Sommarprogram där han även definierar vad en ”nörd” är."
126315,2475442,Viveca Sten 2010,2010-07-07,2010,Sommar,https://www.sverigesradio.se/avsnitt/126315,https://static-cdn.sr.se/laddahem/podradio/sommar__vinter_i_p1_viveca_sten_2010_20240913_1443140956.mp3,3039,36499456,https://static-cdn.sr.se/images/2071/3234281_2048_1152.jpg,,"Deckarförfattare och chefsjurist. Viveca Stens Sommarprogram präglas av skärgårdsön Sandhamn, där hennes böcker utspelar sig. Hon berättar om allt som ön har betytt för henne genom åren, om kontrasterna mellan den traditionsbundna tillvaron i ytterskärgården och det eleganta livet med regattor och påkostade yachts. Dessutom talar hon om onda och goda drivkrafter och om hur motgångar kan komma när man minst anar det. - Och så spelar jag musik som jag älskar men som mina barn hatar."
112104,2477479,Amanda Jenssen 2010,2010-07-08,2010,Sommar,https://www.sverigesradio.se/avsnitt/112104,https://static-cdn.sr.se/laddahem/podradio/sommar__vinter_i_p1_amanda_jenssen_2010_20240913_1443258082.mp3,3261,39172096,https://static-cdn.sr.se/images/2071/3247474_2048_1152.jpg,,"Artist, låtskrivare I sitt Sommarprogram berättar Amanda Jenssen om hur hon fann musiken och om hur små omständigheter kan leda till stora förändringar. Och så pratar hon om sina trasiga lungor och om de drömmar hon har som hon ännu inte har förverkligat."
126314,2479327,Micael Bindefeld 2010,2010-07-09,2010,Sommar,https://www.sverigesradio.se/avsnitt/126314,https://static-cdn.sr.se/laddahem/podradio/sommar__vinter_i_p1_micael_bindefeld_2010_20240913_1443387860.mp3,3219,38664192,https://static-cdn.sr.se/images/2071/3247478_2048_1152.jpg,,"Eventarrangör och pr-konsult I sitt Sommarprogram berättar Micael Bindefeld om sin morfars bortgång och hur han fortfarande, efter 43 år, tänker på morfadern dagligen. Dessutom avslöjar han varför han har en faiblesse för diktaturer, vilket inflytande Lord Bute har på honom och hur Jackie Gould svek honom i vintras."
126313,2480655,Meta Velander 2010,2010-07-10,2010,Sommar,https://www.sverigesradio.se/avsnitt/126313,https://static-cdn.sr.se/laddahem/podradio/sommar__vinter_i_p1_meta_velander_2010_20240913_1443494477.mp3,2958,35532800,https://static-cdn.sr.se/images/2071/3234462_2048_1152.jpg,,"Skådespelare. Som i sitt andra Sommarprogram berättar Meta Velander om den drygt 60-åriga skådespelarkarriären, om missade entréer och om rösten och rädslan för att tappa den. Dessutom berättar hon om en bilolycka som satte sina spår och om hur det känns att få medalj. Och så blir det förstås en hel del fokus på musiken i programmet. - Jag ska spela alltifrån Mozart till Håll musiken igång."
126312,2481498,Mats Sundin 2010,2010-07-11,2010,Sommar,https://www.sverigesradio.se/avsnitt/126312,https://static-cdn.sr.se/laddahem/podradio/SR_sommar_i_p1_100711030102.mp3,2746,32950648,https://static-cdn.sr.se/images/2071/3247480_2048_1152.jpg,,"Före detta professionell ishockeyspelare. ""Folk har målat sig som indianer i ansiktet, jag ser ett hav av röda tröjor, flaggor och kepsar, vi möter Chicago Blackhawks, det är NHL:s slutspel. Jag vet det inte då, men det här kommer bli min sista ishockeymatch."""
112166,2482892,Jill Johnson 2010,2010-07-12,2010,Sommar,https://www.sverigesradio.se/avsnitt/112166,https://static-cdn.sr.se/laddahem/podradio/SR_sommar_i_p1_100712030109.mp3,3518,42209280,https://static-cdn.sr.se/images/2071/3234515_2048_1152.jpg,,"Sångerska. I sitt Sommarprogram berättar Jill Johnson om sin getingrädsla och om det pittoreska livet i Grekland där familjen köpt en lägenhet. – Allt handlar om mig! Ja, så känns det ofta. Jag är loket. Jag är också tvåbarnsmamman som hänger i en tunn tråd bakom sista tågvagnen och försöker hålla mitt eget tempo. Vad vill ni veta om mig? Att jag är rädd för getingar? Att jag drömmer om att öppna ett äldreboende? Att mitt låtskrivande saknade smärta och innehåll och när jag en dag fann nyckeln till min innersta kammare, skrev jag ihop min bästa platta på bara två veckor? Att livet aldrig mer får bli en smet?"
104757,2484868,Elisabeth Åsbrink 2010,2010-07-13,2010,Sommar,https://www.sverigesradio.se/avsnitt/104757,https://static-cdn.sr.se/laddahem/podradio/sommar__vinter_i_p1_elisabeth_sbrink_2010_20240913_1444171480.mp3,3192,38344704,https://static-cdn.sr.se/images/2071/3234552_2048_1152.jpg,,Journalist och författare I sitt Sommarprogram pratar Elisabeth Åsbrink om döden och alla de gånger hon själv har varit nära döden. - Jag kommer att berätta om en av de där stunderna som jag var säker på skulle bli min sista. Och så kommer jag att prata om ett av de mest kallblodiga brotten i svensk kriminalhistoria och om den osannolika kopplingen till Riksteatern och dramatikern Lars Norén.
112126,2486884,Lennart Jirlow 2010,2010-07-14,2010,Sommar,https://www.sverigesradio.se/avsnitt/112126,https://static-cdn.sr.se/laddahem/podradio/sommar__vinter_i_p1_lennart_jirlow_2010_20240913_1444308317.mp3,3203,38473728,https://static-cdn.sr.se/images/2071/3247484_2048_1152.jpg,,"Konstnär I sitt Sommarprogram blickar Lennart Jirlow tillbaka på sitt målande liv, om personligheter han träffat genom åren och om musiken i anknytning till dem."
366862,2488853,Micael Dahlén 2010,2010-07-15,2010,Sommar,https://www.sverigesradio.se/avsnitt/366862,https://static-cdn.sr.se/laddahem/podradio/sommar__vinter_i_p1_micael_dahln_2010_20240913_1444413045.mp3,3237,38879232,https://static-cdn.sr.se/images/2071/3247489_2048_1152.jpg,,"Professor i företagsekonomi I sitt Sommarprogram låter Micael Dahlén oss förfäras, förundras och och förföras av en värld med oändliga möjligheter. – Om du törs. Och hitta kanske både framgång och lycka, jag vill brygga en kopp 2000-tal och väcka alla lyssnare till en värld där det är bra att ljuga, där det inte är någon idé att göra långsiktiga planer och där det inte går att vara lycklig längre än tre månader. Förfäras, förundras och förförs av en värld av oändliga möjligheter..."
126311,2490741,Aris Fioretos 2010,2010-07-16,2010,Sommar,https://www.sverigesradio.se/avsnitt/126311,https://static-cdn.sr.se/laddahem/podradio/sommar__vinter_i_p1_aris_fioretos_2010_20240913_1444513793.mp3,3221,38684672,https://static-cdn.sr.se/images/2071/3234670_2048_1152.jpg,,"Författare och översättare Aris Fioretos Sommarprogram handlar om Skåne, om munnens mysterier, myggor, nationalsånger, ”jästarbetare” och om bångstyriga identiteter. Han berättar om när ”the big bang” inträffade i en skånsk by på sextiotalet och om varför vissa sexåringar kan få för sig att ”rymma från paradiset”. - Musikledes utlovas det mesta mellan Liverpoolsk glädjeyra och hjärta och smärta från Balkan, förklarar Aris Fioretos."
126310,2492002,Christer Sjögren 2010,2010-07-17,2010,Sommar,https://www.sverigesradio.se/avsnitt/126310,https://static-cdn.sr.se/laddahem/podradio/sommar__vinter_i_p1_christer_sjogren_2010_20240913_1445326467.mp3,3522,42297344,https://static-cdn.sr.se/images/2071/3234692_2048_1152.jpg,,SÅNGARE. I sitt Sommarprogram bjuder Christer Sjögren upp till en långdans fylld med både värmländsk stôllighet och allvar. Han berättar om människorna som trott på honom och gett honom mod att ”leva sitt liv i fyrtakt”. Dessutom tar han med lyssnaren på en åktur med sig och sin pappa när de i början av 60-talet sitter i en varm lastbilshytt och drömmer om bilar de tror att de aldrig kommer få råd att köpa. - Och så vill jag vittna om musikens gudomliga kraft och all den glädje musiken ger mig.
126309,2492835,Anneli Alhanko 2010,2010-07-18,2010,Sommar,https://www.sverigesradio.se/avsnitt/126309,https://static-cdn.sr.se/laddahem/podradio/sommar__vinter_i_p1_anneli_alhanko_2010_20240913_1448364580.mp3,3375,40531968,https://static-cdn.sr.se/images/2071/3234768_2048_1152.jpg,,"Tidigare Prima ballerina assoluta och hovdansare I sitt Sommarprogram tar Anneli Alhanko med lyssnarna bakom kulisserna på baletten och presenterar några okända sidor av sig själv. Till exempel sen sportiga sidan som liknar elitidrottarens, den privata med familjen och vardagen och entreprenören med nystartad skola och framtidsvisioner, men även den samhällsengagerade som ryter till om orättvisor och fula fuskare. - Jag pratar om vad jag har tagit till mig och vad jag vill föra vidare."
126308,2494160,Christine Meltzer 2010,2010-07-19,2010,Sommar,https://www.sverigesradio.se/avsnitt/126308,https://static-cdn.sr.se/laddahem/podradio/sommar__vinter_i_p1_christine_meltzer_2010_20240913_1448526386.mp3,2749,44013568,https://static-cdn.sr.se/images/2071/3235264_2048_1152.jpg,,"Programledare, komiker, skådespelare Christine Meltzers Sommarprogram handlar om rädslan som drivkraft. - Jag är nästan överdrivet optimistisk, skrattar mycket och ofta, och har en karriär som bygger på att andra tycker att jag är rolig. Trots det kommer mitt Sommarprogram att handla om rädslor. För jag är rädd för ganska mycket, men jag är inte rädd för att vara rädd. Jag har förstått att rädslan är min starkaste drivkraft."
359912,2496047,Andres Lokko 2010,2010-07-20,2010,Sommar,https://www.sverigesradio.se/avsnitt/359912,https://static-cdn.sr.se/laddahem/podradio/sommar__vinter_i_p1_andres_lokko_2010_20240913_1448599785.mp3,1954,31295488,https://static-cdn.sr.se/images/2071/3235270_2048_1152.jpg,,"Skribent och manusförfattare I sitt Sommarprogram pratar Andres Lokko om vad som händer med en människa när hon eller han i vuxen ålder väljer att gå i frivillig exil. – Jag kommer att prata om den märkligt invecklade acklimatiseringen, förvirringen och friheten. Om manisk brittisk artighet och om den där saknaden som man visslande låtsas som om den egentligen inte ens existerar."
112099,2498035,Tina Jansson 2010,2010-07-21,2010,Sommar,https://www.sverigesradio.se/avsnitt/112099,https://static-cdn.sr.se/laddahem/podradio/sommar__vinter_i_p1_tina_jansson_2010_20240913_1449078550.mp3,2869,34463744,https://static-cdn.sr.se/images/2071/3247493_2048_1152.jpg,,Lyssnarnas Sommarvärd 2010 Läraren Tina Jansson som valts till Lyssnarnas Sommarvärd pratar i sitt Sommarprogram om hur man väljer att leva när man vet att man ska dö. Tina Jansson insjuknade i nervsjukdomen ALS i början av 2000-talet. – Mitt Sommarprogram kommer att handla om en del av det jag tänkt på och lärt mig sedan jag fick ALS. Om hur man väljer att leva när man vet att man ska dö. Helst skulle jag vilja göra folk lite mindre rädda.
108959,2499977,Ulf Danielsson 2010,2010-07-22,2010,Sommar,https://www.sverigesradio.se/avsnitt/108959,https://static-cdn.sr.se/laddahem/podradio/SR_sommar_i_p1_100722030007.mp3,3226,38705319,https://static-cdn.sr.se/images/2071/3235432_2048_1152.jpg,,Professor i teoretisk fysik. Ulf Danielssons Sommarprogram handlar om hur tillfälligheter och slumpen styr livet och universum.
69601,2501914,Anette Norberg 2010,2010-07-23,2010,Sommar,https://www.sverigesradio.se/avsnitt/69601,https://static-cdn.sr.se/laddahem/podradio/sommar__vinter_i_p1_anette_norberg_2010_20240913_1450166007.mp3,3623,43513856,https://static-cdn.sr.se/images/2071/3235448_2048_1152.jpg,,"Olympisk mästare i curling Anette Norberg om känslorna inför en OS-final och om när ”sista stenen ska spelas”. Hon tar med lyssnaren till hårdrockscenen i Hultsfred och så berättar hon om rädslan för att misslyckas och om sin jobbiga skilsmässa. - Det var nära att det inte blev något OS för min del. Mitt liv hade varit en berg-och dalbana under flera år, en separation kostar på. Hela OS gick ut på att samla tillräckligt energi för att orka kliva ut i offentligheten inför publik och tv-kameror."
126307,2503258,Percy Barnevik 2010,2010-07-24,2010,Sommar,https://www.sverigesradio.se/avsnitt/126307,https://static-cdn.sr.se/laddahem/podradio/sommar__vinter_i_p1_percy_barnevik_2010_20240913_1451074697.mp3,3401,54452224,https://static-cdn.sr.se/images/2071/3235766_2048_1152.jpg,,"Ordförande för stiftelsen Hand in Hand International I sitt Sommarprogram pratar Percy Barnevik om hur man skapar jobb åt de tusentals ensamstående mödrarna i Swaziland. – Just hemkommen från Swaziland har bilden av de undernärda dagisbarnen med sina stora ögon etsat sig fast i mitt minne. Hälften av dem är hiv-smittade sedan födseln och har kanske bara några år till att leva, säger Percy Barnevik."
126306,2504155,Johan Rabaeus 2010,2010-07-25,2010,Sommar,https://www.sverigesradio.se/avsnitt/126306,https://static-cdn.sr.se/laddahem/podradio/sommar__vinter_i_p1_johan_rabaeus_2010_20240913_1451150912.mp3,3862,46381056,https://static-cdn.sr.se/images/2071/3247497_2048_1152.jpg,,Skådespelare Johan Rabaeus Sommarprogram handlar om önskan att höra hemma någonstans. Han berättar om hur han är ”född i kaos” och att han ”försökt bli svensk i 60 års tid”. - Jag skulle så gärna vilja höra hemma nånstans. Hoppas fortfarande. Och så blir det blir franska och danska låtar och Lasse O'Månsson.
112127,2505591,Karin Johannisson 2010,2010-07-26,2010,Sommar,https://www.sverigesradio.se/avsnitt/112127,https://static-cdn.sr.se/laddahem/podradio/SR_sommar_i_p1_100726030016.mp3,2598,41556427,https://static-cdn.sr.se/images/2071/3247501_2048_1152.jpg,,"Professor i idé- och lärdomshistoria I sitt Sommarprogram pratar Karin Johannisson om gråt och tårar och sömnlösa nätter och om hur historien och tiden förändrar vårt känslospråk. - Också musiken kommer att innehålla mycket tårar, berättar Karin Johannisson."
126327,2507477,Maria Akraka 2010,2010-07-27,2010,Sommar,https://www.sverigesradio.se/avsnitt/126327,https://static-cdn.sr.se/laddahem/podradio/sommar__vinter_i_p1_maria_akraka_2010_20240913_1451228566.mp3,4135,66195456,https://static-cdn.sr.se/images/2071/3235974_2048_1152.jpg,,"Före detta medeldistanslöpare I sitt Sommar talar Maria Akraka om kraften inom oss och i det som är annorlunda. - Den kraft vi alla har inom oss, eftersom vi alla är unika individer som på olika sätt har små egenheter och avvikelser från normen. Oavsett om dessa avvikelser är fysiska, sociala eller mentala kan de ta oss framåt, till nya erfarenheter och platser, som vi aldrig hade kommit till - om vi inte hade haft just dessa egenskaper."
126329,2509332,Andreas Lundstedt 2010,2010-07-28,2010,Sommar,https://www.sverigesradio.se/avsnitt/126329,https://static-cdn.sr.se/laddahem/podradio/sommar__vinter_i_p1_andreas_lundstedt_2010_20240913_1451296867.mp3,2670,42762240,https://static-cdn.sr.se/images/2071/3247505_2048_1152.jpg,,"Artist I sitt Sommarprogram berättar Andreas Lundstedt om när verkligheten blir större än drömmarna och om att leva med HIV. – Jag har varit artist sen jag var fem år. Jag har sjungit och dansat mig genom livet, runt hela världen. Jag har varit med i Melodifestivalen, tävlat för Schweiz i Eurovision Song Contest, spelat huvudroll i musikal, sålt över en miljon skivor med Alcazar. Och så har jag hiv. Ungefär det ska mitt program handla om."
126328,2511147,Pija Lindenbaum 2010,2010-07-29,2010,Sommar,https://www.sverigesradio.se/avsnitt/126328,https://static-cdn.sr.se/laddahem/podradio/sommar__vinter_i_p1_pija_lindenbaum_2010_20240913_1451400469.mp3,3367,53909504,https://static-cdn.sr.se/images/2071/3236045_2048_1152.jpg,,"Barnboksförfattare och tecknare I sitt Sommarprogram pratar Pija Lindenbaum om sitt arbete, böckerna och livet. Hon inleder sitt program med att berätta om sin frustration och irritation över att så många människor inte verkar ta hennes jobb som barnboksförfattare på allvar utan säger att de själva också tänker skriva en barnbok. Och så berättar hon om att hon tycker om människor som har nära till gråten trots att hon själv har svårt att få fram tårarna även fast hon skulle behöva."
69405,2512858,Per Morberg 2010,2010-07-30,2010,Sommar,https://www.sverigesradio.se/avsnitt/69405,https://static-cdn.sr.se/laddahem/podradio/sommar__vinter_i_p1_per_morberg_2010_20240913_1451516647.mp3,3207,51341312,https://static-cdn.sr.se/images/2071/3236069_2048_1152.jpg,,"Programledare, kock och skådespelare I sitt Sommarprogram berättar Per Morberg om livet som skådespelare, hur det egentligen är att jobba med tv-mediet och om jaktens mysterium. Men han börjar sitt Sommarprogram med att berätta om när han arbetade som ordningsvakt på Ullevi då Rolling Stones höll konsert där 1982."
126331,2514033,Håkan Lans 2010,2010-07-31,2010,Sommar,https://www.sverigesradio.se/avsnitt/126331,https://static-cdn.sr.se/laddahem/podradio/sommar__vinter_i_p1_hakan_lans_2010_20240913_1452005436.mp3,3537,56619008,https://static-cdn.sr.se/images/2071/3236089_2048_1152.jpg,,Uppfinnare och ingenjör I sitt Sommarprogram vill Håkan Lans berätta om betydelsen av goda idéer som kommer från vanliga människor och hur dessa idéer ligger till grund för vår välfärd och vårt välstånd och möjligheten att skapa nya arbetstillfällen. - Jag kommer att lyfta fram en del exempel som är oväntade men som visar att vi har fantastiska möjligheter.
126330,2514766,Johanna Koljonen 2010,2010-08-01,2010,Sommar,https://www.sverigesradio.se/avsnitt/126330,https://static-cdn.sr.se/laddahem/podradio/sommar__vinter_i_p1_johanna_koljonen_2010_20240913_1452123944.mp3,3643,58327040,https://static-cdn.sr.se/images/2071/3247512_2048_1152.jpg,,Programledare och filmkritiker I sitt Sommarprogram berättar Johanna Koljonen om platser där identiteten förändras. – En holme i havet där ett dödsbud anländer från fastlandet. Ett flyktingläger där jag ett tag tror att jag har blivit kidnappad av norska lajvare. Ett universitet i Oxford som har satt i system att utbilda världsledare genom hjärntvätt. Dessutom ska jag spela världens vackraste och finlandssorgligaste sånger.
112183,2516116,Lars Jonsson 2010,2010-08-02,2010,Sommar,https://www.sverigesradio.se/avsnitt/112183,https://static-cdn.sr.se/laddahem/podradio/sommar__vinter_i_p1_lars_jonsson_2010_20240913_1453564625.mp3,3138,50251776,https://static-cdn.sr.se/images/2071/3236126_2048_1152.jpg,,"Konstnär och ornitolog I sitt program pratar Lars Jonsson, inte helt oväntat, om konst och natur, då främst om fåglar och om kärleken till södra Gotland. Och så utlovas flamenco – ett måste enligt Lars Jonsson själv. Det blir även en del resor och möten med olika människor. - Och så lite om norra Rysslands tundror dit jag återvänder denna försommar för att söka efter skedsnäppor. Att vara ensam inför naturen är för mig ett måste, inte för att fly människor men för att odla tankar och känslor."
126326,2518128,Claudia Galli 2010,2010-08-03,2010,Sommar,https://www.sverigesradio.se/avsnitt/126326,https://static-cdn.sr.se/laddahem/podradio/sommar__vinter_i_p1_claudia_galli_2010_20240913_1454207196.mp3,2945,47159296,https://static-cdn.sr.se/images/2071/3236139_2048_1152.jpg,,"Skådespelare I sitt Sommarprogram pratar Claudia Galli om sin spretiga karriär som hon både ibland ifrågasätter och förvånas över. – Tänk att jag får leva det här livet. Det är något magiskt över det, säger Claudia Galli vars Sommarprat pendlar mellan högt och lågt, enkelt och svårt. Om upp- och nedgångar i livet, om hennes ”underbart kaosiga familj” och om sina älskade hundar. - Och eftersom jag pratar ganska fort blir det nog en hel del annat också."
126325,2520782,Birgitta Stenberg 2010,2010-08-04,2010,Sommar,https://www.sverigesradio.se/avsnitt/126325,https://static-cdn.sr.se/laddahem/podradio/SR_sommar_i_p1_100804030103.mp3,2965,47424992,https://static-cdn.sr.se/images/2071/3236147_2048_1152.jpg,,"Författare och konstnär Birgitta Stenbergs Sommarprogram handlar om kärleken och patriarkatets sammanbrott. – Jag kommer att tala om västkustens vilt framstormande förfall, min egen nya blida framtoning i media som förr lekte bandhundar med mig, patriarkatets framtida, lyckosamma sammanbrott, eja, eja! Och så vill jag tala om kärleken, säger Birgitta Stenberg."
359928,2523051,Nils Landgren 2010,2010-08-05,2010,Sommar,https://www.sverigesradio.se/avsnitt/359928,https://static-cdn.sr.se/laddahem/podradio/sommar__vinter_i_p1_nils_landgren_2010_20240913_1454290376.mp3,2363,37844992,https://static-cdn.sr.se/images/2071/3236166_2048_1152.jpg,,Trombonist och orkesterledare I sitt Sommarprogram talar Nils Landgren om det liv han levt och om de människor han mött under sina första 54 år i livet. Han berättar om kärleken till sin livskamrat Beatrice och till musiken. - Musiken jag kommer att spela är en spegel av mitt liv.
126324,2525031,Therese Alshammar 2010,2010-08-06,2010,Sommar,https://www.sverigesradio.se/avsnitt/126324,https://static-cdn.sr.se/laddahem/podradio/sommar__vinter_i_p1_therese_alshammar_2010_20240913_1454414427.mp3,2361,28370944,https://static-cdn.sr.se/images/2071/3236229_2048_1152.jpg,,"Simmare Therese Alshammars Sommarprogram handlar om att hålla näsan ovanför vattenytan. – Jag har alltid flutit som en kork i bassängen. I livet på land har det varit svårare att hålla näsan ovanför vattenytan. Här uppe har jag ännu en känsla av att inte räcka till, men i simningen finns min trygghet. Därför är stora delar av mitt liv väldigt enkelt: Jag äter, sover och försöker träna så hårt som möjligt."
126304,2526432,Peter Andersson 2010,2010-08-07,2010,Sommar,https://www.sverigesradio.se/avsnitt/126304,https://static-cdn.sr.se/laddahem/podradio/sommar__vinter_i_p1_peter_andersson_2010_20240913_1454504054.mp3,3017,48306176,https://static-cdn.sr.se/images/2071/3236251_2048_1152.jpg,,"Skådespelare Peter Andersson ger i sitt Sommarprogram både ”sol, skugga och gråtlåtar”. – Utgångspunkten i mitt program kommer att vara någon jag känner, någorlunda åtminstone. Mig själv nämligen. Musiken blir en blandning av sol och skugga. En och annan gråtlåt utlovas också, säger han."
104793,2527328,Annika Östberg 2010,2010-08-08,2010,Sommar,https://www.sverigesradio.se/avsnitt/104793,https://static-cdn.sr.se/laddahem/podradio/SR_sommar_i_p1_100808030023.mp3,3483,55725662,https://static-cdn.sr.se/images/2071/3236285_2048_1152.jpg,,"Före detta fånge i amerikanskt fängelse I sitt Sommarprogram talar Annika Östberg om ögonblicket som förändrade hennes liv katastrofalt och så berättar hon hur man överlever i fängelset i nästan 30 år. - Jag berättar om mörka, fuktiga celler. Om rötter och hemlängtan och hur man håller drömmen om hemland och tillhörighet levande i en främmande värld. Och hur det kändes att för första gången att få hålla i en mobiltelefon, säger Annika Östberg."
362100,2528963,Björn af Kleen 2010,2010-08-09,2010,Sommar,https://www.sverigesradio.se/avsnitt/362100,https://static-cdn.sr.se/laddahem/podradio/sommar__vinter_i_p1_bjorn_af_kleen_2010_20240913_1455015454.mp3,2887,46221312,https://static-cdn.sr.se/images/2071/3238375_2048_1152.jpg,,"Kulturjournalist I sitt Sommarprogram berättar Björn af Kleen om hur han blev restaurangrecensent i Sveriges mest lästa dagstidning, trots att han inte kan något om mat. Och så avslöjar han likheterna mellan allmogen och aristokratin och om att han tror att det är en myt att adeln är ett utdöende släkte. - Det är snarare en maktfaktor, säger han och berättar om sitt missnöje kring släktet."
69106,2531009,Lena Olving 2010,2010-08-10,2010,Sommar,https://www.sverigesradio.se/avsnitt/69106,https://static-cdn.sr.se/laddahem/podradio/sommar__vinter_i_p1_lena_olving_2010_20240913_1455107294.mp3,3390,40716288,https://static-cdn.sr.se/images/2071/3238431_2048_1152.jpg,,"Vice vd för Saab I sitt Sommarprogram pratar Lena Olving om karriär och livsval, jämställdhet och makt - och om vikten av humor och nyfikenhet. - Och när det gäller musiken kommer alla punkare, operafantaster, dansbandsfanatiker, popsnören och rockare kommer att få sitt lystmäte mättat. Musiken blir som jag, mångsidig och gla', säger Lena Olving."
126303,2533029,Vanna Rosenberg 2010,2010-08-11,2010,Sommar,https://www.sverigesradio.se/avsnitt/126303,https://static-cdn.sr.se/laddahem/podradio/sommar__vinter_i_p1_vanna_rosenberg_2010_20240913_1455176149.mp3,3148,50397184,https://static-cdn.sr.se/images/2071/3238444_2048_1152.jpg,,"SKÅDESPELARE. I sitt Sommarprogram hyllar Vanna Rosenberg misslyckandet. – Att sikta högt och falla hårt. Eller att inte sikta alls, men ändå dratta på ändan. Från den låga utkikspunkten kan man så småningom få ett rätt intressant perspektiv på livet. Så, vad har jag lärt mig av mina tillkortakommanden? Och vad kan Bill, Carl, Kristina ha lärt av sina? Ja, mitt program är helt enkelt en hyllning till misslyckandet."
126302,2536005,Ted Harris 2010,2010-08-12,2010,Sommar,https://www.sverigesradio.se/avsnitt/126302,https://static-cdn.sr.se/laddahem/podradio/sommar__vinter_i_p1_ted_harris_2010_20240913_1457153286.mp3,3609,57782272,https://static-cdn.sr.se/images/2071/3247514_2048_1152.jpg,,"Teologie doktor och präst Ted Harris om den inre resan och om några av de smultronställen som vi människor kan uppleva längs vägen. - Vi kan resa till vackra och intressanta fysiska platser, till Niagarafallen, till den kinesiska muren, till pyramiderna i Egypten. Men vi kan också resa till vackra platser i vårt inre. Vi kan uppleva fantastiska ögonblick av stillhet, tillit, kreativitet och generositet. Dessa upplevelser, den inre resans vackra platser, är viktiga för vårt välmående."
126301,2538008,Darin Zanyar 2010,2010-08-13,2010,Sommar,https://www.sverigesradio.se/avsnitt/126301,https://static-cdn.sr.se/laddahem/podradio/sommar__vinter_i_p1_darin_zanyar_2010_20240913_1457261183.mp3,2816,45086720,https://static-cdn.sr.se/images/2071/3238567_2048_1152.jpg,,Artist I sitt Sommarprogram pratar Darin Zanyar om vad Michael Jacksons har betytt för honom under uppväxten och om dagen då världsstjärnan dog. Dessutom berättar han om sina föräldrars flykt från Kurdistan på 80-talet och om hur det var att växa upp i ett hem där MTV på tv:n alltid stod på.
362130,2539368,Monika Fagerholm 2010,2010-08-14,2010,Sommar,https://www.sverigesradio.se/avsnitt/362130,https://static-cdn.sr.se/laddahem/podradio/sommar__vinter_i_p1_monika_fagerholm_2010_20240913_1457379981.mp3,3030,48510976,https://static-cdn.sr.se/images/2071/3238585_2048_1152.jpg,,"Författare I sitt Sommarprogram talar Monika Fagerholm om makt och fantasins kraft. Hon berättar om sin resa till den hon är i dag, om klänningar, tyger och om vikten av att dagdrömma. Och så pratar hon om förorten och stora världen, och om musik. Monica Zetterlund utlovas. - Och om Alexander McQueen och Rodarte. Om min favoritförfattare William Faulkner."
126299,2540340,Staffan Scheja 2010,2010-08-15,2010,Sommar,https://www.sverigesradio.se/avsnitt/126299,https://static-cdn.sr.se/laddahem/podradio/sommar__vinter_i_p1_staffan_scheja_2010_20240913_1459219702.mp3,3070,49147904,https://static-cdn.sr.se/images/2071/3238677_2048_1152.jpg,,"Konsertpianist och professor Staffan Scheja delar med sig av starka musikupplevelser, minnen och reflektioner kring resor han gjort genom åren. Han börjar i New York 1969 där han befinner sig 19 år gammal för att påbörja studier vid Juilliard på Manhattan. - Fukten och hettan är tryckande. Vietnamkriget rasar för fullt med protestaktioner över hela världen och kriget börjar alltmer splittra USA:s hemmaopinion. Allt detta var omtumlande intryck för en snäll 19-åring från mellanmjölkens land."
126298,2542562,Johannes Anyuru 2010,2010-08-16,2010,Sommar,https://www.sverigesradio.se/avsnitt/126298,https://static-cdn.sr.se/laddahem/podradio/SR_sommar_i_p1_100816030105.mp3,3132,50097423,https://static-cdn.sr.se/images/2071/3238764_2048_1152.jpg,,"Poeten Johannes Anyurus Sommarprogram handlar om tiden, åren och poesi."
126297,2544505,Henrik Hjelt 2010,2010-08-17,2010,Sommar,https://www.sverigesradio.se/avsnitt/126297,https://static-cdn.sr.se/laddahem/podradio/sommar__vinter_i_p1_henrik_hjelt_2010_20240913_1459304881.mp3,3333,53370880,https://static-cdn.sr.se/images/2071/3238800_2048_1152.jpg,,"Komiker och skådespelare Henrik Hjelt berättar i sitt Sommarprogram om ett sekundbeslut som gav sann glädje och om att välja riktning i livet. – Telefonen ringde, det var Sveriges Television. De ville ha med mig i en ny tv-serie. Jag var nu tvungen att välja väg i livet. Ställa den egna önskan mot uppväxt och år av utbildning. Ett sekundbeslut som gav år av glädje."
362167,2546542,Annika Linde 2010,2010-08-18,2010,Sommar,https://www.sverigesradio.se/avsnitt/362167,https://static-cdn.sr.se/laddahem/podradio/sommar__vinter_i_p1_annika_linde_2010_20240913_1501514659.mp3,3254,52103168,https://static-cdn.sr.se/images/2071/3238823_2048_1152.jpg,,"Statsepidemiolog och professor I sitt Sommarprogram vill Annika Linde visa att mångfald är bättre än enfald och att den förtryckte blir en förtryckare – både bland mikroorganismer och människor. - Jag beskriver hur förändringar under en tid skapar kaos, men att de är en förutsättning för utveckling mot god symbios. Naturligtvis kommer jag att nämna ordet influensa av och till, men jag baserar mitt Sommarprat på olika typer av forskning och inte minst egna erfarenheter av många slag."
68807,2548960,Anna Odell 2010,2010-08-19,2010,Sommar,https://www.sverigesradio.se/avsnitt/68807,https://static-cdn.sr.se/laddahem/podradio/sommar__vinter_i_p1_anna_odell_2010_20240913_1502285059.mp3,3156,50530304,https://static-cdn.sr.se/images/2071/3247516_2048_1152.jpg,,Konstnär I sitt Sommarprogram berättar Anna Odell om den uppmärksammade iscensättningen på Liljeholmsbron då hon i ett konstprojekt agerat psykotiskt och hämtades av ambulanspersonal. – Jag ska berätta vad som verkligen hände och varför det inte var möjligt att berätta det på något annat sätt. Jag tar med lyssnarna på en brottsrekonstruktion. Dessutom berättar hon om en liten fågel som dog i hennes händer och om när hon var liten och livrädd för att leken skulle ta slut.
362403,2550734,Tommy Körberg 2010,2010-08-20,2010,Sommar,https://www.sverigesradio.se/avsnitt/362403,https://static-cdn.sr.se/laddahem/podradio/sommar__vinter_i_p1_tommy_korberg_2010_20240913_1502465231.mp3,3177,50872320,https://static-cdn.sr.se/images/2071/3239090_2048_1152.jpg,,"Sångare I sitt Sommarprogram berättar Tommy Körberg om de resor som musiken tagit med honom på. - Som en dramatisk eftermiddag i Kenya på sjuttiotalet, då en lunchhungrig lejonhona fick syn på mig och tyckte jag såg riktigt aptitlig ut, berättar Tommy Körberg."
104295,2552065,Josephine Bornebusch 2010,2010-08-21,2010,Sommar,https://www.sverigesradio.se/avsnitt/104295,https://static-cdn.sr.se/laddahem/podradio/sommar__vinter_i_p1_josephine_bornebusch_2010_20260129_1047181050.mp3,3440,55070720,https://static-cdn.sr.se/images/2071/3239322_2048_1152.jpg,,"Skådespelare och komiker. I sitt Sommarprogram berättar Josephine Bornebusch om sin väg från bartender i Mexiko till skådespelare i Sverige och om sin karaktär Mickan, i tv-serien Solsidan."
126295,2553314,Niklas Rådström 2010,2010-08-22,2010,Sommar,https://www.sverigesradio.se/avsnitt/126295,https://static-cdn.sr.se/laddahem/podradio/sommar__vinter_i_p1_niklas_radstrom_2010_20240913_1508223482.mp3,3338,53440512,https://static-cdn.sr.se/images/2071/3239495_2048_1152.jpg,,"FÖRFATTARE. -Visst har du också stått där och tittat dig själv i badrumsspegeln och förbannat sig själv. Det hände mig före sommaren. De ringde från radion och sa att de ville lägga ut på hemsidan vad mitt program ska handla om och jag tänkte att jag inte hade någon aning och frågade om jag kunde få vänta lite. Men det var bråttom att få den där hemsidan färdig, så jag sa, ”tja, kommer jag inte på på något vettigare ämne så ska jag prata om meningen med livet”. Hur dum får man egentligen bli?"
383503,2813983,Håkan Nesser - Vinter 2010,2010-12-25,2010,Vinter,https://www.sverigesradio.se/avsnitt/383503,https://static-cdn.sr.se/laddahem/podradio/SR_p1_vinter_101225030048.mp3,3505,56067134,https://static-cdn.sr.se/images/2071/3360771_2048_1152.jpg,,"Författare – Jag kommer – antagligen – att tala om hur det är att bo utanför Sveriges gränser. Om skrivande och läsande kommer jag också att jiddra, förstås, och kanske om fenomenet att man läser svenska deckare över hela klotet. Och om vådan därav. Dessutom om vikten av att ha hund och om mötet med barberare Bodelsen."
383504,2814859,CajsaStina Åkerström - Vinter 2010,2010-12-26,2010,Vinter,https://www.sverigesradio.se/avsnitt/383504,https://static-cdn.sr.se/laddahem/podradio/SR_p1_vinter_101226030051.mp3,3099,49583333,https://static-cdn.sr.se/images/2071/3360803_2048_1152.jpg,,"Sångerska, låtskrivare, författare och arkeolog – Jag kommer att tangera ämnen som anknyter till vår mörkaste tid på året – midvintern: julminnen, gamla och moderna myter, ljusets betydelse samt vår tids brist på mystik och rädsla för allvar."
383505,2816397,K-G Bergström - Vinter 2010,2010-12-27,2010,Vinter,https://www.sverigesradio.se/avsnitt/383505,https://static-cdn.sr.se/laddahem/podradio/SR_p1_vinter_101227030058.mp3,2919,46695235,https://static-cdn.sr.se/images/2071/3360824_2048_1152.jpg,,Journalist – Jag ska bland annat berätta om den häftigaste intervju jag gjort under mitt långa yrkesliv. Men också avslöja hur nära det var att jag sumpat en av min karriärs höjdarintervjuer. Jag ska också avslöja varför jag började skriva för Expressen efter nästan 35 år på Sveriges Television. Dessutom vad utbildning betyder för möjligheterna att göra en klassresa.
383506,2818432,Lotta Gray - Vinter 2010,2010-12-28,2010,Vinter,https://www.sverigesradio.se/avsnitt/383506,https://static-cdn.sr.se/laddahem/podradio/SR_p1_vinter_101228030103.mp3,3218,51485884,https://static-cdn.sr.se/images/2071/3360863_2048_1152.jpg,,"Vimmeljournalist och bloggare – Jag vill berätta för dig hur det är att leva. Inte det där vanliga livet utan ett annat liv. Ett liv där cancern kommer in och sätter sig i soffan som en objuden gäst. Om rädslan och hoppet, döden och livet som så parallellt löper vid varandra, men framför allt om Kärleken som håller min låga vid liv likt en bränslepump i mitten av hjärtat."
383507,2820563,Staffan Olsson Vinter 2010,2010-12-29,2010,Vinter,https://www.sverigesradio.se/avsnitt/383507,https://static-cdn.sr.se/laddahem/podradio/sommar__vinter_i_p1_staffan_olsson_vinter_2010_20240917_1442495498.mp3,2954,47298560,https://static-cdn.sr.se/images/2071/3360909_2048_1152.jpg,,"Staffan Olsson är förbundskapten för herrhandbollslandslaget. – Mitt program kommer att utspela sig mellan noggrant kontrollerade förberedelser för att under en match kunna följa impulser och spela fritt. Jag utgår från hjärtat, som trots att det har opererats två gånger alltid hållit mig vid liv i kampen på planen."
383509,2822700,Lena Sundström - Vinter 2010,2010-12-30,2010,Vinter,https://www.sverigesradio.se/avsnitt/383509,https://static-cdn.sr.se/laddahem/podradio/sommar__vinter_i_p1_lena_sundstrom_20240917_1439494614.mp3,3209,51378176,https://static-cdn.sr.se/images/2071/3360935_2048_1152.jpg,,"Journalist och författare. – ”Tänk på döden” stod det över en kyrkogård som jag besökte för ett tag sedan. Det skall jag göra. Jag skall spela odödlig musik. Jag skall prata om livslevande döda. Och jag skall förklara varför jag aldrig har varit rädd för att dö, medan jag har svår prestationsångest inför att leva."
383508,2824459,Anders Jansson - Vinter 2010,2010-12-31,2010,Vinter,https://www.sverigesradio.se/avsnitt/383508,https://static-cdn.sr.se/laddahem/podradio/SR_p1_vinter_101231030019.mp3,3728,59639013,https://static-cdn.sr.se/images/2071/3360924_2048_1152.jpg,,"Skådespelare, komiker och manusförfattare – Ett program om perfektionism och alla skånska barns desperata längtan efter snö."
383510,2825325,Patricia Tudor-Sandahl - Vinter 2011,2011-01-01,2011,Vinter,https://www.sverigesradio.se/avsnitt/383510,https://static-cdn.sr.se/laddahem/podradio/SR_p1_vinter_110101030014.mp3,2796,44733335,https://static-cdn.sr.se/images/2071/3356147_2048_1148.jpg,,"Författare, psykolog och psykoterapeut. – Jag ska bland annat tala om vad som får mig att växa och vad som får mig att krympa som människa, och om den glädje och tacksamhet jag känner inför det liv som jag har fått."
383511,2826284,Henrik Ekman - Vinter 2011,2011-01-02,2011,Vinter,https://www.sverigesradio.se/avsnitt/383511,https://static-cdn.sr.se/laddahem/podradio/SR_p1_vinter_110102053215.mp3,3254,52051382,https://static-cdn.sr.se/images/2071/3356127_892_500.jpg,,"Biolog, vetenskapsjournalist, författare och fotograf – En fallen stjärna kastas för vargarna. Vargavinter hotar ekonomin. Spekulanternas vargflockar vädrar blod. Vargmetaforerna är evigt lockande – men varför är det en sån laddning runt just vargen? Om det vill jag tala i mitt program."
131719,3215750,Mark Levengood 2011,2011-06-25,2011,Sommar,https://www.sverigesradio.se/avsnitt/131719,https://static-cdn.sr.se/laddahem/podradio/sommar_i_p1/2011/06/sommar__vinter_i_p1_mark_levengood_20240909_1517054709.mp3,3733,59773427,https://static-cdn.sr.se/images/2071/3242191_2048_1152.jpg,SR,"Programledare och författare Mark Levengood berättar i sitt femte Sommarprogram om sitt händelserika liv. Året är 1964 när Mark Levengood kommer till världen, på en militärbas i North Carolina, USA. Hans far är amerikansk marinsoldat som i sin ungdom arbetade för John F Kennedy."
357300,3208433,Torgny Lindgren 2011,2011-06-26,2011,Sommar,https://www.sverigesradio.se/avsnitt/357300,https://static-cdn.sr.se/laddahem/podradio/sommar_i_p1/2011/06/sommar__vinter_i_p1_torgny_lindgren_2011_20240909_1521340593.mp3,3194,51154862,https://static-cdn.sr.se/images/2071/3242207_2048_1152.jpg,SR,Författare I sitt andra Sommarprat undrar författaren var kommer vi ifrån och var vår själ är. Dessutom pratar han om det han anser gör livet värt att leva – poesi och musik.
357301,3227104,Clara Lidström 2011,2011-06-27,2011,Sommar,https://www.sverigesradio.se/avsnitt/357301,https://static-cdn.sr.se/laddahem/podradio/sommar__vinter_i_p1_clara_lidstrom_2011_20240909_1518062963.mp3,2782,44544000,https://static-cdn.sr.se/images/2071/3242276_2048_1152.jpg,SR,"Bloggare I sitt Sommarprogram talar 25-åriga Clara Lidström om förtrycket i för trånga jeans och om frigörelsen i en femtiotalskjol. Dessutom blir det prat om att vara åttiotalistfeminist och älska att baka bullar, bli en ”gammal nucka” vid 23 års ålder och om att förlora sin mamma alldeles för tidigt."
126291,3230412,Göran Gudmundsson 2011,2011-06-28,2011,Sommar,https://www.sverigesradio.se/avsnitt/126291,https://static-cdn.sr.se/laddahem/podradio/sommar_i_p1/2011/06/sommar__vinter_i_p1_goran_gudmundsson_2011_20240909_1522324144.mp3,3252,52071801,https://static-cdn.sr.se/images/2071/3242297_2048_1152.jpg,SR,Byggnadsantikvarie I sitt Sommarprogram talar Göran Gudmundsson om hur vi ska få oss själva till att ”bejaka vårt vansinne”.
126288,3234416,Jason ”Timbuktu” Diakité 2011,2011-06-29,2011,Sommar,https://www.sverigesradio.se/avsnitt/126288,https://static-cdn.sr.se/laddahem/podradio/sommar_i_p1/2011/06/sommar__vinter_i_p1_jason_timbuktu_diakit_2011_20240909_1525250908.mp3,3031,48541447,https://static-cdn.sr.se/images/2071/3242330_2048_1152.jpg,SR,"Artist Om utanförskap och sorg och historier om sitt liv, från Lund till Malmö, Afrika och USA. Och så berättar han varför han valde just Timbuktu som artistnamn."
126290,3232822,Maria Wetterstrand 2011,2011-06-30,2011,Sommar,https://www.sverigesradio.se/avsnitt/126290,https://static-cdn.sr.se/laddahem/podradio/sommar_i_p1/2011/06/sommar__vinter_i_p1_maria_wetterstrand_2011_20240909_1525589564.mp3,2925,46839004,https://static-cdn.sr.se/images/2071/3242345_2048_1152.jpg,SR,Före detta språkrör för Miljöpartiet. I sitt Sommarprogram talar Maria Wetterstrand om frihet och jämlikhet och om att de flestas uppfattning av politikern är att hon ofta ser arg ut.
112161,3215008,Thomas Johansson 2011,2011-07-01,2011,Sommar,https://www.sverigesradio.se/avsnitt/112161,https://static-cdn.sr.se/laddahem/podradio/sommar_i_p1/2011/06/sommar__vinter_i_p1_thomas_johansson_2011_20240909_1527180118.mp3,2088,33446334,https://static-cdn.sr.se/images/2071/3242416_2048_1152.jpg,SR,"Styrelseordförande i Live Nation Europa och promotor - En gång för många år sen fick jag sparken från två olika jobb under ett år. Man skulle kunna säga, att om det inte hade hänt skulle jag inte suttit här idag. Så inleder Thomas Johansson sitt Sommarprogram där han bland annat talar om sina tre stora passioner i livet: människor, musik och mat."
126283,3241885,Henrik Larsson 2011,2011-07-02,2011,Sommar,https://www.sverigesradio.se/avsnitt/126283,https://static-cdn.sr.se/laddahem/podradio/sommar_i_p1/2011/07/sommar__vinter_i_p1_henrik_larsson_2011_20240909_1541213350.mp3,2908,46574762,https://static-cdn.sr.se/images/2071/3242424_2048_1152.jpg,SR,Fotbollstränare och före detta fotbollsproffs I sitt Sommarprogram delar Henrik Larsson med sig av mörkret i livet som han varit med om - alla medaljer till trots.
126292,3214769,Beate Grimsrud 2011,2011-07-03,2011,Sommar,https://www.sverigesradio.se/avsnitt/126292,https://static-cdn.sr.se/laddahem/podradio/sommar_i_p1/2011/06/sommar__vinter_i_p1_beate_grimsrud_2011_20240909_1542004389.mp3,3405,54519566,https://static-cdn.sr.se/images/2071/3242429_2048_1152.jpg,SR,I sitt Sommarprogram pratar författaren Beate Grimsrud om sin senaste bok och om att våga utsätta sig för stora förhoppningar. Och så delar hon med sig av lyckade och mindre lyckade semestrar.
126284,3238028,Nanne Grönvall 2011,2011-07-04,2011,Sommar,https://www.sverigesradio.se/avsnitt/126284,https://static-cdn.sr.se/laddahem/podradio/sommar_i_p1/2011/06/sommar__vinter_i_p1_nanne_gronvall_2011_20240909_1527491828.mp3,3285,52609956,https://static-cdn.sr.se/images/2071/3242431_2048_1152.jpg,SR,"För första gången någonsin berättar artisten offentligt om sin stökiga uppväxt, tillsammans med mamma och mormor. – En bitvis mörk historia som ändå förmedlar hopp, och att med kärlek tar man sig igenom allt, säger hon."
126282,3245021,Ville Virtanen 2011,2011-07-05,2011,Sommar,https://www.sverigesradio.se/avsnitt/126282,https://static-cdn.sr.se/laddahem/podradio/sommar_i_p1/2011/07/sommar__vinter_i_p1_ville_virtanen_2011_20240909_1542214560.mp3,3122,49993134,https://static-cdn.sr.se/images/2071/3242438_2048_1152.jpg,SR,"Skådespelare. Ville Virtanen talar i sitt Sommarprogram om Finland och kärlek. – Jag pratar om min släkt, dess kärlekshistorier, dess krig, Finlands nationella lillebrorskomplex gentemot Sverige, homo- och främlingsfobin på nationell nivå i Finland samt beståndsdelarna i vinterkrigsmiraklet, berättar han."
126281,3249851,Sylvia Schwaag Serger 2011,2011-07-06,2011,Sommar,https://www.sverigesradio.se/avsnitt/126281,https://static-cdn.sr.se/laddahem/podradio/sommar_i_p1/2011/07/sommar__vinter_i_p1_sylvia_schwaag_serger_2011_20240909_1510294336.mp3,2571,41175515,https://static-cdn.sr.se/images/2071/3242446_2048_1152.jpg,SR,"Internationell chef på Vinnova. Om den första tiden i Sverige, om sitt liv som ”fusk-kines”, om identitet och om att lämna sin komfortzon."
57806,3247650,Sven Nylander 2011,2011-07-07,2011,Sommar,https://www.sverigesradio.se/avsnitt/57806,https://static-cdn.sr.se/laddahem/podradio/sommar_i_p1/2011/07/sommar__vinter_i_p1_sven_nylander_2011_20240909_1542504708.mp3,3262,52231829,https://static-cdn.sr.se/images/2071/3242453_2048_1152.jpg,SR,Före detta häcklöpare och varumärkesutvecklare I sitt Sommarprogram pratar Sven Nylander om löpning som meditation. Han avslöjar varför siffran fyra kom att bli hans nummer och hur drevet blev hans bästa vän. Han inleder sitt program med att berätta om en dramatisk händelse i sitt liv då han grips av piketpoliser.
126293,3214650,Karin Broos 2011,2011-07-08,2011,Sommar,https://www.sverigesradio.se/avsnitt/126293,https://static-cdn.sr.se/laddahem/podradio/sommar_i_p1/2011/06/sommar__vinter_i_p1_karin_broos_2011_20240909_1528199902.mp3,3118,49931118,https://static-cdn.sr.se/images/2071/3242463_2048_1152.jpg,SR,Konstnär I sitt Sommarprogram berättar Karin Broos om hur Bildjournalen och Herman Hesse präglade hennes vilda ungdom och så delar hon med sig av tragedier och förluster av dem hon älskat och om hur det är att leva mitt i konstprojektet Alma Löv där ”vad som helst kunde hända”.
112168,3256209,Jonas Jonasson 2011,2011-07-09,2011,Sommar,https://www.sverigesradio.se/avsnitt/112168,https://static-cdn.sr.se/laddahem/podradio/sommar_i_p1/2011/07/sommar__vinter_i_p1_jonas_jonasson_2011_20240909_1543135964.mp3,3437,55035615,https://static-cdn.sr.se/images/2071/3242469_2048_1152.jpg,SR,"Författare I sitt Sommarprogram hedrar Jonas Jonasson morfar Anders, ”han som alltid sa att ”Di söm bara säger dä söm ä sanning, ä inte vär’ å höra på”. Och så berättar han allt runt sin bok Hundraåringen och om hur han själv klev ut genom fönster och försvann."
126280,3250449,Freddie Wadling 2011,2011-07-10,2011,Sommar,https://www.sverigesradio.se/avsnitt/126280,https://static-cdn.sr.se/laddahem/podradio/sommar_i_p1/2011/07/sommar__vinter_i_p1_freddie_wadling_2011_20240909_1544259058.mp3,2431,38937541,https://static-cdn.sr.se/images/2071/3242473_2048_1152.jpg,,Musiker. ”Jag kommer prata om lite minnen och lite smått och gott”. Så inleder Freddie Wadling sitt Sommarprogram där han talar om sig själv och sin resa genom livet. Han har som han själv kallar det ”varit och pillat lite överallt” i arbetslivet. Bland annat har han spelat monster: ”så klart”.
126287,3237857,Carl-Gustaf Wachtmeister 2011,2011-07-11,2011,Sommar,https://www.sverigesradio.se/avsnitt/126287,https://static-cdn.sr.se/laddahem/podradio/sommar_i_p1/2011/06/sommar__vinter_i_p1_carlgustaf_wachtmeister_2011_20240909_1545396355.mp3,2759,44181259,https://static-cdn.sr.se/images/2071/3242479_2048_1152.jpg,SR,"Jägmästare. - ”Pappa! Det är farfar, något har hänt!” På hans röst hör jag att det är allvarligt. Den natten sov jag inte. Hela min kropp var förtvivlad. Så inleder Carl-Gustaf Wachtmeister sitt Sommarprat som handlar om döden, konst– och kor."
126277,3257765,Gustaf Hammarsten 2011,2011-07-12,2011,Sommar,https://www.sverigesradio.se/avsnitt/126277,https://static-cdn.sr.se/laddahem/podradio/sommar_i_p1/2011/07/sommar__vinter_i_p1_gustaf_hammarsten_2011_20240909_1546263558.mp3,3717,59508352,https://static-cdn.sr.se/images/2071/3242543_2048_1152.jpg,SR,"Skådespelare I sitt Sommarprogram berättar Gustaf Hammarsten om en galen tid i drömfabriken i Hollywood, om några katastrofer från teaterskolan Lee Strasberg i New York och om rackartyg från barndomen. - Och så berättar jag ett och annat dilemma som inte förklarar vem jag är, utan vem jag tror jag vill vara. Ackompanjerat med enbart min typ av musik."
126275,3257855,Dilsa Demirbag-Sten 2011,2011-07-13,2011,Sommar,https://www.sverigesradio.se/avsnitt/126275,https://static-cdn.sr.se/laddahem/podradio/sommar_i_p1/2011/07/sommar__vinter_i_p1_dilsa_demirbagsten_2011_20240909_1546495481.mp3,3435,54998891,https://static-cdn.sr.se/images/2071/3242545_2048_1152.jpg,SR,"Journalist, författare I sitt Sommarprogram berättar Dilsa Demirbag-Sten om sin familjs resa från en kurdisk nomadstam till miljonprogrammets Sverige. - Det är ett sommarprat om berättandets och människans kraft och om vårt älskade Sverige."
126274,3270151,Lars-Eric Aaro 2011,2011-07-14,2011,Sommar,https://www.sverigesradio.se/avsnitt/126274,https://static-cdn.sr.se/laddahem/podradio/sommar_i_p1/2011/07/sommar__vinter_i_p1_larseric_aaro_2011_20240909_1540312931.mp3,3245,51956004,https://static-cdn.sr.se/images/2071/3229378_2048_1146.jpg,SR,Vd för LKAB Lars-Eric Aaros Sommarprat tar sin början i den dramatiska historien om hur malmbanan i Lappland skulle byggas – ett projekt med en magnitud som aldrig genomförts tidigare. En järnväg som sedan 1800-talet har gett Lappland och Kiruna liv genom att transportera ut LKAB-gruvornas malm ut i världen.
126269,3272462,Ulf Brunnberg 2011,2011-07-15,2011,Sommar,https://www.sverigesradio.se/avsnitt/126269,https://static-cdn.sr.se/laddahem/podradio/sommar_i_p1/2011/07/sommar__vinter_i_p1_ulf_brunnberg_2011_20240909_1537456967.mp3,3515,56276160,https://static-cdn.sr.se/images/2071/3242638_2048_1152.jpg,SR,Skådespelare Ulf Brunnberg börjar sitt Sommarprat med att berätta om sin avsky för reklam.
58097,3227611,Ann Petrén 2011,2011-07-16,2011,Sommar,https://www.sverigesradio.se/avsnitt/58097,https://static-cdn.sr.se/laddahem/podradio/sommar_i_p1/2011/06/sommar__vinter_i_p1_ann_petrn_2011_20240909_1537138402.mp3,3158,50577399,https://static-cdn.sr.se/images/2071/3242645_2048_1152.jpg,SR,"Skådespelare Ann Petréns Sommar kretsar kring teatern och verkligheten, men också om ”alla dessa pigor som fått någon annans liv att skina så blankt. Men också om saker som skrivits om henne på nätet."
126272,3270256,Carl Bildt 2011,2011-07-17,2011,Sommar,https://www.sverigesradio.se/avsnitt/126272,https://static-cdn.sr.se/laddahem/podradio/sommar_i_p1/2011/07/sommar__vinter_i_p1_carl_bildt_20250124_0955292258.mp3,3450,55235282,https://static-cdn.sr.se/images/2071/3242672_2048_1152.jpg,,"Sveriges utrikesminister om det politiska läget i världen, de resor jag gör och det arbete jag bedriver."
126265,3292957,Anna Kåver 2011,2011-07-18,2011,Sommar,https://www.sverigesradio.se/avsnitt/126265,https://static-cdn.sr.se/laddahem/podradio/sommar_i_p1/2011/07/sommar__vinter_i_p1_anna_kaver_2011_20240909_1531560880.mp3,3273,52405264,https://static-cdn.sr.se/images/2071/3242688_2048_1152.jpg,SR,Psykolog och psykoterapeut I sitt Sommarprogram uppehåller Anna Kåver sig vid ”livets vattenhål – både de livgivande och de som riskerar att suga ner oss i djupet”. Och så reflekterar hon en aning om konsten att vara människa.
126267,3281925,Martin Fröst 2011,2011-07-19,2011,Sommar,https://www.sverigesradio.se/avsnitt/126267,https://static-cdn.sr.se/laddahem/podradio/sommar_i_p1/2011/07/sommar__vinter_i_p1_martin_frost_2011_20240909_1533132807.mp3,3126,50061973,https://static-cdn.sr.se/images/2071/3243100_2048_1152.jpg,SR,"Klarinettist I sitt Sommarprogram pratar Martin Fröst om konsten att knäcka ett revben, om ögonblicket och dess förunderlighet och om de fantastiska minuterna innan han gjorde entré i Royal Albert Hall. Och så berättar han hur en lugn tisdagseftermiddag alltid har en tendens att spåra ur."
57660,3257185,Monika Nyström 2011,2011-07-20,2011,Sommar,https://www.sverigesradio.se/avsnitt/57660,https://static-cdn.sr.se/laddahem/podradio/sommar_i_p1/2011/07/sommar__vinter_i_p1_monika_nystrom_2011_20240909_1547193823.mp3,3402,54478698,https://static-cdn.sr.se/images/2071/3243109_2048_1152.jpg,SR,Lyssnarnas Sommarvärd 2011 Monika Nyström är förskolläraren som valdes till Lyssnarnas Sommarvärd 2011. I sitt Sommarprogram berättar hon om sorgen efter att hennes cancersjuke man gått bort.
126264,3294729,Sara Stridsberg 2011,2011-07-21,2011,Sommar,https://www.sverigesradio.se/avsnitt/126264,https://static-cdn.sr.se/laddahem/podradio/sommar_i_p1/2011/07/SR_sommar_i_p1_110721_E41E.mp3,3581,57312635,https://static-cdn.sr.se/images/2071/3243118_2048_1152.jpg,,"FÖRFATTARE, DRAMATIKER. Hon talar om eld och romaner. – När jag skriver mina romaner kan jag verkligen förstå lockelsen i att tända eld på någonting. "
126263,3297682,Fredrik Gertten 2011,2011-07-22,2011,Sommar,https://www.sverigesradio.se/avsnitt/126263,https://static-cdn.sr.se/laddahem/podradio/sommar_i_p1/2011/07/sommar__vinter_i_p1_fredrik_gertten_2011_20240909_1547488154.mp3,3323,53218509,https://static-cdn.sr.se/images/2071/3243126_2048_1152.jpg,SR,"Dokumentärfilmare och journalist I sitt Sommarprogram pratar Fredrik Gertten om ilska och hur man kan vända den till kreativ energi. – Det här blir ett program av och med en arg man med en ljus syn på livet. Om drivkrafter. Hur rastlöshet och ilska kan omvandlas till kreativ energi. Och, om ansvarig utgivare tillåter, blir det en och annan bomb i den svenska fruktdisken."
126262,3298620,Babben Larsson 2011,2011-07-23,2011,Sommar,https://www.sverigesradio.se/avsnitt/126262,https://static-cdn.sr.se/laddahem/podradio/SR_sommar_i_p1_110723030025.mp3,2678,42833711,https://static-cdn.sr.se/images/2071/3243128_2048_1152.jpg,,"Komiker Babben Larsson ger i sitt fjärde Sommarprogram temat ""Soundtrack of my life"". – Händelserika perioder i livet ackompanjeras ofta av en låt som tröstar, stöttar, stärker, alternativt gör en glad eller förbannad. Jag tänker spela ett knippe sådana låtar från mitt liv och berätta historierna runt dem, berättar hon"
126268,3274907,Jan Carlzon 2011,2011-07-24,2011,Sommar,https://www.sverigesradio.se/avsnitt/126268,https://static-cdn.sr.se/laddahem/podradio/sommar_i_p1/2011/07/sommar__vinter_i_p1_jan_carlzon_2011_20240909_1548273953.mp3,2886,46221420,https://static-cdn.sr.se/images/2071/3243134_2048_1152.jpg,SR,"Investerare och före detta vd och koncernchef för SAS I sitt Sommarprogram talar Jan Carlzon om det kärleksfulla ledarskapet, om att det är i mötet med andra människor allt händer, och om svårigheten att hitta sig själv när hela livet varit ett uppdrag."
57167,3304433,Lars Ohly 2011,2011-07-25,2011,Sommar,https://www.sverigesradio.se/avsnitt/57167,https://static-cdn.sr.se/laddahem/podradio/sommar_i_p1/2011/07/sommar__vinter_i_p1_lars_ohly_2011_20240909_1549357055.mp3,3830,61325173,https://static-cdn.sr.se/images/2071/3243146_2048_1152.jpg,SR,"Före detta partiledare för Vänsterpartiet ”I torsdags hade jag skrivit klart mitt manus för det här Sommarprogrammet, jag var nöjd. Men i fredags inträffade det ofattbara och obegripliga, att en högerextrem norrman begick ett av de värsta terrordåd som vi sett i vår del av världen. Plötsligt skakade livet till på det där sättet det gör när det aldrig komemr att bli sig riktigt likt igen. Det går helt enkelt inte att börja dagens program någon annanstans än på ön Utöja utanför Oslo”. "
126266,3290477,Pia Sundhage 2011,2011-07-26,2011,Sommar,https://www.sverigesradio.se/avsnitt/126266,https://static-cdn.sr.se/laddahem/podradio/sommar_i_p1/2011/07/sommar__vinter_i_p1_pia_sundhage_2011_20240909_1550121821.mp3,3252,52080856,https://static-cdn.sr.se/images/2071/3243152_2048_1152.jpg,SR,Huvudtränare för Sveriges damlandslag i fotoboll. I sitt Sommarprogram berättar Pia Sundhage varför fotboll är världens roligaste sport. Hon tar lyssnaren med ut på fotbollsplan på Åsunda Vy i Marbäck för att känna den sprudlande glädjen över att lyckas och ta medalj. Dessutom berättar hon varför hon anser att det är så viktigt med vägen fram till målet.
126271,3270296,Kjerstin Dellert 2011,2011-07-27,2011,Sommar,https://www.sverigesradio.se/avsnitt/126271,https://static-cdn.sr.se/laddahem/podradio/sommar_i_p1/2011/07/sommar__vinter_i_p1_kjerstin_dellert_2011_20240909_1550309487.mp3,3064,49061305,https://static-cdn.sr.se/images/2071/3243161_2048_1152.jpg,SR,"Teaterchef och operasångerska Kjerstin Dellert berättar i sitt Sommar om ett liv och en sångkarriär som inte låter sig beskrivas i ord. Och historierna är många, efter 63 år på scen."
126252,3369077,Claes Hultling 2011,2011-07-28,2011,Sommar,https://www.sverigesradio.se/avsnitt/126252,https://static-cdn.sr.se/laddahem/podradio/sommar_i_p1/2011/08/sommar__vinter_i_p1_claes_hultling_2011_20240909_1550595943.mp3,3033,48570923,https://static-cdn.sr.se/images/2071/3243178_2048_1152.jpg,SR,"Läkare och docent - Är glaset halvtomt, eller halvfullt, det återstår att se. Hur viktigt är det att ha rätt attityd till livet, och vad är rätt attityd till livet? Den frågan ställer sig Claes Hultling som i sitt Sommarprogram pratar om vården i Sverige, om hur handikapp inte behöver vara något handikapp och om hur rädd vårdpersonal torkar tårar snabbare än trygg och om ”varför rehabilitering måste rocka fett”."
126259,3322138,Olof Wretling – Männen i mitt liv – Sommarprat 2011,2011-07-29,2011,Sommar,https://www.sverigesradio.se/avsnitt/126259,https://static-cdn.sr.se/laddahem/podradio/sommar_i_p1/2011/08/SR_sommar_i_p1_110729_76D0.mp3,2992,47884814,https://static-cdn.sr.se/images/2071/3232573_2048_1146.jpg,,"Skådespelare. Olof Wretlings Sommarprogram är ett program om männen i hans liv (sex stycken: tre levande, tre döda, och en katt). En av männen är morfar Alfons - morfarn som utmanar ""gummimannen"" i vighet och riskerar sin tumme under sommarstugan under stor dramatik. Historierna kryddas med både kortison och lillebröder. Musiken bjuder ingen annan än Katla på, ännu en av männen i Olofs liv, som har en alldeles speciell relation till Nah Neh Nah av Vaya Con Dios."
126279,3250718,Helena Bergström 2011,2011-07-30,2011,Sommar,https://www.sverigesradio.se/avsnitt/126279,https://static-cdn.sr.se/laddahem/podradio/sommar_i_p1/2011/07/sommar__vinter_i_p1_helena_bergstrom_2011_20240909_1551236175.mp3,4324,69222916,https://static-cdn.sr.se/images/2071/24014fbd-7f40-4193-b3aa-15ad4b100c78.jpg,SR,"Skådespelare och regissör I sitt andra Sommar vågar Helena Bergström ”äntligen prata om sig själv”. – När jag gjorde mitt förra sommarprogram, för 18 år sedan, var jag rädd för att prata om mig själv. Jag var rädd för att det skulle bli för självupptaget och privat. Är det något som är positivt med att åldras så är det att man inte är lika ängslig för vad andra tycker. Man har liksom mandat att få vara den man är. Därför ska jag, nu när jag är 47 år, prata om mig själv."
126261,3306261,Barbro Lindgren 2011,2011-07-31,2011,Sommar,https://www.sverigesradio.se/avsnitt/126261,https://static-cdn.sr.se/laddahem/podradio/sommar_i_p1/2011/07/SR_sommar_i_p1_110731_8175.mp3,3252,52035567,https://static-cdn.sr.se/images/2071/3243212_2048_1152.jpg,,"Författare Barbro Lindgrens Sommarprogram präglas av Gunnar Ekelöfs citat ""Endast som vittne är människan till. Tag och skriv."""
57022,3319435,Birgitta Ohlsson 2011,2011-08-01,2011,Sommar,https://www.sverigesradio.se/avsnitt/57022,https://static-cdn.sr.se/laddahem/podradio/sommar_i_p1/2011/07/sommar__vinter_i_p1_birgitta_ohlsson_2011_20240909_1552554054.mp3,2864,45870316,https://static-cdn.sr.se/images/2071/3243373_2048_1152.jpg,SR,Sveriges EU-minister I sitt Sommarprogram berättar Birgitta Ohlsson vad som präglat henne som politiker och hur det är bakom kulisserna i politiken. Dessutom kommer hon att berätta om människoöden hon aldrig någonsin kommer glömma.
126278,3256275,Leif Mannerström 2011,2011-08-02,2011,Sommar,https://www.sverigesradio.se/avsnitt/126278,https://static-cdn.sr.se/laddahem/podradio/sommar_i_p1/2011/07/sommar__vinter_i_p1_leif_mannerstrom_2011_20240909_1554173068.mp3,3302,52879830,https://static-cdn.sr.se/images/2071/3243379_2048_1152.jpg,SR,"Krögare och kock Leif Mannerströms Sommarprogram är en kärleksförklaring till sitt yrke. – Jag tänker berätta för er om ett underbart yrke. Ja, det kommer faktiskt att bli en kärleksförklaring. Dessutom berättar han om sin familj, resor han gjort och om sin karriärs toppar och dalar."
126286,3237958,Alice Bah Kuhnke 2011,2011-08-03,2011,Sommar,https://www.sverigesradio.se/avsnitt/126286,https://static-cdn.sr.se/laddahem/podradio/sommar_i_p1/2011/06/SR_sommar_i_p1_110803_E5A2.mp3,3259,52151554,https://static-cdn.sr.se/images/2071/3243384_2048_1152.jpg,,"Hållbarhetschef på ÅF I sitt andra Sommarprogram fokuserar Alice Bah Kuhnke på vad vi alla kan göra för att rädda Moder Jord - det enda hon tycker är viktigt på riktigt. - Att det faktiskt, precis just nu, går åt helvete med Moder Jord och hur enormt mycket det finns vi kan göra för att vi ska ta oss någon annanstans!"
126258,3326991,Owe Wikström 2011,2011-08-04,2011,Sommar,https://www.sverigesradio.se/avsnitt/126258,https://static-cdn.sr.se/laddahem/podradio/sommar_i_p1/2011/08/sommar__vinter_i_p1_owe_wikstrom_2011_20240909_1500306577.mp3,3497,55995810,https://static-cdn.sr.se/images/2071/3243387_2048_1152.jpg,SR,"Professor i religionspsykologi. Owe Wikström ägnar sitt Sommarprogram åt forskning, rysk andlighet, det goda samtalet och guds tystnad. Dessutom handlar det om glädje och vemod."
126255,3332096,Patrik Sjöberg 2011,2011-08-05,2011,Sommar,https://www.sverigesradio.se/avsnitt/126255,https://static-cdn.sr.se/laddahem/podradio/sommar_i_p1/2011/08/sommar__vinter_i_p1_patrik_sjoberg_2011_20240909_1456219367.mp3,2066,33099889,https://static-cdn.sr.se/images/2071/a6ba1d66-ee6a-41a8-ba02-b3400a767639.jpg,SR,"Före detta höjdhoppare. I sitt Sommarprogram berättar Patrik Sjöberg om sin uppmärksammade memoarbok Det du inte såg och vad som har hände efter det. – Jag har en del kvar att berätta, säger han."
126260,3309815,Yukiko Duke 2011,2011-08-06,2011,Sommar,https://www.sverigesradio.se/avsnitt/126260,https://static-cdn.sr.se/laddahem/podradio/sommar_i_p1/2011/07/sommar__vinter_i_p1_yukiko_duke_2011_20240909_1453544756.mp3,3144,50340718,https://static-cdn.sr.se/images/2071/3243391_2048_1152.jpg,SR,Journalist och författare Om den största jordbävningskatastrofen i modern tid som drabbade Japan. Om vad man gör när man blir instängd i en hiss med världens rikaste man och om att växa upp med två olika kulturer. Dessutom bjuder hon på japansk musik.
122565,3352237,Håkan Juholt 2011,2011-08-07,2011,Sommar,https://www.sverigesradio.se/avsnitt/122565,https://static-cdn.sr.se/laddahem/podradio/sommar_i_p1/2011/08/sommar__vinter_i_p1_hakan_juholt_2011_20240909_1451044813.mp3,2934,46988541,https://static-cdn.sr.se/images/2071/3243393_2048_1152.jpg,SR,"Partiledare för Socialdemokraterna I sitt Sommarprogram pratar Håkan Juholt om mod och kraft, glädje, vemod och fräckhet, envishet och respekt."
126256,3345319,Vicky von der Lancken 2011,2011-08-08,2011,Sommar,https://www.sverigesradio.se/avsnitt/126256,https://static-cdn.sr.se/laddahem/podradio/sommar_i_p1/2011/08/sommar__vinter_i_p1_vicky_von_der_lancken_2011_20240909_1449161532.mp3,3525,56436095,https://static-cdn.sr.se/images/2071/3243395_2048_1152.jpg,SR,"Nöjesproducent och teaterchef. Om uppväxten som ”adopterad busunge i Huskvarna” till ensamstående mor från Rågsved och slutligen till teaterchef, producent och delägare av Oscarsteatern."
126253,3365226,Daniel Adams-Ray 2011,2011-08-09,2011,Sommar,https://www.sverigesradio.se/avsnitt/126253,https://static-cdn.sr.se/laddahem/podradio/sommar_i_p1/2011/08/sommar__vinter_i_p1_daniel_adamsray_2011_20240909_1446429578.mp3,3000,48044208,https://static-cdn.sr.se/images/2071/e7131f04-a305-484a-868b-3d05cd6c9ac5.jpg,SR,"Låtskrivare och modedesigner Daniel Adams-Rays Sommarprogram präglas av uppväxten i Kenya, där vi får en bild av Sverige utifrån. – Lejon, pissmyror och pistoler är titeln på mitt Sommar… mitt program är ett porträtt av Sverige inifrån utifrån, präglat av min uppväxt i Kenya, förklarar Daniel Adams-Ray som berättar om sin brokiga uppväxt."
126254,3364507,Cecilia Forss 2011,2011-08-10,2011,Sommar,https://www.sverigesradio.se/avsnitt/126254,https://static-cdn.sr.se/laddahem/podradio/sommar_i_p1/2011/08/sommar__vinter_i_p1_cecilia_forss_2011_20240909_1445467546.mp3,2723,43604444,https://static-cdn.sr.se/images/2071/26c851eb-70be-4004-b06d-a7bcc792c959.jpg,,Skådespelare I sitt Sommar talar Cecilia Forss om fördelen med att vara naiv. Dessutom talar hon om den livsviktiga drivkraften och den allra första kyssen.
56860,3345337,Barbro Osher 2011,2011-08-11,2011,Sommar,https://www.sverigesradio.se/avsnitt/56860,https://static-cdn.sr.se/laddahem/podradio/sommar_i_p1/2011/08/sommar__vinter_i_p1_barbro_osher_2011_20240909_1441368999.mp3,3100,49642552,https://static-cdn.sr.se/images/2071/12196500-8058-4379-89bc-1089c5a9c6c1.jpg,SR,Sveriges generalkonsul i San Francisco. I sitt Sommarprogram pratar Barbro Osher om när lycka och lust är starkare än rädsla.
126251,3383526,Johan Wester 2011,2011-08-12,2011,Sommar,https://www.sverigesradio.se/avsnitt/126251,https://static-cdn.sr.se/laddahem/podradio/sommar_i_p1/2011/08/sommar__vinter_i_p1_johan_wester_20240909_1443361942.mp3,3130,50120859,https://static-cdn.sr.se/images/2071/3243408_2048_1152.jpg,,Komiker. I sitt Sommarprogram pratar Johan Wester om när han åkte Vasaloppet som rollfiguren Kajan. Dessutom avslöjar han hur man vinner På Spåret och varför han älskar skelett.
126250,3393831,Cecilia Uddén 2011,2011-08-13,2011,Sommar,https://www.sverigesradio.se/avsnitt/126250,https://static-cdn.sr.se/laddahem/podradio/sommar_i_p1/2011/08/sommar__vinter_i_p1_cecilia_uddn_2011_20240909_1353309073.mp3,3567,57106839,https://static-cdn.sr.se/images/2071/3243412_2048_1152.jpg,SR,"Radiojournalist. Om den arabiska våren då ”Walk Like an Egyptian” fick en ny innebörd. Det blir snack om det arabiska uppvaknandet, om att bli utsedd till ”fanskapet” för rapporteringen från Mellanöstern och om vem som är ”hundast” - och andra arabiska superlativ."
126257,3327394,Karl Ove Knausgård 2011,2011-08-14,2011,Sommar,https://www.sverigesradio.se/avsnitt/126257,https://static-cdn.sr.se/laddahem/podradio/sommar_i_p1/2011/08/sommar__vinter_i_p1_karl_ove_knausgard_2011_20240909_1350505097.mp3,3092,49520598,https://static-cdn.sr.se/images/2071/3243417_2048_1152.jpg,SR,Författare I sitt Sommarprogram pratar norske Karl Ove Knausgård om massakern och explosionen som skedde i Norge sommaren 2011 – just när Knausgård skulle skriva sitt Sommarmanus.
56607,3402057,Ubah Musse 2011,2011-08-15,2011,Sommar,https://www.sverigesradio.se/avsnitt/56607,https://static-cdn.sr.se/laddahem/podradio/sommar_i_p1/2011/08/sommar__vinter_i_p1_ubah_musse_2011_20240909_1350038580.mp3,3839,61474043,https://static-cdn.sr.se/images/2071/3243425_2048_1152.jpg,SR,Skådespelare och student Ubah Musse berättar i sitt Sommarprogram hur det är att komma som ensamt flyktingbarn till Sverige och växa upp utan föräldrarna.
56606,3402159,Ann Olivecrona 2011,2011-08-16,2011,Sommar,https://www.sverigesradio.se/avsnitt/56606,https://static-cdn.sr.se/laddahem/podradio/sommar_i_p1/2011/08/sommar__vinter_i_p1_ann_olivecrona_2011_20240909_1349131650.mp3,3448,55209742,https://static-cdn.sr.se/images/2071/3243427_2048_1152.jpg,SR,"Zoolog I sitt Sommarprogram berättar Ann Olivecrona, bosatt i Kenya, om engagemanget för de afrikanska vilda djuren."
56508,3412013,Bengt Palmers 2011,2011-08-17,2011,Sommar,https://www.sverigesradio.se/avsnitt/56508,https://static-cdn.sr.se/laddahem/podradio/sommar_i_p1/2011/08/sommar__vinter_i_p1_bengt_palmers_2011_20240909_1347429139.mp3,3699,59230796,https://static-cdn.sr.se/images/2071/3243431_2048_1152.jpg,SR,"Musikproducent, kompositör och författare Om musik- och skivbranschens radikala förändring de senaste åren. Om minnen från skivstudion och hur den moderna inspelningstekniken förändrat skivbranschen."
126248,3409097,Gina Dirawi 2011,2011-08-18,2011,Sommar,https://www.sverigesradio.se/avsnitt/126248,https://static-cdn.sr.se/laddahem/podradio/sommar_i_p1/2011/08/sommar__vinter_i_p1_gina_dirawi_2011_20240909_1346037079.mp3,3832,61362639,https://static-cdn.sr.se/images/2071/3243433_2048_1152.jpg,,"Programledare, bloggare I sitt Sommarprogram berättar Gina Dirawi om de svårigheter hon har stött på i dagens Sverige som ”svensk, utländsk, ung tjej”."
126249,3402189,Petra Marklund 2011,2011-08-19,2011,Sommar,https://www.sverigesradio.se/avsnitt/126249,https://static-cdn.sr.se/laddahem/podradio/sommar_i_p1/2011/08/sommar__vinter_i_p1_petra_marklund_2011_20240909_1345077684.mp3,3152,50482564,https://static-cdn.sr.se/images/2071/3243437_2048_1152.jpg,SR,"Artist Petra Marklunds Sommarprogram handlar om barndomen i Älta, om diskussionerna med tanterna på badhuset och om hur natten blev hennes bästa vän. Dessutom pratar hon om ödet och om hur det känns att vara helt tyst i tre månader."
56683,3382183,Ghita Nørby 2011,2011-08-20,2011,Sommar,https://www.sverigesradio.se/avsnitt/56683,https://static-cdn.sr.se/laddahem/podradio/sommar_i_p1/2011/08/sommar__vinter_i_p1_ghita_nrby_2011_20240909_1340170275.mp3,3570,57169241,https://static-cdn.sr.se/images/2071/253324ec-d29f-48ec-9b49-87822e7c1a1a.jpg,SR,"Skådespelare Danska Ghita Nørby improviserar fram ett Sommarprogram om glädje. – Jag avskyr att skriva manus, men tycker om att improvisera. Så får det bli i mitt Sommar! Jag vill berätta om med- och motgångar i konsten och i livet. Men mest av allt tänker jag tala om mitt förhållande till glädjen i livet. Det blir min rubrik, förklarar Ghita Nørby."
112358,3413246,Leif GW Persson 2011,2011-08-21,2011,Sommar,https://www.sverigesradio.se/avsnitt/112358,https://static-cdn.sr.se/laddahem/podradio/sommar_i_p1/2011/08/SR_sommar_i_p1_110821_932C.mp3,2702,43237212,https://static-cdn.sr.se/images/2071/3243443_2048_1152.jpg,,"Kriminolog och författare I sitt Sommarprogram berättar Leif GW Persson om när hans tidigare arbetsgivare, Rikspolisstyrelsen, försökte få honom att gå i pension. - För säkerhets skull så skickade mig tre brev och chefen ringde till mig. Själv har jag alltid levt i den föreställningen att jag ska jobba till jag dör, inleder Leif GW Persson. Och så berättar han om hur jobbet på polisen går till."
416832,3649221,Fredrik Lindström - Vinter 2011,2011-12-25,2011,Vinter,https://www.sverigesradio.se/avsnitt/416832,https://static-cdn.sr.se/laddahem/podradio/p1_vinter/2011/12/SR_p1_vinter_111225_928D.mp3,3710,59368437,https://static-cdn.sr.se/images/2071/3360540_2048_1152.jpg,,"Programledare, författare, språkhistoriker.– Mitt program ska handla om julen, både om dess urgamla, dunkla ursprung i midvintersolståndet och om dagens kommersiella upplaga – som man faktiskt kan betrakta som världens starkaste varumärke. Kan julen och våra beteenden runt denna högtid därmed också berätta för oss vad vi ”moderna människor” egentligen har för religion i dag?"
134898,3649249,Mia Skäringer - Vinter 2011,2011-12-26,2011,Vinter,https://www.sverigesradio.se/avsnitt/134898,https://static-cdn.sr.se/laddahem/podradio/p1_vinter/2011/12/SR_p1_vinter_111226_9358.mp3,3202,51247479,https://static-cdn.sr.se/images/2071/3367875_1200_675.jpg,,"Skådespelare, manusförfattare, radio- och tv-profil. – Mitt Vinterprat kommer att bli en reflektion över de senaste åren. Det kommer att handla om min människokärlek och mitt förhållande till mig själv och omvärlden. Om illusioner och verklighet. Om att vara i sitt Jag."
134903,3656782,Hans Rosenfeldt - Vinter 2011,2011-12-27,2011,Vinter,https://www.sverigesradio.se/avsnitt/134903,https://static-cdn.sr.se/laddahem/podradio/p1_vinter/2011/12/SR_p1_vinter_111227_DBC6.mp3,3152,50436506,https://static-cdn.sr.se/images/2071/2042743_520_347.jpg,,"Manusförfattare och programledare – Halvvägs i livet – lite drygt statistiskt sett – tänker jag försöka ta reda på varför det blev som det blev. Det kommer att handla om slumpen, möjligheterna, valen och konsekvenserna."
134901,3649265,Lena Andersson - Vinter 2011,2011-12-28,2011,Vinter,https://www.sverigesradio.se/avsnitt/134901,https://static-cdn.sr.se/laddahem/podradio/p1_vinter/2011/12/SR_p1_vinter_111228_93AE.mp3,3176,50828841,https://static-cdn.sr.se/images/2071/2042759_520_347.jpg,,"Författare, skribent, kritiker – Mitt Vinterprogram ska handla om det jag tänker på just nu och det jag tänkt på hela livet och kanske något om snö."
416323,3646890,Olof Wretling – Julklappsboken – Vinterprat 2011,2011-12-29,2011,Vinter,https://www.sverigesradio.se/avsnitt/416323,https://static-cdn.sr.se/laddahem/podradio/p1_vinter/2011/12/SR_p1_vinter_111229_D385.mp3,3093,49494140,https://static-cdn.sr.se/images/2071/3367871_1200_675.jpg,,Skådespelare – I mitt Vinterprogram tänker jag läsa högt ur min bok Julklappsboken.
134900,3649262,Leif GW Persson - Vinter 2011,2011-12-30,2011,Vinter,https://www.sverigesradio.se/avsnitt/134900,https://static-cdn.sr.se/laddahem/podradio/p1_vinter/2011/12/SR_p1_vinter_111230_9430.mp3,2896,46346647,https://static-cdn.sr.se/images/2071/2029858_520_347.jpg,,Kriminolog och författare Han berättar bland annat varför han först tackade nej till att vara Vintervärd.
415304,3647173,Tomas Sjödin - Vinter 2011,2011-12-31,2011,Vinter,https://www.sverigesradio.se/avsnitt/415304,https://static-cdn.sr.se/laddahem/podradio/p1_vinter/2011/12/SR_p1_vinter_111231_904E.mp3,3156,50511347,https://static-cdn.sr.se/images/2071/3355445_2048_1148.jpg,,"Predikant, föreläsare, författare – Mitt Vinterprogram, på årets sista dag, kommer att röra sig kring orden ”före” och ”efter”. Det ska handla om vad några tomma, tunna spikar på en brädvägg i ett norskt kapell hade att berätta om modet att ta emot livet en gång till. Om tron på det återvändande ljuset."
416841,3662022,Bodil Malmsten - Vinter 2012,2012-01-01,2012,Vinter,https://www.sverigesradio.se/avsnitt/416841,https://static-cdn.sr.se/laddahem/podradio/p1_vinter/2011/12/SR_p1_vinter_120101_D84C.mp3,2871,45943409,https://static-cdn.sr.se/images/2071/2042717_520_347.jpg,,"Författare – I mitt Vinterprogram kommer jag att prata om årstider, dåliga tider, sämre tider, tidsomställningar och tidvatten."
206,3999891,Anja Pärson 2012,2012-06-23,2012,Sommar,https://www.sverigesradio.se/avsnitt/206,https://static-cdn.sr.se/laddahem/podradio/sommar_i_p1/2012/06/sommar__vinter_i_p1_anja_parson_20240909_1610437834.mp3,3246,51977604,https://static-cdn.sr.se/images/2071/2340947_1200_675.jpg,SR,Före detta alpin skidåkare I sitt andra Sommarprogram berättar Anja Pärson om nya vägval som bestämmer riktningen på livet - som till exempel livet med en annan kvinna.
116719,3999113,David Hellenius 2012,2012-06-24,2012,Sommar,https://www.sverigesradio.se/avsnitt/116719,https://static-cdn.sr.se/laddahem/podradio/sommar_i_p1/2012/06/sommar__vinter_i_p1_david_hellenius_2012_20240913_1526098239.mp3,2849,45628918,https://static-cdn.sr.se/images/2071/2341238_1200_675.jpg,,Tv-programledare David Hellenius berättar i Sommar i P1 hur det känns att vara ”kändis” och så berättar han om det bästa och värsta som hänt honom i livet. Dessutom får du reda på varför han förvarade en bajskorv i en byrålåda och varför han fick sparken som vattengympa-instruktör för pensionärer.
116717,4000059,Christina Lampe-Önnerud 2012,2012-06-25,2012,Sommar,https://www.sverigesradio.se/avsnitt/116717,https://static-cdn.sr.se/laddahem/podradio/sommar_i_p1/2012/06/sommar__vinter_i_p1_christina_lampennerud_2012_20240913_1530557524.mp3,3028,48488311,https://static-cdn.sr.se/images/2071/2354442_1200_675.jpg,,"Batteriuppfinnare och global entreprenör Om vägen från kemilådan hemma i Ludvika till batterifabriker i Kina och vuxenliv i Boston. - Jag brinner för uppmaningen att vi alla kan ta oss an världen och bygga den lite bättre. Min förhoppning är att vi tillsammans tar oss an framtiden. Jag har bestämt mig för att nu som vuxen, tvåbarnsmor och medmännsika använda all min kraft att bidra till en bättre framtid för många generationer, jag väljer att satsa på teknik och innovation."
116715,4006005,Jo Nesbø 2012,2012-06-26,2012,Sommar,https://www.sverigesradio.se/avsnitt/116715,https://static-cdn.sr.se/laddahem/podradio/sommar_i_p1/2012/06/sommar__vinter_i_p1_jo_nesb_2012_20240913_1531163639.mp3,2963,47448022,https://static-cdn.sr.se/images/2071/2344855_1200_675.jpg,,"Författare Jo Nesbø berättar i sitt Sommarprogram om sin uppväxt i Norge och vägen till författarlivet. – När jag växte upp handlade mina somrar först och främst om löftena som aldrig infriades. Om optimismen, den grundlösa tron om att i år…i år… Sommarkvällarna var som en rad varma julaftnar där tomten aldrig kom. Herregud, som jag älskade dessa somrar."
116714,4007314,John Guidetti 2012,2012-06-27,2012,Sommar,https://www.sverigesradio.se/avsnitt/116714,https://static-cdn.sr.se/laddahem/podradio/sommar_i_p1/2012/06/sommar__vinter_i_p1_john_guidetti_2012_20240913_1534307011.mp3,3567,57118466,https://static-cdn.sr.se/images/2071/2344622_1200_675.jpg,,"Fotbollsspelare John Guidetti om vägen till framgången och om tiden i Kenya där han bodde under flera år då pappan fick jobb där. - Jag var en vit man i slummen som var barfota hela tiden. Jag minns hur jag spelade fotboll barfota och efteråt tvingades jag plocka ut glasbitar ur fötterna, det gjorde ont men jag brydde mig inte. Jag ville ha direktkontakt med fotbollen."
116716,4004365,Karin Falck 2012,2012-06-28,2012,Sommar,https://www.sverigesradio.se/avsnitt/116716,https://static-cdn.sr.se/laddahem/podradio/sommar_i_p1/2012/06/sommar__vinter_i_p1_karin_falck_2012_20240913_1542410297.mp3,3471,55583366,https://static-cdn.sr.se/images/2071/2354517_1200_675.jpg,,"Tv-producent och regissör Karin Falck om det oförklarliga i livet. - Det där med människor kan se rakt igenom i andras hem utan att ha varit där... Jo jag har varit med om det, så inleder Karin Falck sitt program som berättar om en kvinna som kunde berätta exakt var i hennes hem som ett bortslarvat manus låg. - Och det är lika bra att jag redan nu berättar att jag tror på småknytt också. Jag kan även berätta att jag från säker källa vet att de där små knytten, de bor vid fläderträdens fötter."
116711,4011670,Trita Parsi 2012,2012-06-29,2012,Sommar,https://www.sverigesradio.se/avsnitt/116711,https://static-cdn.sr.se/laddahem/podradio/sommar_i_p1/2012/06/sommar__vinter_i_p1_trita_parsi_2012_20240913_1544488736.mp3,2472,39596495,https://static-cdn.sr.se/images/2071/2354529_1200_675.jpg,,"Statsvetare och Iran-expert ”Året var 2009. Jag hade nyss landat på Dallas-flygplatsen i Virginia. Jag sätter på min telefon för att kolla mejlen. Första mejlet var markerat som extremt viktigt. Det kom från Hillary Clintons assistent. USA:s utrikesminister, Clinton, ville veta omgående ifall jag kunde acceptera hennes inbjudande till ett middagsmöte.” Så inleder Trita Parsi sitt Sommarprat från Washington, USA. Han berättar om sin egen klassresa från Iran - via Uppsala och Stockholm - till USA."
116710,4012371,Yngwie Malmsteen 2012,2012-06-30,2012,Sommar,https://www.sverigesradio.se/avsnitt/116710,https://static-cdn.sr.se/laddahem/podradio/sommar_i_p1/2012/06/sommar__vinter_i_p1_yngwie_malmsteen_2012_20240913_1545163013.mp3,2548,40807023,https://static-cdn.sr.se/images/2071/2344748_1200_675.jpg,,"Musiker Gitarristen och kompositören Yngwie Malmsteen pratar om sitt livs berg- och dalbana. - Från mina tidiga år i Stockholm, via de vilda åren i Los Angeles, till där jag befinner mig idag, i Miami Beach, USA. - En av de viktigaste grejerna som hänt i mitt liv var min femte födelsedag. Morsan kom hem med ett paket och i det låg en gitarr. Och den här gitarren kom att forma mitt liv totalt och den resan ska vi snacka om nu, inleder Yngwie sitt Sommar i P1."
116713,4010470,Klara Zimmergren 2012,2012-07-01,2012,Sommar,https://www.sverigesradio.se/avsnitt/116713,https://static-cdn.sr.se/laddahem/podradio/sommar_i_p1/2012/06/SR_sommar_i_p1_120701_8DAB.mp3,2525,40445348,https://static-cdn.sr.se/images/2071/2354540_1200_675.jpg,,"Programledare och manusförfattare Klara Zimmergrens Sommarprogram handlar om Gud, dans och vad som händer när vägen visar sig vara enkelriktad och om sorgen över barnlösheten. - Klockan börjar närma sig sex på eftermiddagen den där dagen. Det är glest mellan borden och det är lite därför jag valt det här stället, för jag vill inte att nån ska höra vad vi ska prata om, inleder Klara Zimmergren sitt Sommarvärdskap."
116709,4013835,Amirzai Sangin 2012,2012-07-02,2012,Sommar,https://www.sverigesradio.se/avsnitt/116709,https://static-cdn.sr.se/laddahem/podradio/sommar_i_p1/2012/06/sommar__vinter_i_p1_amirzai_sangin_2012_20240913_1546044764.mp3,2981,47742831,https://static-cdn.sr.se/images/2071/2344786_1200_675.jpg,,"IT- och Telekommunikationsminister i Afghanistan – Mitt Sommarprogram handlar om hur jag åkte från Sverige tillbaka till mitt hemland Afghanistan för att med mina kunskaper och erfarenheter göra det till ett kommunikationssamhälle. Det har varit en del svårigheter, men jag har varit bestämd – för detta är framtiden för mitt folk, berättar Amirzai Sangin som strävar efter att göra sitt hemland till ett informationssamhälle."
116708,4016366,Emma Wiklund 2012,2012-07-03,2012,Sommar,https://www.sverigesradio.se/avsnitt/116708,https://static-cdn.sr.se/laddahem/podradio/sommar_i_p1/2012/07/sommar__vinter_i_p1_emma_wiklund_2012_20240913_1549506553.mp3,3141,50304283,https://static-cdn.sr.se/images/2071/2354549_1200_675.jpg,,"Före detta modell, grundare av eget hudvårdsföretag. - Det här går inte skrek jag, och sög i mig ännu mer lustgas. Helvete det går inte. Att vara gravid och att föda barn blev inte alls som jag hade planerat.”, börjar entreprenören Emma Wiklund och fortsätter: - Förlossningen började klockan fyra på morgonen av att jag vaknade och mådde fruktansvärt dåligt. De extra 30 kilona hade gjort att mitt blodtryck blivit livsfarligt högt. På sjukhuset konstaterades en påbörjad havandeskapsförgiftning."
116712,4010481,Ulf Ellervik 2012,2012-07-04,2012,Sommar,https://www.sverigesradio.se/avsnitt/116712,https://static-cdn.sr.se/laddahem/podradio/sommar_i_p1/2012/06/sommar__vinter_i_p1_ulf_ellervik_2012_20240913_1550123670.mp3,3321,53183590,https://static-cdn.sr.se/images/2071/2354562_1200_675.jpg,,"Professor i bioorganisk kemi I sitt Sommarprat blandar han kultur, kreativitet och kemi ”kryddad med en smula ond bråd död”. Ulf Ellervik berättar bland annat om hur han tack vare pappans gamla kemilåda lyckades skapa ett labb i familjens källare - något som blev starten på sin kemistkarriär. Han berättar också om sitt eget forskningsområde: molekyler som kan skilja tumörer och hejda deras tillväxt utan att skada friska celler."
116718,3999887,Lutfi Kolgjini 2012,2012-07-05,2012,Sommar,https://www.sverigesradio.se/avsnitt/116718,https://static-cdn.sr.se/laddahem/podradio/sommar_i_p1/2012/06/sommar__vinter_i_p1_lutfi_kolgjini_2012_20240913_1604511933.mp3,2788,44645070,https://static-cdn.sr.se/images/2071/2344869_1200_675.jpg,,"Travtränare, kusk, uppfödare Lutfi Kolgjini tar med oss in till stallet. Att vara travtränare innebär inte bara kontakt med djuren, säger han, hans jobb går även ut på att agera psykolog mot människorna runt omkring honom. Och livet har inte alltid varit på topp för den framgångsrike travtränaren. - Jag berättar om hur jag tappade både fattningen och kontrollen över mitt liv. Om en klassresa av det ovanliga slaget. Från fåraherde och diskplockare till ägare av Sveriges största hästföretag."
116705,4023400,Neneh Cherry 2012,2012-07-06,2012,Sommar,https://www.sverigesradio.se/avsnitt/116705,https://static-cdn.sr.se/laddahem/podradio/sommar_i_p1/2012/07/sommar__vinter_i_p1_neneh_cherry_2012_20240913_1605275136.mp3,3130,50124975,https://static-cdn.sr.se/images/2071/2344886_1200_675.jpg,,"Artist I sitt Sommarprogram talar Neneh Cherry om den enda platsen på jorden som hon verkligen känner sig hemma på och om sin mammas reaktion när hon berättar att hon är gravid. Och så berättar hon om svårigheterna hon var med om under sin uppväxt. – Jag växte upp i både Göingeskogarna och New York. I mitt Sommarprat kommer jag prata om intrycken, kontrasterna och de djupa spåren som formades i mig under 70-talet i New York, säger hon."
116707,4020981,Petter Stordalen 2012,2012-07-07,2012,Sommar,https://www.sverigesradio.se/avsnitt/116707,https://static-cdn.sr.se/laddahem/podradio/sommar_i_p1/2012/07/sommar__vinter_i_p1_petter_stordalen_2012_20240913_1605490390.mp3,2844,45539741,https://static-cdn.sr.se/images/2071/2354573_1200_675.jpg,,"HOTELLÄGARE. Direkt från Oslo, sänder Petter Stordalen sitt Sommarprogram: - Jag glömmer aldrig den dagen då jag köpte mitt första hotell. Det var en sån vacker dag i juni 1996. Det låg i en pytteliten by i södra Norge, det hade nyss gått i konkurs. Men jag sa, om tio år ska vi ta över hela den norska hotellmarknaden och sen ska vi bli först i hela Skandinavien. Folk skrattade så de nästa måste bäras ut ur rummet den dagen, men de skulle inte skratta länge..."
116706,4021156,Klara och Johanna Söderberg 2012,2012-07-08,2012,Sommar,https://www.sverigesradio.se/avsnitt/116706,https://static-cdn.sr.se/laddahem/podradio/sommar_i_p1/2012/07/sommar__vinter_i_p1_klara_och_johanna_soderberg_20_20240913_1606092944.mp3,2642,42313526,https://static-cdn.sr.se/images/2071/2344864_1200_675.jpg,,"Artister. - Vi kommer att prata om alla galna saker som har hänt oss de senaste åren, om våra amerikanska äventyr och hur det känns att få lära känna sina största musikaliska idoler. Det blir gamla countrylegender, öknen och en väskincident mitt ute i ingenstans i USA."
116704,4023434,Daniel Sjölin 2012,2012-07-09,2012,Sommar,https://www.sverigesradio.se/avsnitt/116704,https://static-cdn.sr.se/laddahem/podradio/sommar_i_p1/2012/07/sommar__vinter_i_p1_daniel_sjolin_2012_20240913_1607263917.mp3,3802,60879025,https://static-cdn.sr.se/images/2071/2344557_1200_675.jpg,,"FÖRFATTARE. – Mitt Sommarprogram handlar om mitt liv som gubbstrutt, och om hur jag kom att arbeta med det som jag hatade allra mest när jag var liten, nämligen människor och böcker."
116703,4029283,Gudrun Sjödén 2012,2012-07-10,2012,Sommar,https://www.sverigesradio.se/avsnitt/116703,https://static-cdn.sr.se/laddahem/podradio/sommar_i_p1/2012/07/sommar__vinter_i_p1_gudrun_sjodn_2012_20240913_1711596255.mp3,2644,42352806,https://static-cdn.sr.se/images/2071/3268506_2048_1152.jpg,,"DESIGNER, VD. I sitt Sommarprat berättar Gudrun Sjödén om mer eller mindra dramatiska händelser i sitt 70 år långa liv - från liten bondflicka till stor modeexportör i den konkurrensutsatta klädbranschen. – Född i Roslagen under brinnande krig, där vi bodde i en omodern teaterpaviljong, medan pappa låg inkallad i beredskap ute i havsbandet. Mamma med tre små barn, utan ström, vatten eller någon typ av centralvärme. Min mamma, med sameblod, som blev föräldralös vid fyra års ålder."
116701,4029342,Heidi Andersson 2012,2012-07-11,2012,Sommar,https://www.sverigesradio.se/avsnitt/116701,https://static-cdn.sr.se/laddahem/podradio/sommar_i_p1/2012/07/sommar__vinter_i_p1_heidi_andersson_2012_20240913_1609011644.mp3,3197,51193277,https://static-cdn.sr.se/images/2071/2354580_1200_675.jpg,,"Armbryterska, programledare - Armbrytning är lika med adrenalin. Grymmaste tänkbara känsla. Det finns ingenting som kan jämföras med den här adrenalinkicken. I sitt Sommar talar Heidi Andersson om prata om hur det är att präglas bland starka kvinnor och män där styrka är status och norm, men också om hur det blev när hon och Kärleken – båda elitidrottare – fick barn: - Kanske också något av själva baksidan av att vara armbryterska av den kvinnliga sorten, och så ska vi skratta åt alltihopa."
116702,4029322,Daniel Ek 2012,2012-07-12,2012,Sommar,https://www.sverigesradio.se/avsnitt/116702,https://static-cdn.sr.se/laddahem/podradio/sommar_i_p1/2012/07/sommar__vinter_i_p1_daniel_ek_2012_20240913_1612469592.mp3,2642,42313442,https://static-cdn.sr.se/images/2071/2344810_1200_675.jpg,,"Grundare och vd, Spotify – I mitt Sommar får du hänga med på en resa som tog mig från skolans datorsal i Rågsved och ut i världen. Min stora drivkraft är lite osvensk – att försöka förändra världen. För mig är livet för kort för att inte fokusera på något jag brinner för."
116700,4029352,Jenny Jägerfeld 2012,2012-07-13,2012,Sommar,https://www.sverigesradio.se/avsnitt/116700,https://static-cdn.sr.se/laddahem/podradio/sommar_i_p1/2012/07/sommar__vinter_i_p1_jenny_jagerfeld_2012_20240913_1631147514.mp3,3238,51847403,https://static-cdn.sr.se/images/2071/2354582_1200_675.jpg,,"Psykolog, författare, frilansskribent I sitt Sommarprat talar Jenny Jägerfeld om hur sjukdomen fick henne att börja skriva på allvar, hur man skriver så att det känns ut genom boksidorna och om riskerna med den överhajpade metoden mindfulness."
116698,4034359,Sébastien Boudet 2012,2012-07-14,2012,Sommar,https://www.sverigesradio.se/avsnitt/116698,https://static-cdn.sr.se/laddahem/podradio/sommar_i_p1/2012/07/sommar__vinter_i_p1_sbastien_boudet_2012_20240913_1637486275.mp3,2976,47652324,https://static-cdn.sr.se/images/2071/2354584_1200_675.jpg,,"Bagare, konditor – Surdegsbröd är mitt liv, mitt sätt att berätta min historia, vem jag är och vad jag älskar. Mitt Sommar handlar bland annat om varför varje limpa jag bakar har sin egen själ. Sébastien Boudet tar oss med till bagarens vardag i sitt Sommarprogram: - Bagare var det sista min pappa ville att jag skulle bli. Jag blev bagare men inte vilken bagare som helst - en surdegsbagare, säger han och berättar passionerat om sitt jobb - som han väljer att inte kalla för yrke."
116699,4029359,Thorsten Flinck 2012,2012-07-15,2012,Sommar,https://www.sverigesradio.se/avsnitt/116699,https://static-cdn.sr.se/laddahem/podradio/sommar_i_p1/2012/07/sommar__vinter_i_p1_thorsten_flinck_2012_20240913_1638091978.mp3,3097,49601460,https://static-cdn.sr.se/images/2071/2354623_1200_675.jpg,,"Skådespelare, regissör och sångare I sitt Sommarprogram talar Thorsten Flinck om rädsla och mod - och fördomar: – Mod utesluter inte rädsla. När jag var 35 bestämde jag mig för att inte längre vara rädd. Innan var jag rädd för allt. Jag har kvar rädslan, men lever med modet att våga bestämma mig. Utan förmågan att ta beslut är man feg. Jag har aldrig misslyckats när jag bestämt mig."
116696,4040528,Magdi Abdelhadi 2012,2012-07-16,2012,Sommar,https://www.sverigesradio.se/avsnitt/116696,https://static-cdn.sr.se/laddahem/podradio/sommar_i_p1/2012/07/sommar__vinter_i_p1_magdi_abdelhadi_20240913_1639445574.mp3,2923,46808301,https://static-cdn.sr.se/images/2071/3258491_2048_1152.jpg,,"Journalist - Har det verkligen gått 18 år sen jag bodde i Sverige? Förra året var så intensivt, så omskakande, allt som var svenskt i mitt liv kändes så ovidkommande och långt borta. Så inleder Londonbaserade Mellanösternkorrespondenten Magdi Abdelhadi sitt Sommarprogram där han bland annat berättar berättar varför han ”blivit en aning islamofobisk”."
116695,4042341,Katrin Sundberg 2012,2012-07-17,2012,Sommar,https://www.sverigesradio.se/avsnitt/116695,https://static-cdn.sr.se/laddahem/podradio/sommar_i_p1/2012/07/sommar__vinter_i_p1_katrin_sundberg_2012_20240913_1642006207.mp3,3000,48038713,https://static-cdn.sr.se/images/2071/2354637_1200_675.jpg,,"Skådespelare, regissör, manusförfattare. - Det jag borde göra nu är att presentera mig själv, men bara tanken gör att det låser sig. Det finns inget som får mig så nervös och svettig som när jag ska presentera mig själv. Så inleder Katrin Sundberg sitt Sommar där hon bland annat pratar om muntorrheten som uppstår då hon ska beskriva sig själv och hur hemskt hon tycker det är att sitta i en ring inför ett nytt arbetsuppdrag. Dessutom berättar hon om hur det är att vara styvmamma till fem barn."
116697,4037868,Björn Natthiko Lindeblad 2012,2012-07-18,2012,Sommar,https://www.sverigesradio.se/avsnitt/116697,https://static-cdn.sr.se/laddahem/podradio/sommar_i_p1/2012/07/sommar__vinter_i_p1_bjorn_natthiko_lindeblad_2012_20240913_1642360251.mp3,3514,56261876,https://static-cdn.sr.se/images/2071/2354639_1200_675.jpg,,Lyssnarnas Sommarvärd 2012 I sitt Sommarprogram pratar Lyssnarnas Sommarvärd 2012 - föreläsaren och meditationsläraren Björn Natthiko Lindeblad - om sin väg från ”finansvalp” till thailändsk skogsmunk.
116693,4045409,Jan Lööf 2012,2012-07-19,2012,Sommar,https://www.sverigesradio.se/avsnitt/116693,https://static-cdn.sr.se/laddahem/podradio/sommar_i_p1/2012/07/sommar__vinter_i_p1_jan_loof_2012_20240913_1643012626.mp3,3554,56910706,https://static-cdn.sr.se/images/2071/2354642_1200_675.jpg,,"Författare, illustratör I sitt Sommarprogram talar Jan Lööf om olika aspekter av barnlöshet och om Grekland som han känner det. ”Ett land utan smitare långt från eurokrisen”. Dessutom blir en hel del om musik: - Bland annat ska jag med hjälp av några vänner försöka förklara jazzens själ, och så hoppas jag kunna föra en dialog med mig själv."
116691,4047152,Elsa Billgren 2012,2012-07-20,2012,Sommar,https://www.sverigesradio.se/avsnitt/116691,https://static-cdn.sr.se/laddahem/podradio/sommar_i_p1/2012/07/sommar__vinter_i_p1_elsa_billgren_2012_20240913_1643163678.mp3,3347,53595762,https://static-cdn.sr.se/images/2071/2354648_1200_675.jpg,,"Programledare, vintagebloggare, personal shopper I sitt Sommarprogram berättar Elsa Billgren, dotter till konstnärerna Ernst och Helene Billgren, om varför en svart klänning är ett bättre minne än ett fotografi och om den gången hon flög ner i vulkanen Vesuvius. Dessutom delar hon med sig av när hon hade cirkus för hela Stockholm och om vad de bästa sakerna med att vara kär är och varför hon har ett kylskåp i taket."
116690,4048389,Daniel Espinosa 2012,2012-07-21,2012,Sommar,https://www.sverigesradio.se/avsnitt/116690,https://static-cdn.sr.se/laddahem/podradio/sommar_i_p1/2012/07/sommar__vinter_i_p1_daniel_espinosa_2012_20240913_1714579616.mp3,3269,52339239,https://static-cdn.sr.se/images/2071/2341855_1200_675.jpg,,Filmregissör Daniel Espinosa inleder sitt Sommarprogram med att berätta om en skräckupplevelse på ett fik i stadsdelen Christianshavn i Köpenhamn: - Polisen har skickat över några tårgaspatroner över muren - Christianiamuren. Det som skiljer oss från det vanliga samhället. En rik italiensk turistgrupp har av misstag blivit träffad. Stämningen är hetsig. Något känns fel. Varför tårgasen? Vad hade vi gjort? Då börjar det. ”Vi” plötsligt. Jag är innanför murarna och jag är ”vi” med dom.
116694,4044950,Eskil Pedersen 2012,2012-07-22,2012,Sommar,https://www.sverigesradio.se/avsnitt/116694,https://static-cdn.sr.se/laddahem/podradio/sommar_i_p1/2012/07/sommar__vinter_i_p1_eskil_pedersen_2012_20240913_1647577540.mp3,2979,47706981,https://static-cdn.sr.se/images/2071/2347539_1200_675.jpg,,"Ledare för AUF (Arbeidernes Ungdomsfylking) – Sommar har för mig i över tio år betytt sommarläger på Utøya. Förra året förändrades allt. Jag vill berätta om vad Utøya har betytt för mig och varför jag gärna vill tillbaka dit. Jag kommer också att dela med mig av speciella sommarminnen, som har definierat mig som person. Jag ska också berätta om varför jag började arbeta politiskt."
116692,4046413,Rakel Chukri,2012-07-23,2012,Sommar,https://www.sverigesradio.se/avsnitt/116692,https://static-cdn.sr.se/laddahem/podradio/sommar_i_p1/2012/07/SR_sommar_i_p1_120723_85D6.mp3,3401,54460307,https://static-cdn.sr.se/images/2071/2414757_1200_675.jpg,,Journalist - I min stora feta syriska släkt kände jag som liten inte till en enda mamma som hade gift sig av kärlek. Min pappa sa tidigt att äktenskapet inte hade någonting med kärlek att göra. Min mamma fyllde i att kärleken kom senare - efter bröllopet - nä man hade lärt känna varandra. det viktigaste var inte förälskelsen utan en stark tro på gud och att man vigde sitt liv åt familjen. Jag vill berätta hur jag med hjälp av min mamma blev en halvrabiat feminist.
116685,4053592,Eskil Erlandsson,2012-07-24,2012,Sommar,https://www.sverigesradio.se/avsnitt/116685,https://static-cdn.sr.se/laddahem/podradio/sommar_i_p1/2012/07/SR_sommar_i_p1_120724_E4C3.mp3,3114,49859459,https://static-cdn.sr.se/images/2071/2354589_1200_676.jpg,,"Landsbygdsminister (c) – Mitt Sommarprogram kommer också att handla om hur isterband kan rädda landsbygden och om hur lingon är en del av den svenska folksjälen, säger Eskil Erlandsson som kallar sig själv för lingonentusiast och lantis. Eskil Erlandsson berättar också om hur det är att bli pappa, hur han bringade Anders Borg ur fattningen under budgetpresentationen i Riksdagen, om sin första politiska seger och om Småland, maten och kärleken. Och om när han fick beskedet att pappan hade obotlig cancer och hur han och familjen fick ta över faderns bondgård som de fortfarande driver tillsammans."
116684,4057944,Marika Carlsson 2012,2012-07-25,2012,Sommar,https://www.sverigesradio.se/avsnitt/116684,https://static-cdn.sr.se/laddahem/podradio/sommar_i_p1/2012/07/sommar__vinter_i_p1_marika_carlsson_2012_20240913_1648510824.mp3,3196,51184013,https://static-cdn.sr.se/images/2071/2354590_1200_676.jpg,,"Komiker - Två år gammal lämnade jag Etiopien och det skulle dröja över 30 år innan jag återvände. 2006 gjorde jag min första återresa, det är den roligaste och galnaste resan jag gjort i hela mitt liv. Allting var annorlunda, inleder Marika Carlsson sitt Sommarprogram som berättar om sin första återresa till Etiopien, om galna kulturkrockar och roliga möten, men även om hur det är att se ut som alla andra men ändå inte passa in."
116682,4060287,Christer Björkman 2012,2012-07-26,2012,Sommar,https://www.sverigesradio.se/avsnitt/116682,https://static-cdn.sr.se/laddahem/podradio/sommar_i_p1/2012/07/sommar__vinter_i_p1_christer_bjorkman_2012_20240913_1649085690.mp3,2374,38034068,https://static-cdn.sr.se/images/2071/2354591_1200_676.jpg,,"Producent för Melodifestivalen I Christer Björkmans Sommarprogram berättar han om livet från Borås till Baku, via New York, Stockholm och Monte Carlo och om hur det kom sig att han fick vara med och uppträda i Melodifestivalen. Och om varför han är rädd för clowner, ledtråd: Anita Lindblom. Han inleder sitt program i schweiziska Verbier dit han åkte med ”grabbarna” varje år..."
116688,4048394,Marta Vieira da Silva 2012,2012-07-27,2012,Sommar,https://www.sverigesradio.se/avsnitt/116688,https://static-cdn.sr.se/laddahem/podradio/sommar_i_p1/2012/07/sommar__vinter_i_p1_marta_vieira_da_silva_2012_20240913_1650241728.mp3,2888,46245408,https://static-cdn.sr.se/images/2071/2341893_1200_675.jpg,,"Fotbollsspelare (Tyresö FF). - Jag var 17 år när jag kom till Sverige för att göra min dröm till verklighet. Jag ville spela på högsta nivå och vinna titlar åt brasiliansk damfotboll. Jag drömde också om att hjälpa min familj till ett bättre liv. Marta Vieira da Silva berättar i sitt Sommarprogram om kärleken till fotbollen och till Sverige. Även om första mötet med Sverige var en chock: ”Det enda jag såg från flygplanet i luften var vitt, vitt, vitt. Hur ska det gå att spela fotboll här!?”"
116683,4060219,Jan Scherman 2012,2012-07-28,2012,Sommar,https://www.sverigesradio.se/avsnitt/116683,https://static-cdn.sr.se/laddahem/podradio/sommar_i_p1/2012/07/sommar__vinter_i_p1_jan_scherman_2012_20240913_1650397982.mp3,3427,54876773,https://static-cdn.sr.se/images/2071/2354498_1200_675.jpg,,"Direktör på Bonnier före detta journalist och vd, TV4 I sitt Sommarprogram bjuder Jan Scherman på ”en hejdlös musikblandning, och en lika hisnande resa i tid och rum”. Dessutom avslöjar han ett och annat om kungligheter, ministrar och ”en och annan indianhövding” och om okända sidor av sig själv: till exempel om hur han som barn, envis och uppstudsig, fick bästa betyg i de flesta läsämnen men sämsta betyg i uppförande."
116689,4048393,Lars Lerin 2012,2012-07-29,2012,Sommar,https://www.sverigesradio.se/avsnitt/116689,https://static-cdn.sr.se/laddahem/podradio/sommar_i_p1/2012/07/sommar__vinter_i_p1_lars_lerin_2012_20240913_1650573404.mp3,2706,43337098,https://static-cdn.sr.se/images/2071/2354514_1200_675.jpg,,"Konstnär Lars Lerin inleder sitt program med att berätta om sin kärlek, blivande mannen, Junior från Brasilien som flyttar till Sverige för giftermål: ”Han ska bli min. Med honom är det meningen att jag ska gifta mig, han ska rädda mig från det trista i att bara umgås med sig själv. En sorts trygghetsförsäkring.”"
116686,4049689,Sara Bergmark Elfgren 2012,2012-07-30,2012,Sommar,https://www.sverigesradio.se/avsnitt/116686,https://static-cdn.sr.se/laddahem/podradio/sommar_i_p1/2012/07/sommar__vinter_i_p1_sara_bergmark_elfgren_2012_20240913_1651420424.mp3,2841,45500140,https://static-cdn.sr.se/images/2071/2354521_1200_675.jpg,,"Författare, manusförfattare I sitt Sommarprogram delar Sara Bergmark Elfgren med sig av tvivlet och det svåra i att förstå att hennes bok skulle bli utgiven. Och så tillägnar hon en stor del av programmet om sitt liv som nörd – om ensamhet, gemenskap och om varför fantasy är så viktigt. Och om nördens förvandling."
116680,4066217,Anders Wijkman 2012,2012-07-31,2012,Sommar,https://www.sverigesradio.se/avsnitt/116680,https://static-cdn.sr.se/laddahem/podradio/sommar_i_p1/2012/07/sommar__vinter_i_p1_anders_wijkman_2012_20240913_1651563729.mp3,2981,47744789,https://static-cdn.sr.se/images/2071/2354527_1200_675.jpg,,"Författare, före detta EU-parlamentariker (kd). Han pratar om politikens kris om ”den förbannade kortsiktigheten” – i ekonomi och politik – och om ”den trångsynta nationalstaten”:"
116679,4069842,Soran Ismail 2012,2012-08-01,2012,Sommar,https://www.sverigesradio.se/avsnitt/116679,https://static-cdn.sr.se/laddahem/podradio/sommar_i_p1/2012/08/SR_sommar_i_p1_120801_F855.mp3,2716,43500480,https://static-cdn.sr.se/images/2071/2355425_1200_675.jpg,,Komiker Hur hittar man sig själv? Hur smälter man in i det samhälle som rekryterar ens vänner in i nazismen och detta utan att ge upp sina rötter. Soran Ismails Sommarprogram handlar om kampen för att hitta och skapa sin identitet:
116687,4048889,Elise Lindqvist 2012,2012-08-02,2012,Sommar,https://www.sverigesradio.se/avsnitt/116687,https://static-cdn.sr.se/laddahem/podradio/sommar_i_p1/2012/07/sommar__vinter_i_p1_elise_lindqvist_2012_20240913_1656524024.mp3,3475,55645024,https://static-cdn.sr.se/images/2071/2355417_1200_675.jpg,,"Volontär - Jag är 76 år och jag vet hur det känns att inte finnas till. Att bli sexuellt utnyttjad, våldtagen och misshandlad. Jag vet hur det känns att sälja sin kropp och att ständigt tänka att allt är mitt fel. Men jag vet också att det aldrig är försent att börja om. Jag var kanske bara fyra, fem år den första gången det hände, men jag minns fortfarande känslan, det sitter kvar i kroppen. Så inleder Elise Lindqvist sitt program där hon berättar om en barndom som ingen ska behöva uppleva."
116678,4072958,Ebbot Lundberg 2012,2012-08-03,2012,Sommar,https://www.sverigesradio.se/avsnitt/116678,https://static-cdn.sr.se/laddahem/podradio/sommar_i_p1/2012/08/sommar__vinter_i_p1_ebbot_lundberg_2012_20240913_1657138014.mp3,3018,48327600,https://static-cdn.sr.se/images/2071/2355394_1200_675.jpg,,"Artist, låtskrivare – Synkronicitet, tidsuppfattning och koincidenser i livet kommer det att handla om till större delen. Jag vet att jag drivit många till vansinne, men jag är ändå rätt effektiv när jag väl är på plats... Och nu kände jag att näsan växte till en snabel. Ebbot Lundberg säger att han nästan kan bli lite upphetsad i panikkänslan över att komma för sent. Vilket enligt honom själv kraftigt begränsat hans yrkesval i livet."
116681,4065991,Hannes Holm 2012,2012-08-04,2012,Sommar,https://www.sverigesradio.se/avsnitt/116681,https://static-cdn.sr.se/laddahem/podradio/sommar_i_p1/2012/07/SR_sommar_i_p1_120804_E042.mp3,3221,51581165,https://static-cdn.sr.se/images/2071/2344836_1200_675.jpg,,"Filmregissör, manusförfattare - Jag var den gladaste, lyckligaste och mest omogna kille som fanns, som gick på talklinik och läsklinik och varenda klinik man kan hitta på. Jag var okoncentrerad på lektionerna och jag hade nog inte begripit idén om varför man gick i skolan."
116720,3997145,Märta Tikkanen 2012,2012-08-05,2012,Sommar,https://www.sverigesradio.se/avsnitt/116720,https://static-cdn.sr.se/laddahem/podradio/sommar_i_p1/2012/06/sommar__vinter_i_p1_marta_tikkanen_2012_20240913_1658591906.mp3,3134,50192736,https://static-cdn.sr.se/images/2071/2355384_1200_675.jpg,,Författare. - När jag var fyra eller fem visste jag. När jag blir stor ska jag skriva böcker. Märta Tikkanen börjar sitt Sommarprat med att berätta hur hon vid sex års ålder fick erfara att hon inte stod i händelsernas centrum. Det var när hennes lillebror föddes. Och det var då hon satte sig ner för att skriva sin första bok. Och där fanns inga småsyskon med. Hon berättar om desperationen över att inte få utlopp för sitt skrivande och när hon satte ett ultimatum för sig själv: Skriva eller dö.
116677,4073087,Claes Dahlbäck 2012,2012-08-06,2012,Sommar,https://www.sverigesradio.se/avsnitt/116677,https://static-cdn.sr.se/laddahem/podradio/sommar_i_p1/2012/08/sommar__vinter_i_p1_claes_dahlback_2012_20240913_1659185941.mp3,3242,51912138,https://static-cdn.sr.se/images/2071/2355368_1200_675.jpg,,"Styrelseledamot Goldman Sachs, före detta styrelseordförande och vd Investor - Sommar för mig är Stockholms skärgård, här har jag tillbringar nästan alla somrar sen jag var liten, inleder Claes Dahlbäck sitt Sommarprat som han ägnar en stor del åt just Stockholms skärgård och om familj och vänner, om finansbubblor och börskrascher, om New York och om drömmen om en egen gård."
116676,4078919,Birgitta Svendén 2012,2012-08-07,2012,Sommar,https://www.sverigesradio.se/avsnitt/116676,https://static-cdn.sr.se/laddahem/podradio/sommar_i_p1/2012/08/sommar__vinter_i_p1_birgitta_svendn_2012_20240913_1701326295.mp3,2718,43532001,https://static-cdn.sr.se/images/2071/2355355_1200_675.jpg,,"Chef och vd Kungliga Operan i Stockholm. - Allt ljus på mig. Jag vet att de här tio minuterna kan betyda ett jättekliv i karriären. Och just då gör hjärnan en helomvädning, och plötligt står min hemby Vuollerim glasklar framför mig. Och jag hör frågan eka i huvudet inom mig: Hur i hela friden har jag hamnat här?. Den fd operasångerskan Birgitta Svendén om att alla människor spelar operaroller varje dag utan att veta om det. Opera är därför inte ett dugg komplicerat utan helt enkelt nödvändigt."
116382,4077389,Jonas Jerebko 2012,2012-08-08,2012,Sommar,https://www.sverigesradio.se/avsnitt/116382,https://static-cdn.sr.se/laddahem/podradio/sommar_i_p1/2012/08/sommar__vinter_i_p1_jonas_jerebko_2012_20240913_1702349657.mp3,2556,40945215,https://static-cdn.sr.se/images/2071/2344852_1200_675.jpg,,"Basketspelare Jonas Jerebko om vägen tillbaka till basketen från en skada. Att ta sig från Sverige till NBA i USA, om matcherna mot de bästa spelarna i världen och om viljan att vinna. - Jag sitter där på läktaren, spänd, förväntansfull men framför allt trött. De senaste dagarna har jag provspelat med åtta lag på olika platser över hela USA. Jag kommer direkt från Los Angeles till New York. Jag kommer inte ihåg när jag sov ordentligt senast. Men min dröm håller på att gå i uppfyllelse."
116381,4075509,Shima Niavarani 2012,2012-08-09,2012,Sommar,https://www.sverigesradio.se/avsnitt/116381,https://static-cdn.sr.se/laddahem/podradio/sommar_i_p1/2012/08/sommar__vinter_i_p1_shima_niavarani_2012_20240913_1702530981.mp3,3767,60312608,https://static-cdn.sr.se/images/2071/2355349_1200_675.jpg,,"Artist, skådespelare En morgon fann hon en lapp på köksbordet där hennes mamma hade skrivit: “Tänk på Rocky 3 & 4”, alltså Sylvester Stallone-filmerna. I sitt Sommarprogram berättar Shima Niavarani om revanschlystnad, separation, förlust och upprättelse. Från medelklassens Teheran, via arbetarklassens Örnsköldsvik, 90-talets Upplands Väsby, till att bli ett ankare i en ny värld."
116380,4082804,Stefan Löfven 2012,2012-08-10,2012,Sommar,https://www.sverigesradio.se/avsnitt/116380,https://static-cdn.sr.se/laddahem/podradio/sommar_i_p1/2012/08/sommar__vinter_i_p1_stefan_lofven_2012_20240913_1703215411.mp3,2922,46794316,https://static-cdn.sr.se/images/2071/2355336_1200_675.jpg,,"Partiledare (S) I sitt Sommarprogram talar Stefan Löfven om män och kvinnor han mött genom åren och som han beundrar, om sommaren i Sunnersta på 60-talet, om ett viktigt möte i en stad norr om São Paulo hösten 1998 och när han vintern 2012 fattade ett avgörande beslut på Sveavägen 68 i Stockholm."
116378,4085678,Johannes Brost 2012,2012-08-11,2012,Sommar,https://www.sverigesradio.se/avsnitt/116378,https://static-cdn.sr.se/laddahem/podradio/sommar_i_p1/2012/08/sommar__vinter_i_p1_johannes_brost_2012_20240913_1703483436.mp3,2683,42973509,https://static-cdn.sr.se/images/2071/2344851_1200_675.jpg,,SKÅDESPELARE. Han berättar om ”ups and downs i livet”: ”Min förhoppning är att de som lyssnar ska få en ny och annan bild av mig.”
116377,4082977,Martina Haag 2012,2012-08-12,2012,Sommar,https://www.sverigesradio.se/avsnitt/116377,https://static-cdn.sr.se/laddahem/podradio/sommar_i_p1/2012/08/sommar__vinter_i_p1_martina_haag_20240913_1704061165.mp3,3032,48552440,https://static-cdn.sr.se/images/2071/2355325_1200_675.jpg,,"Författare, manusförfattare, skådespelare - Jag har haft en återkommande dröm i tio års tid och det visade sig att jag var inte ensam om den drömmen. Jag och en oberoende person har i flera år drömt exakt samma sorts dröm. I sitt Sommarprogram avslöjar Martina Haag om saker som hon säger sig ha ”mörkat hittills”. Och så spelar jag världens sämsta låt."
116376,4044411,Anders Olsson 2012,2012-08-13,2012,Sommar,https://www.sverigesradio.se/avsnitt/116376,https://static-cdn.sr.se/laddahem/podradio/sommar_i_p1/2012/07/sommar__vinter_i_p1_anders_olsson_2012_20240913_1704190244.mp3,2159,34584744,https://static-cdn.sr.se/images/2071/2355317_1200_675.jpg,,Simmare I sitt Sommarprogram berättar Paralympicsvinnaren Anders Olsson om hur långt man kan komma med envishet: - Det är bättre att vara envis och hjulbent än oklok och långsint.
116374,4087807,Lotta Lundgren 2012,2012-08-14,2012,Sommar,https://www.sverigesradio.se/avsnitt/116374,https://static-cdn.sr.se/laddahem/podradio/sommar_i_p1/2012/08/sommar__vinter_i_p1_lotta_lundgren_2012_20240913_1704477157.mp3,2630,42116099,https://static-cdn.sr.se/images/2071/2355304_1200_675.jpg,,"Matskribent, programledare I sitt Sommarprogram talar Lotta Lundgren om bekräftelse, misslyckanden, erotisk taktkänsla och huruvida kärlek är en gas eller ej. Dessutom bjuder hon på sitt eget recept för hur man gör när man lagar mat. - Om jag är på humör kan det bli några fruktansvärt bra recept också. Och så berättar hon om när hon åkte till Wales på en dödsmeditation för att lägga sig på en madrass på golvet och dö tillsammans i grupp."
116373,4087797,Ison Glasgow 2012,2012-08-15,2012,Sommar,https://www.sverigesradio.se/avsnitt/116373,https://static-cdn.sr.se/laddahem/podradio/sommar_i_p1/2012/08/sommar__vinter_i_p1_ison_glasgow_2012_20240913_1705361563.mp3,3253,52094654,https://static-cdn.sr.se/images/2071/2355292_1200_675.jpg,,"Artist, radiopratare Ison Glasgows Sommarprat fokuserar på uppväxten med mamman i USA, om när han kom till Sverige för första gången och om alla de upplevelser som format honom till den han är i dag. Och så berättar han om sin störa kärlek för en staty. Kärleken till Frihetsgudinnan från staden där han växte upp - New York: - Enligt mamma var det min första kärlek. När vi åkte förbi kunde jag inte sitta still. Men min första kärlek var inte Frihetsgudinnan. Det var min mamma."
129471,4091474,Lotta Schelin 2012,2012-08-16,2012,Sommar,https://www.sverigesradio.se/avsnitt/129471,https://static-cdn.sr.se/laddahem/podradio/sommar_i_p1/2012/08/sommar__vinter_i_p1_lotta_schelin_2012_20240913_1705524103.mp3,2711,43414448,https://static-cdn.sr.se/images/2071/2344868_1200_675.jpg,,"Fotbollsspelare I sitt Sommarprogram pratar Lotta Schelin om känslan av att vara liten och gråta för att man inte kan bestämma sig för om man ska bli fotbollsproffs eller sångerska. Hon talar om att bli bedömd för sitt utseende som professionell idrottsutövare, om migrän i en miljö full av press och om vikten av att tro på det man gör och känna trygghet i sig själv: ”Och fan ha roligt!”"
116727,4084510,Amanda Svensson 2012,2012-08-17,2012,Sommar,https://www.sverigesradio.se/avsnitt/116727,https://static-cdn.sr.se/laddahem/podradio/sommar_i_p1/2012/08/sommar__vinter_i_p1_amanda_svensson_2012_20240913_1706081721.mp3,3007,48154901,https://static-cdn.sr.se/images/2071/2344780_1200_675.jpg,,"Författare, kulturskribent. ”Jag har i mitt 25-åriga liv konsulterat i runda slängar trettio gynekologer och barnmorskor. 30 personer. Det är fler än vad som varit där nere för nöjes skull.” Ja, så inleder Amanda Svensson sitt Sommarprogram som till stor del handlar om just upplevelser i gynekologstolen. Det blir också snack om gruppen Gyllene Tider och om vilket av könen som egentligen är bäst."
116726,4094848,Marie Göranzon 2012,2012-08-18,2012,Sommar,https://www.sverigesradio.se/avsnitt/116726,https://static-cdn.sr.se/laddahem/podradio/sommar_i_p1/2012/08/SR_sommar_i_p1_120818_10604.mp3,3231,51737503,https://static-cdn.sr.se/images/2071/2355286_1200_675.jpg,,"Skådespelare - ”Det är staken och pengarna som styr världen”. Så sa en välkänd bordskavaljer till mig på en middag en gång. Men staka på ni killar, vi kommer ikapp en dag. I Marie Göranzons Sommarprat berättar hon om livet som skådespelare i 50 år, vem den välkände bordskavaljeren var och så sjungs det låtar på svenska."
97794,4096155,Henrik Dorsin 2012,2012-08-19,2012,Sommar,https://www.sverigesradio.se/avsnitt/97794,https://static-cdn.sr.se/laddahem/podradio/sommar_i_p1/2012/08/sommar__vinter_i_p1_henrik_dorsin_2012_20240913_1706469428.mp3,5091,81492686,https://static-cdn.sr.se/images/2071/26c851eb-70be-4004-b06d-a7bcc792c959.jpg,,"Skådespelare, komiker, sångare. I sitt Sommar slår han ett slag för alla ”lillgamla människor därute” och till sin hjälp har han musiker som spelar live på plats i studion."
131421,4336494,Rikard Wolff - Vinter 2012,2012-12-25,2012,Vinter,https://www.sverigesradio.se/avsnitt/131421,https://static-cdn.sr.se/laddahem/podradio/sommar_i_p1/2012/12/SR_sommar_i_p1_121225_BFA4.mp3,3031,48546285,https://static-cdn.sr.se/images/2071/2618043_1200_675.jpg,,"Skådespelare och sångare – I mitt Vinterprogram ska jag prata om musik, kärlek och drömmar under 30 år. 1982 flyttade jag till min nuvarande adress på Söder i Stockholm. Före scenskolan, före Änglagård och Pojken på månen. Före kärlekar, före den fasansfulla sjukdomen och långt, långt innan jag blev pappa för sju år sen. Jag sänder hemifrån, från det som har varit min utsiktsplats i livet under 30 år."
130098,4336656,Soran Ismail - Vinter 2012,2012-12-26,2012,Vinter,https://www.sverigesradio.se/avsnitt/130098,https://static-cdn.sr.se/laddahem/podradio/sommar_i_p1/2012/12/SR_sommar_i_p1_121226_CBBB.mp3,3063,49049822,https://static-cdn.sr.se/images/2071/2618048_1200_675.jpg,,"Komiker och debattör – Mitt Vinterprogram kommer att handla om mitt intresse, min karriär och mitt verktyg: standup."
131420,4336658,Hanna Hellquist - Vinter 2012,2012-12-27,2012,Vinter,https://www.sverigesradio.se/avsnitt/131420,https://static-cdn.sr.se/laddahem/podradio/sommar_i_p1/2012/12/SR_sommar_i_p1_121227_CC15.mp3,2817,45115084,https://static-cdn.sr.se/images/2071/2618050_1200_675.jpg,,Krönikör och författare – Mitt Vinterprogram ska handla om den värsta dagen i mitt liv.
131419,4336495,Annika Östberg - Vinter 2012,2012-12-28,2012,Vinter,https://www.sverigesradio.se/avsnitt/131419,https://static-cdn.sr.se/laddahem/podradio/sommar_i_p1/2012/12/SR_sommar_i_p1_121228_BF45.mp3,3227,51668874,https://static-cdn.sr.se/images/2071/2610279_1200_675.jpg,,Föreläsare Efter 28 år i fängelse i USA pratar hon om hur det är att upptäcka världen på nytt. – Jag tänker prata om den långa vägen hem och använda Beatles Long And Winding Road som tema. Och så klart hur det är att upptäcka världen efter så många år.
131418,4337274,Morgan Alling - Vinter 2012,2012-12-29,2012,Vinter,https://www.sverigesradio.se/avsnitt/131418,https://static-cdn.sr.se/laddahem/podradio/sommar_i_p1/2012/12/SR_sommar_i_p1_121229_12E0D.mp3,2905,46522407,https://static-cdn.sr.se/images/2071/2618057_1200_675.jpg,,"Skådespelare, regissör och föreläsare Han pratar om de avgörande ögonblicken som förändrar och formar en människa."
131417,4336731,Lars Lerin - Vinter 2012,2012-12-30,2012,Vinter,https://www.sverigesradio.se/avsnitt/131417,https://static-cdn.sr.se/laddahem/podradio/sommar_i_p1/2012/12/SR_sommar_i_p1_121230_D30E.mp3,2938,47055795,https://static-cdn.sr.se/images/2071/2618059_1200_675.jpg,,"Konstnär – I mitt Vinterprogram ska jag berätta lite om vänner jag har haft och inte haft, lite om dold ilska och trevlighetsraseri och om mitt förhållande med Michael Jackson. Dessutom blir det ett inbillat bröllop i Indien, ett dopp i Mjösa och en rejäl storstädning."
131416,4336648,Olof Wretling – Kvinnorna i mitt liv – Vinterprat 2012,2012-12-31,2012,Vinter,https://www.sverigesradio.se/avsnitt/131416,https://static-cdn.sr.se/laddahem/podradio/sommar_i_p1/2012/12/SR_sommar_i_p1_121231_CB27.mp3,2927,46868533,https://static-cdn.sr.se/images/2071/2618062_1200_675.jpg,,Skådespelare I sitt Vinterprogram talar Olof Wretling om sin fru och om kvinnorna i sitt liv.
131415,4337258,Sissela Kyle - Vinter 2013,2013-01-01,2013,Vinter,https://www.sverigesradio.se/avsnitt/131415,https://static-cdn.sr.se/laddahem/podradio/sommar_i_p1/2012/12/SR_sommar_i_p1_130101_12176.mp3,2971,47585587,https://static-cdn.sr.se/images/2071/2626394_1200_675.jpg,,"Skådespelare, regissör och komiker – Mitt program sänds på nyårsdagen. Jag har alltid fått obehagskänslor av hela nyårsidén, gott slut och gott nytt känns så förfärligt repetitivt. Och samtidigt lite dramatisk vilket är tilltalande. Nyårsfester är gräsliga men man kan ju inte låtsats som ingenting, det vore ännu sorgligare. Eventuellt skall någon del av programmet handla om det."
203023,4599924,Jonas Gardell 2013,2013-06-22,2013,Sommar,https://www.sverigesradio.se/avsnitt/203023,https://static-cdn.sr.se/laddahem/podradio/sommar_i_p1/2013/06/sommar_i_p1_20130622_1500_1dfb476.mp3,3639,58258571,https://static-cdn.sr.se/images/2071/2860835_1200_675.jpg,,"Författare, artist och dramatiker I sitt fjärde Sommarprogram pratar Jonas Gardell om hur man blir människa och om konfrontationen med sin pappa och hur det gick till när Astrid Lindgren bet honom i näsan."
203027,4600436,Maja Ivarsson 2013,2013-06-23,2013,Sommar,https://www.sverigesradio.se/avsnitt/203027,https://static-cdn.sr.se/laddahem/podradio/sommar_i_p1/2013/06/sommar__vinter_i_p1_maja_ivarsson_2013_20240916_0945595627.mp3,2778,44489219,https://static-cdn.sr.se/images/2071/2860963_1200_675.jpg,,"Artist I sitt Sommarprogram säger Maja Ivarssonsom äntligen det som aldrig blivit sagt tidigare. Hon överdoserade, blev våldtagen och tvingades begrava sin bästa vän. Maja Ivarsson berättar i sitt Sommarprogram om en stökig bakgrund och om hur The Sounds och en lärare på gymnasiet blev räddningen."
203028,4590377,Liv Strömquist 2013,2013-06-24,2013,Sommar,https://www.sverigesradio.se/avsnitt/203028,https://static-cdn.sr.se/laddahem/podradio/sommar_i_p1/2013/06/sommar__vinter_i_p1_liv_stromquist_2013_20240916_1017575603.mp3,3154,50503312,https://static-cdn.sr.se/images/2071/2850060_1200_675.jpg,,"SERIETECKNARE OCH RADIOPROFIL. Liv Strömquist om om mens, mens, mens... och mer mens. Serietecknaren utforskar varför ämnet belagts med ett mångtusenårigt tabu, och tar oss med på en resa till såväl häxprocesserna som till antikens Grekland. Dessutom låter hon oss följa med till 90-talets högstadiekorridorer i Skåne där hon berättar om lyckan när Märta, en av skolans populära tjejer, trotsade de tydliga hierarkierna och föreslog att de skulle starta en teatergrupp tillsammans."
203029,4596378,Lasse Kronér 2013,2013-06-25,2013,Sommar,https://www.sverigesradio.se/avsnitt/203029,https://static-cdn.sr.se/laddahem/podradio/sommar_i_p1/2013/06/sommar__vinter_i_p1_lasse_kronr_2013_20240916_1017402631.mp3,3295,52765219,https://static-cdn.sr.se/images/2071/2849525_1200_675.jpg,,Tv-programledare och musiker Lasse Kronér om en musikalisk och underlig resa. Tv-profilen sjunger gatumusikantens lov i sitt Sommar i P1 men berättar också om hur det är att bli arresterad i Paris och att sniffa thinner under grupptryck. - Den kvällen undrade nog mina föräldrar var det var frågan om när deras store son inte längre ville ligga i sitt eget rum utan i deras säng istället. Jag trodde verkligen att jag skulle dö den natten och då ville jag göra det mellan mamma och pappa.
203032,4602584,Katarina Gospic 2013,2013-06-26,2013,Sommar,https://www.sverigesradio.se/avsnitt/203032,https://static-cdn.sr.se/laddahem/podradio/sommar_i_p1/2013/06/sommar__vinter_i_p1_katarina_gospic_2013_20240916_1023075789.mp3,2922,46799628,https://static-cdn.sr.se/images/2071/2860867_1200_675.jpg,,"Hjärnforskare, företagare och författare Katarina Gospics Sommarprogram handlar om hjärnan. Är det inte konstigt att de flesta utav oss har bättre koll på hur vår smartphone fungerar än på vår egen hjärna? Katarina Gospic beskriver en doktorandtjänst som att ”springa ett tre år långt maraton”, och berättar om hur tålamodsprövande det är att bedriva hjärnforskning. Det kan ta många år innan man når något som ens kan likna ett resultat, men när det väl sker ”smälter forskarhjärtat i en” säger hon."
203033,4607532,Peter Wolodarski 2013,2013-06-27,2013,Sommar,https://www.sverigesradio.se/avsnitt/203033,https://static-cdn.sr.se/laddahem/podradio/sommar_i_p1/2013/06/sommar__vinter_i_p1_peter_wolodarski_2013_20240916_1023331209.mp3,3126,50059159,https://static-cdn.sr.se/images/2071/2861075_1200_675.jpg,,Chefredaktör på Dagens Nyheter Peter Wolodarski pratar om flykt och trygghet i sitt Sommarprogram. Bland annat delar han med sig av sin mormors flykt undan nazisterna i andra världskrigets Warsawa men berättar att han själv inte reflekterade kring sitt judiska påbrå förrän en dag i mellanstadiet då hans bror blev kallad ”din jävla jude” av någon på skolgården.
203034,4609177,Sarah Dawn Finer 2013,2013-06-28,2013,Sommar,https://www.sverigesradio.se/avsnitt/203034,https://static-cdn.sr.se/laddahem/podradio/sommar_i_p1/2013/06/sommar_i_p1_20130628_1500_38b1f11.mp3,3343,53538825,https://static-cdn.sr.se/images/2071/2854601_1200_675.jpg,,"Artist Sarah Dawn Finer Sommarpratar om en resa från destruktivitet till positivitet. Sarah Dawn Finer avslöjar i sitt Sommar i P1, att hon under en period agerat nattaxichaufför – helt gratis. I programmet berättar hon också om spelet bakom musikscenerna och svårigheterna att älska sig själv."
209303,4607436,Carolina Gynning 2013,2013-06-29,2013,Sommar,https://www.sverigesradio.se/avsnitt/209303,https://static-cdn.sr.se/laddahem/podradio/sommar_i_p1/2013/06/sommar__vinter_i_p1_carolina_gynning_2013_20240916_1024430115.mp3,2798,44808084,https://static-cdn.sr.se/images/2071/2860883_1200_675.jpg,,"Konstnär, tv-profil och författare I sitt Sommarprogram vill Carolina Gynning visa en annan sida av sig själv. Hon sprutade in livsfarligt gift i läpparna och blekte sitt hår så många gånger att det föll av. I Sommar i P1 blickar Carolina Gynning, 34, tillbaka på sin tid som scandal beauty.- Brösten var som ett vapen som jag kunde gömma mig bakom, säger hon."
209304,4608315,Kristian Gidlund 2013,2013-06-30,2013,Sommar,https://www.sverigesradio.se/avsnitt/209304,https://static-cdn.sr.se/laddahem/podradio/sommar_i_p1/2013/06/sommar__vinter_i_p1_kristian_gidlund_2013_20240916_1024597099.mp3,2848,45608828,https://static-cdn.sr.se/images/182/2894557_1200_675.jpg,Lena Resborn /Sveriges Radio,"Musiker, journalist och bloggare. I sitt Sommarprogram berättar Kristian Gidlund om resan mot livets slut och alltings början."
215772,4610288,Virpi Pahkinen 2013,2013-07-01,2013,Sommar,https://www.sverigesradio.se/avsnitt/215772,https://static-cdn.sr.se/laddahem/podradio/sommar_i_p1/2013/07/sommar__vinter_i_p1_virpi_pahkinen_2013_20240916_1025160732.mp3,3317,53120230,https://static-cdn.sr.se/images/2071/2897840_1200_675.jpg,,"Solodansare I sitt Sommar i P1 tar Virpi Pahkinen med lyssnaren på en magisk resa från en frusen sjö i Finland till Amazonas djungel. Hon tar oss med på en cirklande spårvagnstur i verklighetens Helsingfors, får höra berättelsen om när Erland Josephson snarkade under en dramatenrepetition och får dela exotiska matupplevelser med rätter som ”sockerkristallerna lagar den dubbla snön” och ” mässandet av ingen död och födelse”."
215788,4610384,Pelle Holmberg 2013,2013-07-02,2013,Sommar,https://www.sverigesradio.se/avsnitt/215788,https://static-cdn.sr.se/laddahem/podradio/sommar_i_p1/2013/07/sommar__vinter_i_p1_pelle_holmberg_2013_20240916_1025368546.mp3,2704,43307117,https://static-cdn.sr.se/images/2071/2860898_1200_675.jpg,,"Biolog och svampexpert I sitt Sommarprogram berättar Pelle Holmberg om varför han blev kallad Plockelin som liten. Och självklart sänder Pelle Holmberg sitt Sommarprogram från skogen. Det är där han tillbringar nästan alla årets dagar och gärna delar med sig av sin kunskap. Med stora dyslexiproblem blev aldrig skolgången en positiv upplevelse för den unge Pelle. Skolan framkallade ångest och rädsla och istället blev skogen en plats för skratt och glädje, berättar han i Sommar i P1."
216097,4612980,Helena af Sandeberg,2013-07-03,2013,Sommar,https://www.sverigesradio.se/avsnitt/216097,https://static-cdn.sr.se/laddahem/podradio/sommar_i_p1/2013/07/sommar_i_p1_20130703_1500_4208cdf.mp3,3736,59817478,https://static-cdn.sr.se/images/2071/2860894_1200_675.jpg,,"Skådespelerska Helena af Sandberg pratar om livsförändrande ögonblick i sitt Sommarprogram. Skådespelerskan berättar bland annat om när hon som ung har flyttat till New York för att studera på en skådespelarutbildning. - Det är spännande, både skolan och allt nytt jag lär mig. Och att bo i New York - en stad jag älskat sen första gången jag satte min fot i den och någonstans alltid vetat att jag måste bo i, säger hon när hon målar upp scenen i sitt Sommar i P1."
216098,4615410,Peter Schéle 2013,2013-07-04,2013,Sommar,https://www.sverigesradio.se/avsnitt/216098,https://static-cdn.sr.se/laddahem/podradio/sommar_i_p1/2013/07/sommar__vinter_i_p1_peter_schle_2013_20240916_1036418297.mp3,3364,53863240,https://static-cdn.sr.se/images/2071/2861057_1200_675.jpg,,"Före detta programredaktör, marknadschef för Konserthusen i Stockholm och Göteborg Peter Schéles Sommarprogram handlar bland annat handlar om hur det var att turnera med Cirkus Scott som liten. Hans Sommarprat utspelar sig dock till största delen utomlands. Med en bakgrund inom resebranschen har han besökt fler länder än någon kan räkna till, och i sitt Sommar i P1 bland berättar han bland annat om första gången han besöker Manila i Filippierna."
216099,4614046,Annika Hagström 2013,2013-07-05,2013,Sommar,https://www.sverigesradio.se/avsnitt/216099,https://static-cdn.sr.se/laddahem/podradio/sommar_i_p1/2013/07/sommar__vinter_i_p1_annika_hagstrom_2013_20240916_1027131338.mp3,3201,51258994,https://static-cdn.sr.se/images/2071/2860887_1200_675.jpg,,"Journalist och tv-programledare Annika Hagström pratar i sitt tredje Sommarprogram om sitt danska ursprung. Det var 28 år sedan hon Sommarpratade senast. 1985 bjöd hon in två gäster till studion: Carola och Bo Strömstedt som ackompanjerade henne på dragspel. När Annika Hagström nu återvänder som Sommarvärd är båda gästartisterna på plats igen:- En uppföljning, kan man säga. Vad tänkte de då? Och hur ser de på livet idag? Nästan tre decennier senare. Det hoppas jag vi ska få svar på."
216100,4615634,Filip Hammar 2013,2013-07-06,2013,Sommar,https://www.sverigesradio.se/avsnitt/216100,https://static-cdn.sr.se/laddahem/podradio/sommar_i_p1/2013/07/sommar__vinter_i_p1_filip_hammar_2013_20240916_1028395167.mp3,3373,54017015,https://static-cdn.sr.se/images/2071/2851183_1200_675.jpg,,"Journalist Filip Hammar, numera bosatt i Los Angeles, pratar i sitt andra Sommarprogram om hur han blev så lycklig och neurotisk som han är idag. Han bjuder på ett persongalleri av människor som gjort intryck, genom att vara precis så skeva som de är. – Den bästa investeringen i mitt liv är människorna jag mött. De har gjort mig glad. Gett mig perspektiv. Förvirrat mig. De har lärt mig att bakom vilken dörr som helst kan det finnas en berättelse som får mig att baxna, eller bryta ihop av skratt."
216101,4616177,Mikael Niemi 2013,2013-07-07,2013,Sommar,https://www.sverigesradio.se/avsnitt/216101,https://static-cdn.sr.se/laddahem/podradio/sommar_i_p1/2013/07/sommar_i_p1_20130707_1500_21641b6.mp3,3520,56360254,https://static-cdn.sr.se/images/2071/2861031_1200_675.jpg,,"FÖRFATTARE. I sitt andra Sommarprogram pratar Mikael Niemi om världens långsammaste tornedalska maträtt, försvunna resväskor och att gå på toa i den indonesiska djungeln."
216102,4618615,Leo Razzak 2013,2013-07-08,2013,Sommar,https://www.sverigesradio.se/avsnitt/216102,https://static-cdn.sr.se/laddahem/podradio/sommar_i_p1/2013/07/sommar__vinter_i_p1_leo_razzak_2013_20240916_1029150570.mp3,4195,67156790,https://static-cdn.sr.se/images/2071/2861044_1200_675.jpg,,"Social entreprenör och föreläsare Leo Razzaks Sommarprogram handlar om att nå sina mål. I programmet, som är en present till 6-åriga lillasystern Leona, beskriver han familjens historia som sträcker sig från Bangladesh till Stockholms förorter – och tillbaka. Uppväxten var brokig. Mamman led av svåra alkoholproblem och familjen flyttade många gånger i hopp om att lämna problemen bakom sig och skaffa sig ett bättre liv. Under resans gång hamnade dock Leo i kriminella kretsar."
214946,4616221,Sarita Skagnes 2013,2013-07-09,2013,Sommar,https://www.sverigesradio.se/avsnitt/214946,https://static-cdn.sr.se/laddahem/podradio/sommar_i_p1/2013/07/sommar__vinter_i_p1_sarita_skagnes_2013_20240916_1029292645.mp3,3100,49643422,https://static-cdn.sr.se/images/2071/2861052_1200_675.jpg,,"Föreläsare, författare och servicemanager. Hon blev misshandlad, torterad och utstött – av sin egen familj. I sitt Sommarprat berättar Sarita Skagnes, 43, om livet som oönskad flicka och kampen för sin frihet.- Pappa ville döda mig direkt, säger Sarita Skagnes i sitt Sommar i P1."
216105,4614099,Henrik Lundqvist 2013,2013-07-10,2013,Sommar,https://www.sverigesradio.se/avsnitt/216105,https://static-cdn.sr.se/laddahem/podradio/sommar_i_p1/2013/07/sommar__vinter_i_p1_henrik_lundqvist_2013_20240916_1029456235.mp3,3020,48370678,https://static-cdn.sr.se/images/2071/2851148_1200_675.jpg,,"Hockeyspelare (målvakt i New York Rangers) Mentala bilder och en playlist med punklåtar. Så förbereder sig hockeystjärnan Henrik Lundqvist, 31, inför en match. Det berättar han i sitt Sommar i P1. Henrik Lundqvists Sommarprat är också en kärleksförklaring till staden New York, som kommit att bli hans hem. Han bor på Manhattan tillsammans med sin fru Therese, dobermann-hunden Nova och dottern Charlise som fyller ett år samma dag som han Sommarprat sänds."
216106,4618348,Theodor Kallifatides 2013,2013-07-11,2013,Sommar,https://www.sverigesradio.se/avsnitt/216106,https://static-cdn.sr.se/laddahem/podradio/sommar_i_p1/2013/07/sommar__vinter_i_p1_theodor_kallifatides_2013_20240916_1031258969.mp3,3435,54994863,https://static-cdn.sr.se/images/2071/2840603_1200_657.jpg,,"Författare Theodor Kallifatides Sommarprat är en hyllning till Sverige, litteraturen och språket. Hans kärleksbrev innehåller såväl personliga tillkortakommanden som historien om hur han flyttade hit från Grekland. Länge var Sverige och svenska språket en gåta för den då nyinflyttade 25-åringen Theodor Kallifatides. När han började läsa Strindberg bleknade dock så småningom alla frågetecken."
216107,4624351,Louise Linder 2013,2013-07-12,2013,Sommar,https://www.sverigesradio.se/avsnitt/216107,https://static-cdn.sr.se/laddahem/podradio/sommar_i_p1/2013/07/sommar__vinter_i_p1_louise_linder_2013_20240916_1032275122.mp3,3563,57056454,https://static-cdn.sr.se/images/2071/2860955_1200_675.jpg,,"Präst, psykoterapeut och sexolog Hur hanterar man sorg? Hur får man kärleken att överleva? Det är två av frågorna som Louise Linder tar upp i sitt Sommar i P1. Efter tsunamin 2004 blev hon av de som hjälpte Malin Sävstam genom sorgen. Malin Sävstam hade förlorat sin man och sina två barn i flodvågen, och Louise Linder stöttade henne i kampen för att hitta en väg ur mörkret."
214748,4619771,Jenny Strömstedt 2013,2013-07-13,2013,Sommar,https://www.sverigesradio.se/avsnitt/214748,https://static-cdn.sr.se/laddahem/podradio/sommar_i_p1/2013/07/sommar__vinter_i_p1_jenny_stromstedt_2013_20240916_1032434545.mp3,3459,55381238,https://static-cdn.sr.se/images/2071/2860937_1200_675.jpg,,Journalist och tv-programledare. Jenny Strömstedt berättar i sitt Sommarprogram om hur det gick till när hennes kollega Steffo Törnquist drogades – i direktsändning. Hennes Sommarprat är också en sammanflätning av historien om hennes dräpande farfar och betraktelser om kärleken och mammarollen.
216108,4623191,Jean-Pierre Lacroix 2013,2013-07-14,2013,Sommar,https://www.sverigesradio.se/avsnitt/216108,https://static-cdn.sr.se/laddahem/podradio/sommar_i_p1/2013/07/sommar__vinter_i_p1_jeanpierre_lacroix_2013_20240916_1035475924.mp3,2953,47283818,https://static-cdn.sr.se/images/2071/2861099_1200_675.jpg,,"Frankrikes ambassadör i Sverige Ibland är Frankrike inte längre än ett Sommarprat bort. Jean-Pierre Lacroix tar oss med på en resa till Paris. På Frankrikes nationaldag, dessutom. - Den franska identiteten har aldrig handlat om människors etnicitet, säger Jean-Pierre Lacroix i sitt Sommar i P1. Han menar att hans barndoms Paris inte skiljer sig så mycket från dagens när det gäller mångfald i befolkningen."
216109,4624495,Ingemar Eliasson 2013,2013-07-15,2013,Sommar,https://www.sverigesradio.se/avsnitt/216109,https://static-cdn.sr.se/laddahem/podradio/sommar_i_p1/2013/07/sommar__vinter_i_p1_ingemar_eliasson_2013_20240916_1141266056.mp3,3653,58485284,https://static-cdn.sr.se/images/2071/2860926_1200_675.jpg,,"Före detta riksmarskalk och politiker (fp) I sitt Sommarprogram berättar Ingemar Eliasson om en kolsvart natt i sitt liv. Hans Sommar i P1 tar sin början i historien om Sofie, hans morfars syster som vid 14- års ålder emigrerade till Nordamerika. Trots alla hinder kom hon att trivas i sitt nya hemland. Och så var det historien om hur Ingemar Eliasson tjänade tre miljarder på en enda kväll..."
216110,4626686,Annika Andersson 2013,2013-07-16,2013,Sommar,https://www.sverigesradio.se/avsnitt/216110,https://static-cdn.sr.se/laddahem/podradio/sommar_i_p1/2013/07/sommar__vinter_i_p1_annika_andersson_2013_20240916_1103324170.mp3,3553,56892050,https://static-cdn.sr.se/images/2071/2916740_1200_675.jpg,,"Skådespelerska Annika Andersson älskar sitt jobb eftersom det går ut på att sprida glädje, men vid en tidpunkt blev det helt enkelt för mycket. När Annika Andersson plötsligt började se dubbelt kände hon att det var ohållbart. Läkarna konstaterade att hon var utarbetad och hon blev sjukskriven i fyra månader. ”Min hjärna kokade helt enkelt över och jag klarade inte av att stänga av plattan. Under 2 års tid sov jag inte mer än 2 timmar i stöten. Att inte sova är som att sakta strypa hjärnan.”"
216111,4626141,Martha Ehlin 2013,2013-07-17,2013,Sommar,https://www.sverigesradio.se/avsnitt/216111,https://static-cdn.sr.se/laddahem/podradio/sommar_i_p1/2013/07/sommar__vinter_i_p1_martha_ehlin_2013_20240916_1103588308.mp3,3246,51979658,https://static-cdn.sr.se/images/2071/2860971_1200_675.jpg,,Lyssnarnas Sommarvärd 2013 Martha Ehlin fick sin cancerdiagnos som 30-åring och genomgick senare en femorganstransplantation. Det här programmet är en hyllning till hennes organdonator. 
216114,4621765,Tareq Taylor 2013,2013-07-18,2013,Sommar,https://www.sverigesradio.se/avsnitt/216114,https://static-cdn.sr.se/laddahem/podradio/sommar_i_p1/2013/07/sommar__vinter_i_p1_tareq_taylor_2013_20240916_1104501783.mp3,3151,50455837,https://static-cdn.sr.se/images/2071/2861063_1200_675.jpg,,"Tv-kock. En smäll – och sedan var livet förändrat. För alltid. I Sommar i P1 berättar Tareq Taylor om bilolyckan som vände upp och ner på hela tillvaron.- Till vardags kunde ingen se att hon var skadad. Hon kämpade, log och höll humöret uppe. Var social, glad, vacker och hade inga bandage. Men när dörren stängdes bakom henne rasade hon samman, säger Tareq Taylor i Sommar i P1."
216115,5054302,Carolina Neurath 2013,2013-07-19,2013,Sommar,https://www.sverigesradio.se/avsnitt/216115,https://static-cdn.sr.se/laddahem/podradio/sommar_i_p1/2013/07/sommar__vinter_i_p1_carolina_neurath_2013_20240916_1108341689.mp3,3369,54528390,https://static-cdn.sr.se/images/2071/2889705_1200_675.jpg,,"Ekonomijournalist på Svenska Dagbladet I sin roll har Carolina Neurath rapporterat om turerna kring HQ Bank. Bland annat avslöjade hon att företaget fuskat med redovisningen. Företaget blev senare föremål för en granskning av Finansinspektionen och till slut blev HQ Bank av med sitt tillstånd. - Det här är en dramatisk berättelse – som gjord för en bok. Men framför allt ville jag granska vad som hade hänt – egentligen. Det fanns många frågetecken kvar, säger Carolina Neurath i sitt Sommar i P1."
216116,4631995,Anna Blomberg 2013,2013-07-20,2013,Sommar,https://www.sverigesradio.se/avsnitt/216116,https://static-cdn.sr.se/laddahem/podradio/sommar_i_p1/2013/07/sommar__vinter_i_p1_anna_blomberg_2013_20240916_1110040990.mp3,3243,51929857,https://static-cdn.sr.se/images/2071/2860845_1200_675.jpg,,"Komiker och skådespelare Anna Blombergs Sommarprogram handlar om att leka. Hon är känd från bland annat tv-serien ”Kvarteret Skatan” där hon bland annat spelar karaktären Kåta Gun. Dessutom imiterar Anna Blomberg kändisar i talkshowen ”Robins” på SVT. I sitt Sommarprat byter hon skepnad till bland andra Maria Montazami, Lill-Babs och Elisabet Höglund. Och givetvis tar Kåta Gun tillfället i akt att ragga i etern…"
216119,4636225,Ingvar Kjellson 2013,2013-07-21,2013,Sommar,https://www.sverigesradio.se/avsnitt/216119,https://static-cdn.sr.se/laddahem/podradio/sommar_i_p1/2013/07/sommar__vinter_i_p1_ingvar_kjellson_2013_20240916_1111565070.mp3,3160,50596441,https://static-cdn.sr.se/images/2071/2860946_1200_675.jpg,,"Skådespelare Ingvar Kjellsons Sommarprat handlar om kärleken till teatern, ordet och musiken. 90-årsjubliaren bjuder på historier från förr och berättar om minnen från sin tid på scenerna. - Maken till hänförelse och jubel hos en publik har jag inte varit med om. Det kan tyckas vara egendomligt eftersom vi spelade på svenska för en polsk publik, men det visar vilken magi och viken kraft teaterkonsten har när den är som bäst, säger han och pratar om William Shakespeares ”Trettondagsafton”."
216120,4630317,Maria Sveland 2013,2013-07-22,2013,Sommar,https://www.sverigesradio.se/avsnitt/216120,https://static-cdn.sr.se/laddahem/podradio/sommar_i_p1/2013/07/sommar__vinter_i_p1_maria_sveland_2013_20240916_1119046324.mp3,3770,60356542,https://static-cdn.sr.se/images/2071/2861059_1200_675.jpg,,"Journalist, författare. På tvåårsdagen av Utöya-dådet pratar Maria Sveland om hur kvinnohat och rasism hänger ihop. Hon berättar även om hur det känns att bli utsatt för hot och hat. - När Breivik i sitt manifest ska förklara för världen varför han mördat alla dessa oskyldiga människor så är det feministerna han börjar med. Det är feministerna, menar Breivik, som förstört samhället genom att ömma för mångkultur och lära män att byta blöjor istället för att hantera vapen."
216122,4631440,Niklas Zennström 2013,2013-07-23,2013,Sommar,https://www.sverigesradio.se/avsnitt/216122,https://static-cdn.sr.se/laddahem/podradio/sommar_i_p1/2013/07/sommar__vinter_i_p1_niklas_zennstrom_2013_20240916_1123447237.mp3,2908,46563369,https://static-cdn.sr.se/images/2071/2852873_1200_675.jpg,,"IT-entreprenör och grundare av Skype Niklas Zennström om tiden som skivbranschens fiende nummer ett, om hur han tackade nej till Rupert Murdoch och om motgångarna som gjorde framgången möjlig. Efter försäljningen av ip-telefonibolaget Skype blev han mångmiljardär. Men allting startade med filbytarsajten Kazaa som i början av 2000-talet var världens mest nedladdade program. Kazaa gjorde dock Zennström till en jagad man och han tvingades flytta varje natt för att undvika att bli delgiven stämning:"
216123,4637911,Özz Nûjen 2013,2013-07-24,2013,Sommar,https://www.sverigesradio.se/avsnitt/216123,https://static-cdn.sr.se/laddahem/podradio/sommar_i_p1/2013/07/sommar__vinter_i_p1_zz_njen_2013_20240916_1125571543.mp3,3274,52430178,https://static-cdn.sr.se/images/2071/2861081_1200_675.jpg,,"Komiker, skådespelare Varför är könet så viktigt? Varför får Kungen prata nonsens i sju minuter utan att få en enda fråga? Varför är det så viktigt att veta varifrån någon kommer? Varför stör sig folk på ordet hen? Det är frågan ”varför” som är bärande i Özz Nûjens Sommarprogram. Han berättar också om svårigheten att älska sig själv och om spruckna relationer. - Jag borde ha älskat mig själv. Jag kände mig tom och försökte fylla alla andra. Men du kan inte fylla någon från ett tomt kärl."
216124,4637896,Anton Abele 2013,2013-07-25,2013,Sommar,https://www.sverigesradio.se/avsnitt/216124,https://static-cdn.sr.se/laddahem/podradio/sommar_i_p1/2013/07/sommar__vinter_i_p1_anton_abele_2013_20240916_1127320634.mp3,2873,46007491,https://static-cdn.sr.se/images/2071/2861092_1200_675.jpg,,"Före detta politiker och riksdagsledamot Sveriges genom tiderna yngste riksdagsledamot Anton Abele (M) framför i sitt Sommar i P1 vass kritik mot Riksdagens sätt att arbeta och det klimat som råder i maktens korridorer. Han avslöjar också att han kommer att lämna sitt uppdrag efter nästa val. I Sommar i P1 ställer han sig kritisk till det faktum att av de cirka 3000 motioner som riksdagsledamöterna skriver varje år avslås 99,5%."
216125,4637947,Ann-Louise Hanson 2013,2013-07-26,2013,Sommar,https://www.sverigesradio.se/avsnitt/216125,https://static-cdn.sr.se/laddahem/podradio/sommar_i_p1/2013/07/sommar__vinter_i_p1_annlouise_hanson_2013_20240916_1130218098.mp3,3588,57457075,https://static-cdn.sr.se/images/2071/2860901_1200_675.jpg,,"Sångerska Mordhot, cirkusdrömmar och märklig medicinering är ingredienser i Ann-Louise Hansons Sommar i P1. Men framförallt handlar det om hennes musikaliska resa från 12-årig talangjaktsvinnare till de stora scenerna och hur det kom sig att hennes barn tillrättavisade ABBA. Ann-Louise Hanson berättar också om då familjen blev mordhotad och under flera månader tvingades leva under polisskydd."
216126,4621306,Lisbet Rausing 2013,2013-07-27,2013,Sommar,https://www.sverigesradio.se/avsnitt/216126,https://static-cdn.sr.se/laddahem/podradio/sommar_i_p1/2013/07/sommar__vinter_i_p1_lisbet_rausing_2013_20240916_1131212521.mp3,3149,50433889,https://static-cdn.sr.se/images/2071/2850203_1200_675.jpg,,"Universitetslärare i vetenskapshistoria och barnbarn till Tetra Paks grundare Ruben Rausing Behandlingshem och överdoser. Daglig ångest och nattliga samtal. I Sommar i P1 berättar Lisbet Rausing för första gången om familjens stora sorg, missbruksproblemen som ledde till svägerskans död och som blev en världsnyhet."
216127,4640846,Lars Lagerbäck 2013,2013-07-28,2013,Sommar,https://www.sverigesradio.se/avsnitt/216127,https://static-cdn.sr.se/laddahem/podradio/sommar_i_p1/2013/07/sommar__vinter_i_p1_lars_lagerback_2013_20240916_1131405919.mp3,3444,55147044,https://static-cdn.sr.se/images/2071/2845254_1200_675.jpg,,"Före detta förbundskapten i fotboll Lars Lagerbäck tar i Sommar i P1 med lyssnaren bakom kulisserna. Oväntade gruppövningar, verbala avrättningar och så den gången då upprörda fans försökte välta hans bil. Som svensk förbundskapten var Lars Lagerbäck med och kvalificerade Sverige till fem raka slutspel. Han har sedan dess också varit förbundskapten i Nigeria och är det nu på Island. "
223942,4637982,Li Pamp 2013,2013-07-29,2013,Sommar,https://www.sverigesradio.se/avsnitt/223942,https://static-cdn.sr.se/laddahem/podradio/sommar_i_p1/2013/07/sommar__vinter_i_p1_li_pamp_2013_20240916_1133232651.mp3,3191,51092732,https://static-cdn.sr.se/images/2071/2861040_1200_675.jpg,,"Antikexpert och programledare Li Pamp om sina kärleksrelationer – till möbler och ting. Ett föremåls värde handlar mycket om dess historia säger hon. Ju mer vi vet om ett föremål desto bättre kan vi sätta värde på det. En stol är en stol och en lampa är en lampa, tills dess du har hört historien om hur den kom till, om den som skapade den, eller vem som ägt den. Hon menar att alla föremål kan berätta och att en antikexperts skicklighet sitter i förmågan att lära sig lyssna."
223943,4637965,Malik Bendjelloul 2013,2013-07-30,2013,Sommar,https://www.sverigesradio.se/avsnitt/223943,https://static-cdn.sr.se/laddahem/podradio/sommar_i_p1/2013/07/sommar__vinter_i_p1_malik_bendjelloul_2013_20240916_1135060926.mp3,3245,51969955,https://static-cdn.sr.se/images/2071/2926551_1200_675.jpg,,Dokumentärfilmare Det var första gången sedan 1951 som en svensk vann en Oscar i dokumentärfilmsklassen när Malik Bendjelloul och Searching for Sugar Man år 2013 tilldelades det finaste av filmpriser. I Sommar i P1 berättar Bendjelloul om den långa processen bakom filmen och hur nära det var att hela projektet lades ner.
223944,4642362,Elin Kling 2013,2013-07-31,2013,Sommar,https://www.sverigesradio.se/avsnitt/223944,https://static-cdn.sr.se/laddahem/podradio/sommar_i_p1/2013/07/sommar__vinter_i_p1_elin_kling_2013_20240916_1137517601.mp3,2552,40875954,https://static-cdn.sr.se/images/2071/2860953_1200_675.jpg,,"Entreprenör, modebloggare Elin Kling om modebloggarnas förvandling och hur hon på en bar i Hongkong förstod att hon var dyslektiker. I programmet beskriver hon en modeblogg som ”en plats på nätet där du erbjuds en snabb dos av daglig inspiration i fråga om mode och stil”. Bloggarna har också förändrat konsumenternas fokus. - Blicken har sänkts ifrån kändishimlen ner till en mer relevant inspiration, till den vanliga tjejen, bloggaren, säger Elin Kling i sitt Sommarprogram."
223945,4642337,Nadir ”RedOne” Khayat 2013,2013-08-01,2013,Sommar,https://www.sverigesradio.se/avsnitt/223945,https://static-cdn.sr.se/laddahem/podradio/sommar_i_p1/2013/08/sommar__vinter_i_p1_nadir_redone_khayat_2013_20240916_1138238990.mp3,2952,47281904,https://static-cdn.sr.se/images/2071/2934484_1200_675.jpg,,"Musikproducent Från att ha sovit på köksgolvet i en kebabrestaurang till att bli musikproducent med världsartister som arbetskamrater. Nadir ”RedOne” Khayat berättar i Sommar i P1 om sin osannolika men målinriktade resa, han avslöjar hur man skriver en hitlåt och hur allting började med en märklig husjakt i Upplands Väsby."
223947,4646092,Johanna Frändén 2013,2013-08-02,2013,Sommar,https://www.sverigesradio.se/avsnitt/223947,https://static-cdn.sr.se/laddahem/podradio/sommar_i_p1/2013/08/sommar__vinter_i_p1_johanna_frandn_2013_20240916_1139442672.mp3,2937,47042884,https://static-cdn.sr.se/images/2071/2860865_1200_675.jpg,,"Sportjournalist Johanna Frändén avslöjar i Sommar i P1 att hon ljög för att få drömjobbet i Barcelona. Redaktionschefen på Aftonbladet undrade om hon pratade spanska och kunde göra intervjuer med spelarna i FC Barcelona. Frändén svarade ja, fick jobbet men berättar i Sommar i P1 om det hon kallar ”en livsavgörande lögn”. - Jag stannade till på bokhandeln på vägen hem och köpte ett spanskt ficklexikon. Jag slog lite i det på måfå på tunnelbanan hem. Jag kände inte igen ett enda ord."
223948,4644059,Inga Landgré 2013,2013-08-03,2013,Sommar,https://www.sverigesradio.se/avsnitt/223948,https://static-cdn.sr.se/laddahem/podradio/sommar_i_p1/2013/08/sommar__vinter_i_p1_inga_landgr_2013_20240916_1140104769.mp3,2962,47434542,https://static-cdn.sr.se/images/2071/2936608_1200_675.jpg,,Skådespelerska ”Som barn önskade jag mig ofödd. Men det sa jag inte till någon. För jag förstod nog att det var lite konstiga tankar”. Barndomens somrar tillbringade Inga Landgré i Dalarna där hon inkvarterades hos några avlägset bekanta. Familjen i Dalarna var pingstvänner och den unga Inga fick följa med på väckelsemöten där prästen sa ”om det kommer en bil på vägen och du blir överkörd så hamnar du rakt ner i helvetet. Kom upp och fräls dig”.
223949,4647929,Jan Eliasson 2013,2013-08-04,2013,Sommar,https://www.sverigesradio.se/avsnitt/223949,https://static-cdn.sr.se/laddahem/podradio/sommar_i_p1/2013/08/sommar__vinter_i_p1_jan_eliasson_2013_20240916_1141447343.mp3,3239,51859543,https://static-cdn.sr.se/images/2071/2939281_1200_675.jpg,,"Diplomat, FN:s vice generalsekreterare, före dette utrikesminister Jan Eliasson avslöjar i Sommar i P1 sina fyra främsta förhandlingsknep och berättar om den gången Olof Palme hittade honom halvnaken på en toalett."
223950,4647763,Malinda Damgaard 2013,2013-08-05,2013,Sommar,https://www.sverigesradio.se/avsnitt/223950,https://static-cdn.sr.se/laddahem/podradio/sommar_i_p1/2013/08/sommar__vinter_i_p1_malinda_damgaard_2013_20240916_1142404109.mp3,2543,40735842,https://static-cdn.sr.se/images/2071/2860849_1200_675.jpg,,"Modist Malinda Damgaard har gjort hattar till prinsessor, världsartister och hästar och arbetat för Philip Tracey, en av världens främsta modister. Det engelska uttrycket ”mad as a hatter” inleder modisten Malinda Damgaards Sommar. Uttrycket kommer från den tid då hattmakare använde kvicksilver, blev förgiftade och drabbades av skakningar, tandlossning, depression och ångest. Damgaard berättar skämtsamt i programmet att hon ibland säger ”I became a hatter to disguise my madness”."
223951,4650453,Cecilia Edefalk 2013,2013-08-06,2013,Sommar,https://www.sverigesradio.se/avsnitt/223951,https://static-cdn.sr.se/laddahem/podradio/sommar_i_p1/2013/08/sommar__vinter_i_p1_cecilia_edefalk_2013_20240916_1143000343.mp3,3199,51219856,https://static-cdn.sr.se/images/2071/2852912_1200_675.jpg,,"Konstnär Cecilia Edefalk är den nu levande, svenska, konstnär som säljer för högst summor. Redan vid sin första utställning 1988 såldes alla tavlorna innan utställningen öppnade. I Sommar i P1 berättar hon om hur uppmärksamheten och de höga priserna påverkat henne negativt. - Jag hade svårt att glädjas åt det, det blev ett krav istället."
223997,4646890,Daniel Sachs 2013,2013-08-07,2013,Sommar,https://www.sverigesradio.se/avsnitt/223997,https://static-cdn.sr.se/laddahem/podradio/sommar_i_p1/2013/08/sommar__vinter_i_p1_daniel_sachs_2013_20240916_1327404616.mp3,3228,51691376,https://static-cdn.sr.se/images/2071/2862253_1200_675.jpg,,"Affärsman vars farfarsfar grundade varuhuset NK i Stockholm Daniel Sachs farfarsfar lämnade NK-ledningen 1936 för att skydda sin familj, som var en av de etablerade judiska familjerna i Sverige innan andra världskriget bröt ut. Som tonåring ville Daniel Sachs bli affärsman och köpa tillbaka varuhuset, men så blev det inte. Som pojke blev han mobbad i skolan och det var inte förrän i 30-årsåldern som han på allvar kunde göra upp med slagen på skolgården och inse vad han ville göra med sitt liv."
223998,4653418,Sara Danius 2013,2013-08-08,2013,Sommar,https://www.sverigesradio.se/avsnitt/223998,https://static-cdn.sr.se/laddahem/podradio/sommar_i_p1/2013/08/sommar_i_p1_20130808_1500_232767f.mp3,3501,56064567,https://static-cdn.sr.se/images/2071/2860856_1200_675.jpg,,"Litteraturhistoriker och invald i Svenska Akademin I Sommar i P1 berättar Sara Danius om samtalet från Peter Englund, Svenska Akademins ständige sekreterare, som vände upp och ner på hennes tillvaro. - Jag tänkte att det var en försäljare, bäst att trycka bort samtalet, berättar Danius. Men så ångrade jag mig och svarade istället med trött och butter stämma."
223999,4653731,Erik Haag 2013,2013-08-09,2013,Sommar,https://www.sverigesradio.se/avsnitt/223999,https://static-cdn.sr.se/laddahem/podradio/sommar_i_p1/2013/08/sommar__vinter_i_p1_erik_haag_2013_20240916_1150262085.mp3,2932,46954900,https://static-cdn.sr.se/images/2071/2944087_1200_675.jpg,,"Programledare Varje arbetsvecka förväntas Haag äta omkring 70 maträtter, berättar han i sitt Sommarprogram, och man måste smaka på allt. Det inkluderar också drickan till maten som genom den svenska historien oftast bestått av öl och sprit. - Före Historieätarna var jag inte alls van vid att börja dagen med en frukost bestående av fyra stora snapsar, säger han. Före Historieätarna hade jag antagligen också tyckt att det var pinsamt att vara full på arbetstid omgiven av ett gäng nyktra människor."
224000,4655408,Martin Schibbye och Johan Persson 2013,2013-08-10,2013,Sommar,https://www.sverigesradio.se/avsnitt/224000,https://static-cdn.sr.se/laddahem/podradio/sommar_i_p1/2013/08/sommar__vinter_i_p1_martin_schibbye_och_johan_pers_20240916_1151518872.mp3,2890,46277755,https://static-cdn.sr.se/images/2071/2861022_1200_675.jpg,,"Journalist, fotograf som gett ut boken 438 dagar ”Det är en fin dag att dö på” så inleds journalisten Martin Schibbyes och fotografen Johan Perssons Sommar i P1. De satt tillsammans 438 dagar i etiopiskt fängelse efter att ha beskyllts för terrorism. I sitt Sommarprogram berättar de om tiden i fängelset, om dagen då de utsattes för skenavrättning och hur man blir sig själv igen efter att ha blivit fysiskt fri."
224001,4656258,Lisa Nilsson 2013,2013-08-11,2013,Sommar,https://www.sverigesradio.se/avsnitt/224001,https://static-cdn.sr.se/laddahem/podradio/sommar_i_p1/2013/08/sommar_i_p1_20130811_1600_34723aa.mp3,3505,56126427,https://static-cdn.sr.se/images/2071/2861036_1200_675.jpg,,Sångerska ”Jag är en slokande blomma med tunn stjälk i småbarnslivets ogräshukande trädgård. Jag är även en bredbakad ek med månghundraårigt rotsystem”. Så inleder Lisa Nilsson sitt Sommarprogram som är en kärleksförklaring till hennes barn och deras far.
231990,4648233,Kerstin Meyer 2013,2013-08-12,2013,Sommar,https://www.sverigesradio.se/avsnitt/231990,https://static-cdn.sr.se/laddahem/podradio/sommar_i_p1/2013/08/sommar__vinter_i_p1_kerstin_meyer_2013_20240916_1248549132.mp3,3413,54655474,https://static-cdn.sr.se/images/2071/2944422_1200_675.jpg,,"Operasångerska Kerstin Meyers karriär har tagit henne över hela världen och alla stora operahus. I Sommar i P1 berättar hon om sin musikaliska uppväxt där duettspel på cittra var familjeunderhållningen på kvällstid. Så småningom kom hon in på Musikhögskolan och hennes karriär fick en rivstart. - Jag sjöng närhelst jag blev ombedd, fick göra småroller på Kungliga Teatern och det blev så ofta att jag började känna mej som barn i huset, berättar Kerstin Meyer i sitt Sommarprogram."
234549,4656071,Sami Said 2013,2013-08-13,2013,Sommar,https://www.sverigesradio.se/avsnitt/234549,https://static-cdn.sr.se/laddahem/podradio/sommar_i_p1/2013/08/sommar__vinter_i_p1_sami_said_2013_20240916_1249150468.mp3,3069,49150136,https://static-cdn.sr.se/images/2071/2861046_1200_675.jpg,,"FÖRFATTARE. Mobboffer-Sami. Kamp-Sami. Flykting-Sami. Asberger-Sami. Panik-Sami. Sami Said läser i Sommar i P1 ur sin dagbok som speglar olika delar av honom själv. Han avslöjar också sina svårigheter med att knyta an till andra människor. Han har blivid hyllad för sin romandebut Väldigt sällan fin. I Sommar i P1 fortsätter han sitt karakteristiska sätt att uttrycka sig när han läser delar ur sin egen, kanske bitvis fiktiva, dagbok. En del handlar om rädslan att definieras av andra."
234550,4657517,Karin Adelsköld 2013,2013-08-14,2013,Sommar,https://www.sverigesradio.se/avsnitt/234550,https://static-cdn.sr.se/laddahem/podradio/sommar_i_p1/2013/08/sommar__vinter_i_p1_karin_adelskold_2013_20240916_1249357451.mp3,2561,41019780,https://static-cdn.sr.se/images/2071/2860842_1200_675.jpg,,"Komiker, skribent Antibiotika, vaccinationer och annan medicin var förbjudet. All mat odlades själv och utan bekämpningsmedel och godis var inte att tänka på. Karin Adelsköld berättar i Sommar i P1 om sin annorlunda uppväxt som barn till ”gröna-vågare” där utanförskapet fick henne att stjäla från kyrkan och längta efter ketchup."
234551,4659752,Ellen Jelinek 2013,2013-08-15,2013,Sommar,https://www.sverigesradio.se/avsnitt/234551,https://static-cdn.sr.se/laddahem/podradio/sommar_i_p1/2013/08/sommar__vinter_i_p1_ellen_jelinek_2013_20240916_1301560437.mp3,3456,55342541,https://static-cdn.sr.se/images/2071/2860933_1200_675.jpg,,"Skådespelerska Hon mobbades ut från scenskolan av både klasskamrater och rektor. Året därpå hände samma sak med en annan elev som då tog sitt liv. Ellen Jelinek berättar i Sommar i P1 om sin brokiga väg mot framgången och hur tiden på scenskolan påverkat henne. - Det är ingen i din klass som tycker om dig. Vi tycker att du ska gå hem nu och inte komma tillbaka, återger Ellen Jelinek i sitt Sommarprogram rektorns besked."
234552,4659958,Katrine Kielos 2013,2013-08-16,2013,Sommar,https://www.sverigesradio.se/avsnitt/234552,https://static-cdn.sr.se/laddahem/podradio/sommar_i_p1/2013/08/sommar__vinter_i_p1_katrine_kielos_2013_20220727_1455507417.mp3,3126,50051754,https://static-cdn.sr.se/images/2071/2860941_1200_675.jpg,,"Journalist, författare Katrine Kielos berättar i Sommar i P1 om några av de märkliga släkthistorier som finns i familjens bakgrund. Det handlar om militärer, direktörer och konstnärer från både Ryssland, Polen och nuvarande Litauen."
234553,4662090,Joey Tempest 2013,2013-08-17,2013,Sommar,https://www.sverigesradio.se/avsnitt/234553,https://static-cdn.sr.se/laddahem/podradio/sommar_i_p1/2013/08/sommar__vinter_i_p1_joey_tempest_2013_20240916_1303445469.mp3,2559,40993369,https://static-cdn.sr.se/images/2071/2843919_1200_675.jpg,,Musiker Han var tvungen att stanna bilen när han hörde Bob Dylan. Kände sig nästan religiös när han lyssnade på Waterboys. Och en låt av Jackson Brown är den perfekta uppbrottslåten. Rockmusikerna Joey Tempest spelar i Sommar i P1 alla de låtar och artister som påverkat honom mest under karriären och berättar om hur han stängde dörren efter 80-talet.
234554,4662416,Björn Dixgård och Gustaf Norén 2013,2013-08-18,2013,Sommar,https://www.sverigesradio.se/avsnitt/234554,https://static-cdn.sr.se/laddahem/podradio/sommar_i_p1/2013/08/sommar__vinter_i_p1_bjorn_dixgard_och_gustaf_norn_20240916_1305366978.mp3,3942,63110167,https://static-cdn.sr.se/images/2071/2860968_1200_675.jpg,,"Musiker Från sin egen studio, inrymd i en lada i Borlänge, berättar Gustaf Norén och Björn Dixgård från bandet Mando Diao om deras skiva Infruset, där bandet skapat musik av Gustaf Frödings dikter. Skivan mottogs först med ointresse av skivbolaget men har blivit en försäljningssuccé. I Sommar i P1 berättar de att skivan tillkom under en period av sorg efter beskedet att musikerkollegan och vännen Kristian Gidlund (som sommarpratade 30 juni 2013) drabbats av cancer."
290911,4806808,Fredrik Lindström - Vinter 2013,2013-12-25,2013,Vinter,https://www.sverigesradio.se/avsnitt/290911,https://static-cdn.sr.se/laddahem/podradio/sommar_i_p1/2013/12/sommar__vinter_i_p1_fredrik_lindstrom_vinter_201_20240917_1554320630.mp3,3458,55373032,https://static-cdn.sr.se/images/2071/3097873_2048_1152.jpg,,"Vi tror visst på tomten idag. Till och med mer än tidigare. Men nu tror vi på tomten som någon som säljer och levererar. Tomten har börjat intressera sig för porriga underkläder och ventilationssystem. Fredriks egen debut som tomtenisse var 1968 då han ”tomtade” med sin bror och kusiner i en leksaksaffärs skyltfönster i Eskilstuna. Fredrik letar efter tecken om vårt moderna samhälle redan har gått under, medan vi suttit och googlat fram bättre elpriser eller spelat Candy Crush på en smartphone."
291004,4806929,Hans Rosling - Vinter 2013,2013-12-26,2013,Vinter,https://www.sverigesradio.se/avsnitt/291004,https://static-cdn.sr.se/laddahem/podradio/sommar_i_p1/2013/12/sommar__vinter_i_p1_hans_rosling_20240917_1616584872.mp3,3176,50864533,https://static-cdn.sr.se/images/2071/3121903_2048_1152.jpg,,"Hans Rosling om när han gjorde ett färgseendetest på Fidel Castro 1993 för att övertyga presidenten om att forskningen kring en epidemi av nerv- och synskador behövde göras på Roslings sätt. Hans Rosling vill inte bli kallad optimist. Han plågas av tanken på att en miljard medmänniskor lever i extrem fattigdom. Däremot kallar han sig possiblist och vill fokusera på att lösa problem istället för att ge upp. Eller för att använda hans egna ord: världen har blivit bättre, men den inte är bra."
291146,4806920,Lasse Åberg - Vinter 2013,2013-12-27,2013,Vinter,https://www.sverigesradio.se/avsnitt/291146,https://static-cdn.sr.se/laddahem/podradio/sommar_i_p1/2013/12/sommar__vinter_i_p1_lasse_berg__vinter_2013_20240917_1556534916.mp3,2997,47992009,https://static-cdn.sr.se/images/2071/3097841_2048_1152.jpg,,"”Jag var ett vackert och begåvat barn” börjar Lasse Åberg sitt Vinterprogram. Han berättar om sin hybris som barn och om tidig kärlek, men också om en elak mobbare. Vi får även höra ett unikt möte mellan Stig Helmer och Lasse Åberg. Lasse förklarar ärligt för Stig varför det blev just han som fick rollen i filmerna. Lasse frågar sig vad konst är, spelar ”Jazz på Konstfack” och svarar till sist på om han tror på Gud."
291148,4806902,Tomas Sjödin - Vinter 2013,2013-12-28,2013,Vinter,https://www.sverigesradio.se/avsnitt/291148,https://static-cdn.sr.se/laddahem/podradio/sommar_i_p1/2013/12/sommar__vinter_i_p1_tomas_sjodin__vinter_2013_20240917_1558161483.mp3,3724,59625761,https://static-cdn.sr.se/images/2071/3097839_2048_1152.jpg,,"Författare, pastor och föreläsare Det finns ord som Tomas Sjödin fruktar innebörden av. Ett av dem är ”förgäves”. Att ha lagt sin tid och kraft på det som visar sig vara utan betydelse. Värnlösa Barns dag hette förr Menlösa barns dag. Det var ett bra namnbyte, tycker Tomas. För den goda värnlösheten är allt annat än menlös. Det är något med ordet ”värnlös” - att äntligen få lägga ner vapnen, sluta slåss mot tillvaron och bara leva. När man vågar vara lite mer oskyddad öppnar sig en annan värld."
291180,4807884,Ola Salo - Vinter 2013,2013-12-29,2013,Vinter,https://www.sverigesradio.se/avsnitt/291180,https://static-cdn.sr.se/laddahem/podradio/sommar_i_p1/2013/12/sommar__vinter_i_p1_ola_salo_20240917_1602168701.mp3,3119,49943081,https://static-cdn.sr.se/images/2071/3097835_2048_1152.jpg,,"16 september 2011 hade The Ark sin sista spelning. Ola Salo hade då levt med bandet i 20 år. Han berättar hur de kom fram till beslutet och hur det kändes det efter sista spelningen. Han har gått från rockstjärna till ekobonde. När Ola dör vill han bli kompost. För 15 år sedan slutade han äta kött, förutom fisk och skaldjur. ”Jag äter inte djur med humor” var hans motivering. Nu är han helvegetarian, rökfri, drogfri och helnykterist. Inte för att vara duktig, utan för att han inte behöver det."
291182,4809949,Petra Mede - Vinter 2013,2013-12-30,2013,Vinter,https://www.sverigesradio.se/avsnitt/291182,https://static-cdn.sr.se/laddahem/podradio/sommar_i_p1/2013/12/sommar_i_p1_20131230_1600_3811936.mp3,3502,56083319,https://static-cdn.sr.se/images/2071/3097831_2048_1152.jpg,,"KOMIKER, SKÅDESPELARE. Hon var programledare för Eurovision Song Contest 2013. Hör om när en grupp människor tillsammans, och samtidigt, tappar kontakten med verkligheten och sinnet för proportioner."
291184,4811208,Bodil Jönsson - Vinter 2013,2013-12-31,2013,Vinter,https://www.sverigesradio.se/avsnitt/291184,https://static-cdn.sr.se/laddahem/podradio/sommar_i_p1/2013/12/sommar__vinter_i_p1_bodil_jonsson__vinter_2013_20240917_1604450899.mp3,3454,55305491,https://static-cdn.sr.se/images/2071/3097827_2048_1152.jpg,,"Fysiker, författare och professor emerita om det fullständigt oerhörda i att inte bara få leva i vår tid utan också få bli gammal under denna. Bodil Jönsson har funderat över hur det är att vara gammal idag jämfört med förr. Hur det är att bli gammal i ett kunskapssamhälle jämfört med ett muskelsamhälle. När Bodil var yngre tänkte hon på ålderdomen som att det var en tratt som blev smalare. Nu tänker hon tvärtom. Att tratten blir vidare ju äldre vi blir och ju mer erfarenheter vi har med oss."
291185,4807880,Martina Haag - Vinter 2013/14,2014-01-01,2014,Vinter,https://www.sverigesradio.se/avsnitt/291185,https://static-cdn.sr.se/laddahem/podradio/sommar_i_p1/2014/01/sommar_i_p1_20140101_1500_35955c4.mp3,3490,55877521,https://static-cdn.sr.se/images/2071/3097820_2048_1152.jpg,,"FÖRFATTARE, MANUSFÖRFATTARE, SKÅDESPELARE. Martina Haag satsar på att få den mest löpovilligaste att börja springa. Det är nu det börjar! Ditt nya liv!"
386099,4987596,Jason ”Timbuktu” Diakité 2014,2014-06-21,2014,Sommar,https://www.sverigesradio.se/avsnitt/386099,https://static-cdn.sr.se/laddahem/podradio/sommar_i_p1/2014/06/sommar__vinter_i_p1_jason_timbuktu_diakit_2014_20240916_1334357808.mp3,2810,45576349,https://static-cdn.sr.se/images/2071/3300107_2048_1152.jpg,,"Musiker, artist, programledare I sitt Sommarprogram berättade musikern, artisten och programledaren Jason ”Timbuktu” Diakité om det som ledde fram till hans omtalade framträdande i riksdagen hösten 2013. - Det här är en berättelse om varför jag - som är född och uppvuxen i Sverige - behövde ställa mig i riksdagen och visa mitt svenska pass."
386120,4990255,Sanna Nielsen 2014,2014-06-22,2014,Sommar,https://www.sverigesradio.se/avsnitt/386120,https://static-cdn.sr.se/laddahem/podradio/sommar_i_p1/2014/06/sommar__vinter_i_p1_sanna_nielsen_2014_20240916_1506500137.mp3,3284,53162486,https://static-cdn.sr.se/images/2071/3300108_2048_1152.jpg,,"Artist I Sanna Nielsens Sommarprogram berättade hon om sina första år som sångerska. Hon var bara elva år när hon började sjunga professionellt, och då hade hon redan tävlat i musik i flera år. Hon blev den yngsta som någonsin legat etta på Svensktoppen. Sanna Nielsens program är också en kärleksförklaring till pojkvännen Joakim och hon avslutade programmet med att säga att skulle han fria till henne, så skulle hon svara med orden ”Du är det finaste jag vet”."
386826,4990372,Nathalia Edenmont 2014,2014-06-23,2014,Sommar,https://www.sverigesradio.se/avsnitt/386826,https://static-cdn.sr.se/laddahem/podradio/sommar_i_p1/2014/06/sommar__vinter_i_p1_nathalia_edenmont_2014_20240916_1347274288.mp3,3788,61233900,https://static-cdn.sr.se/images/2071/3300109_2048_1152.jpg,,"Fotokonstnär Fotokonstnären Nathalia Edenmont berättade i sitt Sommarprogram om sin uppväxt i Ukraina och om sina kontroversiella konstverk. Mycket kom att handla om hennes föräldrar. Nathalia Edenmont berättade om hur hon gick från att vara städerska i Sverige till att bli uppburen konstnär. Hon beskrev också sina omstridda konstprojekt där döda djur ingår och hur hon hämtades till polisförhör. - Jag skulle förhöras om några kaniner, en katt, en höna, och en hummer."
386827,4991255,Johan Croneman 2014,2014-06-24,2014,Sommar,https://www.sverigesradio.se/avsnitt/386827,https://static-cdn.sr.se/laddahem/podradio/sommar_i_p1/2014/06/sommar__vinter_i_p1_johan_croneman_2014_20240916_1351418269.mp3,3309,53572262,https://static-cdn.sr.se/images/2071/3302685_2048_1152.jpg,,"Journalist, tv-kritiker, krönikör Kritikern och krönikören Johan Croneman ville i sitt Sommar göra upp med myten om att Sverige var vänstervridet under 70-talet. Det var tvärtom, menade han. ”Sverige var ett rätt borgerligt sinnat, USA-vänligt land, protesterna mot Vietnamkriget var omfattande - men de var ännu större i Tyskland, Frankrike, Italien - och framförallt i USA”, sa han i programmet och berättade om att han ofta fick springa långt när han hade FNL-märket på kavajslaget i högstadiet."
386828,4992225,Antje Jackelén 2014,2014-06-25,2014,Sommar,https://www.sverigesradio.se/avsnitt/386828,https://static-cdn.sr.se/laddahem/podradio/sommar_i_p1/2014/06/sommar_i_p1_20140625_1500_27f89fb.mp3,3778,61070891,https://static-cdn.sr.se/images/2071/3298474_2048_1152.jpg,,"Ärkebiskop i Svenska kyrkan I ett gränsöverskridande program berättade Antje Jackelén om hur människor vi möter kan vara mer lika Jesus än man tror: ”Människor, liksom Jesus, ofta missförstådda, men obevekliga i sin kärlek”, sade hon. Jackelén berättade också hur det är att bli kallad ”häxa” av en vetenskapsman och hur man som präst utkräver hämnd för denna förolämpning."
386829,4980700,Johan Theorin 2014,2014-06-26,2014,Sommar,https://www.sverigesradio.se/avsnitt/386829,https://static-cdn.sr.se/laddahem/podradio/sommar_i_p1/2014/06/sommar__vinter_i_p1_johan_theorin_2014_20240916_1352245167.mp3,2686,43024930,https://static-cdn.sr.se/images/2071/3300121_2048_1152.jpg,,"Författare, journalist. I författaren Johan Theorins sommarprogram återberättade han flera mystiska och oförklarliga fenomen som han stött på och som han samlat på genom åren. Allt från mystiska flygande eldklot till främmande ubåtar. Och vid ett tillfälle var han själv med om att bidra till det oförklarliga..."
386830,4992517,Simon Kyaga 2014,2014-06-27,2014,Sommar,https://www.sverigesradio.se/avsnitt/386830,https://static-cdn.sr.se/laddahem/podradio/sommar_i_p1/2014/06/sommar__vinter_i_p1_simon_kyaga_2014_20240916_1352429156.mp3,3117,50499752,https://static-cdn.sr.se/images/2071/3300123_2048_1152.jpg,,"Överläkare i psykiatri, forskare Simon Kyaga är överläkaren i psykiatri som inte kunde sluta forska på kreativitet – trots att detta forskningsämne har beskrivits som en ”begravningsplats där forskningskarriärer inleds och dör ut.” Han frågade sig om det ligger någon sanning i den gamla myten att galenskap är nära sammankopplat med genialitet och kreativitet, och tillsammans med sina forskarkollegor tog han reda på svaret."
386831,4995177,Ingalill Mosander 2014,2014-06-28,2014,Sommar,https://www.sverigesradio.se/avsnitt/386831,https://static-cdn.sr.se/laddahem/podradio/sommar_i_p1/2014/06/sommar__vinter_i_p1_ingalill_mosander_2014_20240916_1357235019.mp3,3607,58330993,https://static-cdn.sr.se/images/2071/3302701_2048_1152.jpg,,"Räddades av en stark vind Journalisten Ingalill Mosander inleder med att berätta om när hon och maken befann sig mitt i det skräckfyllda kaoset på lyxkryssaren Costa Concordia, som gick på grund utanför Italien 2012. - Det känns som jag är med i en skräckfilm, sa hon i programmet. Hon hanterade händelsen genom att gå in i sin journalistroll. När livbåten hon och maken kommit ned i, väl kom iland kastade hon sig på telefonen för att rapportera om det hela till nattchefen på Aftonbladet."
387523,4996262,Fredrik Wikingsson 2014,2014-06-29,2014,Sommar,https://www.sverigesradio.se/avsnitt/387523,https://static-cdn.sr.se/laddahem/podradio/sommar_i_p1/2014/06/sommar__vinter_i_p1_fredrik_wikingsson_2014_20240916_1357470512.mp3,3341,54079004,https://static-cdn.sr.se/images/2071/3300193_2048_1152.jpg,,"”Det är därför man ska hänga med gamlingar” Journalisten och programledaren Fredrik Wikingsson spelade in sitt andra Sommarprogram på sin farmors äldreboende i Trollhättan den dag hon fyllde 90 år. I sitt program, en eskapad av anekdoter, berättade Wikingsson om magnetiska människor, myter om porrfilmer på VHS och bjöd på en hyllning till gamla personer."
391830,4996265,Anders Bárány 2014,2014-06-30,2014,Sommar,https://www.sverigesradio.se/avsnitt/391830,https://static-cdn.sr.se/laddahem/podradio/sommar_i_p1/2014/06/sommar__vinter_i_p1_anders_brny_2014_20240916_1358064741.mp3,3305,53508458,https://static-cdn.sr.se/images/2071/3300122_2048_1152.jpg,,Fysiker I sitt Sommarprogram berättade fysikprofessor emeritus Anders Bárány om spelet bakom Nobelpriset. Numera får forskare tillgång till protokoll och liknande som är minst 50 år gamla. Báránys farfar Robert fick Nobelpriset mitt under första världskriget för att han upptäckt hur balanssinnet fungerar. Bárány själv var återhållen om hur det går till med Nobelpriset nuförtiden. Han är nämligen själv med och utser Nobelpristagare i Fysik.
391876,4996267,Helene Ripa 2014,2014-07-01,2014,Sommar,https://www.sverigesradio.se/avsnitt/391876,https://static-cdn.sr.se/laddahem/podradio/sommar_i_p1/2014/07/sommar__vinter_i_p1_helene_ripa_2014_20240916_1358310928.mp3,2818,45713871,https://static-cdn.sr.se/images/2071/3300135_2048_1152.jpg,,"Elitidrottare, art director, typograf Guldmedaljören från Paralympics i Sotji gjorde sitt Sommarprogram till en kärleksförklaring. Maken och svärföräldrarna stod i centrum för Helene Ripas program där hon berättade om vägen till de paralympiska framgångarna. En framgång som inte alls var självklar."
391923,4996269,Evabritt Strandberg 2014,2014-07-02,2014,Sommar,https://www.sverigesradio.se/avsnitt/391923,https://static-cdn.sr.se/laddahem/podradio/sommar_i_p1/2014/07/sommar__vinter_i_p1_evabritt_strandberg_2014_20240916_1358513337.mp3,2921,47352549,https://static-cdn.sr.se/images/2071/3300137_2048_1152.jpg,,"Skådespelerska, sångerska, artist Det var kändistätt när 71-åriga Evabritt Strandberg berättade episoder ur sitt liv som skådespelerska och artist. Såväl Ingmar Bergman och Sven-Bertil Taube har spelat avgörande roller i hennes liv. Hon avslöjade bland annat att hon en gång brutit sig in i Sven-Bertil Taubes sommarstuga och blivit tagen av den spanska polisen."
391970,5000841,Andreas Dregen 2014,2014-07-03,2014,Sommar,https://www.sverigesradio.se/avsnitt/391970,https://static-cdn.sr.se/laddahem/podradio/sommar_i_p1/2014/07/sommar__vinter_i_p1_andreas_dregen_2014_20240916_1359178160.mp3,3466,56083969,https://static-cdn.sr.se/images/2071/3300141_2048_1152.jpg,,"Musiker Sommar med rockmusikern Dregen från småländska Nässjö handlade både om kärleken, livet och musiken. Hårdrocken var den röda tråden och han berättade om resan från 9-åringens Kiss-konserter i vardagsrummet via tonårens eviga harvande i replokalerna till dess att genombrottet kom med både Hellacopters och Backyard Babies – i stort sett samtidigt."
392013,4979882,Morton Narrowe 2014,2014-07-04,2014,Sommar,https://www.sverigesradio.se/avsnitt/392013,https://static-cdn.sr.se/laddahem/podradio/sommar_i_p1/2014/07/sommar__vinter_i_p1_morton_narrowe_2014_20240916_1359457147.mp3,3721,59583425,https://static-cdn.sr.se/images/2071/3300151_2048_1152.jpg,,"Rabbin I sitt Sommarprogram berättade 82-årige rabbinen Morton Narrowe om sitt liv i den judiska församlingen i Stockholm. Han berättade att de flesta i församlingen bestod av de nazistiska dödslägrens överlevande och deras barn. Han berättade också att de var tveksamma till honom. Han var ung, han kom från USA, och hade inte samma fruktansvärda erfarenheter."
392035,5002986,Edda Magnason 2014,2014-07-05,2014,Sommar,https://www.sverigesradio.se/avsnitt/392035,https://static-cdn.sr.se/laddahem/podradio/sommar_i_p1/2014/07/sommar__vinter_i_p1_edda_magnason_2014_20240916_1400120288.mp3,2743,44504271,https://static-cdn.sr.se/images/2071/3300152_2048_1152.jpg,,"Edda Magnason berättade om sitt liv inte bara som skådespelerska och sångerska, utan också som diabetiker. Hon var bara elva år gammal när hon blev törstig. - Allt jag tänkte på var vatten. Det var mitt största intresse. Ändå var det som att törsten inte gick att släcka. Du har ätit för mycket saltkorv, sa de till mig."
392062,5004343,Lars Palmgren 2014,2014-07-06,2014,Sommar,https://www.sverigesradio.se/avsnitt/392062,https://static-cdn.sr.se/laddahem/podradio/sommar_i_p1/2014/07/sommar__vinter_i_p1_lars_palmgren_2014_20240916_1400309849.mp3,3324,53814594,https://static-cdn.sr.se/images/2071/3300153_2048_1152.jpg,,"Journalist, utrikeskorrespondent, författare I ett tillbakablickande Sommarprogram berättade Sveriges Radios förre korrespondent Lars Palmgren om hur han, ofrivilligt, smugglade vapen åt gerilla i Sydamerika."
396865,5005188,Linda Nordin 2014,2014-07-07,2014,Sommar,https://www.sverigesradio.se/avsnitt/396865,https://static-cdn.sr.se/laddahem/podradio/sommar_i_p1/2014/07/sommar__vinter_i_p1_linda_nordin_2014_20240916_1403253935.mp3,3132,50733447,https://static-cdn.sr.se/images/2071/3300164_2048_1152.jpg,,"Generalsekreterare, statsvetare I sitt Sommarprogram berättade FN-förbundets generalsekreterare Linda Nordin om mänskliga rättigheter, men också om vår syn på människor utanför Sverige. Och det satte henne på kollisionskurs med ett mjölkföretag."
396903,5003855,Kjell Westö 2014,2014-07-08,2014,Sommar,https://www.sverigesradio.se/avsnitt/396903,https://static-cdn.sr.se/laddahem/podradio/sommar_i_p1/2014/07/sommar_i_p1_20140708_1500_3dcf2e6.mp3,3093,50117367,https://static-cdn.sr.se/images/2071/3300163_2048_1152.jpg,,"Författare. Den prisade finske författaren Kjell Westö blev nedsparkad för fyra år sedan, mitt under en inspelning av en dokumentär. - Jag hann inte se något, plötsligt bara kände jag hur nånting träffade mig hårt i smalbenet och i följande ögonblick låg jag vågrätt i luften, för att bråkdelen av en sekund senare landa tungt på vänster sida. När jag låg där på den iskalla gatan och försökte förstå vad som hänt, insåg jag snabbt att jag hade blivit nersparkad bakifrån."
396941,5006380,Linda Pira 2014,2014-07-09,2014,Sommar,https://www.sverigesradio.se/avsnitt/396941,https://static-cdn.sr.se/laddahem/podradio/sommar_i_p1/2014/07/sommar__vinter_i_p1_linda_pira_2014_20240916_1404125897.mp3,2421,39365795,https://static-cdn.sr.se/images/2071/3300160_2048_1152.jpg,,"Rappare, artist Hiphop-stjärnan Linda Pira berättade om en strulig tonårstid i sitt Sommarprogram. - Från att jag hade varit tillbakadragen och observerande när jag var liten. Men lika blyg och ihopknäppt som jag var innan, lika utåtagerande och högljudd var jag nu."
396979,5008423,Fredrik ”Benke” Rydman 2014,2014-07-10,2014,Sommar,https://www.sverigesradio.se/avsnitt/396979,https://static-cdn.sr.se/laddahem/podradio/sommar_i_p1/2014/07/sommar__vinter_i_p1_fredrik_benke_rydman_2014_20240916_1406022893.mp3,4083,65943390,https://static-cdn.sr.se/images/2071/3300171_2048_1152.jpg,,"DANSARE, KOREOGRAF. Fredrik ”Benke” Rydman om sitt liv som dansare – allt från gymnasietiden då han kallades Benke bensprätt till när han och dansgruppen Bounce uppträdde i Globen i Stockholm. - Jag har under mina 30 år som dansare och koreograf aldrig träffat några som har jobbat så hårt, repat så mycket och uppoffrat så mycket som Bounce. Vi hade aldrig kommit någon vart om vi inte satsat alla pengarna till att göra scenografi, kläder, ljus och allt annat som behövs för en föreställning."
397017,5009123,Sofia Helin 2014,2014-07-11,2014,Sommar,https://www.sverigesradio.se/avsnitt/397017,https://static-cdn.sr.se/laddahem/podradio/sommar_i_p1/2014/07/sommar__vinter_i_p1_sofia_helin_2014_20240916_1512414722.mp3,3573,57793454,https://static-cdn.sr.se/images/2071/3300170_2048_1152.jpg,,"Skådespelare I ett öppenhjärtigt Sommarprogram berättade skådespelerskan Sofia Helin om sin kamp mot depressionerna som plågar henne. Det började tidigt och hon har sökt sig till många olika ställen. - Hypnosterapi, psykosyntesterapi, medberoendeterapi, kbt-terapi, feldenkreisterapi, alexanderteknikterapi, rosenterapi, parterapi, gruppterapi och psykodynamisk samtalsterapi. Allt testar jag med samma entusiasm, sa Sofia Helin."
397038,5011189,Jeppe Wikström 2014,2014-07-12,2014,Sommar,https://www.sverigesradio.se/avsnitt/397038,https://static-cdn.sr.se/laddahem/podradio/sommar_i_p1/2014/07/sommar__vinter_i_p1_jeppe_wikstrom_2014_20240916_1512315591.mp3,3518,56916217,https://static-cdn.sr.se/images/2071/3345441_2048_1363.jpg,,"Fotograf, bokförläggare. Jeppe Wikström var bara sexton år när han tog sina första sensationella bilder. Numera är han inte bara fotograf, utan också bokförläggare, men han berättade i sitt sommar om skottlossningen. - Jag höll på att lära min lillebror att fotografera när jag hörde de första skotten. Längre ner såg jag någon som sprang runt hörnet med ett vapen och jag reagerade instinktivt – jag sprang efter, med kameran i högsta hugg."
397055,5009702,Börje Salming 2014,2014-07-13,2014,Sommar,https://www.sverigesradio.se/avsnitt/397055,https://static-cdn.sr.se/laddahem/podradio/sommar_i_p1/2014/07/sommar__vinter_i_p1_borje_salming_2014_20250206_1001416882.mp3,2990,48456817,https://static-cdn.sr.se/images/2071/3300183_2048_1152.jpg,,"ISHOCKEYSPELARE, ENTREPRENÖR. En av Sveriges största hockeylegender sparade inte på blodet när han gav lyssnarna en inblick i proffslivet."
400083,5009532,Therése Söderlind 2014,2014-07-14,2014,Sommar,https://www.sverigesradio.se/avsnitt/400083,https://static-cdn.sr.se/laddahem/podradio/sommar_i_p1/2014/07/sommar__vinter_i_p1_therse_soderlind_2014_20240916_1413152612.mp3,3200,51820373,https://static-cdn.sr.se/images/2071/3300184_2048_1152.jpg,,"Författare. I sitt Sommarprogram berättade författaren Therése Söderlind om sitt författarskap och om allt hon insett med åren. - Som författare gör man det hela tiden. Man är otrogen. Man sviker sina barn. Man bekantar sig med människor som andra undviker. Just de kan man umgås med utöver det vanliga, de – tillbringar man månader och kanske år med."
400121,5012808,Marianne Bernadotte 2014,2014-07-15,2014,Sommar,https://www.sverigesradio.se/avsnitt/400121,https://static-cdn.sr.se/laddahem/podradio/sommar_i_p1/2014/07/sommar__vinter_i_p1_marianne_bernadotte_2014_20240916_1415448032.mp3,3791,61277919,https://static-cdn.sr.se/images/2071/3302711_2048_1152.jpg,,"Filantrop, skådespelerska, hedersdoktor Grevinnan Marianne Bernadottes olika epitet genomsyrade hennes Sommarprogram som sändes på hennes 90 årsdag. Programmet tog avstamp i uppväxtåren i Skåne och åren som skådespelare på Dramaten under 40- och 50-talen. Hon berättade också om mötet med sin förste man, kallad Toto, som var av kinesisk härkomst och underströk vikten av mångfald och vidsynthet. I programmet pratade hon också mycket om inspiration och om sin kärlek till både konst- och vetenskap."
400162,5009529,Sebastian Kirppu 2014,2014-07-16,2014,Sommar,https://www.sverigesradio.se/avsnitt/400162,https://static-cdn.sr.se/laddahem/podradio/sommar_i_p1/2014/07/sommar__vinter_i_p1_sebastian_kirppu_2014_20240916_1421065900.mp3,3297,53373079,https://static-cdn.sr.se/images/2071/3302720_2048_1152.jpg,,"Skogsbiolog, Lyssnarnas Sommarvärd 2014 Lyssnarnas Sommarvärd, Sebastian Kirppu, höll löftet som gett honom flest röster – han tog med sig svenska folket ut i naturskog. Det blev en omväxlande resa bland knott och lavar. I vad Kirppu kallade ”naturskogens liv och lust”. Han talade sig också varm för skogens roll i Sverige. -Naturen kan bli väldigt orättvist behandlad av oss människor och då tänker jag – om naturen inte har någon röst, kan jag vara den rösten."
400200,5014502,Navid Modiri 2014,2014-07-17,2014,Sommar,https://www.sverigesradio.se/avsnitt/400200,https://static-cdn.sr.se/laddahem/podradio/sommar_i_p1/2014/07/sommar__vinter_i_p1_navid_modiri_2014_20240916_1422222913.mp3,2851,46235048,https://static-cdn.sr.se/images/2071/3300233_2048_1152.jpg,,"Kommunikatör, artist, programledare Navid Modiri om mellanförskap. Hur det känns att höra hemma på två platser, men ändå ingenstans. - Under hela min skolgång blev jag mobbad av två grupper: svenskarna mobbade mig för att jag var svartskalle och svartskallarna mobbade mig för att jag pratade perfekt svenska. Jag var inte utanför. Jag var mellanför. Men mellanförskapet hade sina fördelar. Jag blev bra på att lyssna, på att anpassa mitt språk, på att ställa frågor, på att hitta sätt att passa in."
400239,5017437,Martina Montelius 2014,2014-07-18,2014,Sommar,https://www.sverigesradio.se/avsnitt/400239,https://static-cdn.sr.se/laddahem/podradio/sommar_i_p1/2014/07/sommar__vinter_i_p1_martina_montelius_2014_20240916_1423278371.mp3,3718,60104916,https://static-cdn.sr.se/images/2071/3302723_2048_1152.jpg,,"Författare, dramatiker, teaterchef I sitt direktsända Sommarprogram berättade dramatikern och författaren Martina Montelius om anonyma försändelser som hon fått. Det senaste hon fick anonymt var en bok. Hon talade sig också varm för det hon kallade kulturtanter. - Ni vet att kulturtanterna, Sveriges kanske främsta rebelliska folkrörelse, kan ha vilken ålder och vilket kön som helst. Det enda som krävs för att erövra det mycket stolta epitetet “kulturtant” är att man passionerat älskar kultur."
400261,5017713,Jonas Eriksson 2014,2014-07-19,2014,Sommar,https://www.sverigesradio.se/avsnitt/400261,https://static-cdn.sr.se/laddahem/podradio/sommar_i_p1/2014/07/sommar__vinter_i_p1_jonas_eriksson_2014_20240916_1437300625.mp3,3385,54785473,https://static-cdn.sr.se/images/2071/3298596_2048_1152.jpg,,"Fotbollsdomare, entreprenör I Jonas Erikssons Sommarprat blev det mycket fotboll. Han berättade om vad som hände bakom kulisserna efter att han dömt matchen mellan Brasilien och Kamerun. En match som Kamerun förlorade. Jonas Eriksson sammanfattade det så här: ”En domare kan aldrig vinna en match, men närmare en seger än den känslan vi hade i omklädningsrummet kommer man nog aldrig.”"
400278,5016327,Monika Ahlberg 2014,2014-07-20,2014,Sommar,https://www.sverigesradio.se/avsnitt/400278,https://static-cdn.sr.se/laddahem/podradio/sommar_i_p1/2014/07/sommar__vinter_i_p1_monika_ahlberg_2014_20240916_1438283108.mp3,3291,53275941,https://static-cdn.sr.se/images/2071/3300245_2048_1152.jpg,,"Kock, författare, dansare Kocken och författarinnan Monika Ahlberg berättade om vägen till bokkontrakten och om hur det är att driva café. Hon berättade om turerna på Theilska Galleriet, där hon driver café. Det blev en annorlunda start för Monika Ahlberg, som tidigare gjort succé på Rosendahls trädgård. Men på Thielska var det karusell."
403967,5019242,Athena Farrokhzad 2014,2014-07-21,2014,Sommar,https://www.sverigesradio.se/avsnitt/403967,https://static-cdn.sr.se/laddahem/podradio/sommar_i_p1/2014/07/sommar__vinter_i_p1_athena_farrokhzad_2014_20240916_1439439395.mp3,3673,59386142,https://static-cdn.sr.se/images/2071/3302735_2048_1152.jpg,,"Poet, dramatiker, översättare Athena Farrokhzad använde i sitt Sommarprogram dikter skrivna av poeter från hela världen för att beskriva hur hon ser på världen och samhället idag. Hon pratade om fascism och rasism och om den antirasistiska kampen."
404004,5039594,Per Fritzell 2014,2014-07-22,2014,Sommar,https://www.sverigesradio.se/avsnitt/404004,https://static-cdn.sr.se/laddahem/podradio/sommar_i_p1/2014/07/sommar__vinter_i_p1_per_fritzell_2014_20240916_1440013662.mp3,3020,48946466,https://static-cdn.sr.se/images/2071/3300249_2048_1152.jpg,,"Komiker, skådespelare, artist Per Fritzell berättar många minnen från ett långt liv på scenen och han erkänner att han inte hade någon större erfarenhet av husvagnar..."
404043,5021238,Baker Karim 2014,2014-07-23,2014,Sommar,https://www.sverigesradio.se/avsnitt/404043,https://static-cdn.sr.se/laddahem/podradio/sommar_i_p1/2014/07/sommar__vinter_i_p1_baker_karim_2014_20240916_1440184855.mp3,4117,66497678,https://static-cdn.sr.se/images/2071/3300241_2048_1152.jpg,,"Långfilmskonsulent, regissör Filmkonsulenten och regissören Baker Karim berättade om dramatiken i sitt Sommarprogram. - Första månaden som jag bodde i Hollywood blev jag beskjuten av en galen granne - han sköt mot mig - tre skott! - när jag hotade att ringa polisen om han inte slutade spöa skiten ur sin fru. Det var inte stjärnornas Hollywood jag hamnat i. Hollywood på den tiden var en plats av förfall, desperation."
404081,5021427,Mette Rode Sundstrøm 2014,2014-07-24,2014,Sommar,https://www.sverigesradio.se/avsnitt/404081,https://static-cdn.sr.se/laddahem/podradio/sommar_i_p1/2014/07/sommar__vinter_i_p1_mette_rode_sundstrm_2014_20240916_1440381101.mp3,3789,61243521,https://static-cdn.sr.se/images/2071/3302740_2048_1152.jpg,,"Vd, konstsamlare - I Sommar vil jeg berette om mit livs forunderlige rejse. Om at overleve en livskrise, om at demokratisere auktionsbranchen, om at leda en Passionsfabrik, om mångfald inom kunst och inretning, om verdens største kærlighetserklæring, om at jobba med sin mand (uden at blive skilt), om at vågne op som vinbonde – och om at slå svenske rötter."
404118,5022782,Oskar Kihlborg 2014,2014-07-25,2014,Sommar,https://www.sverigesradio.se/avsnitt/404118,https://static-cdn.sr.se/laddahem/podradio/sommar_i_p1/2014/07/sommar__vinter_i_p1_oskar_kihlborg_2014_20240916_1512074583.mp3,2848,46198026,https://static-cdn.sr.se/images/2071/3302747_2048_1152.jpg,,"Äventyrare, fotograf, föreläsare Äventyraren Oskar Kihlborg tog med sig lyssnarna på en resa till världens ände och tillbaka – med både stegjärn, longboard och roddbåt. Hans program tog sitt avstamp på Lhotse, världens fjärde högsta berg, där Oskar och hans kompanjon Mikael Reuterswärd blev första skandinaver på toppen, på samma sätt som de blev de första svenskarna på Mount Everest, något som Oskar även berör i sitt Sommarprogram."
404139,5018113,Christian Falk 2014,2014-07-26,2014,Sommar,https://www.sverigesradio.se/avsnitt/404139,https://static-cdn.sr.se/laddahem/podradio/sommar_i_p1/2014/07/sommar__vinter_i_p1_christian_falk_2014_20240916_1444387227.mp3,2410,39180173,https://static-cdn.sr.se/images/2071/3302766_2048_1152.jpg,,"Musiker, musikproducent Musikern Christian Falk hann sorgligt nog gå bort innan hans Sommarprogram sändes, men i enlighet med önskemål från honom själv samt från familjen sändes programmet ändå som planerat. Programmet inleddes med att Christian Falk berättade om sin sjukdom och att han kanske inte skulle bli äldre än 52 år, precis som en av sina idoler: Frank Zappa."
404156,5018114,Åsa Larsson 2014,2014-07-27,2014,Sommar,https://www.sverigesradio.se/avsnitt/404156,https://static-cdn.sr.se/laddahem/podradio/sommar_i_p1/2014/07/sommar_i_p1_20140727_1500_3b38015.mp3,3044,49328410,https://static-cdn.sr.se/images/2071/3302771_2048_1152.jpg,,"Författare, jurist Åsa Larssons Sommarprogram är två berättelser i en: det är författarinnan som är på PR-turné i Paris, och om familjen i Tornedalen – familjen, vars mormor började arbeta som piga då hon var tolv och gifte sig lastgammal – 27 år. En historia om att tappa sin egen berättelse, att man måste skämmas både för sitt språk och sitt arv – tornedalsfinskan och mormors och morfars nybyggarkunskap."
407648,5026024,Anna von Bayern 2014,2014-07-28,2014,Sommar,https://www.sverigesradio.se/avsnitt/407648,https://static-cdn.sr.se/laddahem/podradio/sommar_i_p1/2014/07/sommar__vinter_i_p1_anna_von_bayern_2014_20240916_1445091601.mp3,3326,53833878,https://static-cdn.sr.se/images/2071/3300211_2048_1152.jpg,,"Journalist, författare, prinsessa - ”Det förflutna är inte dött, det är inte ens förflutet”, sa William Faulkner. Om ett liv mellan Sverige och Tyskland, mellan tradition och emancipation, vill jag berätta. Välkommen till mitt program om du vill veta varför det är så nyttigt att polarisera och du aldrig ska lita på någon som tror sig veta sanningen."
407685,5026518,Po Tidholm 2014,2014-07-29,2014,Sommar,https://www.sverigesradio.se/avsnitt/407685,https://static-cdn.sr.se/laddahem/podradio/sommar_i_p1/2014/07/sommar__vinter_i_p1_po_tidholm_2014_20240916_1446297351.mp3,3223,52185631,https://static-cdn.sr.se/images/2071/3300229_2048_1152.jpg,,"Författare, journalist. Po Tidholms Sommarprogram blev en exkursion till Norrland – det land som blev ”den koloni som Sverige saknade”. Hans program berättar om ett land som sakta men säkert läggs ned och som långtradare och stadsjeepar åker förbi på väg mellan storstäder och skidorter. Norrland, berättar han, har blivit en koloni från vilken man tar naturresurser och de enda som reser dit är turister som ska se norrskenet och veckopendlande gruvarbetare."
407723,5027342,Caroline Winberg 2014,2014-07-30,2014,Sommar,https://www.sverigesradio.se/avsnitt/407723,https://static-cdn.sr.se/laddahem/podradio/sommar_i_p1/2014/07/sommar__vinter_i_p1_caroline_winberg_2014_20240916_1446492573.mp3,3160,51186497,https://static-cdn.sr.se/images/2071/3300206_2048_1152.jpg,,"SUPERMODELL. “Det fanns ingen bättre känsla än när ens agent ringde och sa “du fick det”, berättar supermodellen Caroline Winberg om glädjen att bli bokad på sina första modelljobb då hon hade flyttat till Paris för att bli modell. Det var i Paris som Caroline lärde sig att bli vuxen, tiden hon gjorde sina första misstag – och såg på löpsedlarna hur journalister och tidningar förvrängde dessa och gjorde henne skeptisk till journalister, något som är sant än idag."
407761,5029513,Henrik Stenson 2014,2014-07-31,2014,Sommar,https://www.sverigesradio.se/avsnitt/407761,https://static-cdn.sr.se/laddahem/podradio/sommar_i_p1/2014/07/sommar__vinter_i_p1_henrik_stenson_2014_20240916_1447043285.mp3,2932,47541295,https://static-cdn.sr.se/images/2071/3298639_2048_1152.jpg,,"GOLFPROFFS. Henrik Stenson börjar sitt Sommar i P1 året 2001, med en dålig sving och en uppgivenhet. Det var starten på två års hårt arbete som till sist tog honom till toppen av golfvärlden. Hans program genomsyrades av glädjen att få uppleva pojkdrömmar och spela i Ryder Cup, och att få ha sin hobby som yrke. Det blev en resa fylld med anekdoter från golfens värld: som caddien utan byxor som endast hade en överdel av en träningsoverall att tillgå."
407800,5029658,Gunilla Palmstierna-Weiss 2014,2014-08-01,2014,Sommar,https://www.sverigesradio.se/avsnitt/407800,https://static-cdn.sr.se/laddahem/podradio/sommar_i_p1/2014/08/sommar__vinter_i_p1_gunilla_palmstiernaweiss_2014_20240916_1447236518.mp3,3765,60867739,https://static-cdn.sr.se/images/2071/3302779_2048_1152.jpg,,"Scenograf, kostymtecknare och keramiker Gunilla Palmstierna-Weiss Sommarprogram tog avstamp i hennes arv, hur hon föddes på ett Schweiziskt BB och blev uppfostrad av en svensk barnsköterska – för det var så det gick till på den tiden. Gunilla och hennes familj tvingades att fly genom Europa genom det turbulenta 30- och 40-talet då de var judiska. I krigets slutfas tog de sig till Sverige och Malmö."
407820,5044042,Steve Angello 2014,2014-08-02,2014,Sommar,https://www.sverigesradio.se/avsnitt/407820,https://static-cdn.sr.se/laddahem/podradio/sommar_i_p1/2014/08/sommar__vinter_i_p1_steve_angello_2014_20240916_1447388023.mp3,3322,53768261,https://static-cdn.sr.se/images/2071/3351939_2048_1152.jpg,,"Dj, musikproducent Han berättade historien om hur den DJ-trio han var en tredjedel av - Swedish House Mafia - erövrade världen och till sist blev profeter i sitt hemland, tack vare tre nu legendariska spelningar på då nybyggda Friends Arena med 120 000 sålda biljetter. ”Det var som att träffa sin familj på julafton”, berättade Angello. Det var en historia om gruppens uppgång och fall - från ett monster av kreativitet till ett monster av ansvar."
407837,5031740,Bea Uusma 2014,2014-08-03,2014,Sommar,https://www.sverigesradio.se/avsnitt/407837,https://static-cdn.sr.se/laddahem/podradio/sommar_i_p1/2014/08/sommar__vinter_i_p1_bea_uusma_20240916_1455010851.mp3,3101,50243885,https://static-cdn.sr.se/images/2071/3300225_2048_1152.jpg,,"Författare, illustratör, läkare. En mängd mysterier gäckade både lyssnaren och Bea Uusma i hennes Sommarprogram. Men framför allt är det en historia om hennes egen jakt på svaren i Andrée-expeditionen, där tre svenskar 1897 skulle nå - eller i alla fall passera - Nordpolen i vätgasballong. Expeditionen misslyckades fatalt och de dog på Vitön - en öde ö mitt i Ishavet, trots att de borde ha klarat vintern; de hade nog med mat, kläder och värme? Men likväl dog dom. Varför?"
412586,5032181,Nina Lagergren 2014,2014-08-04,2014,Sommar,https://www.sverigesradio.se/avsnitt/412586,https://static-cdn.sr.se/laddahem/podradio/sommar_i_p1/2014/08/sommar__vinter_i_p1_nina_lagergren_2014_20240916_1455304997.mp3,2948,47796370,https://static-cdn.sr.se/images/2071/3302781_2048_1152.jpg,,"Raoul Wallenbergs halvsyster Nina Lagergren berättade i sitt Sommar i P1 om gärningen hennes bror, Raoul Wallenberg, utförde och som hon nu vakar över. Det var en berättelse om sorgen i ett sargat och sörjande Europa, och hur Raoul försvann en Januaridag 1944. Nina berättade om hur han stannade hos dom i Berlin på väg för att arbeta hårdare; hur han egentligen skulle stannat en dag till, men åkte vidare för att kriget kallade, och kom aldrig tillbaka."
412624,5033377,Jesper Rönndahl 2014,2014-08-05,2014,Sommar,https://www.sverigesradio.se/avsnitt/412624,https://static-cdn.sr.se/laddahem/podradio/sommar_i_p1/2014/08/sommar_i_p1_20140805_1500_3e1d24c.mp3,3487,56421878,https://static-cdn.sr.se/images/2071/3298655_2048_1152.jpg,,"PROGRAMLEDARE, KOMIKER. Komikern och programledaren Jesper Rönndahl ägnade större delen av sitt Sommarprogram åt att ursäkta och instruera besserwisser-beteende."
412664,5033911,Alban ”Dr Alban” Nwapa 2014,2014-08-06,2014,Sommar,https://www.sverigesradio.se/avsnitt/412664,https://static-cdn.sr.se/laddahem/podradio/sommar_i_p1/2014/08/sommar__vinter_i_p1_alban_dr_alban_nwapa_2014_20240916_1457336617.mp3,2866,46484684,https://static-cdn.sr.se/images/2071/3302786_2048_1152.jpg,,"Artist, musikproducent, tandläkare Alban ”Dr Alban” Nwapa berättade i sitt Sommarprogram om mötet med Nelson Mandela. Det inträffade efter att han hållit en gratiskonsert i Soweto, men blivit stoppad av polisen. Han blev inbjuden till ANC:s högkvarter..."
412703,5036506,Bea Szenfeld 2014,2014-08-07,2014,Sommar,https://www.sverigesradio.se/avsnitt/412703,https://static-cdn.sr.se/laddahem/podradio/sommar_i_p1/2014/08/sommar__vinter_i_p1_bea_szenfeld_2014_20240916_1459222256.mp3,2466,40084267,https://static-cdn.sr.se/images/2071/3300189_2048_1152.jpg,,"Modedesigner, konstnär. Modedesignern och konstnären Bea Szenfeld lät sitt Sommarprogram handla om mode och konst. Men hon började med uppväxten i Polen och hur det var att leva med hotet av en sovjetisk invasion, när frihetlängtan började få fäste. Bea Szenfeld designade kläder som Lady Gaga bar i en musikvideo i våras. Kläderna var av vitt papper och ingick i vårkollektionen Haute Papier. "
412742,5037664,Bi Puranen 2014,2014-08-08,2014,Sommar,https://www.sverigesradio.se/avsnitt/412742,https://static-cdn.sr.se/laddahem/podradio/sommar_i_p1/2014/08/sommar_i_p1_20140808_1500_277c544.mp3,3896,62963823,https://static-cdn.sr.se/images/2071/3300236_2048_1152.jpg,,"Samhällsforskare, författare Den röda tråden i programmet är kunskap om våra värderingar, hur värderingar styr våra liv och handlingar. Exempel hämtas från tuberkulosens historia, kvinnors villkor i världen och fredsforskningen senaste rön. I sitt program berättar Bi Puranen också om sina erfarenheter av att arbeta med Sveriges största myndighet – Försvarsmakten. "
412763,5038247,Felix ”PewDiePie” Kjellberg 2014,2014-08-09,2014,Sommar,https://www.sverigesradio.se/avsnitt/412763,https://static-cdn.sr.se/laddahem/podradio/sommar_i_p1/2014/08/sommar__vinter_i_p1_felix_pewdiepie_kjellberg_20_20240916_1459585686.mp3,2807,45532545,https://static-cdn.sr.se/images/2071/3300175_2048_1152.jpg,,"Youtube-gigant Felix Kjellberg, eller som han är känd för de flesta av hans 30 miljoner prenumeranter, PewDiePie, berättade hur han har kommit dit han är idag: världens största på YouTube. Han berättade hur han för fyra år sedan var en borttappad tonåring som hoppade av skolan och spelade för mycket datorspel, och skulle börja jobba på heltid med att göra videor för YouTube."
412780,5038026,Annie Wegelius 2014,2014-08-10,2014,Sommar,https://www.sverigesradio.se/avsnitt/412780,https://static-cdn.sr.se/laddahem/podradio/sommar_i_p1/2014/08/sommar__vinter_i_p1_annie_wegelius_2014_20240916_1500187454.mp3,3911,63205553,https://static-cdn.sr.se/images/2071/3302794_2048_1152.jpg,,"Tv-pionjär, f.d. SVT-chef. I sitt Sommarprogram berättade Tv-drottningen Annie Wegelius att den cancer hon tidigare trott var borta har återkommit, och utan hopp om botemedel. Hennes program berättade om många av hennes satsningar genom åren, men hon återvände till sitt cancerbesked och pratade med lyssnarna om hur hon försökte hitta ett förhållningssätt."
414728,5033379,Agnes Wold 2014,2014-08-11,2014,Sommar,https://www.sverigesradio.se/avsnitt/414728,https://static-cdn.sr.se/laddahem/podradio/sommar_i_p1/2014/08/sommar__vinter_i_p1_agnes_wold_2014_20240916_1503216040.mp3,2978,48270122,https://static-cdn.sr.se/images/2071/3300185_2048_1152.jpg,,"Professor i klinisk bakteriologi, överläkare Agnes Wold gick till storms mot ett stort antal myter i sitt Sommarprogram. - Veckotidningar är fulla av förmaningar hur man ska passa på sina kroppsliga funktioner. På 50-talet skulle man behaga en karl - nu ska man behaga sina inre organ. Man ska passa på hur man andas och dricker och man ska vara glad och utvilad för att immunsystemet ska fungera. Men det behöver du inte alls göra, ägna din hjärna åt att tänka på något väsentligt i stället."
415502,5038244,Björn ”Nalle” Wahlroos 2014,2014-08-12,2014,Sommar,https://www.sverigesradio.se/avsnitt/415502,https://static-cdn.sr.se/laddahem/podradio/sommar_i_p1/2014/08/sommar__vinter_i_p1_bjorn_nalle_wahlroos_2014_20240916_1504130337.mp3,2991,48473318,https://static-cdn.sr.se/images/2071/3298675_2048_1152.jpg,,"Finansman, investerare, f.d. vd. Den finlandssvenske finansmannen och investeraren Björn Wahlroos, även kallad Nalle, valde i sitt Sommarprogram att gå i polemik med Thomas Pikkety, författare till boken Kapitalet i det 21:a århundrandet. Den franske ekonomens forskning om ekonomisk ojämlikhet har gjort honom till ett namn på alla politikers agendor de senaste månaderna. Men Wahlroos menade att, sett ur ett globalt perspektiv, så har världen gått åt precis motsatt håll mot vad Pikkety säger."
415541,5030085,Gunhild Carling 2014,2014-08-13,2014,Sommar,https://www.sverigesradio.se/avsnitt/415541,https://static-cdn.sr.se/laddahem/podradio/sommar_i_p1/2014/08/sommar__vinter_i_p1_gunhild_carling_2014_20240916_1504407081.mp3,3101,50243715,https://static-cdn.sr.se/images/2071/3298677_2048_1152.jpg,,"Musiker, sångerska Gunhild Carling bjöd P1-lyssnarna på ett musikaliskt äventyr när hon spelade och jazzade i sitt Sommarprogram. Hon berättade också om en nervös konsert i inför 10.000 åskådare i New York:"
415580,5043231,Svante Pääbo 2014,2014-08-14,2014,Sommar,https://www.sverigesradio.se/avsnitt/415580,https://static-cdn.sr.se/laddahem/podradio/sommar_i_p1/2014/08/sommar__vinter_i_p1_svante_paabo_2014_20240916_1504583912.mp3,2961,47993125,https://static-cdn.sr.se/images/2071/3298679_2048_1152.jpg,,"Forskare, biolog, professor Neandertalarna är inte utdöda. Det berättade forskaren och professorn Svante Pääbo i sitt Sommarprat. Efter att ha forskat om DNA i gamla ben, upptäckte han att många människor bär DNA från neandertalarna."
415619,5043704,Karin ”Kakan” Hermansson 2014,2014-08-15,2014,Sommar,https://www.sverigesradio.se/avsnitt/415619,https://static-cdn.sr.se/laddahem/podradio/sommar_i_p1/2014/08/sommar__vinter_i_p1_karin_kakan_hermansson_2014_20240916_1505147754.mp3,3567,57687938,https://static-cdn.sr.se/images/2071/3300208_2048_1152.jpg,,"Konstnär, programledare Karin ”Kakan” Hermanssons Sommarprat handlade till största delen om hennes vardag, och hur den präglas av homohat, kvinnohat och annat. Hon berättade att hon ständigt är rädd, men att hon har bestämt sig för att inte låta rädslan styra hennes liv, vare sig privat eller som offentlig person. Och så berättade hon om det Tv-program som hon gjorde med Jill Johnson i den amerikanska Södern."
414681,5018116,Loa Falkman 2014,2014-08-16,2014,Sommar,https://www.sverigesradio.se/avsnitt/414681,https://static-cdn.sr.se/laddahem/podradio/sommar_i_p1/2014/08/sommar__vinter_i_p1_loa_falkman_2014_20240916_1505283791.mp3,2588,42038118,https://static-cdn.sr.se/images/2071/3298689_2048_1152.jpg,,"Hovsångare, skådespelare, artist I ett tillbakablickande Sommarprogram berättade Loa Falkman bland mycket annat om sin tid på Operahögskolan. Han beskrev sig själv som i behov av mycket undervisning och sa att hans bror sagt att han lät som en startmotor om vintern. - Och när han ville vara riktigt elak, sa han att jag lät som en tenor, berättade Loa Falkman med glimten i ögat."
415658,5045847,Mustafa Can 2014,2014-08-17,2014,Sommar,https://www.sverigesradio.se/avsnitt/415658,https://static-cdn.sr.se/laddahem/podradio/sommar_i_p1/2014/08/sommar_i_p1_20140817_1500_1a0a07.mp3,3459,55964224,https://static-cdn.sr.se/images/2071/3300216_2048_1152.jpg,,"Journalist, författare Mustafa Cans tredje Sommarprogram är en berättelse om ett gammalt Sverige, en berättelse om fyra personer i Västerbottens inland som tillhör, som Mustafa själv säger ”den sista generationen som gick från myr och dike till räls och välfärd”. Det är fyra historier om drömmar och öden, om hur flottaren Bengt var tillfreds med sitt liv och i efterhand frågar sig själv varför han inte drömde och längtade till något annat. "
476814,5185684,Mustafa Can - Vinter 2014,2014-12-25,2014,Vinter,https://www.sverigesradio.se/avsnitt/476814,https://static-cdn.sr.se/laddahem/podradio/sommar_i_p1/2014/12/sommar_i_p1_20141225_1500_24fecc5.mp3,3318,53828627,https://static-cdn.sr.se/images/2071/3449658_2048_1152.jpg,,"Journalist, författare ”Och det hände sig vid den tiden”, heter det i Julevangeliet. I Mustafa Cans Vinterprogram händer det nu. I bibliska trakter vid den syriska gränsen, där Abraham en gång vallade sina får. Det är en modern berättelse, men ändå lika gammal som mänsklighetens kollektiva minne. Om flykt och uppbrott, drömmar och längtan."
476841,5180523,Tomas Sjödin - Vinter 2014,2014-12-26,2014,Vinter,https://www.sverigesradio.se/avsnitt/476841,https://static-cdn.sr.se/laddahem/podradio/sommar_i_p1/2014/12/sommar_i_p1_20141226_1500_21ef766.mp3,3476,56363145,https://static-cdn.sr.se/images/2071/3449660_2048_1152.jpg,,"Författare, pastor, föreläsare På annandagen berättar han om sitt livs röda tråd – tron – den som fört och burit honom från barndomens Ådalen till arbete i en multikulturell innerstadsförsamling med mer än 30 nationaliteter och stora sociala behov. Minnena av barnatron börjar vid ett fotografi från en söndagsskoleklass då han var fyra år."
476870,5184846,Nanne Grönvall - Vinter 2014,2014-12-27,2014,Vinter,https://www.sverigesradio.se/avsnitt/476870,https://static-cdn.sr.se/laddahem/podradio/sommar_i_p1/2014/12/sommar_i_p1_20141227_1500_3e00527.mp3,3210,52110261,https://static-cdn.sr.se/images/2071/3448731_2048_1152.jpg,,Artist Om hennes tidiga musikkarriär och den krokiga väg som ledde henne fram till kärlek. Hon berättar också vad julen innebär för henne. Hon fick tidigt i karriären höra att hon var ”den lilla fula” och att inga skivbolag ville satsa på henne. Med stöd av hennes nuvarande man Peter Grönvall jobbade de vidare på egen hand.
476892,7107073,Sara Danius - Vinter 2014,2014-12-28,2014,Vinter,https://www.sverigesradio.se/avsnitt/476892,https://static-cdn.sr.se/laddahem/podradio/mp/sommar_i_p1/2014/12/sommar_i_p1_20141228_1300_5da594bf.mp3,3182,50950523,https://static-cdn.sr.se/images/2071/3449663_2048_1152.jpg,,"LITTERATURHISTORIKER, FÖRFATTARE, AKADEMILEDAMOT. Hon berättar om sitt kommande uppdrag som Svenska Akademiens ständiga sekreterare och sin pågående cancerbehandling."
479148,5181226,Mattias Klum - Vinter 2014,2014-12-29,2014,Vinter,https://www.sverigesradio.se/avsnitt/479148,https://static-cdn.sr.se/laddahem/podradio/sommar_i_p1/2014/12/sommar_i_p1_20141229_1500_3837e6a.mp3,2911,47317297,https://static-cdn.sr.se/images/2071/3449655_2048_1152.jpg,,"Fotograf, filmare Hur intensiva möten med människor och djur kan vara lika spännande nu som när han började för trettio år sen. Spottkobror, möten i bastun, Hollywoodstjärnor och andra trivialiteter avhandlas också."
479149,5184140,Agnes Wold - Vinter 2014,2014-12-30,2014,Vinter,https://www.sverigesradio.se/avsnitt/479149,https://static-cdn.sr.se/laddahem/podradio/sommar_i_p1/2014/12/sommar_i_p1_20141230_1500_24db414.mp3,3370,54663595,https://static-cdn.sr.se/images/2071/3448729_2048_1152.jpg,,"Professor i klinisk bakteriologi, överläkare Det handlar om immunsystemet och allergi, varför det är meningslöst att städa och varför man inte behöver vara glad."
479150,5182812,Olof Wretling – Misslyckandena i mitt liv – Vinterprat 2014,2014-12-31,2014,Vinter,https://www.sverigesradio.se/avsnitt/479150,https://static-cdn.sr.se/laddahem/podradio/sommar_i_p1/2014/12/sommar_i_p1_20141231_1500_2342983.mp3,2797,45496071,https://static-cdn.sr.se/images/2071/3449653_2048_1152.jpg,,Skådespelare På nyårsafton pratar han om att misslyckas. Att snubbla på mållinjen. Att inte få till det lilla extra. När det knyter sig i det avgörande ögonblicket. Han vill berätta om när belöningen av allt tungt slit uteblir och om tomheten som ett misslyckande lämnar efter sig. Hur orättvist det är när hårt arbete och långa förberedelse resulterar i just ingenting. Det är ensamt på botten och så vackert från toppen.
479151,5178369,Lars Lerin - Vinter 2015 (jan),2015-01-01,2015,Vinter,https://www.sverigesradio.se/avsnitt/479151,https://static-cdn.sr.se/laddahem/podradio/sommar_i_p1/2015/01/sommar_i_p1_20150101_1500_364cb25.mp3,2820,45868892,https://static-cdn.sr.se/images/2071/3449654_2048_1152.jpg,,"Konstnär och författare En mix av längtan och trängtan, åldersförändring och tonårsbesvär, botox, invandring, vulkanutbrott och kråkkärlek. Och inte kommer han undan de brasilianska insekterna den här gången heller."
562300,5364325,Lena Olin 2015,2015-06-20,2015,Sommar,https://www.sverigesradio.se/avsnitt/562300,https://static-cdn.sr.se/laddahem/podradio/sommar_i_p1/2015/06/sommar__vinter_i_p1_lena_olin_2015_20240916_1515222117.mp3,3352,53783838,https://static-cdn.sr.se/images/2071/3530832_2048_1152.jpg,,SKÅDESPELARE. ”Kanske början på en terapeutisk process” så beskriver Lena Olin sitt Sommarprogram. För första gången berättar hon om hur hennes liv egentligen har varit.
562302,5364282,David Batra 2015,2015-06-21,2015,Sommar,https://www.sverigesradio.se/avsnitt/562302,https://static-cdn.sr.se/laddahem/podradio/sommar_i_p1/2015/06/sommar__vinter_i_p1_david_batra_2015_20240916_1515374737.mp3,3020,48463294,https://static-cdn.sr.se/images/2071/3530987_2048_1152.jpg,,"STÅUPPKOMIKER, SKÅDESPELARE, FÖRFATTARE. David Batras Sommarprogram handlar om en helt ny sida av komikern: Om den vuxna mannen som inte kan sluta tänka på klasskompisen Mikael som Batra var med och mobbade under alla åren i grundskolan; om vad som hänt med Mikael; vem han är idag. Lever han? Hur lever han? Och hur har åren då den lille töntige killen i pottfrisyr, hopplösa kläder och barnportfölj stod i centrum för klasskompisarnas löje, spe och fysiska förakt format hans fortsatta liv?"
562583,5366583,Siavosh Derakhti 2015,2015-06-22,2015,Sommar,https://www.sverigesradio.se/avsnitt/562583,https://static-cdn.sr.se/laddahem/podradio/sommar_i_p1/2015/06/sommar__vinter_i_p1_siavosh_derakhti_2015_20240916_1515560333.mp3,3259,52295724,https://static-cdn.sr.se/images/2071/3530999_2048_1152.jpg,,"SOCIAL ENTREPRENÖR, FÖRELÄSARE. Siavosh Derakhti är IG-eleven vars liv förändrades på gymnasiet. I sitt Sommarprogram berättar Siavosh om tvivlet och om glädjen att ha lärare som trodde på honom, trots att de gav honom IG-betyg, och passionen för att bygga broar."
562582,5364339,Heléne Anderson 2015,2015-06-23,2015,Sommar,https://www.sverigesradio.se/avsnitt/562582,https://static-cdn.sr.se/laddahem/podradio/sommar_i_p1/2015/06/sommar__vinter_i_p1_helne_anderson_2015_20240916_1516181597.mp3,2243,36038807,https://static-cdn.sr.se/images/2071/3534117_2048_1152.jpg,,"KONSTNÄR, F.D. KRIMINALINSPEKTÖR. Helene Anderson berättar i sitt Sommarprogram om att det är riskfritt att förfalska en tavla och kallar det för en ”framtidsbransch”."
562584,5364361,Kalle Moraeus 2015,2015-06-24,2015,Sommar,https://www.sverigesradio.se/avsnitt/562584,https://static-cdn.sr.se/laddahem/podradio/sommar_i_p1/2015/06/sommar__vinter_i_p1_kalle_moraeus_2015_20240916_1516350758.mp3,2997,48092124,https://static-cdn.sr.se/images/2071/3530724_2048_1152.jpg,,"MUSIKER, ARTIST, PROGRAMLEDARE. Kalle Moraeus tar med oss från en resa från födseln till medelåldern, i ett liv, som han själv säger, var präglat av musik från första sekund sen födseln. Allt i ett program som berörde både stort och smått"
562671,5367012,Terese Cristiansson 2015,2015-06-25,2015,Sommar,https://www.sverigesradio.se/avsnitt/562671,https://static-cdn.sr.se/laddahem/podradio/sommar_i_p1/2015/06/sommar_i_p1_20150625_1500_378d537.mp3,3192,51216005,https://static-cdn.sr.se/images/2071/3530980_2048_1152.jpg,,"JOURNALIST, UTRIKESKORRESPONDENT, FÖRFATTARE. Terese Cristiansson är utrikeskorrespondenten som i sitt Sommar berättar om orättvisorna, bristen på svar i krig och jakten på en flicka utan ansikte."
562696,5367278,Bengt Baron 2015,2015-06-26,2015,Sommar,https://www.sverigesradio.se/avsnitt/562696,https://static-cdn.sr.se/laddahem/podradio/sommar_i_p1/2015/06/sommar__vinter_i_p1_bengt_baron_2015_20240916_1517117966.mp3,3615,57981721,https://static-cdn.sr.se/images/2071/3531090_2048_1152.jpg,,"VD CLOETTA, F.D. ELITSIMMARE. Bengt Baron startar i OS-bassängen och tar med lyssnarna på en resa därifrån genom den fortsatta karriären inom näringslivet, där han ”sålt vodka, torsk och choklad”."
562699,5369419,Mona Malm 2015,2015-06-27,2015,Sommar,https://www.sverigesradio.se/avsnitt/562699,https://static-cdn.sr.se/laddahem/podradio/sommar_i_p1/2015/06/sommar__vinter_i_p1_mona_malm_2015_20240916_1517317357.mp3,3580,57416760,https://static-cdn.sr.se/images/2071/3530869_2048_1152.jpg,,"SKÅDESPELARE. – Under mina första 25 år i yrket fick jag alltid höra att jag var så snäll, söt och smal. Sen blev det bara snäll."
562876,5372568,Anna Mannheimer och Peter Apelgren 2015,2015-06-28,2015,Sommar,https://www.sverigesradio.se/avsnitt/562876,https://static-cdn.sr.se/laddahem/podradio/sommar_i_p1/2015/06/sommar__vinter_i_p1_anna_mannheimer_och_peter_apel_20240916_1517460822.mp3,3639,58375084,https://static-cdn.sr.se/images/2071/3531088_2048_1152.jpg,,"PROGRAMLEDARE, JOURNALIST RESPEKTIVE KOMIKER, KONSTNÄR. – Vi är två motpoler i ett äktenskap, som om Elfriede Jelinek hade gift sig med Ernst Kirchsteiger."
571815,5367052,Tom Alandh 2015,2015-06-29,2015,Sommar,https://www.sverigesradio.se/avsnitt/571815,https://static-cdn.sr.se/laddahem/podradio/sommar_i_p1/2015/06/sommar__vinter_i_p1_tom_alandh_2015_20240916_1518002619.mp3,3195,51258183,https://static-cdn.sr.se/images/2071/3531094_2048_1152.jpg,,"JOURNALIST, DOKUMENTÄRFILMARE. Tom Alandh, Sveriges meste dokumentärfilmare, verkar minnas varenda en av de hundratals personer han mött och porträtterat: hon som ångrade att hon aldrig lärde sig steppa, mannen på härberget som längtade efter ett hem, kåkfararen med författarambitioner, totalförlamade Jocke, en sliten Monica Zetterlund mot slutet av hennes liv."
567014,5374856,Clara Henry 2015,2015-06-30,2015,Sommar,https://www.sverigesradio.se/avsnitt/567014,https://static-cdn.sr.se/laddahem/podradio/sommar_i_p1/2015/06/sommar__vinter_i_p1_clara_henry_2015_20240916_1518161258.mp3,3602,57783792,https://static-cdn.sr.se/images/2071/3531117_2048_1152.jpg,,"YOUTUBER, KOMIKER, PROGRAMLEDARE. Clara Henry är mitt emellan det mesta i livet, berättar hon i sitt Sommarprogram. ”Mitt emellan Pewdiepie och Liv Strömqvist, Stockholm och Göteborg, och heter både som en tjej och en kille: Clara Henry.”"
571816,5374577,Georgios Karpathakis 2015,2015-07-01,2015,Sommar,https://www.sverigesradio.se/avsnitt/571816,https://static-cdn.sr.se/laddahem/podradio/sommar_i_p1/2015/07/sommar__vinter_i_p1_georgios_karpathakis_2015_20240916_1518343085.mp3,3496,56087257,https://static-cdn.sr.se/images/2071/3530808_2048_1152.jpg,,SOCIAL ENTREPRENÖR. En känsla av att ständigt göra fel. Att inte passa in. Att inte vara normal. Det var verkligheten för Georgios Karpathakis under hela uppväxten. Idag är han en hyllad social entreprenör och grundare av den digitala plattformen Underbara ADHD.
571817,5374857,Kenneth Macartney 2015,2015-07-02,2015,Sommar,https://www.sverigesradio.se/avsnitt/571817,https://static-cdn.sr.se/laddahem/podradio/sommar_i_p1/2015/07/sommar__vinter_i_p1_kenneth_macartney_2015_20240916_1518512243.mp3,3134,50295741,https://static-cdn.sr.se/images/2071/3530844_2048_1152.jpg,,AMBASSADÖR. Kenneth Macartney är den kanadensiska ambassadören som bodde i Falun som utbytesstudent i tonåren. Det var början på en lång kärlekshistoria med Sverige som han berättar om i sitt Sommarprogram.
571818,5379558,Saga Becker 2015,2015-07-03,2015,Sommar,https://www.sverigesradio.se/avsnitt/571818,https://static-cdn.sr.se/laddahem/podradio/sommar_i_p1/2015/07/sommar__vinter_i_p1_saga_becker_2015_20240916_1519110308.mp3,3489,55961614,https://static-cdn.sr.se/images/2071/3530762_2048_1152.jpg,,"SKÅDESPELARE. Trakasserier i skolan, självskadebeteende och sexuellt våld var länge Saga Beckers mardrömslika verklighet, innan hon vågade berätta vem hon egentligen var och hur hon kände på insidan."
571819,5409292,Liza Marklund 2015,2015-07-04,2015,Sommar,https://www.sverigesradio.se/avsnitt/571819,https://static-cdn.sr.se/laddahem/podradio/sommar_i_p1/2015/07/sommar__vinter_i_p1_liza_marklund_2015_20240916_1525090705.mp3,2773,44513688,https://static-cdn.sr.se/images/2071/3531014_2048_1152.jpg,,"FÖRFATTARE. – Det var inte meningen att min bokserie skulle ta så här lång tid, men livet kom i vägen."
571820,5380078,Edvard Moser 2015,2015-07-05,2015,Sommar,https://www.sverigesradio.se/avsnitt/571820,https://static-cdn.sr.se/laddahem/podradio/sommar_i_p1/2015/07/sommar__vinter_i_p1_edvard_moser_2015_20240916_1525236271.mp3,2721,43679927,https://static-cdn.sr.se/images/2071/3529795_2048_1152.jpg,,"HJÄRNFORSKARE, PSYKOLOG, NOBELPRISTAGARE. – Då jag växte upp på en liten ö på norska västkusten, hade jag inte i mina vildaste drömmar kunnat tänka mig att jag skulle få Nobelpriset."
571821,5380097,Nina Hemmingsson 2015,2015-07-06,2015,Sommar,https://www.sverigesradio.se/avsnitt/571821,https://static-cdn.sr.se/laddahem/podradio/sommar_i_p1/2015/07/sommar__vinter_i_p1_nina_hemmingsson_2015_20240916_1525391244.mp3,3418,54828182,https://static-cdn.sr.se/images/2071/3530828_2048_1152.jpg,,"KONSTNÄR, SERIETECKNARE. – Om bottenlös ledsamhet, ett nagellack som heter Trophy Wife, tecknandet som en livsnödvändig ventil och döden som ett vitt trästaket."
571822,5381874,Kjell Enhager 2015,2015-07-07,2015,Sommar,https://www.sverigesradio.se/avsnitt/571822,https://static-cdn.sr.se/laddahem/podradio/sommar_i_p1/2015/07/sommar_i_p1_20150707_1500_34c6caf.mp3,3270,52465575,https://static-cdn.sr.se/images/2071/3530884_2048_1152.jpg,,"FÖRELÄSARE, LEDARSKAPSKONSULT, GOLFINSTRUKTÖR. Ett program fullt med tänkvärda citat och positivt tänkande. Kjell Enhager bjuder på historier från sin karriär som ledarskapskonsult och golfcoach."
571823,5383022,Hédi Fried 2015,2015-07-08,2015,Sommar,https://www.sverigesradio.se/avsnitt/571823,https://static-cdn.sr.se/laddahem/podradio/sommar_i_p1/2015/07/sommar__vinter_i_p1_hdi_fried_2015_20240916_1526255714.mp3,3918,62830531,https://static-cdn.sr.se/images/2071/3530834_2048_1152.jpg,,"FÖRFATTARE, PSYKOLOG. Hédi Fried överlevde fångenskap i både Auschwitz och Bergen-Belsen under andra världskriget. I sitt Sommarprogram nu 70 år efter krigsslutet tar hon oss tillbaka till barndomens ängar i Rumänien strax före krigsutbrottet, koncentrationslägrens ofattbara grymheter och berättar om hur det är att besöka lägren idag."
571824,5384585,Arash ”Ash” Pournouri 2015,2015-07-09,2015,Sommar,https://www.sverigesradio.se/avsnitt/571824,https://static-cdn.sr.se/laddahem/podradio/sommar_i_p1/2015/07/sommar__vinter_i_p1_arash_ash_pournouri_2015_20240916_1526409623.mp3,2952,47369435,https://static-cdn.sr.se/images/2071/3541886_2048_1152.jpg,,MANAGER. Arash ”Ash” Pournouri är multitalangen och managern som ligger bakom DJ-stjärnan Avicii. I sitt Sommarprogram berättar han om första gången han blev frälst av housemusiken.
571825,5362979,Marianne Mörck 2015,2015-07-10,2015,Sommar,https://www.sverigesradio.se/avsnitt/571825,https://static-cdn.sr.se/laddahem/podradio/sommar_i_p1/2015/07/sommar__vinter_i_p1_marianne_morck_2015_20240916_1527003386.mp3,3044,48846805,https://static-cdn.sr.se/images/2071/3531092_2048_1152.jpg,,"SKÅDESPELARE, SÅNGARE, REGISSÖR. Artist, regissör, operasångerska. Marianne Mörck har en bred repertoar men är nog för svenska folket mest förknippad med rollen som receptionisten Ebba i tv-serien Wallander."
571826,5383324,Robin Paulsson 2015,2015-07-11,2015,Sommar,https://www.sverigesradio.se/avsnitt/571826,https://static-cdn.sr.se/laddahem/podradio/sommar_i_p1/2015/07/sommar__vinter_i_p1_robin_paulsson_2015_20240916_1527311894.mp3,3360,53903985,https://static-cdn.sr.se/images/2071/3531082_2048_1152.jpg,,"KOMIKER, PROGRAMLEDARE. Robin Paulsson debuterade som ståuppkomiker blott 17 år gammal. I Sommar i P1 får vi höra ljudupptagningen från det allra första framträdandet."
571827,5387872,Johan Rockström 2015,2015-07-12,2015,Sommar,https://www.sverigesradio.se/avsnitt/571827,https://static-cdn.sr.se/laddahem/podradio/sommar_i_p1/2015/07/sommar_i_p1_20150712_1500_21b3cb7.mp3,4033,64671167,https://static-cdn.sr.se/images/2071/3531120_2048_1152.jpg,,"PROFESSOR I MILJÖVETENSKAP. Johan Rockström, professor i miljövetenskap, varnar i sitt Sommar i P1 för konsekvenserna om vi inte tar miljöfrågan på allvar. Nu!"
576700,5384703,Nilla Fischer 2015,2015-07-13,2015,Sommar,https://www.sverigesradio.se/avsnitt/576700,https://static-cdn.sr.se/laddahem/podradio/sommar_i_p1/2015/07/sommar__vinter_i_p1_nilla_fischer_2015_20240916_1528118228.mp3,2954,47406683,https://static-cdn.sr.se/images/2071/3527470_2048_1152.jpg,,"FOTBOLLSSPELARE. Helvetes jävla skit-VM! Så inleder Nilla Fischer sitt Sommarprogram. Fotbolls-VM i Kanada blev misslyckat för Sverige som inte vann en enda match. I Sommar i P1 berättar Nilla Fischer rakt, ärligt och osminkat om spelet bakom kulisserna."
576701,5389319,Magnus Falkehed 2015,2015-07-14,2015,Sommar,https://www.sverigesradio.se/avsnitt/576701,https://static-cdn.sr.se/laddahem/podradio/sommar_i_p1/2015/07/sommar__vinter_i_p1_magnus_falkehed_2015_20240916_1528279262.mp3,3137,50330448,https://static-cdn.sr.se/images/2071/3531056_2048_1152.jpg,,"JOURNALIST, FÖRFATTARE. Magnus Falkehed är journalisten som kidnappades i krigets Syrien tillsammans med fotografen Niclas Hammarström. I sex veckor satt de tillfångatagna och fick utstå tortyr, kyla och grymma förhör."
576702,5390447,Herman Geijer - Lyssnarnas Sommarvärd 2015,2015-07-15,2015,Sommar,https://www.sverigesradio.se/avsnitt/576702,https://static-cdn.sr.se/laddahem/podradio/sommar_i_p1/2015/07/sommar__vinter_i_p1_herman_geijer__lyssnarnas_som_20240916_1528521677.mp3,2982,47862051,https://static-cdn.sr.se/images/2071/3528741_2048_1152.jpg,,"ZOMBIEÖVERLEVNADSEXPERT, LYSSNARNAS SOMMARVÄRD. Om vad du måste göra för att överleva samhällskatastrofer, oavsett om det är på grund av zombies, pandemier eller atomkrig."
576703,5399681,Leila Lindholm 2015,2015-07-16,2015,Sommar,https://www.sverigesradio.se/avsnitt/576703,https://static-cdn.sr.se/laddahem/podradio/sommar_i_p1/2015/07/sommar__vinter_i_p1_leila_lindholm_2015_20240916_1529073834.mp3,2852,45778058,https://static-cdn.sr.se/images/2071/3531059_2048_1152.jpg,,"KOCK, PROGRAMLEDARE, KOKBOKSFÖRFATTARE. – Hon beskriver känslomässiga berg- och dalbanor, utanförskap på gott och ont, och vägen in i karriären som tv-kock och kokboksförfattare."
576704,5375362,Sverker Olofsson 2015,2015-07-17,2015,Sommar,https://www.sverigesradio.se/avsnitt/576704,https://static-cdn.sr.se/laddahem/podradio/sommar_i_p1/2015/07/sommar__vinter_i_p1_sverker_olofsson_2015_20240916_1529238725.mp3,3087,49537927,https://static-cdn.sr.se/images/2071/3530879_2048_1152.jpg,,"JOURNALIST, PROGRAMLEDARE, DEBATTÖR. Tufft, tydligt, trovärdigt – det var ledorden för konsumentmagasinet Plus i SVT där Sverker Olofsson gjorde sig känd som energisk och drivande programledare under 23 år. I Sommar i P1 berättar han med karaktäristisk energi och fart om de saker som engagerar honom."
576705,5391017,Sanna Lundell 2015,2015-07-18,2015,Sommar,https://www.sverigesradio.se/avsnitt/576705,https://static-cdn.sr.se/laddahem/podradio/sommar_i_p1/2015/07/sommar_i_p1_20150718_1500_29768ee.mp3,3371,54077170,https://static-cdn.sr.se/images/2071/3531046_2048_1152.jpg,,"JOURNALIST, PROGRAMLEDARE, DRIVER RIDSTALL. Anpassning har varit det stora hindret i mitt liv, berättar journalisten Sanna Lundell i sitt Sommarprogram. Anpassning till patriarkatet och till beroendesjukdomar."
576706,5383192,Karl-Petter Thorwaldsson 2015,2015-07-19,2015,Sommar,https://www.sverigesradio.se/avsnitt/576706,https://static-cdn.sr.se/laddahem/podradio/sommar_i_p1/2015/07/sommar__vinter_i_p1_karlpetter_thorwaldsson_2015_20240916_1530470418.mp3,3039,48774468,https://static-cdn.sr.se/images/2071/3531073_2048_1152.jpg,,ORDFÖRANDE LO. Han berättar om sitt beslut att sluta dricka alkohol. Efter att under 25 år försökt hitta en balans i drickandet valde han att sluta helt när han inte längre stod med sig själv när han var full.
578922,5368549,Nisse Hellberg 2015,2015-07-20,2015,Sommar,https://www.sverigesradio.se/avsnitt/578922,https://static-cdn.sr.se/laddahem/podradio/sommar_i_p1/2015/07/sommar__vinter_i_p1_nisse_hellberg_2015_20240916_1531216709.mp3,3467,55615878,https://static-cdn.sr.se/images/2071/3530883_2048_1152.jpg,,"SÅNGARE, GITARRIST, LÅTSKRIVARE. Nisse Hellberg skriver, sjunger och spelar egna rocklåtar, men det är inte det hans Sommarprogram handlar så mycket om."
579035,5395943,Karin Volo 2015,2015-07-21,2015,Sommar,https://www.sverigesradio.se/avsnitt/579035,https://static-cdn.sr.se/laddahem/podradio/sommar_i_p1/2015/07/sommar__vinter_i_p1_karin_volo_2015_20240916_1531372317.mp3,3742,60023441,https://static-cdn.sr.se/images/2071/3531114_2048_1152.jpg,,"LEDARSKAPS- OCH ORGANISATIONSKONSULT. I nästan fyra år satt Karin Volo oskyldigt häktad i USA, anklagad för saker som hennes ex-make hade gjort. Hon har varit till helvetet och tillbaka ett par gånger om, beskriver hon sitt liv i Sommar i P1."
579036,5389133,Gunilla Röör 2015,2015-07-22,2015,Sommar,https://www.sverigesradio.se/avsnitt/579036,https://static-cdn.sr.se/laddahem/podradio/sommar_i_p1/2015/07/sommar_i_p1_20150722_1500_3af63f9.mp3,3364,53974538,https://static-cdn.sr.se/images/2071/3527677_2048_1152.jpg,,"SKÅDESPELARE, REGISSÖR, PROFESSOR I SCENISK GESTALTNING. Gunilla Röör berättar om skådespeleriets själ. Om hantverket och identiteten, vad som är sant och osant. ”Kysste jag honom på riktigt eller kysste jag honom på låtsas?” den där poeten Adonis mot vilken hon spelar i en filmscen i Egyptiska öknen."
579037,5397248,Arkan Asaad 2015,2015-07-23,2015,Sommar,https://www.sverigesradio.se/avsnitt/579037,https://static-cdn.sr.se/laddahem/podradio/sommar_i_p1/2015/07/sommar__vinter_i_p1_arkan_asaad_2015_20240916_1532090427.mp3,3636,58324151,https://static-cdn.sr.se/images/2071/3531068_2048_1152.jpg,,"FÖRFATTARE, FÖRELÄSARE, KAMPSPORTARE. Arkan Asaad berättar om hur han blev bortgift mot sin vilja i irakiska Kurdistan. Vi får följa hur familjen kom till Sverige 1983. Föräldrarna integrerade sig fort i det svenska samhället. Pappa slet hårt, sparade pengar och köpte bil och villa."
579038,5386596,Syster Karin 2015,2015-07-24,2015,Sommar,https://www.sverigesradio.se/avsnitt/579038,https://static-cdn.sr.se/laddahem/podradio/sommar_i_p1/2015/07/sommar__vinter_i_p1_syster_karin_2015_20240916_1532243330.mp3,3320,53269073,https://static-cdn.sr.se/images/2071/3530758_2048_1152.jpg,,NUNNA. Pojken var på väg ut i skogen för att lägga sig ner och dö i snön. Han orkade inte längre vänta på uppehållstillståndet. I syster Karins Sommarprogram får vi höra om några av alla de hundratals människoöden som passerat klostret i Alsike genom åren. Klostret som i årtionden varit en fristad för människor i nöd.
579039,5409180,Zara Larsson 2015,2015-07-25,2015,Sommar,https://www.sverigesradio.se/avsnitt/579039,https://static-cdn.sr.se/laddahem/podradio/sommar_i_p1/2015/07/sommar_i_p1_20150725_1300_2f3cc17.mp3,2906,46643772,https://static-cdn.sr.se/images/2071/3531039_2048_1152.jpg,,"SÅNGERSKA, ARTIST. I sitt Sommarprogram berättar Zara Larsson om musiken, livet och mans- och kvinnohatet."
579040,5400803,Olle Jönsson 2015,2015-07-26,2015,Sommar,https://www.sverigesradio.se/avsnitt/579040,https://static-cdn.sr.se/laddahem/podradio/sommar_i_p1/2015/07/sommar__vinter_i_p1_olle_jonsson_2015_20240916_1533045748.mp3,3125,50146262,https://static-cdn.sr.se/images/2071/3531062_2048_1152.jpg,,"ARTIST, DANSBANDSSÅNGARE, TRUMMIS. I ett ärligt och avslöjande Sommarprogram berättar Lasse Stefanz sångare och frontfigur Olle Jönsson om hur han som barn hatade julen på grund av familjens alkoholproblem, hur bandet en gång var nära att stjälpa hela karriären och att han har haft en hjärtinfarkt som aldrig blivit känd i media."
582925,5400869,Alice Teodorescu 2015,2015-07-27,2015,Sommar,https://www.sverigesradio.se/avsnitt/582925,https://static-cdn.sr.se/laddahem/podradio/sommar_i_p1/2015/07/sommar_i_p1_20150727_1500_4137337.mp3,3254,52213102,https://static-cdn.sr.se/images/2071/3530778_2048_1152.jpg,,"POLITISK REDAKTÖR, DEBATTÖR, JURIST. Minnen från barndomens kommunistiska Bukarest, då lyssnandet på radiokanaler från väst ansågs som en statisfientlig handling, när det krävdes statligt tillstånd att äga en skrivmaskin och bästa vännen kunde vara en angivare."
582965,5399667,Hans Mosesson 2015,2015-07-28,2015,Sommar,https://www.sverigesradio.se/avsnitt/582965,https://static-cdn.sr.se/laddahem/podradio/sommar_i_p1/2015/07/sommar__vinter_i_p1_hans_mosesson_2015_20240916_1533376609.mp3,3229,51809581,https://static-cdn.sr.se/images/2071/3530821_2048_1152.jpg,,"SKÅDESPELARE, REGISSÖR. Det fanns ett liv innan Ica-Stig. Om det berättar Hans Mosesson i sitt Sommar. Om en trygg barndom i en liberal övre medelklassmiljö och en snabbt avslutad aspiranttid i flottan med exotiska långresor och motbjudande etnocentrism."
583005,5395815,Kristina Sandberg 2015,2015-07-29,2015,Sommar,https://www.sverigesradio.se/avsnitt/583005,https://static-cdn.sr.se/laddahem/podradio/sommar_i_p1/2015/07/sommar__vinter_i_p1_kristina_sandberg_2015_20240916_1533548499.mp3,3280,52623336,https://static-cdn.sr.se/images/2071/3530851_2048_1152.jpg,,"FÖRFATTARE. Författaren Kristina Sandberg berättar i Sommar i P1 om arbetet med sin Augustprisvinnande romantrilogi om hemmafrun Maj. Grundidén var att skriva om de ohörda kvinnliga rösterna från tiden när folkhemmet byggdes. Kristina Sandberg berättar att hon började reflektera över sin egen mormor och farmors liv i Sundsvall och Östersund, när hon själv var gravid med sitt första barn."
583046,5406446,Maxida Märak 2015,2015-07-30,2015,Sommar,https://www.sverigesradio.se/avsnitt/583046,https://static-cdn.sr.se/laddahem/podradio/sommar_i_p1/2015/07/sommar__vinter_i_p1_maxida_marak_2015_20240916_1534151169.mp3,3171,50876710,https://static-cdn.sr.se/images/2071/3530728_2048_1152.jpg,,"ARTIST, RAPPARE, HIPHOP-PRODUCENT. Maxida Märaks program är både en uppväxthistoria om att vara en människa med flera lager och en rytande appell emot gruvindustrin och rovdjursförespråkare."
583087,5405014,Stig Grybe 2015,2015-07-31,2015,Sommar,https://www.sverigesradio.se/avsnitt/583087,https://static-cdn.sr.se/laddahem/podradio/sommar_i_p1/2015/07/sommar__vinter_i_p1_stig_grybe_2015_20240916_1534291506.mp3,3467,55614614,https://static-cdn.sr.se/images/2071/3530801_2048_1152.jpg,,"SKÅDESPELARE. På dagen 40 år efter sitt första Sommarprogram berättar skådespelaren Stig Grybe om sin dålig självkänsla, och hur han mot alla odds lyckades nå sina drömmars mål, att bli Skådespelare!"
583109,5406785,Bea Åkerlund 2015,2015-08-01,2015,Sommar,https://www.sverigesradio.se/avsnitt/583109,https://static-cdn.sr.se/laddahem/podradio/sommar_i_p1/2015/08/sommar__vinter_i_p1_bea_kerlund_2015_20240916_1534446831.mp3,2953,47390411,https://static-cdn.sr.se/images/2071/3540933_2048_1152.jpg,,"STYLIST, DESIGNER, REGISSÖR. Idag arbetar hon med modeller, skådespelare och artister som Lady Gaga och Madonna. Som barn hängde hon i föräldrarnas skönhetssalonger och utvecklade sin känsla för stil och form."
583131,5407624,Markus Näslund 2015,2015-08-02,2015,Sommar,https://www.sverigesradio.se/avsnitt/583131,https://static-cdn.sr.se/laddahem/podradio/sommar_i_p1/2015/08/sommar__vinter_i_p1_markus_naslund_2015_20240916_1535008335.mp3,3641,58394554,https://static-cdn.sr.se/images/2071/3531098_2048_1152.jpg,,"F.D. ISHOCKEYSPELARE. En av våra främsta professionella ishockeyspelare, som tror på idrottens kraft och på mirakel. Jag vann aldrig någon stor titel, säger Markus Näslund."
586342,5397293,Åsa Jinder 2015,2015-08-03,2015,Sommar,https://www.sverigesradio.se/avsnitt/586342,https://static-cdn.sr.se/laddahem/podradio/sommar_i_p1/2015/08/sommar__vinter_i_p1_sa_jinder_2015_20240916_1535172720.mp3,3289,52766720,https://static-cdn.sr.se/images/2071/3530782_2048_1152.jpg,,"RIKSSPELMAN, KOMPOSITÖR, FÖRFATTARE. Det är bilder av barndomen, av otrygghet, alldeles för mycket alkohol. Ett lite osynligt barn, som försöker smälta in, inte störa, ställa till rätta. Hon vill tala om hur hon förstod att hon regerade över världen, så att den till slut blev en mycket vacker plats."
586383,5409508,Alexander Ekman 2015,2015-08-04,2015,Sommar,https://www.sverigesradio.se/avsnitt/586383,https://static-cdn.sr.se/laddahem/podradio/sommar_i_p1/2015/08/sommar__vinter_i_p1_alexander_ekman_2015_20240916_1535413035.mp3,3628,58196044,https://static-cdn.sr.se/images/2071/3559509_2048_1152.jpg,,"DANSARE, KOREOGRAF. I ett program präglat av kulturens och lekens glädje ställer sig Alexander Ekman frågan om vad som är dans och uppmanar i slutet lyssnarna att skicka in sina egna tankar kring dansen."
586301,5374666,Jögge Sundqvist 2015,2015-08-05,2015,Sommar,https://www.sverigesradio.se/avsnitt/586301,https://static-cdn.sr.se/laddahem/podradio/sommar_i_p1/2015/08/sommar__vinter_i_p1_jogge_sundqvist_2015_20240916_1535553930.mp3,3696,59286145,https://static-cdn.sr.se/images/2071/3530849_2048_1152.jpg,,"SLÖJDARE, KONSTNÄR. Ett poetiskt möte med Jögge Sundqvist som brinner för slöjd och musik."
586539,5412391,Daniel Poohl 2015,2015-08-06,2015,Sommar,https://www.sverigesradio.se/avsnitt/586539,https://static-cdn.sr.se/laddahem/podradio/sommar_i_p1/2015/08/sommar__vinter_i_p1_daniel_poohl_2015_20240916_1536113196.mp3,3097,49695128,https://static-cdn.sr.se/images/2071/3531102_2048_1152.jpg,,"JOURNALIST, FÖRFATTARE, VD STIFTELSEN EXPO. 34 årige Daniel Poohl har en arbetarklassuppväxt i bruksorten Åsensbruk i Dalsland och berättar i sitt Sommarprogram om glädjen han kände när det kom flyktingar från kriget i fd. Jugoslavien – äntligen skulle det komma fler bra fotbollsspelare till gården!"
586497,5411243,Magdalena Gerger 2015,2015-08-07,2015,Sommar,https://www.sverigesradio.se/avsnitt/586497,https://static-cdn.sr.se/laddahem/podradio/sommar_i_p1/2015/08/sommar__vinter_i_p1_magdalena_gerger_2015_20240916_1536309351.mp3,3029,48606516,https://static-cdn.sr.se/images/2071/3531085_2048_1152.jpg,,VD OCH KONCERNCHEF SYSTEMBOLAGET. Om hur det är att vara kvinna på en högt uppsatt position. Alkohol handlar om ansvar och balans. Vi får även följa med på en svamputflykt i sällskap med familjen Kamprad.
586561,5414364,Annika Norlin 2015,2015-08-08,2015,Sommar,https://www.sverigesradio.se/avsnitt/586561,https://static-cdn.sr.se/laddahem/podradio/sommar_i_p1/2015/08/sommar__vinter_i_p1_annika_norlin_2015_20240916_1536454846.mp3,3559,57093697,https://static-cdn.sr.se/images/2071/3527912_2048_1152.jpg,,"LÅTSKRIVARE, JOURNALIST, PSYKOLOGSTUDENT. PMS är temat för låtskrivaren och journalisten Annika Norlins Sommar."
586581,5414490,Magnus Böcker 2015,2015-08-09,2015,Sommar,https://www.sverigesradio.se/avsnitt/586581,https://static-cdn.sr.se/laddahem/podradio/sommar_i_p1/2015/08/sommar__vinter_i_p1_magnus_bocker_2015_20240916_1537040711.mp3,3676,58962183,https://static-cdn.sr.se/images/2071/3527914_2048_1152.jpg,,"VD FÖR SGX, BÖRSEN I SINGAPORE. I ett Sommarprogram genomsyrat av entreprenörsanda och framtidsvisioner berättar den tidigare Vd:n för Singaporebörsen, Magnus Böcker, om det liv han har levt, sin hemstad Singapore och om varför börserna är viktigare idag än någonsin."
592442,5413288,Magnus Nilsson 2015,2015-08-10,2015,Sommar,https://www.sverigesradio.se/avsnitt/592442,https://static-cdn.sr.se/laddahem/podradio/sommar_i_p1/2015/08/sommar__vinter_i_p1_magnus_nilsson_2015_20240916_1537218089.mp3,3294,52840687,https://static-cdn.sr.se/images/2071/3527916_2048_1152.jpg,,"KOCK, SOMMELIER. ”Mat är det ultimata kulturella uttrycket, det enda i världen som vi på något sätt måste förhålla oss till,” säger kocken Magnus Nilsson. "
592483,5416992,Maria Strømme 2015,2015-08-11,2015,Sommar,https://www.sverigesradio.se/avsnitt/592483,https://static-cdn.sr.se/laddahem/podradio/sommar_i_p1/2015/08/sommar__vinter_i_p1_maria_strmme_2015_20240916_1537351459.mp3,3584,57492926,https://static-cdn.sr.se/images/2071/3530759_2048_1152.jpg,,"PROFESSOR I NANOTEKNOLOGI, CIVILINGENJÖR. ”Vi befinner oss i början av en teknikrevolution,” börjar nanoteknikforskaren Maria Strømme sitt Sommarprogram. Hon tar oss med på en resa med en teknik som hon tror kan förändra vårt sätt att leva."
592524,5416428,Owe Sandström 2015,2015-08-12,2015,Sommar,https://www.sverigesradio.se/avsnitt/592524,https://static-cdn.sr.se/laddahem/podradio/sommar_i_p1/2015/08/sommar__vinter_i_p1_owe_sandstrom_2015_20240916_1537511010.mp3,3397,54498553,https://static-cdn.sr.se/images/2071/3531113_2048_1152.jpg,,"LÄRARE, KLÄDDESIGNER.Vi får följa med på en hissnande resa med kunskapstörst, djur, kläder, dans, musik och kändisar."
592566,5419829,Fredrik Reinfeldt 2015,2015-08-13,2015,Sommar,https://www.sverigesradio.se/avsnitt/592566,https://static-cdn.sr.se/laddahem/podradio/sommar_i_p1/2015/08/sommar_i_p1_20150813_1500_35d514b.mp3,3114,49960576,https://static-cdn.sr.se/images/2071/3531031_2048_1152.jpg,,"CIVILEKONOM, FÖRELÄSARE. Fredrik berättar om uppvaknandet efter valresultatet förra året. Alla möten handlade om att förbereda avsked. Ett mejl handlade om motsatsen – det kom från Albert Bonnier som ville att jag skulle skriva en bok berättar Fredrik."
592607,5420010,Ben Gorham 2015,2015-08-14,2015,Sommar,https://www.sverigesradio.se/avsnitt/592607,https://static-cdn.sr.se/laddahem/podradio/sommar_i_p1/2015/08/sommar__vinter_i_p1_ben_gorham_2015_20240916_1538233005.mp3,2413,38754362,https://static-cdn.sr.se/images/2071/3560883_2048_1152.jpg,,"GRUNDARE AV PARFYMHUSET BYREDO, F.D. BASKETSPELARE. Vi får följa den lilla killen som växte upp i Akalla, Toronto och New York med rötter i Indien och med en karriär som basketproffs. Att han skulle starta Sveriges första och mycket framgångsrika parfymhus, var långt ifrån givet."
592389,5418932,Seinabo Sey 2015,2015-08-15,2015,Sommar,https://www.sverigesradio.se/avsnitt/592389,https://static-cdn.sr.se/laddahem/podradio/sommar_i_p1/2015/08/sommar__vinter_i_p1_seinabo_sey_2015_20240916_1538416561.mp3,2807,45057167,https://static-cdn.sr.se/images/2071/3527920_2048_1152.jpg,,"ARTIST. Musiken är lika självklar i hennes liv som att äta, sova och andas. Hon vill inte bedömas för sitt utseende eller färgen på sin hud – det viktiga är att i första hand vara människa."
592631,5422153,Ulla Skoog 2015,2015-08-16,2015,Sommar,https://www.sverigesradio.se/avsnitt/592631,https://static-cdn.sr.se/laddahem/podradio/sommar_i_p1/2015/08/sommar_i_p1_20150816_1500_3121adf.mp3,3773,60516561,https://static-cdn.sr.se/images/2071/3531019_2048_1152.jpg,,"SKÅDESPELARE, TEXTFÖRFATTARE, REGISSÖR, 50-TALIST. Ulla Skoog berättar om sin förkärlek för byggnadsvård och hur upprörd hon kan bli när hon ser hur misshandlade äldre hus kan se ut. ”Då tar husdetektiven i mig över” säger Ulla Skoog."
652698,5560857,Lars Lerin - Vinter 2015 (dec),2015-12-25,2015,Vinter,https://www.sverigesradio.se/avsnitt/652698,https://static-cdn.sr.se/laddahem/podradio/sommar_i_p1/2015/12/sommar_i_p1_20151225_1500_3848b0c.mp3,3412,54607918,https://static-cdn.sr.se/images/2071/3619521_2048_1152.jpg,,"KONSTNÄR, FÖRFATTARE. Följ med på resor i tid och rum. Om hemlängtan, stora hav och blåa berg, om en och annan dejt i främmande land – hur ledsamt det var på Kanarieöarna till exempel på 1980-talet."
652675,5560872,Terese Cristiansson - Vinter 2015,2015-12-26,2015,Vinter,https://www.sverigesradio.se/avsnitt/652675,https://static-cdn.sr.se/laddahem/podradio/sommar_i_p1/2015/12/sommar_i_p1_20151226_1500_38291d6.mp3,3407,54524196,https://static-cdn.sr.se/images/2071/3614728_2048_1152.jpg,,"JOURNALIST, UTRIKESKORRESPONDENT, FÖRFATTARE. Hon berättar om hopp och glädje och att människan är starkare än man tror. Som resande reporter har hon lärt sig att inget är för evigt – inte ens ondska."
652720,5567522,Kjell Enhager - Vinter 2015,2015-12-27,2015,Vinter,https://www.sverigesradio.se/avsnitt/652720,https://static-cdn.sr.se/laddahem/podradio/sommar_i_p1/2015/12/sommar_i_p1_20151227_1500_31d7409.mp3,3369,53922241,https://static-cdn.sr.se/images/2071/3619528_2048_1152.jpg,,"FÖRELÄSARE, LEDARSKAPSKONSULT, GOLFINSTRUKTÖR. Vem bestämmer i ditt liv? Är dina tankar starkare än du, eller kan du bestämma hur du ska tänka och sen agera?"
654724,5560999,Johan Rockström - Vinter 2015,2015-12-28,2015,Vinter,https://www.sverigesradio.se/avsnitt/654724,https://static-cdn.sr.se/laddahem/podradio/sommar_i_p1/2015/12/sommar_i_p1_20151228_1500_3bd3756.mp3,3925,62811405,https://static-cdn.sr.se/images/2071/3619525_2048_1152.jpg,,PROFESSOR I MILJÖVETENSKAP. Ett bokslut för miljöåret 2015. Han berättar om klimatmötet i Paris och hur människor är med och påverkar politiker att gå mot ett samhälle utan fossila bränslen.
654765,5566149,Hans Rosling - Vinter 2015,2015-12-29,2015,Vinter,https://www.sverigesradio.se/avsnitt/654765,https://static-cdn.sr.se/laddahem/podradio/sommar_i_p1/2015/12/sommar_i_p1_20151229_1500_3438648.mp3,3669,58710224,https://static-cdn.sr.se/images/2071/3619524_2048_1152.jpg,,"FOLKBILDARE, FÖRELÄSARE, PROFESSOR. Om att Sverige är en del av världen och världen en del av Sverige. Fakta och historier från runt om i världen."
654809,5561078,Alice Teodorescu - Vinter 2015,2015-12-30,2015,Vinter,https://www.sverigesradio.se/avsnitt/654809,https://static-cdn.sr.se/laddahem/podradio/sommar_i_p1/2015/12/sommar_i_p1_20151230_1500_4222010.mp3,3514,56237613,https://static-cdn.sr.se/images/2071/3619530_2048_1152.jpg,,"POLITISK REDAKTÖR, DEBATTÖR, JURIST. Hennes program handlar om kärlek – kärlek i livet, i sagan, i litteraturen och i musikalen."
655942,5568633,Olof Wretling – Diagnoserna i mitt liv – Vinterprat 2015,2015-12-31,2015,Vinter,https://www.sverigesradio.se/avsnitt/655942,https://static-cdn.sr.se/laddahem/podradio/sommar_i_p1/2015/12/sommar_i_p1_20151231_1800_3bb0eab.mp3,3601,57636602,https://static-cdn.sr.se/images/2071/3619532_2048_1152.jpg,,SKÅDESPELARE. Olof pratar om diagnoserna i sitt liv och vid sin sida har han musikern Jakob Nyström. Vinter sänds denna nyårsafton direkt från en fullsatt Idunteater i Umeå.
655971,5560679,Sanna Lundell - Vinter 2016 (jan),2016-01-01,2016,Vinter,https://www.sverigesradio.se/avsnitt/655971,https://static-cdn.sr.se/laddahem/podradio/sommar_i_p1/2016/01/sommar_i_p1_20160101_1500_330dee2.mp3,2862,45800944,https://static-cdn.sr.se/images/2071/3619534_2048_1152.jpg,,"JOURNALIST, PROGRAMLEDARE, DRIVER RIDSTALL. Sanna pratar i sitt Vinterprogram om lycka och jakten på lycka. Det gångna året 2015 var ett år då hon utan egentlig ansträngning fick skörda lycka."
743223,5748255,David Lagercrantz,2016-06-25,2016,Sommar,https://www.sverigesradio.se/avsnitt/743223,https://static-cdn.sr.se/laddahem/podradio/sommar_i_p1/2016/06/sommar_i_p1_20160625_1500_281ae49.mp3,3829,61448237,https://static-cdn.sr.se/images/2071/ca666a64-00d8-42f3-b5d1-8ce3223dd2f8.jpg,Mattias Ahlm/Sveriges Radio,"FÖRFATTARE, JOURNALIST. Författaren David Lagercrantz berättar om relationen till sin far, publicisten Olof Lagercrantz och om hur faderns förväntningar format honom."
743224,5748948,Lars Ulrich,2016-06-25,2016,Sommar,https://www.sverigesradio.se/avsnitt/743224,https://static-cdn.sr.se/laddahem/podradio/sommar_i_p1/2016/06/sommar__vinter_i_p1_lars_ulrich_20240916_1543317633.mp3,3589,57617205,https://static-cdn.sr.se/images/2071/e262c060-d208-496e-847b-22c6a72a53eb.jpg,Elisabeth Åsbrink,"MUSICIAN, SONGWRITER, DRUMMER - “Summer” is a Swedish radio show where a person is given free hands to speak about whatever they want and play their own choice of music."
754615,5749714,Annika Lantz,2016-06-26,2016,Sommar,https://www.sverigesradio.se/avsnitt/754615,https://static-cdn.sr.se/laddahem/podradio/sommar_i_p1/2016/06/sommar_i_p1_20160626_1500_2c1028d.mp3,3597,57736106,https://static-cdn.sr.se/images/2071/dd208575-94af-4e06-a55d-d25ec2ae4b90.jpg,Mattias Ahlm/Sveriges Radio,"JOURNALIST, PROGRAMLEDARE. Annika Lantz har under sina år på Sveriges Radio hunnit med att sända i åtminstone tre kanaler – P3, P4 och P1..."
741033,5749929,Johan Olsson,2016-06-27,2016,Sommar,https://www.sverigesradio.se/avsnitt/741033,https://static-cdn.sr.se/laddahem/podradio/sommar_i_p1/2016/06/sommar_i_p1_20160627_1500_32d4029.mp3,3469,55694551,https://static-cdn.sr.se/images/2071/a65feb4b-90ae-46cf-8d86-529be5ec6a8e.jpg,Mattias Ahlm/Sveriges Radio,"SKIDÅKARE. Jag har varit en amerikansk sportfilm, jag har varit den som varit uträknad på grund av skador och sjukdomar men som rest mig på 9 och vunnit."
741081,5749522,Gunhild Stordalen,2016-06-28,2016,Sommar,https://www.sverigesradio.se/avsnitt/741081,https://static-cdn.sr.se/laddahem/podradio/sommar_i_p1/2016/06/sommar__vinter_i_p1_gunhild_stordalen_20240916_1544408579.mp3,3633,58306424,https://static-cdn.sr.se/images/2071/73105831-de77-4fa1-9526-5726897ce338.jpg,Mattias Ahlm/Sveriges Radio,"LÄKARE, MILJÖAKTIVIST ”Idag, 28 juni, när du lyssnar till detta, är kemoterapin återigen på väg att förstöra min benmärg...”"
741129,5754077,Matias Varela,2016-06-29,2016,Sommar,https://www.sverigesradio.se/avsnitt/741129,https://static-cdn.sr.se/laddahem/podradio/sommar_i_p1/2016/06/sommar__vinter_i_p1_matias_varela_20240916_1544529789.mp3,2833,45484127,https://static-cdn.sr.se/images/2071/457899ab-534f-4943-9da7-9202417c5b7a.jpg,Mattias Ahlm/Sveriges Radio,"SKÅDESPELARE ”Om jag någon gång skulle spela mig själv, vara mig själv på riktigt inför en stor publik så skulle jag skriva mitt egna manus, trots att jag är dyslektiker.”"
741176,5754567,Danica Kragić Jensfelt,2016-06-30,2016,Sommar,https://www.sverigesradio.se/avsnitt/741176,https://static-cdn.sr.se/laddahem/podradio/sommar_i_p1/2016/06/sommar_i_p1_20160630_1500_4005830.mp3,3240,51989948,https://static-cdn.sr.se/images/2071/4be7c5d7-5168-4d37-b1b8-189372ad3373.jpg,Markus Marcetic,PROFESSOR DATALOGI. Var går gränsen mellan människa och maskin? Om en pacemaker och proteser är ok – hur stor del av min kropp får jag förändra för att jag fortfarande ska anses vara en människa?
741222,5756929,Ahmad Khan Mahmoodzada,2016-07-01,2016,Sommar,https://www.sverigesradio.se/avsnitt/741222,https://static-cdn.sr.se/laddahem/podradio/sommar_i_p1/2016/07/sommar_i_p1_20160701_1500_34bc034.mp3,3637,58344259,https://static-cdn.sr.se/images/2071/07fb493d-bdde-42ab-af83-3ad8b7d2ceec.jpg,Mattias Ahlm/Sveriges Radio,"GYMNASIEELEV, SKÅDESPELARE. ”Det här är ingen filmtrailer. Det är mitt liv.” Så säger Ahmad Khan Mahmoodzada om filmrollen som gjorde honom till en av alla de som tvingats fly till Sverige."
741270,5755170,Ingvar Carlsson,2016-07-02,2016,Sommar,https://www.sverigesradio.se/avsnitt/741270,https://static-cdn.sr.se/laddahem/podradio/sommar_i_p1/2016/07/sommar_i_p1_20160702_1500_26e06c4.mp3,3144,50463777,https://static-cdn.sr.se/images/2071/e2b86b5a-1c9d-414a-85ce-f8a12a780af0.jpg,Mattias Ahlm/Sveriges Radio,"FD STATSMINISTER. ”När jag förberett det här programmet har jag börjat tvivla. Var det jag själv som styrde mitt liv? Blev det inte väldigt ofta tillfälligheter som ställde till det, på gott och ont?”"
741294,5747577,Tom Malmquist,2016-07-03,2016,Sommar,https://www.sverigesradio.se/avsnitt/741294,https://static-cdn.sr.se/laddahem/podradio/sommar_i_p1/2016/07/sommar_i_p1_20160703_1500_40eac90.mp3,3558,57110133,https://static-cdn.sr.se/images/2071/7b342d17-7f15-4544-bf2e-49e5149419e4.jpg,Mattias Ahlm/Sveriges Radio,"FÖRFATTARE. Författaren Tom Malmqvist talar till sin 4-åriga dotter Livia i sitt Sommarprogram. Det handlar om chocken, sorgen och saknaden efter sambon Karin, som dog då dottern föddes."
743479,5748274,Gloria Ray Karlmark,2016-07-04,2016,Sommar,https://www.sverigesradio.se/avsnitt/743479,https://static-cdn.sr.se/laddahem/podradio/sommar_i_p1/2016/07/sommar_i_p1_20160704_1500_294b76c.mp3,2990,48028350,https://static-cdn.sr.se/images/2071/e820cb3b-1ab3-4f6b-86d6-27baa4f87268.jpg,Mattias Ahlm/Sveriges Radio,"PATENTINGENJÖR, MEDBORGARRÄTTSKÄMPE. Jag är Amerika, slår Gloria Ray Karlmark fast i sitt Sommarprogram. Hennes farfar var slav och hennes farmor amerikansk indian..."
743524,5760307,Bianca och Tiffany Kronlöf,2016-07-05,2016,Sommar,https://www.sverigesradio.se/avsnitt/743524,https://static-cdn.sr.se/laddahem/podradio/sommar_i_p1/2016/07/sommar_i_p1_20160705_1500_32ad16c.mp3,3202,51380393,https://static-cdn.sr.se/images/2071/25cc5b0e-e92d-46df-b184-7281e2ed23d0.jpg,Mattias Ahlm/Sveriges Radio,"Systrarna Bianca & Tiffany Kronlöf, skådespelare, komiker respektive illustratör och sångare, gör Sommar tillsammans. I ett högt tempo pratar de om allt som gör dem förbannade och får dem att skratta."
743571,5752501,Bertil Hult,2016-07-06,2016,Sommar,https://www.sverigesradio.se/avsnitt/743571,https://static-cdn.sr.se/laddahem/podradio/sommar_i_p1/2016/07/sommar_i_p1_20160706_1500_2490313.mp3,3385,54305549,https://static-cdn.sr.se/images/2071/1f022064-e12b-427c-9a46-26bf59ba0037.jpg,Mattias Ahlm,GRUNDARE OCH ÄGARE TILL EF. Entreprenören Bertil Hult berättar uppväxten som dyslektiker och hur han fick idén till utbildnings- och språkreseföretaget EF Education First.
743434,5760736,Ove ”Doc Forest” Skog,2016-07-07,2016,Sommar,https://www.sverigesradio.se/avsnitt/743434,https://static-cdn.sr.se/laddahem/podradio/sommar_i_p1/2016/07/sommar_i_p1_20160707_1500_426aba2.mp3,3630,58229020,https://static-cdn.sr.se/images/2071/8e0ce512-723d-483a-aa55-754e734bae59.jpg,Mattias Ahlm/Sveriges Radio,"TATUERARE. Tatueraren Ove Skog, känd som Doc Forest, är Sveriges första yrkesutövande tatuerare. Han berättar hur det började, om sjömansliv, japanska motiv och om tatueringars medicinska användning."
743390,5764051,Ulrika Rogland,2016-07-08,2016,Sommar,https://www.sverigesradio.se/avsnitt/743390,https://static-cdn.sr.se/laddahem/podradio/sommar_i_p1/2016/07/sommar_i_p1_20160708_1500_2bf8392.mp3,3152,50583567,https://static-cdn.sr.se/images/2071/67c6d06a-772e-4e72-a47a-ea3711b12766.jpg,Mattias Ahlm/Sveriges Radio,"MÅLSÄGARBITRÄDE, EXPERT NÄT-GROOMING. Ulrika Rogland berättar om åtalet mot Alexandramannen, om grooming på nätet och hur det känns att arbeta med brott mot de allra mest utsatta; barnen."
743339,5766321,Alexander ”The Mauler” Gustafsson,2016-07-09,2016,Sommar,https://www.sverigesradio.se/avsnitt/743339,https://static-cdn.sr.se/laddahem/podradio/sommar_i_p1/2016/07/sommar__vinter_i_p1_alexander_the_mauler_gustafs_20240916_1548040437.mp3,2519,40461289,https://static-cdn.sr.se/images/2071/1e47c751-73ce-4825-afc9-9beb015117c5.jpg,Micke Grönberg / Sveriges Radio,"MMA-FIGHTER. MMA-stjärnan Alexander Gustafsson, också känd som The Mauler, talar om förluster, träning, de hårda ungdomsåren och kärlek i sitt Sommarprogram."
743365,5768978,Malou von Sivers 2016,2016-07-10,2016,Sommar,https://www.sverigesradio.se/avsnitt/743365,https://static-cdn.sr.se/laddahem/podradio/sommar_i_p1/2016/07/sommar__vinter_i_p1_malou_von_sivers_20240916_1548174939.mp3,3711,59534761,https://static-cdn.sr.se/images/2071/9b1f7ce1-8237-4d71-ade0-feb1c277d2ba.jpg,Mattias Ahlm/Sveriges Radio,"JOURNALIST, FÖRELÄSARE, PROGRAMLEDARE. Journalisten och programledaren Malou von Sivers berättar för första gången om barndomens sår som präglat hela hennes liv. "
747697,5768981,Anders Kompass,2016-07-11,2016,Sommar,https://www.sverigesradio.se/avsnitt/747697,https://static-cdn.sr.se/laddahem/podradio/sommar_i_p1/2016/07/sommar_i_p1_20160711_1500_37e483f.mp3,2763,44362868,https://static-cdn.sr.se/images/2071/780c6ce1-7460-423b-a26b-da8e6808a174.jpg,Mattias Ahlm/Sveriges Radio,"TIDIGARE CHEF FN:S KONTOR FÖR MÄNSKLIGA RÄTTIGHETER I sitt Sommarprogram berättar förre FN-chefen Anders Kompass om FN-rapporten som förändrade hans liv, och om livet som visselblåsare."
747743,5768461,Emil Jensen,2016-07-12,2016,Sommar,https://www.sverigesradio.se/avsnitt/747743,https://static-cdn.sr.se/laddahem/podradio/sommar_i_p1/2016/07/sommar_i_p1_20160712_1500_238cde6.mp3,3769,60464756,https://static-cdn.sr.se/images/2071/fff0e756-98c0-43c9-92d1-030e84c65aa6.jpg,Mattias Ahlm/Sveriges Radio,"ARTIST, POET. Emil Jensen talar i sitt Sommarprogram om sin bortgångna syster Anna, och att det trots allt INTE var bättre förr."
747790,5768049,Maj Sjöwall,2016-07-13,2016,Sommar,https://www.sverigesradio.se/avsnitt/747790,https://static-cdn.sr.se/laddahem/podradio/sommar_i_p1/2016/07/sommar_i_p1_20160713_1500_46e4875.mp3,3042,48826638,https://static-cdn.sr.se/images/2071/b4ffa780-2aed-480c-b915-0e92624bdbe1.jpg,Peter Knutson,"FÖRFATTARE, ÖVERSÄTTARE. Deckardrottningen Maj Sjöwall berättar om det Stockholm där hon växte upp, om livet med Per Wahlöö och hur romanserien om kommissarie Beck och Gunvald Larsson kom till."
747834,5768605,Elisabeth Tarras-Wahlberg,2016-07-14,2016,Sommar,https://www.sverigesradio.se/avsnitt/747834,https://static-cdn.sr.se/laddahem/podradio/sommar_i_p1/2016/07/sommar_i_p1_20160714_1500_287da31.mp3,3409,54704062,https://static-cdn.sr.se/images/2071/e4644be5-0e07-44b7-8f57-decf86df963a.jpg,Mattias Ahlm/Sveriges Radio,"HOVMARSKALK, KOMMUNIKATIONSRÅDGIVARE. Hovmarskalken Elisabeth Tarras-Wahlberg tar oss med på en resa genom sitt liv. Att arbeta för det svenska hovet är en livsstil, berättar hon i sitt Sommarprogram."
747878,5772490,Sakine Madon,2016-07-15,2016,Sommar,https://www.sverigesradio.se/avsnitt/747878,https://static-cdn.sr.se/laddahem/podradio/sommar_i_p1/2016/07/sommar_i_p1_20160715_1500_2e216eb.mp3,2826,45373708,https://static-cdn.sr.se/images/2071/91b05ad6-3a8f-48ac-956c-2a759f25a7b5.jpg,Mattias Ahlm/Sveriges Radio,"OPINIONSBILDARE, STATSVETARE. Opinionsbildaren Sakine Madon reflekterar över terrordåd, om konstnären Lars Vilks och om vikten av att också försvara sådana åsikter man inte delar."
747923,5771794,Markus Krunegård,2016-07-16,2016,Sommar,https://www.sverigesradio.se/avsnitt/747923,https://static-cdn.sr.se/laddahem/podradio/sommar_i_p1/2016/07/sommar_i_p1_20160716_1500_4bd7e38.mp3,3071,49282378,https://static-cdn.sr.se/images/2071/f375cc76-7e7c-48d8-8b47-b6e18d09a063.jpg,Mattias Ahlm/Sveriges Radio,"MUSIKER. Markus Krunegård talar om att vara både finsk och svensk, både där och här, att kallas både finnjävel och svennebög, och om vägen in till musiken."
747948,5762750,Marit Paulsen,2016-07-17,2016,Sommar,https://www.sverigesradio.se/avsnitt/747948,https://static-cdn.sr.se/laddahem/podradio/sommar_i_p1/2016/07/sommar_i_p1_20160717_1500_2b312c2.mp3,2395,38471380,https://static-cdn.sr.se/images/2071/dabc8b4c-5fa1-4864-86d8-af7d3e712ba2.jpg,"David Herngren/SVT  Bilden fÃ¥r endast anvÃ¤ndas i programpresenterande sammanhang.  Fotografens namn, Sveriges Television samt programme...","POLITIKER, FÖRFATTARE. Marit Paulsen talar om att åldras, om Europa och om sin uppväxt under andra världskrigets Norge. Hon berättar att detta Sommarprogram är hennes sista offentliga framträdande."
751686,5772771,Mikael Karlsson,2016-07-18,2016,Sommar,https://www.sverigesradio.se/avsnitt/751686,https://static-cdn.sr.se/laddahem/podradio/sommar_i_p1/2016/07/sommar_i_p1_20160718_1400_36f19d8.mp3,4503,72193653,https://static-cdn.sr.se/images/2071/95e1f392-9ddc-48fd-b49a-e6c01e4a8b12.jpg,,"KOMPOSITÖR. Mikael Karlsson talar om musik, ljud, det intensiva livet i Harlem, New York och vad som egentligen är meningen med konsten."
751731,5779118,Sven Hagströmer,2016-07-19,2016,Sommar,https://www.sverigesradio.se/avsnitt/751731,https://static-cdn.sr.se/laddahem/podradio/sommar_i_p1/2016/07/sommar_i_p1_20160719_1500_2368da6.mp3,3740,59997768,https://static-cdn.sr.se/images/2071/b17c69a0-1e86-4ad0-bd80-f99f04305083.jpg,Mattias Ahlm/Sveriges Radio,"FINANSMAN, ENTREPRENÖR. Entreprenör och styrelseproffset Sven Hagströmer berättar i sitt Sommar aktieköp som 12-åring, om samarbetet med Mats Qviberg och om sitt engagemang för skolan."
751778,5776111,Emilia Lind (Lyssnarnas Sommarvärd 2016),2016-07-20,2016,Sommar,https://www.sverigesradio.se/avsnitt/751778,https://static-cdn.sr.se/laddahem/podradio/sommar_i_p1/2016/07/sommar_i_p1_20160720_1400_39fd9e0.mp3,3005,48240840,https://static-cdn.sr.se/images/2071/0223ac35-bdae-4afb-a01b-f134ed26ce57.jpg,Mattias Ahlm/Sveriges Radio,"STUDENT, LYSSNARNAS SOMMARVÄRD. Emilia Lind röstades fram som Lyssnarnas Sommarvärd. Hon talar om hur livet plötsligt förändrades en dag när hon var 16 år och fick veta att hennes mamma hade dött."
751822,5777423,Edward Blom,2016-07-21,2016,Sommar,https://www.sverigesradio.se/avsnitt/751822,https://static-cdn.sr.se/laddahem/podradio/sommar_i_p1/2016/07/sommar_i_p1_20160721_1500_3d06e5c.mp3,3454,55413217,https://static-cdn.sr.se/images/2071/9b434f85-4a2d-423f-9939-7c19dff5430d.jpg,Mattias Ahlm/Sveriges Radio,"GASTRONOM, KULTURHISTORIKER, FÖRFATTARE. Gastronomen och kulturhistorikern Edward Blom talar om livet före framgången, om uppväxten och åren som student där mat och dryck blev allt mer centralt."
751866,5779290,Sara Mohammad,2016-07-22,2016,Sommar,https://www.sverigesradio.se/avsnitt/751866,https://static-cdn.sr.se/laddahem/podradio/sommar_i_p1/2016/07/sommar_i_p1_20160722_1500_2a7d022.mp3,3520,56470882,https://static-cdn.sr.se/images/2071/b41ccfc5-f491-4bc7-88fd-d574c88ccc28.jpg,Mattias Ahlm/Sveriges Radio,"OPINIONSBILDARE MOT HEDERSKULTUR. Sara Mohammad talar i sitt Sommar om erfarenheterna som format henne, om uppväxten i irakiska Kurdistan, om föräldrakärlek och föräldratvång."
751910,5779784,Carola Häggkvist,2016-07-23,2016,Sommar,https://www.sverigesradio.se/avsnitt/751910,https://static-cdn.sr.se/laddahem/podradio/sommar_i_p1/2016/07/sommar_i_p1_20160723_1500_3b0269f.mp3,3322,53306825,https://static-cdn.sr.se/images/2071/52faa238-f111-44cc-b84e-1bbe58604cd7.jpg,Mattias Ahlm/Sveriges Radio,"SÅNGERSKA, ARTIST. Carola Häggkvist läser ur sin dagbok från 1983, berättar om adoptionen av dottern Zoe, om resan till Kos för att hjälpa flyktingar och om genombrottet i melodifestivalen."
751935,5779893,Kim Källström,2016-07-24,2016,Sommar,https://www.sverigesradio.se/avsnitt/751935,https://static-cdn.sr.se/laddahem/podradio/sommar_i_p1/2016/07/sommar_i_p1_20160724_1500_3febdf8.mp3,3625,58156811,https://static-cdn.sr.se/images/2071/70d1c12d-f428-43ad-85d8-a01a15953bf0.jpg,Janerik Henriksson/TT,"FOTBOLLSSPELARE. Kim Källström berättar om livet som fotbollsproffs, om hierarkin i omklädningsrummet och om glädjen och ångesten på plan."
757615,5779887,Johan Holmsäter,2016-07-25,2016,Sommar,https://www.sverigesradio.se/avsnitt/757615,https://static-cdn.sr.se/laddahem/podradio/sommar_i_p1/2016/07/sommar_i_p1_20160725_1500_3f12caf.mp3,4165,66801611,https://static-cdn.sr.se/images/2071/df2e3e4e-95ca-4d21-8b4f-ba7180aaf4ca.jpg,Mattias Ahlm/Sveriges Radio,"HÄLSOFILOSOF, ENTREPRENÖR. Hälsoprofilen Johan Holmsäter berättar historien bakom hans livs idé Friskis & Svettis och om 70-talet, då vi åt och drack dåligt och det bara fanns två gym i Stockholm."
757664,5770111,Isabella Lundgren,2016-07-26,2016,Sommar,https://www.sverigesradio.se/avsnitt/757664,https://static-cdn.sr.se/laddahem/podradio/sommar_i_p1/2016/07/sommar_i_p1_20160726_1500_351ead3.mp3,3025,48549766,https://static-cdn.sr.se/images/2071/fb049c2a-c92e-4994-9013-32fdbb8cf9fe.jpg,Mattias Ahlm/Sveriges Radio,"JAZZSÅNGERSKA. Jazzsångerskan Isabella Lundgren berättar en sorglig och vemodig historia om sin livsresa med musik, droger och tro."
757715,5783151,Bert Karlsson,2016-07-27,2016,Sommar,https://www.sverigesradio.se/avsnitt/757715,https://static-cdn.sr.se/laddahem/podradio/sommar_i_p1/2016/07/sommar_i_p1_20160727_1500_489fd5d.mp3,3672,58900387,https://static-cdn.sr.se/images/2071/a6264574-4cff-4a11-afab-095bdc54e3c6.jpg,Mattias Ahlm/Sveriges Radio,"ENTREPRENÖR, F.D. SKIVBOLAGSDIREKTÖR. Entreprenören Bert Karlsson talar om sin karriär som skivbolagsdirektör, hur han ser på samhällsdebatten och om när han fick en cancerdiagnos."
757763,5781427,Johan Renck,2016-07-28,2016,Sommar,https://www.sverigesradio.se/avsnitt/757763,https://static-cdn.sr.se/laddahem/podradio/sommar_i_p1/2016/07/sommar_i_p1_20160728_1500_2c49a1e.mp3,2945,47271316,https://static-cdn.sr.se/images/2071/33f8c476-a5af-4864-8eb9-aa363642d738.jpg,Mattias Ahlm/Sveriges Radio,"REGISSÖR, MUSIKER. Regissören Johan Renck talar om fåfänga, bekräftelsebehov och kreativitetens drivkrafter i sitt Sommar."
756904,5776702,Stina Stoor 2016,2016-07-29,2016,Sommar,https://www.sverigesradio.se/avsnitt/756904,https://static-cdn.sr.se/laddahem/podradio/sommar_i_p1/2016/07/sommar_i_p1_20160729_1500_227e93e.mp3,3238,51959225,https://static-cdn.sr.se/images/2071/c2295e62-862d-4d08-98b0-52f0bb05a91a.jpg,Mattias Ahlm/Sveriges Radio,"FÖRFATTARE. Författaren Stina Stoor talar om uppväxten med far, mor och storebror på landsbygden i Balåliden, där hon fick en kattunge som rymde och sjöng om ”strippan från Trosa.”"
760428,5785466,Lennart Bylock,2016-07-30,2016,Sommar,https://www.sverigesradio.se/avsnitt/760428,https://static-cdn.sr.se/laddahem/podradio/sommar_i_p1/2016/07/sommar_i_p1_20160730_1500_3d27059.mp3,3621,58096755,https://static-cdn.sr.se/images/2071/e41bb5fe-2343-43bd-8886-efa2c965fbf7.jpg,Mattias Ahlm/Sveriges Radio,"INDUSTRIMAN, FÖRETAGSLEDARE. Affärsmannen och styrelseproffset Lennart Bylock om att vara sanningssägare inom näringslivet och om det är bra eller inte att köra racerbåt."
757814,5781522,Kikki Danielsson,2016-07-31,2016,Sommar,https://www.sverigesradio.se/avsnitt/757814,https://static-cdn.sr.se/laddahem/podradio/sommar_i_p1/2016/07/sommar_i_p1_20160731_1500_2fe6291.mp3,3554,57016317,https://static-cdn.sr.se/images/2071/7f63a13d-6238-45a6-9c6e-582d1f9b0a96.jpg,Mattias Ahlm/Sveriges Radio,"SÅNGERSKA, ARTIST. Artisten Kikki Danielsson berättar om livet bakom löpsedlarna, om ensamhet, turnéer, om en uppväxt som fosterbarn och om ett av livets största glädjeämnen i sitt Sommar."
760833,5788458,Iman Aldebe,2016-08-01,2016,Sommar,https://www.sverigesradio.se/avsnitt/760833,https://static-cdn.sr.se/laddahem/podradio/sommar_i_p1/2016/08/sommar_i_p1_20160801_1500_37ab3e4.mp3,2752,44180680,https://static-cdn.sr.se/images/2071/3c65b634-5bdf-46e7-be36-98cdd9952701.jpg,Mattias Ahlm/Sveriges Radio,DESIGNER. Designern Iman Aldebe berättar om den slingriga vägen från idé till egen verksamhet som kontroversiell designer av ”ready to wear-turbans” och moderniseringen av det muslimska modet.
761168,5783802,"IJustWantToBeCool (Victor Beer, Emil Beer, Joel Adolphson)",2016-08-02,2016,Sommar,https://www.sverigesradio.se/avsnitt/761168,https://static-cdn.sr.se/laddahem/podradio/sommar_i_p1/2016/08/sommar_i_p1_20160802_1500_2c955a0.mp3,3686,59132354,https://static-cdn.sr.se/images/2071/227322d3-46f8-4b1d-8816-f343454ab3b5.jpg,Mattias Ahlm/Sveriges Radio,"KOMIKER. Komikertrion Victor Beer, Emil Beer och Joel Adolphson gör tillsammans Sommar. Ett sketchprogram i högt tempo om våndor."
760183,5771183,Parul Sharma,2016-08-03,2016,Sommar,https://www.sverigesradio.se/avsnitt/760183,https://static-cdn.sr.se/laddahem/podradio/sommar_i_p1/2016/08/sommar_i_p1_20160803_1500_2e5fa49.mp3,2457,39464519,https://static-cdn.sr.se/images/2071/25b0081f-4760-4402-8ea4-732f05dc769d.jpg,Mattias Ahlm/Sveriges Radio,"MÄNNISKORÄTTSJURIST. Människorättsjuristen Parul Sharma talar om barnen i världen, om OS och korruptionen som hänger ihop med den, och om världens starka och svaga."
758116,5783519,Siw Carlsson,2016-08-04,2016,Sommar,https://www.sverigesradio.se/avsnitt/758116,https://static-cdn.sr.se/laddahem/podradio/sommar_i_p1/2016/08/sommar_i_p1_20160804_1500_21180a1.mp3,2922,46901942,https://static-cdn.sr.se/images/2071/3e707967-736e-48d4-8325-ad8f08ea6812.jpg,Mattias Ahlm/Sveriges Radio,"SKÅDESPELARE. Skådespelaren Siw Carlsson berättar om åren som folkkär buskisstjärna med Stefan & Krister, hur figuren Augustina uppstod och om livet på landsbygden."
757840,5791597,Carolina Klüft,2016-08-05,2016,Sommar,https://www.sverigesradio.se/avsnitt/757840,https://static-cdn.sr.se/laddahem/podradio/sommar_i_p1/2016/08/sommar_i_p1_20160805_1500_2a2afb8.mp3,3372,54105555,https://static-cdn.sr.se/images/2071/ec1be003-02e6-494b-bfd3-594258e94796.jpg,Mattias Ahlm/Sveriges Radio,"F.D. FRIIDROTTARE, PROGRAMLEDARE. Före detta friidrottaren Carolina Klüft talar om att bygga en självkänsla bortom prestationerna, om att bekämpa sina rädslor och om sin älskade farmor."
761214,5783664,Magnus Uggla,2016-08-06,2016,Sommar,https://www.sverigesradio.se/avsnitt/761214,https://static-cdn.sr.se/laddahem/podradio/sommar_i_p1/2016/08/sommar_i_p1_20160806_1500_2726da1.mp3,3580,57428584,https://static-cdn.sr.se/images/2071/b61c9ab9-ad82-4901-9edd-ca1f2cf6234b.jpg,Mattias Ahlm/Sveriges Radio,"ARTIST. Artisten Magnus Uggla talar om misslyckanden, drömmar, uppväxten och en kamp med självförtroendet i sitt Sommar."
761239,5783866,Anna Ternheim,2016-08-07,2016,Sommar,https://www.sverigesradio.se/avsnitt/761239,https://static-cdn.sr.se/laddahem/podradio/sommar_i_p1/2016/08/sommar_i_p1_20160807_1500_2fcc650.mp3,3261,52334234,https://static-cdn.sr.se/images/2071/08c06faf-07fd-46d3-adc2-450bb09d775a.jpg,Mattias Ahlm/Sveriges Radio,"MUSIKER, SÅNGARE, LÅTSKRIVARE. Musikern Anna Ternheim talar om kärleken i sitt Sommarprogram; kärleken som tar slut, kärleken som består, och den som förvandlas till vänskap."
765484,5791018,Alexander Bard,2016-08-08,2016,Sommar,https://www.sverigesradio.se/avsnitt/765484,https://static-cdn.sr.se/laddahem/podradio/sommar_i_p1/2016/08/sommar__vinter_i_p1_alexander_bard_20240916_1602116252.mp3,3061,49134898,https://static-cdn.sr.se/images/2071/157143c3-ddef-4dc5-829a-f96e8ea6e8e6.jpg,,"ARTIST, FÖRFATTARE, FILOSOF. ”Jag tror inte längre på monologen, jag tror på dialogen. Därför har jag helt enkelt bjudit in en samarbetspartner till det här programmet.”"
765535,5790485,Marianne Lindberg De Geer,2016-08-09,2016,Sommar,https://www.sverigesradio.se/avsnitt/765535,https://static-cdn.sr.se/laddahem/podradio/sommar_i_p1/2016/08/sommar_i_p1_20160809_1500_2ced718.mp3,3222,51711003,https://static-cdn.sr.se/images/2071/7abec454-3b8b-4760-9f34-dad41d395e39.jpg,Mattias Ahlm/Sveriges Radio,"KONSTNÄR, DRAMATIKER, KULTURSKRIBENT. Konstnärinnan och dramatikern Marianne Lindberg De Geer talar om sin olyckliga barndom. Fadern tar livet av sig och modern är den indirekta orsaken."
765586,5791816,Janne Andersson,2016-08-10,2016,Sommar,https://www.sverigesradio.se/avsnitt/765586,https://static-cdn.sr.se/laddahem/podradio/sommar_i_p1/2016/08/sommar__vinter_i_p1_janne_andersson_20240916_1604404128.mp3,3576,57367044,https://static-cdn.sr.se/images/2071/4e5f9bb1-9059-4e2d-aec5-1e714e54e2d2.jpg,Jonas Ekblom / Sveriges Radio,FOTBOLLSTRÄNARE. ”Jag känner mig obekymrad inför uppdraget som förbundskapten. Jag har blivit erbjuden och antagit det finaste jobb som finns i min värld...” Så börjar han sitt Sommarprogram.
765339,5783635,Ida Sjöstedt,2016-08-11,2016,Sommar,https://www.sverigesradio.se/avsnitt/765339,https://static-cdn.sr.se/laddahem/podradio/sommar_i_p1/2016/08/sommar__vinter_i_p1_ida_sjostedt_20240916_1604578409.mp3,3171,50881660,https://static-cdn.sr.se/images/2071/0b5ec8e2-f0d1-42c0-9630-bea91b5f2b6b.jpg,Mattias Ahlm/Sveriges Radio,"KLÄDDESIGNER. Duktiga flickor, dåliga flickor, fina flickor, pojkflickor, glädjeflickor, jungfrur, horor, madonnor, primadonnor, mansslukare, karriärkvinnor… några av de kvinnor jag inspirerats av.”"
765388,5803141,Maja Hagerman,2016-08-12,2016,Sommar,https://www.sverigesradio.se/avsnitt/765388,https://static-cdn.sr.se/laddahem/podradio/sommar_i_p1/2016/08/sommar_i_p1_20160812_1300_3aa4318.mp3,3347,53700960,https://static-cdn.sr.se/images/2071/20b843b9-763c-470d-b019-7a9183511927.jpg,Mattias Ahlm/Sveriges Radio,FÖRFATTARE. Författaren och filmaren Maja Hagerman talar i sitt Sommarprogram om ansikten och rasbiologi. Ett ämne som engagerat henne de senaste 20 åren.
765435,5768510,José González,2016-08-13,2016,Sommar,https://www.sverigesradio.se/avsnitt/765435,https://static-cdn.sr.se/laddahem/podradio/sommar_i_p1/2016/08/sommar_i_p1_20160813_1500_2494a40.mp3,3048,48921377,https://static-cdn.sr.se/images/2071/20912b40-2c6c-42f7-80fa-ba17a855da40.jpg,Mattias Ahlm/Sveriges Radio,"SÅNGARE, MUSIKER. Sångaren och musikern José González funderar kring sin världsbild, i förhållande till det vi tror oss veta eller inte veta."
765460,5800217,Kerstin Ekman,2016-08-14,2016,Sommar,https://www.sverigesradio.se/avsnitt/765460,https://static-cdn.sr.se/laddahem/podradio/sommar_i_p1/2016/08/sommar_i_p1_20160814_1500_3109ba8.mp3,2861,45934099,https://static-cdn.sr.se/images/2071/79b9e18b-ff1a-4d69-be3c-48c0ae6bc1c5.jpg,Mattias Ahlm/Sveriges Radio,"FÖRFATTARE. Författaren Kerstin Ekman berättar om hur den levande musiken präglat hennes uppväxt. En värld där all musik var levande, en värld som nu gått förlorad."
768661,5805152,Angelica Ström,2016-08-15,2016,Sommar,https://www.sverigesradio.se/avsnitt/768661,https://static-cdn.sr.se/laddahem/podradio/sommar_i_p1/2016/08/sommar_i_p1_20160815_1500_230bde6.mp3,3339,53570891,https://static-cdn.sr.se/images/2071/26889ba6-305a-4f58-9911-ff045f620cf7.jpg,Mattias Ahlm/Sveriges Radio,SPECIALLÄRARE. Angelica Ström är dotter till Katarina Taikon. Hon har fått kämpa för att komma tillrätta med sitt ursprung och idag är hon en stolt rom.
768710,5776697,Hannah Akuffo,2016-08-16,2016,Sommar,https://www.sverigesradio.se/avsnitt/768710,https://static-cdn.sr.se/laddahem/podradio/sommar_i_p1/2016/08/sommar_i_p1_20160816_1500_225ee15.mp3,2936,47126571,https://static-cdn.sr.se/images/2071/c6f23e3e-f36e-4b28-8e61-8b322d8a51c2.jpg,Mattias Ahlm/Sveriges Radio,PROFESSOR PARASITOLOGI. Hanna Akuffo professor i parasitologi berättar om sin livsresa från Ghana via London till Sverige. Hon jobbar på SIDA och kom hit som välutbildad forskare 1986.
758647,5800310,Maher Zain,2016-08-17,2016,Sommar,https://www.sverigesradio.se/avsnitt/758647,https://static-cdn.sr.se/laddahem/podradio/sommar_i_p1/2016/08/sommar_i_p1_20160817_1500_34b256d.mp3,2878,46198871,https://static-cdn.sr.se/images/2071/e7212dcc-c3e7-45cb-b4fd-c7640192b8e5.jpg,Mattias Ahlm/Sveriges Radio,"SÅNGARE, LÅTSKRIVARE, PRODUCENT. Artisten Maher Zain berättar om de stora kontrasterna mellan att vara vara storstjärna i länder som Malaysia, Marocko, Indonesien och Turkiet, men okänd i Sverige."
768788,5806595,Per Andersson,2016-08-18,2016,Sommar,https://www.sverigesradio.se/avsnitt/768788,https://static-cdn.sr.se/laddahem/podradio/sommar_i_p1/2016/08/sommar_i_p1_20160818_1500_2fcf863.mp3,3377,54185553,https://static-cdn.sr.se/images/2071/4dae84f8-2278-4010-a390-6c23d13687ca.jpg,Mattias Ahlm/Sveriges Radio,"SKÅDESPELARE, KOMIKER. ”Kan man inte göra humor till en religion? Vore inte det fint? Inte vet jag men jag tror på skratt! Skratt - Som en förlösande faktor, som nåt som förenar, ja, så fånig är jag”"
768837,5807817,Karin Bojs,2016-08-19,2016,Sommar,https://www.sverigesradio.se/avsnitt/768837,https://static-cdn.sr.se/laddahem/podradio/sommar_i_p1/2016/08/sommar_i_p1_20160819_1500_31a6901.mp3,3071,49286050,https://static-cdn.sr.se/images/2071/82b20ec6-c4f1-46b7-9f53-354ca9807e8b.jpg,Mattias Ahlm/Sveriges Radio,"JOURNALIST, FÖRFATTARE. I sitt Sommarprogram berättar Karin Bojs om vägen till journalistyrket, och utforskar vårt gemensamma arv och våra kopplingar till neandertalare, men även sitt egna familjearv."
768884,5809756,Klas Östergren,2016-08-20,2016,Sommar,https://www.sverigesradio.se/avsnitt/768884,https://static-cdn.sr.se/laddahem/podradio/sommar_i_p1/2016/08/sommar_i_p1_20160820_1500_39a51a4.mp3,3416,54813842,https://static-cdn.sr.se/images/2071/7b9604cd-c86e-4611-ae94-8e633bec2bb0.jpg,Mattias Ahlm/Sveriges Radio,FÖRFATTARE. Författaren Klas Östergren pratar i Sommar i P1 om språk och tid och om den tid vi tror oss minnas. Han inleder med ett minne från sitt första möte med publiken vid en författarträff...
768909,5809777,Silvana Imam,2016-08-21,2016,Sommar,https://www.sverigesradio.se/avsnitt/768909,https://static-cdn.sr.se/laddahem/podradio/sommar_i_p1/2016/08/sommar_i_p1_20160821_1500_3d5e943.mp3,3769,60460258,https://static-cdn.sr.se/images/2071/4274fd17-6af1-496b-9438-79e9979ccca9.jpg,Mattias Ahlm/Sveriges Radio,"MUSIKER, ARTIST. ”Jag tror det svenska skolklimatet gjorde mig till rappare. På riktigt. Jag är byggd till varje tegelsten av “du-ska-inte-tro-att-du” citat som slängts på mig genom min uppväxt.”"
821607,5945107,Olof Wretling – Om sorg – Vinterprat 2016,2016-12-25,2016,Vinter,https://www.sverigesradio.se/avsnitt/821607,https://static-cdn.sr.se/laddahem/podradio/sommar_i_p1/2016/12/sommar_i_p1_20161225_1500_3ad6679.mp3,3777,60588754,https://static-cdn.sr.se/images/2071/d72bb4b3-17c9-490d-b39f-dd9f30174da9.jpg,Mattias Ahlm /Sveriges Radio,SKÅDESPELARE. Lyssnarnas Vinterfavorit Olof Wretling håller i sitt Vinter en försenad högmässa. Hans predikan handlar om att råda en vän i sorg och om varför han aldrig åkte till Australien.
826042,5944269,Stina Stoor - Vinter 2016,2016-12-26,2016,Vinter,https://www.sverigesradio.se/avsnitt/826042,https://static-cdn.sr.se/laddahem/podradio/sommar_i_p1/2016/12/sommar_i_p1_20161226_1500_1e8c18d.mp3,3462,55542399,https://static-cdn.sr.se/images/2071/d5db081b-3f00-4178-ab21-ab6bc7ff5aa9.jpg,Mattias Ahlm /Sveriges Radio,"FÖRFATTARE. Stina Stoor berättar om att i tidig ålder få bröst som är lite för stora, som ställde till det. Hon pratar även om pappans demens och om att inte vilja besöka honom, ens i juletid."
826080,5952228,Emil Jensen - Vinter 2016,2016-12-27,2016,Vinter,https://www.sverigesradio.se/avsnitt/826080,https://static-cdn.sr.se/laddahem/podradio/sommar_i_p1/2016/12/sommar_i_p1_20161227_1500_21963c4.mp3,3754,60222632,https://static-cdn.sr.se/images/2071/16c5c53a-b8c2-461b-95ac-c1df871d7046.jpg,Mattias Ahlm /Sveriges Radio,"MUSIKER, ARTIST, POET. Emil Jensen pratar om missförståndets möjligheter. Att vi ibland är så upptagna av att det ska bli rätt att vi glömmer bort att det kanske är bättre när det blir fel."
826122,5950009,Edward Blom - Vinter 2016,2016-12-28,2016,Vinter,https://www.sverigesradio.se/avsnitt/826122,https://static-cdn.sr.se/laddahem/podradio/sommar_i_p1/2016/12/sommar_i_p1_20161228_1500_2be254c.mp3,3417,54824429,https://static-cdn.sr.se/images/2071/f402215e-a04f-4a41-987d-4eb068ffed77.jpg,Mattias Ahlm /Sveriges Radio,"GASTRONOM, KULTURHISTORIKER, FÖRFATTARE. Gastronomen och kulturhistorikern Edward Blom pratar om mat. Han hyllar det överdådiga och berättar även om sin värsta matupplevelse."
826163,5944272,Sakine Madon - Vinter 2016,2016-12-29,2016,Vinter,https://www.sverigesradio.se/avsnitt/826163,https://static-cdn.sr.se/laddahem/podradio/sommar_i_p1/2016/12/sommar_i_p1_20161229_1500_1ec107d.mp3,2744,44060310,https://static-cdn.sr.se/images/2071/5f232e57-6ac0-45d3-840b-25078f0aa028.jpg,Mattias Ahlm /Sveriges Radio,"OPINIONSBILDARE, STATSVETARE. Opinionsbildaren Sakine Madon reflekterar över svenskheten och om vart vi är på väg. Hon berättar i sitt Vinter om kulturkrocken som var stark när hon kom hit som barn."
826203,5948848,Tomas Sjödin - Vinter 2016,2016-12-30,2016,Vinter,https://www.sverigesradio.se/avsnitt/826203,https://static-cdn.sr.se/laddahem/podradio/sommar_i_p1/2016/12/sommar_i_p1_20161230_1500_319df5f.mp3,3234,51894029,https://static-cdn.sr.se/images/2071/2c97c9b1-ff96-4be2-ab48-c7edd695b83f.jpg,Mattias Ahlm /Sveriges Radio,"FÖRFATTARE, PASTOR, FÖRELÄSARE. Tomas Sjödin pratar om att välja ljuset i en mörknande värld. Om kraften i ljuset och om att tro fram det bästa i varandra."
826229,5954575,Martina Haag - Vinter 2016,2016-12-31,2016,Vinter,https://www.sverigesradio.se/avsnitt/826229,https://static-cdn.sr.se/laddahem/podradio/sommar_i_p1/2016/12/sommar_i_p1_20161231_1500_22f0063.mp3,2690,43197690,https://static-cdn.sr.se/images/2071/bf2a7692-5390-445b-b011-12eafa5e563e.jpg,Mattias Ahlm /Sveriges Radio,"FÖRFATTARE, MANUSFÖRFATTARE, SKÅDESPELARE. Martina Haag förbereder i sitt Vinterprogram en nyårsfest. Hon ger oss tips på en lyckad bjudning, och hon berättar även om mattraditioner från medeltiden."
826249,5949015,Jesper Rönndahl - Vinter 2017 (jan),2017-01-01,2017,Vinter,https://www.sverigesradio.se/avsnitt/826249,https://static-cdn.sr.se/laddahem/podradio/sommar_i_p1/2017/01/sommar_i_p1_20170101_1500_35a44ca.mp3,3466,55611882,https://static-cdn.sr.se/images/2071/89f724d9-fad5-4a18-a6ce-2b2244b11e30.jpg,Mattias Ahlm /Sveriges Radio,"PROGRAMLEDARE, KOMIKER. Komikern Jesper Rönndahl pratar om sanningen, och hur vi förhåller oss till den. Som ståuppare måste han alltid förhålla sig till sanningen om det ska funka."
908561,6137633,Rickard Söderberg,2017-06-24,2017,Sommar,https://www.sverigesradio.se/avsnitt/908561,https://static-cdn.sr.se/laddahem/podradio/sommar_i_p1/2017/06/sommar_i_p1_20170624_0700_3452694.mp3,3339,53463290,https://static-cdn.sr.se/images/2071/c913d31e-5304-4b61-8f19-f8e15f37afa4.jpg,Mattias Ahlm/Sveriges Radio,OPERASÅNGARE. I programmet hör vi om hur Rickard Söderberg fick modet att stolt gå i högstadiekorridorerna med grönt hår och om hans eviga tro på kärleken.
908584,6137521,Sarah Sjöström,2017-06-25,2017,Sommar,https://www.sverigesradio.se/avsnitt/908584,https://static-cdn.sr.se/laddahem/podradio/sommar_i_p1/2017/06/sommar__vinter_i_p1_sarah_sjostrom_20240916_1641343676.mp3,3088,49439507,https://static-cdn.sr.se/images/2071/7cb6ccb9-5370-4053-9391-9d47bbfd03d8.jpg,Mattias Ahlm/Sveriges Radio,"SIMMARE. Sarah Sjöström har de senaste tio åren tagit 44 mästerskapsmedaljer, varav hälften guld, plus en OS-medalj av varje valör. Hon är på toppen av sin karriär, känner sig ruskigt stark och gläds åt framgångarna."
910618,6137619,Negra Efendić,2017-06-26,2017,Sommar,https://www.sverigesradio.se/avsnitt/910618,https://static-cdn.sr.se/laddahem/podradio/sommar_i_p1/2017/06/sommar_i_p1_20170626_0700_33b84bf.mp3,3219,51536456,https://static-cdn.sr.se/images/2071/8ff27568-2164-4c9b-88c2-6dbec0e3ba2b.jpg,Mattias Ahlm/Sveriges Radio,JOURNALIST. Prisade journalisten Negra Efendić berättar i sitt Sommar om hur det var att komma till Sverige på 90-talet och om hur hon idag tar hjälp av sin inre Zlatan när hon möter orättvisor.
910666,6140048,Douglas ”Dogge Doggelito” León,2017-06-27,2017,Sommar,https://www.sverigesradio.se/avsnitt/910666,https://static-cdn.sr.se/laddahem/podradio/sommar_i_p1/2017/06/sommar_i_p1_20170627_0700_26c1fcb.mp3,3241,51892331,https://static-cdn.sr.se/images/2071/a1bdc6c8-880d-4876-9d92-3eace44f3019.jpg,Mattias Ahlm/Sveriges Radio,"ARTIST. ”Jag älskade 80-talet”, berättar Douglas León, mer känd som Dogge Doggelito, i sitt Sommarprogram: ”Vi vandrade alla in i framtiden. Tillsammans.”"
910713,6142269,Johan Hakelius,2017-06-28,2017,Sommar,https://www.sverigesradio.se/avsnitt/910713,https://static-cdn.sr.se/laddahem/podradio/sommar_i_p1/2017/06/sommar_i_p1_20170628_0700_2afca8a.mp3,3373,54007823,https://static-cdn.sr.se/images/2071/c5c50edf-f59e-47e3-93f8-8f51762da3ac.jpg, Mattias Ahlm/Sveriges Radio,"CHEFREDAKTÖR, FÖRFATTARE. Johan Hakelius tar med oss på en resa i porträttens värld och allt som bubblar under ytan på ett porträtt. Och vad vi läser in i porträtten. Och om det verkligen spelar roll."
910760,6142358,Madeleine Onne,2017-06-29,2017,Sommar,https://www.sverigesradio.se/avsnitt/910760,https://static-cdn.sr.se/laddahem/podradio/sommar_i_p1/2017/06/sommar_i_p1_20170629_0700_2e83c3d.mp3,3992,63903468,https://static-cdn.sr.se/images/2071/9992d89b-1a1e-4cef-9128-03949b5def3f.jpg,Mattias Ahlm/Sveriges Radio,"DANSARE, BALETTCHEF. Dansaren och balettchefen Madeleine Onne började dansa i Stockholm som barn och har nu erövrat världens scener, inte bara som dansare utan även som chef."
910806,6142578,Ann-Helén Laestadius,2017-06-30,2017,Sommar,https://www.sverigesradio.se/avsnitt/910806,https://static-cdn.sr.se/laddahem/podradio/sommar_i_p1/2017/06/sommar__vinter_i_p1_annheln_laestadius_20240125_0922406832.mp3,3713,59436223,https://static-cdn.sr.se/images/2071/0a6f05d5-832f-4f61-980b-1bae958709c3.jpg,Mattias Ahlm/Sveriges Radio,"FÖRFATTARE, JOURNALIST. Författaren Ann-Heléne Laestadius talar om sin barndoms Kiruna, en plats som snart inte finns kvar. Men även om sitt samiska ursprung och om att hitta hem. "
910832,6145084,Per Gessle,2017-07-01,2017,Sommar,https://www.sverigesradio.se/avsnitt/910832,https://static-cdn.sr.se/laddahem/podradio/sommar_i_p1/2017/07/sommar_i_p1_20170701_0700_3ea1653.mp3,3360,53787516,https://static-cdn.sr.se/images/2071/ae2fbbaa-49bc-44ab-b1e1-0343e7e2f283.jpg,Jesper Molin,"MUSIKER, SÅNGARE, LÅTSKRIVARE. Född och uppvuxen i Halmstad är musikern Per Gessle starkt präglad av småstaden."
909821,6145694,Harriet Andersson,2017-07-02,2017,Sommar,https://www.sverigesradio.se/avsnitt/909821,https://static-cdn.sr.se/laddahem/podradio/sommar_i_p1/2017/07/sommar_i_p1_20170702_0700_2801053.mp3,3873,61997006,https://static-cdn.sr.se/images/2071/2c06c290-b0b1-469e-b732-9d45112050a7.jpg,Micke Grönberg/Sveriges Radio,SKÅDESPELARE. Från Scalas revyer till de tjusiga scenerna. Resan gick snabbt för Harriet Andersson som slog igenom stort som 20 åring.
914882,6144404,Ulf Ekman,2017-07-03,2017,Sommar,https://www.sverigesradio.se/avsnitt/914882,https://static-cdn.sr.se/laddahem/podradio/sommar_i_p1/2017/07/sommar_i_p1_20170703_0700_280af16.mp3,2867,45909737,https://static-cdn.sr.se/images/2071/b08edf48-836b-49ae-a130-0adec100b444.jpg,Mattias Ahlm/Sveriges Radio,"F.D. PASTOR, FÖRFATTARE. På 80 och 90 talet var Ulf Ekman en mycket känd person i Sverige. Han startade och ledde den omdiskuterade frireligiösa församlingen Livets ord. Nu berättar han om den tiden."
914931,6144868,Richard Tellström,2017-07-04,2017,Sommar,https://www.sverigesradio.se/avsnitt/914931,https://static-cdn.sr.se/laddahem/podradio/sommar_i_p1/2017/07/sommar_i_p1_20170704_0700_383844c.mp3,3177,50870795,https://static-cdn.sr.se/images/2071/046f0c84-b513-456c-94a4-200d2df92ae6.jpg,Mattias Ahlm/Sveriges Radio,"ETNOLOG, MÅLTIDSFORSKARE. Matforskaren Richard Tellström om varför vi väljer att äta olika rätter istället för foderpellets. Maten avslöjar oss! Hör måltidsforskaren Richard Tellström om vilket bröd en socialdemokrat äter."
914978,6149452,Malin Persson Giolito,2017-07-05,2017,Sommar,https://www.sverigesradio.se/avsnitt/914978,https://static-cdn.sr.se/laddahem/podradio/sommar_i_p1/2017/07/sommar_i_p1_20170705_0700_37239bd.mp3,3391,54281510,https://static-cdn.sr.se/images/2071/cd075891-3c16-45eb-bbf2-023a280b7dac.jpg,Mattias Ahlm/Sveriges Radio,"FÖRFATTARE, JURIST. Författaren och juristen Malin Persson Giolito berättade i dagens Sommar i P1 om hur hon sadlade om från jurist till framgångsrik deckarförfattare, vars böcker har sålts till 26 länder."
917302,6151441,Sherihan ”Cherrie” Abdulle,2017-07-06,2017,Sommar,https://www.sverigesradio.se/avsnitt/917302,https://static-cdn.sr.se/laddahem/podradio/sommar_i_p1/2017/07/sommar_i_p1_20170706_0700_26ecf19.mp3,3290,52675081,https://static-cdn.sr.se/images/2071/ae40ef33-16c5-4b33-bb35-36fcbd1b83a5.jpg,Mattias Ahlm/Sveriges Radio,SÅNGERSKA. Artisten Cherrie riktar sig till en av sina nära vänner i sitt Sommarprogram och berättar om uppväxten i Finland och hur Rinkeby och musiken räddat henne.
918335,6140468,Lennart Käll,2017-07-07,2017,Sommar,https://www.sverigesradio.se/avsnitt/918335,https://static-cdn.sr.se/laddahem/podradio/sommar_i_p1/2017/07/sommar_i_p1_20170707_0700_3728535.mp3,3445,55148239,https://static-cdn.sr.se/images/2071/c124269e-cadd-4657-9624-14c7c73ce692.jpg,Foto: Micke Gronberg/Sveriges Ra,VD SVENSKA SPEL. Lennart Käll är Vd för Svenska Spel och i hans Sommarprogram berättar han om de minuter som förändrade hans liv för alltid: rånet.
918363,6154638,Linda Boström Knausgård,2017-07-08,2017,Sommar,https://www.sverigesradio.se/avsnitt/918363,https://static-cdn.sr.se/laddahem/podradio/sommar_i_p1/2017/07/sommar_i_p1_20170708_0700_866b24.mp3,4201,67251919,https://static-cdn.sr.se/images/2071/e7871381-7b71-426f-9291-f55d30b8ef0a.jpg,Izabelle Nordfjell/TT,"FÖRFATTARE, POET. Hör författaren Linda Boström Kanusgård berätta om att vara bipolär, om att bli förälskad - och hur allt hänger samman; dalar och toppar genom ett liv med sjukdomen."
916906,6153353,Janne Josefsson,2017-07-09,2017,Sommar,https://www.sverigesradio.se/avsnitt/916906,https://static-cdn.sr.se/laddahem/podradio/sommar_i_p1/2017/07/sommar_i_p1_20170709_0700_3eb95a7.mp3,3038,48634607,https://static-cdn.sr.se/images/2071/bd81e537-3d73-428f-afcc-82e6cfcef07f.jpg,Mattias Ahlm/Sveriges Radio,"JOURNALIST. Janne Josefsson tar oss med på en resa från barndomen i Biskopsgården i Göteborg till där han är idag, 40 år senare, med en lång journalistkarriär bakom sig."
917151,6155388,Dagny Carlsson,2017-07-10,2017,Sommar,https://www.sverigesradio.se/avsnitt/917151,https://static-cdn.sr.se/laddahem/podradio/sommar_i_p1/2017/07/sommar_i_p1_20170710_1300_3567bdd.mp3,2647,42391327,https://static-cdn.sr.se/images/2071/cb4ec504-0204-4868-b502-7e550422403b.jpg,Mattias Ahlm/Sveriges Radio,"BLOGGARE, F.D. SÖMMERSKA. Världens äldsta bloggare bjuder in oss till sitt hem och berättar om konsten att hålla sig pigg och slippa krämpor och om konsten att ha kul på gamla dar."
917198,6156706,William Spetz 2017,2017-07-11,2017,Sommar,https://www.sverigesradio.se/avsnitt/917198,https://static-cdn.sr.se/laddahem/podradio/sommar_i_p1/2017/07/sommar_i_p1_20170711_0700_17d53c4.mp3,3422,54786873,https://static-cdn.sr.se/images/2071/7f00d754-be64-4eb3-8cdb-2f5aa8630a01.jpg,Mattias Ahlm/Sveriges Radio,"SKÅDESPELARE. Med humor och brinnande allvar berättar skådespelaren William Spetz historien om sig själv genom att berätta om sin mormor Ulla, kvinnan som ”kunde plocka blåbär oavbrutet i tre dygn”."
917060,6157203,Angela Gui,2017-07-12,2017,Sommar,https://www.sverigesradio.se/avsnitt/917060,https://static-cdn.sr.se/laddahem/podradio/sommar_i_p1/2017/07/sommar_i_p1_20170712_0700_2e24d47.mp3,2489,39856231,https://static-cdn.sr.se/images/2071/a60f7bd2-e9f6-4f4b-80fb-359320f35f54.jpg,Mattias Ahlm/Sveriges Radio,DOKTORAND. Hon är student i England när hon får ett mail från en kollega till hennes far. Där står att pappan är försvunnen ”for political reasons”.
917105,6157574,Birgitte Bonnesen,2017-07-13,2017,Sommar,https://www.sverigesradio.se/avsnitt/917105,https://static-cdn.sr.se/laddahem/podradio/sommar_i_p1/2017/07/sommar_i_p1_20170713_0700_3a7bf0a.mp3,3261,52213580,https://static-cdn.sr.se/images/2071/b4360e15-1924-4977-82f0-4a57b5bf886a.jpg,Mattias Ahlm/Sveriges Radio,"KONCERNCHEF OCH VD SWEDBANK. Birgitte Bonnesens Sommar handlar om hennes rötter, om värderingar, om att ta vara på chanser och om att hantera motstånd."
917013,6158873,Johannes Anyuru 2017,2017-07-14,2017,Sommar,https://www.sverigesradio.se/avsnitt/917013,https://static-cdn.sr.se/laddahem/podradio/sommar_i_p1/2017/07/sommar__vinter_i_p1_johannes_anyuru_20240917_0927322436.mp3,3222,51587975,https://static-cdn.sr.se/images/2071/c186e58a-2c4b-4e53-8f89-ee919c2187f3.jpg,Micke Grönberg / Sveriges Radio,"FÖRFATTARE, POET. En kort tid efter Johannes Anyurus hyllade roman ”De kommer att drunkna i sina mödrars tårar” släppts, boken som handlar om ett fiktivt terrordåd, så sker ett verkligt i Stockholm."
916940,6159852,Tove ”Tove Lo” Nilsson,2017-07-15,2017,Sommar,https://www.sverigesradio.se/avsnitt/916940,https://static-cdn.sr.se/laddahem/podradio/sommar_i_p1/2017/07/sommar_i_p1_20170715_0700_39acb9f.mp3,3131,50124616,https://static-cdn.sr.se/images/2071/3e652d15-ba19-4b88-9250-6d8fb19c5473.jpg,Matt Jones,"SÅNGERSKA, LÅTSKRIVARE. – Jag vet att jag inte är ensam. Jag är inte den enda som försöker bedöva hjärtesorg med kemikalier, som älskar att fly från verkligheten, som gillar sex, som jagar rus, som aldrig känner sig tillräcklig, som gått igenom depressioner, som sårat någon eller som är ansvarslös ibland. Och jag har valt att vara ärlig när jag ska prata om det här. Jag skäms inte."
916969,6160334,Anders Arborelius,2017-07-16,2017,Sommar,https://www.sverigesradio.se/avsnitt/916969,https://static-cdn.sr.se/laddahem/podradio/sommar_i_p1/2017/07/sommar_i_p1_20170716_0700_1fd361d.mp3,3480,55714016,https://static-cdn.sr.se/images/2071/ac7b8ce3-b8e1-48ee-988e-ddca2b1b44ba.jpg,Mattias Ahlm / Sveriges Radio,"BISKOP, KARDINAL. Han levde ett klosterliv i fattigdom, lydnad och kyskhet under 27 år och beskriver det som ’en glädje utan like att få vara fria för Gud och inte vara bunden av något jordiskt’."
921561,6160565,Linnéa Claeson,2017-07-17,2017,Sommar,https://www.sverigesradio.se/avsnitt/921561,https://static-cdn.sr.se/laddahem/podradio/sommar_i_p1/2017/07/sommar_i_p1_20170717_0700_2aa7d0a.mp3,2691,43081112,https://static-cdn.sr.se/images/2071/269fc80c-a07c-4088-b737-5dfec4d3331d.jpg,Mattias Ahlm/Sveriges Radio,"HANDBOLLSSPELARE, OPINIONSBILDARE. Linnéa Claesons sommarprogram handlar nästan inget om sport. Hon talar istället om de sms hon fått från främmande män, och om vårt ojämställda samhälle."
921564,6159821,Johan von Schreeb 2017,2017-07-18,2017,Sommar,https://www.sverigesradio.se/avsnitt/921564,https://static-cdn.sr.se/laddahem/podradio/sommar_i_p1/2017/07/sommar_i_p1_20170718_0700_38a5156.mp3,3328,53273576,https://static-cdn.sr.se/images/2071/981c878a-a2c9-45e5-bf34-c027d9f98d82.jpg,Mattias Ahlm/Sveriges Radio,"LÄKARE. Trots hans frus bestämda ord och dotterns vädjan om att han inte skulle resa, så åkte katastrofläkaren Johan von Schreeb till Sierra Leone för att försöka stoppa ebolautbrottet. I sitt Sommarprat försöker han ge svar på frågan han ställer sig: ”Hur kunde en feg krake som jag hamna här?”"
921565,6163989,Tommy Ivarsson (Lyssnarnas Sommarvärd 2017),2017-07-19,2017,Sommar,https://www.sverigesradio.se/avsnitt/921565,https://static-cdn.sr.se/laddahem/podradio/sommar_i_p1/2017/07/sommar_i_p1_20170719_0700_3441f38.mp3,3663,58634609,https://static-cdn.sr.se/images/2071/939ccbf7-9a1f-4a61-aaae-2a34372a889e.jpg,Mattias Ahlm/Sveriges Radio,Om vad som händer när man lever i den värsta av mardrömmar – att ens barn drabbas av en livshotande sjukdom. Men också om vägen vidare.
921579,6163628,Moa Herngren,2017-07-20,2017,Sommar,https://www.sverigesradio.se/avsnitt/921579,https://static-cdn.sr.se/laddahem/podradio/sommar_i_p1/2017/07/sommar_i_p1_20170720_0700_256dd06.mp3,2825,45234151,https://static-cdn.sr.se/images/2071/2de9753e-2458-48a7-b945-42733b60155e.jpg,Mattias Ahlm/Sveriges Radio,"FÖRFATTARE, JOURNALIST, TV-PRODUCENT. Moa Herngren pratar om familjen i sitt Sommarprat. Både sin egen barndoms kärnfamilj och den krokiga väg som det har inneburit för henne att hitta fram till den konstellation av människor som idag utgör hennes bonusfamilj, hennes flock."
921580,6160807,Johan Kuylenstierna,2017-07-21,2017,Sommar,https://www.sverigesradio.se/avsnitt/921580,https://static-cdn.sr.se/laddahem/podradio/sommar_i_p1/2017/07/sommar_i_p1_20170721_0700_3436d0a.mp3,3664,58649849,https://static-cdn.sr.se/images/2071/7cfe43f0-4d3f-4421-b6f3-91cf83f7147f.jpg,Mattias Ahlm/Sveriges Radio,"NATURGEOGRAF, VD, MILJÖDEBATTÖR. Johan Kuylenstierna inleder med att berätta om sin mormor som vid 100 års ålder inte tyckte att det var bättre förr. Hennes perspektiv bidrog till att göra honom till en framtidsoptimist och han fokuserar på hur vi kan lösa de miljöproblem som vår utveckling orsakar."
921581,6164869,Karin Laserow,2017-07-22,2017,Sommar,https://www.sverigesradio.se/avsnitt/921581,https://static-cdn.sr.se/laddahem/podradio/sommar_i_p1/2017/07/sommar_i_p1_20170722_0700_279beba.mp3,3129,50095135,https://static-cdn.sr.se/images/2071/a18b8820-e97f-4b5c-ae83-f5b0b6995b8f.jpg,Mattias Ahlm/Sveriges Radio,"INREDARE, KULTURARBETARE. Karin Laserow är antikvitetshandlaren som vill vara mitt i rummet, mitt i rutan och mitt i livet där det händer."
921582,6161572,Stig Björkman,2017-07-23,2017,Sommar,https://www.sverigesradio.se/avsnitt/921582,https://static-cdn.sr.se/laddahem/podradio/sommar_i_p1/2017/07/sommar_i_p1_20170723_0700_3aabee1.mp3,3968,63512538,https://static-cdn.sr.se/images/2071/752720e5-32b6-4259-ae03-04a0843a6937.jpg,Mattias Ahlm/Sveriges Radio,"FILMREGISSÖR, FÖRFATTARE, KRITIKER. Stig Björkmans Sommarprat är en kärleksförklaring till film och filmskapande. Han berättar om sin första förälskelse på biograf Royal som ledde till en livslång kärlek till den vita duken och allt arbete bakom den. Men också om den verkliga kärleken till livskamraten Sun Axelsson."
921583,6209009,Malin Cederbladh,2017-07-24,2017,Sommar,https://www.sverigesradio.se/avsnitt/921583,https://static-cdn.sr.se/laddahem/podradio/sommar_i_p1/2017/07/sommar_i_p1_20170724_0700_2df1990.mp3,3070,49157468,https://static-cdn.sr.se/images/2071/c75ec0af-6243-4917-bec5-974331c35ea3.jpg,Mattias Ahlm/Sveriges Radio,SKÅDESPELARE. Malin Cederbladh är skådespelaren som älskar att köra bil. Med en stillsam och underfundig humor väver hon i sitt Sommarprat ihop den berättelse som är hennes liv.
921584,6167317,Jerzy Sarnecki,2017-07-25,2017,Sommar,https://www.sverigesradio.se/avsnitt/921584,https://static-cdn.sr.se/laddahem/podradio/sommar_i_p1/2017/07/sommar_i_p1_20170725_0700_2ac16c9.mp3,4063,65042711,https://static-cdn.sr.se/images/2071/3415febd-db8c-415c-a4c8-b219bffef430.jpg,Mattias Ahlm/Sveriges Radio,"PROFESSOR, KRIMINOLOGI. I sitt Sommarprogram berättar Jerzy Sarnecki om föräldrarna som överlevde Auschwitz men som tvingades fly det kommunistiska Polen. Och om hur Sverige blev hans akademiska räddning."
921585,6180766,Kalle Lind,2017-07-26,2017,Sommar,https://www.sverigesradio.se/avsnitt/921585,https://static-cdn.sr.se/laddahem/podradio/sommar_i_p1/2017/07/sommar_i_p1_20170726_0700_2a88e04.mp3,3528,56483437,https://static-cdn.sr.se/images/2071/6139becf-77c6-42c2-a889-9309e2a5ed27.jpg,Mattias Ahlm/Sveriges Radio,"FÖRFATTARE, RADIOPRATARE, KOMIKER. Kalle Lind berättar att han har Eslöv i blodomloppet och att han hyser ett ohälsosamt intresse för detaljer, i synnerhet rörande svensk nöjeshistoria."
921586,6170744,Evin Ahmad,2017-07-27,2017,Sommar,https://www.sverigesradio.se/avsnitt/921586,https://static-cdn.sr.se/laddahem/podradio/sommar_i_p1/2017/07/sommar_i_p1_20170727_0700_346e19a.mp3,3350,53634053,https://static-cdn.sr.se/images/2071/c5884416-da4e-4083-b1fa-390713687189.jpg,Mattias Ahlm/Sveriges Radio,"SKÅDESPELARE. Om ”kandidatutbildning i hur du uppför dig i kultursveriges rum” och om vad som anses vara trovärdighet på scen. Om skådespeleri, sexscener, fruktan, ångest och den kropp som skådespelaren Evin Ahmad föddes med och aldrig tycks kunna bli fri från."
916616,6165364,Rune Andersson,2017-07-28,2017,Sommar,https://www.sverigesradio.se/avsnitt/916616,https://static-cdn.sr.se/laddahem/podradio/sommar_i_p1/2017/07/sommar_i_p1_20170728_0700_39c5f36.mp3,3257,52143561,https://static-cdn.sr.se/images/2071/38d304c8-be41-48c6-8486-f874ea88f3d5.jpg,Mattias Ahlm/Sveriges Radio,"FÖRETAGSLEDARE. Rune Andersson berättar om sina rötter, hur föräldrarna fick slita för att den lilla gården i Blekinge skulle fungera. Hans äldre syster lärde honom läsa redan vid fyra års ålder."
921587,6172685,Lisa Ekdahl,2017-07-29,2017,Sommar,https://www.sverigesradio.se/avsnitt/921587,https://static-cdn.sr.se/laddahem/podradio/sommar_i_p1/2017/07/sommar_i_p1_20170729_0700_225a912.mp3,3284,52574197,https://static-cdn.sr.se/images/2071/f617c6c9-38bf-4562-b361-09243c742128.jpg,Mattias Ahlm/Sveriges Radio,"MUSIKER, SÅNGERSKA. Lisa Ekdahl pratar om att tro på och stå för den man är och om att lyckas som kvinna i en mansdominerad bransch. Det handlar också om den stora sorgen i att förlora en förälder."
921590,6171589,Fredrik Backman,2017-07-30,2017,Sommar,https://www.sverigesradio.se/avsnitt/921590,https://static-cdn.sr.se/laddahem/podradio/sommar_i_p1/2017/07/sommar_i_p1_20170730_0700_261891d.mp3,3514,56247998,https://static-cdn.sr.se/images/2071/6533ee90-093a-419a-9a99-217543ded1a2.jpeg,Henric Lindsten,FÖRFATTARE. Fredrik Backman riktar sitt Sommarprogram till unga kreativa personer som får höra att de inte är bra nog. Han ger tips på hur man kan göra verklighet av sina drömmar om att jobba med ”något konstigt”.
921591,6180767,Bahar Pars,2017-07-31,2017,Sommar,https://www.sverigesradio.se/avsnitt/921591,https://static-cdn.sr.se/laddahem/podradio/sommar_i_p1/2017/07/sommar_i_p1_20170731_0700_2a9062f.mp3,3299,52817031,https://static-cdn.sr.se/images/2071/f4453736-e5f4-44cf-aaab-b3240bbe13b5.jpg,Micke Grönberg/ Sveriges Radio,"SKÅDESPELARE, REGISSÖR. För Bahar Pars handlar skådespeleriet inte om att låtsas att få vara någon annan utan om att bara få vara sig själv."
927236,6176155,Aron Anderson,2017-08-01,2017,Sommar,https://www.sverigesradio.se/avsnitt/927236,https://static-cdn.sr.se/laddahem/podradio/sommar_i_p1/2017/08/sommar_i_p1_20170801_0700_2cf03e9.mp3,3982,63736729,https://static-cdn.sr.se/images/2071/08a204f8-55ec-4d0e-bdf6-42d06e1f2415.jpg,Mattias Ahlm/Sveriges Radio,"FÖRELÄSARE, ÄVENTYRARE, IDROTTSMAN. Vid sju års ålder drabbas Aron Andersson av cancer i rumpan. När han väl accepterat ett liv i rullstol, blev det idrott för hela slanten. Under 10-års tid la han hela sin själ i idrotten."
927237,6177044,Miriam Bryant,2017-08-02,2017,Sommar,https://www.sverigesradio.se/avsnitt/927237,https://static-cdn.sr.se/laddahem/podradio/sommar_i_p1/2017/08/sommar_i_p1_20170802_0700_219b189.mp3,2775,44425628,https://static-cdn.sr.se/images/2071/7ff36e86-6dcc-499b-a4e0-e5e5f05cb8d5.jpg,Mattias Ahlm/Sveriges Radio,"SÅNGARE, LÅTSKRIVARE. Skrivandet har aldrig haft ett terapisyfte för Miriam Bryant. Snarare tvärtom; att skriva är för henne mer ett självskadebeteende. I sitt Sommarprogram letar hon upp sina gamla dagböcker och läser högt."
927238,6149686,Jonna Bornemark,2017-08-03,2017,Sommar,https://www.sverigesradio.se/avsnitt/927238,https://static-cdn.sr.se/laddahem/podradio/sommar_i_p1/2017/08/sommar_i_p1_20170803_0700_3de9aa0.mp3,3387,54220668,https://static-cdn.sr.se/images/2071/6e88e40b-e6f8-44b4-932b-479681a4250f.jpg,Mattias Ahlm/Sveriges Radio,Jonna Bornemark berättar hur intresset för filosofi startade. Redan när hon var i 15-årsåldern förlorade hon sig i långa filosofiska diskussioner tillsammans med sin pappa.
927239,6180172,Jacob Mühlrad,2017-08-04,2017,Sommar,https://www.sverigesradio.se/avsnitt/927239,https://static-cdn.sr.se/laddahem/podradio/sommar_i_p1/2017/08/sommar_i_p1_20170804_0700_4a0e13d.mp3,3688,59033772,https://static-cdn.sr.se/images/2071/685e8db8-d39e-49bd-90d5-9adb8dcdba29.jpg,Mattias Ahlm/Sveriges Radio,"KOMPOSITÖR. – Att gå från att definieras via sina misslyckanden till att lyftas upp för sina framgångar; om musik som religiositet och hur den tillåter mig att vara extremist. Men detta är också en historia om svårigheterna att som dyslektiker lära sig noter, vara ung kompositör av konstmusik … och mina desperata försök att hantera panisk scenskräck."
927240,6181145,Sven Melander,2017-08-05,2017,Sommar,https://www.sverigesradio.se/avsnitt/927240,https://static-cdn.sr.se/laddahem/podradio/sommar_i_p1/2017/08/sommar_i_p1_20170805_0700_37e891d.mp3,3356,53730118,https://static-cdn.sr.se/images/2071/caff9893-7b91-46c8-937f-fe729a7be252.jpg,Mattias Ahlm/Sveriges Radio,"PROGRAMLEDARE, SKÅDESPELARE, JOURNALIST. Om minnesvärda och underhållande incidenter och människor som Sven Melander mött på sitt livs sällskapsresa. Men också om näthat och om sin brors bortgång och den begravning som Sven Melander höll i sitt hem."
927241,6181153,Tarja Halonen,2017-08-06,2017,Sommar,https://www.sverigesradio.se/avsnitt/927241,https://static-cdn.sr.se/laddahem/podradio/sommar_i_p1/2017/08/sommar_i_p1_20170806_0700_385141e.mp3,2975,47628208,https://static-cdn.sr.se/images/2071/2b85974c-1443-4e81-8eb2-0dc03ff37bb2.jpg,Mattias Ahlm/Sveriges Radio,"PRESIDENT. Tarja Halonen berättar om arbetet som jurist inom den finska Fackföreningsrörelsen, via rollen som utrikesminister till ämbetet som landets första kvinnliga president."
927242,6181131,Barbro Ehnbom,2017-08-07,2017,Sommar,https://www.sverigesradio.se/avsnitt/927242,https://static-cdn.sr.se/laddahem/podradio/sommar_i_p1/2017/08/sommar_i_p1_20170807_0700_3777d9e.mp3,3565,57076449,https://static-cdn.sr.se/images/2071/54b8a9c4-33aa-46d5-a369-1676d32f6d8c.jpg,Catarina Åström,"Barbro Ehnboms Sommarprogram handlar om dagar på Wall Street och nätter på Studio 54 med jet-set folket. Om att stå ut i en mansvärld och leva under devisen ”Work hard, play hard”."
927243,6183397,Anders Göranzon,2017-08-08,2017,Sommar,https://www.sverigesradio.se/avsnitt/927243,https://static-cdn.sr.se/laddahem/podradio/sommar_i_p1/2017/08/sommar_i_p1_20170808_0700_3e1ebf9.mp3,3354,53691394,https://static-cdn.sr.se/images/2071/6d63d8a7-51c9-47ca-a0b6-9b9e2419aad3.jpg,Foto: Micke Gronberg/Sveriges Radio,Kommissarie Anders Göranzons program handlar om jobbet som polis med grov kriminalitet.
927244,6184349,Roy Hodgson,2017-08-09,2017,Sommar,https://www.sverigesradio.se/avsnitt/927244,https://static-cdn.sr.se/laddahem/podradio/sommar_i_p1/2017/08/sommar_i_p1_20170809_0700_3834946.mp3,3240,51870623,https://static-cdn.sr.se/images/2071/1a0919ed-ee4a-4716-9ad5-dc57ed4c9961.jpg,Henrik Begnert/ Sveriges Radio,Roy Hodgson Sommarpratar på sin 70-årsdag och berättar om hur det har varit att jobba med den professionella toppfotbollen i åtta länder.
927245,6185086,Magda Gad,2017-08-10,2017,Sommar,https://www.sverigesradio.se/avsnitt/927245,https://static-cdn.sr.se/laddahem/podradio/sommar_i_p1/2017/08/sommar_i_p1_20170810_0700_26186f2.mp3,3758,60164607,https://static-cdn.sr.se/images/2071/a8163cb8-e0c0-4bec-8572-23f7638bacd6.jpg,Magnus Bergström,"Vi vill varna för starka skildringar av våld, krig och utsatthet i programmet."
927246,6186294,Henrik Dorsin (Repris från 2012),2017-08-11,2017,Sommar,https://www.sverigesradio.se/avsnitt/927246,https://static-cdn.sr.se/laddahem/podradio/sommar_i_p1/2017/08/sommar_i_p1_20170811_0700_25bca48.mp3,5102,81661686,https://static-cdn.sr.se/images/2071/2344843_1200_675.jpg,,"Skådespelare, komiker, sångare. I sitt Sommar slår han ett slag för alla ""lillgamla människor därute"" och till sin hjälp har han musiker som spelar live på plats i studion."
927247,6187313,Gullan Bornemark,2017-08-12,2017,Sommar,https://www.sverigesradio.se/avsnitt/927247,https://static-cdn.sr.se/laddahem/podradio/sommar_i_p1/2017/08/sommar_i_p1_20170812_0700_1e1af90.mp3,3678,58886796,https://static-cdn.sr.se/images/2071/0154a9ce-2d8e-4b79-8bef-5f467ec430d4.jpg,Mattias Ahlm/Sveriges Radio,"MUSIKER, MUSIKPEDAGOG. – Musik förgyller livet!"
927248,6187472,Lisa Langseth,2017-08-13,2017,Sommar,https://www.sverigesradio.se/avsnitt/927248,https://static-cdn.sr.se/laddahem/podradio/sommar_i_p1/2017/08/sommar_i_p1_20170813_0700_2438436.mp3,3819,61135617,https://static-cdn.sr.se/images/2071/a0953806-11bc-4dcb-84f5-b58f7b8810dc.jpg,Mattias Ahlm/Sveriges Radio,"DRAMATIKER, REGISSÖR. – Mitt program kommer handla om att ha fantasin och kreativiteten som följeslagare genom livet."
927249,6182202,Percy Nilsson,2017-08-14,2017,Sommar,https://www.sverigesradio.se/avsnitt/927249,https://static-cdn.sr.se/laddahem/podradio/sommar_i_p1/2017/08/sommar_i_p1_20170814_0700_331737c.mp3,3081,49327468,https://static-cdn.sr.se/images/2071/ac1e473e-5efe-4c44-b71e-0bf75e482793.jpg,Mattias Ahlm/Sveriges Radio,"AFFÄRSMAN. – Som entreprenör försöker jag aldrig göra mig ovän med någon, för man träffas säkert en gång till i livet!"
927250,6190014,Ann-Marie Begler,2017-08-15,2017,Sommar,https://www.sverigesradio.se/avsnitt/927250,https://static-cdn.sr.se/laddahem/podradio/sommar_i_p1/2017/08/sommar_i_p1_20170815_0700_36691a4.mp3,3592,57510007,https://static-cdn.sr.se/images/2071/2a1fdcc2-b24b-4f8e-85a9-4f2af039d971.jpg,Mattias Ahlm/Sveriges Radio,GENERALDIREKTÖR FÖRSÄKRINGSKASSAN. – Jag kommer berätta om myndighetssverige och särskilt om Försäkringskassan och Skolinspektionen. Men framförallt berättar jag om min egen personliga resa med livets alla kringelkrokar.
927251,6190809,Mats Persson,2017-08-16,2017,Sommar,https://www.sverigesradio.se/avsnitt/927251,https://static-cdn.sr.se/laddahem/podradio/sommar_i_p1/2017/08/sommar_i_p1_20170816_0700_2768a27.mp3,3713,59445916,https://static-cdn.sr.se/images/2071/decc84ba-546d-418e-a725-c66294e0c3a2.jpg,Richard Gardner/Rex/IBL Bildbyrå,STATSVETARE. – Jag ska prata om hur det är att gå på glödande kol med Storbritanniens premiärminister och vad som verkligen hände när britterna röstade för Brexit.
927252,6192447,Tobias Forge,2017-08-17,2017,Sommar,https://www.sverigesradio.se/avsnitt/927252,https://static-cdn.sr.se/laddahem/podradio/sommar_i_p1/2017/08/sommar_i_p1_20170817_0700_377832d.mp3,3605,57716496,https://static-cdn.sr.se/images/2071/c8de2ad9-9c61-4ebe-b1cc-3f22c7486a60.jpg,Polydor Sweden,MUSIKER. – Jag ska prata om min bakgrund och hur det aldrig riktigt blir som man tänkt sig.
927253,6192649,Annakarin Nyberg,2017-08-18,2017,Sommar,https://www.sverigesradio.se/avsnitt/927253,https://static-cdn.sr.se/laddahem/podradio/sommar_i_p1/2017/08/sommar_i_p1_20170818_0700_3c3f5ca.mp3,3291,52692957,https://static-cdn.sr.se/images/2071/16e477b8-96c8-41ad-ab16-d9a126f2d813.jpg,Mattias Ahlm/Sveriges Radio,"INTERNETFORSKARE, FÖRFATTARE, FÖRELÄSARE. – I mitt Sommarprat kommer jag berätta om viktiga strider i mitt liv. Om kampen mot gubbar som använder härskarteknik och mitt krig mot en cancerknöl."
927254,6194382,Ruben Östlund,2017-08-19,2017,Sommar,https://www.sverigesradio.se/avsnitt/927254,https://static-cdn.sr.se/laddahem/podradio/sommar_i_p1/2017/08/sommar__vinter_i_p1_ruben_stlund_20240916_1700598140.mp3,3440,55065343,https://static-cdn.sr.se/images/2071/540c2e7a-273d-427b-9034-392846afd958.jpg,Martina Holmberg,"REGISSÖR. – Mitt program kommer att handla om ”Rutan” – en symbolladdad plats som skall påminna oss om vår roll som ansvarstagande medmänniskor. När programmet sänds finns det redan tre ”rutor” i världen. En i Värnamo, en i Grimstad, Norge och en i Vestfossen, Norge. Kanske kommer jag också berätta lite om hur ”Rutan” blev långfilmen ”The Square” och hur det känns att vinna Guldpalmen i Cannes."
927255,6196075,Stina Ekblad,2017-08-20,2017,Sommar,https://www.sverigesradio.se/avsnitt/927255,https://static-cdn.sr.se/laddahem/podradio/sommar_i_p1/2017/08/sommar_i_p1_20170820_1700_388d239.mp3,3366,53886006,https://static-cdn.sr.se/images/2071/d4791328-5192-400f-a5fa-8a9022cf7b64.jpg,Martina Holmberg / Sveriges Radio,SKÅDESPELARE. – Jag kommer att prata om musik och poesi.
994517,6330888,Mia Skäringer Lázár - Vinter 2017,2017-12-25,2017,Vinter,https://www.sverigesradio.se/avsnitt/994517,https://static-cdn.sr.se/laddahem/podradio/sommar_i_p1/2017/12/sommar_i_p1_20171225_0700_223ecd5.mp3,2719,43538923,https://static-cdn.sr.se/images/2071/5d769c07-d937-4ca5-b50e-ed930255a0c4.jpg,Henrik Brunnsgård/ Sveriges Radio,"SKÅDESPELARE, KOMIKER, MANUSFÖRFATTARE, 41 år. Född i Kristinehamn, bosatt i Kungsbacka. Sommarvärd 2008 och Vintervärd 2011."
994544,6329744,Dagny Carlsson - Vinter 2017,2017-12-26,2017,Vinter,https://www.sverigesradio.se/avsnitt/994544,https://static-cdn.sr.se/laddahem/podradio/sommar_i_p1/2017/12/sommar_i_p1_20171226_0700_2b49dcf.mp3,2261,36207127,https://static-cdn.sr.se/images/2071/0e7eec71-8211-41ce-873f-8f61fe5b35ce.jpg,Mattias Ahlm/ Sveriges Radio,"BLOGGARE, f.d. SÖMMERSKA, 105 år. Född i Kristianstad, bosatt i Solna. Sommarvärd 2017."
994584,6331586,William Spetz - Vinter 2017,2017-12-27,2017,Vinter,https://www.sverigesradio.se/avsnitt/994584,https://static-cdn.sr.se/laddahem/podradio/sommar_i_p1/2017/12/sommar_i_p1_20171227_0700_3a45c81.mp3,2858,45759308,https://static-cdn.sr.se/images/2071/11de1436-56dc-40fa-9fdb-909996906180.jpg,Mattias Ahlm/ Sveriges Radio,"SKÅDESPELARE, 21 år. Född i Umeå, bosatt i Stockholm. Sommarvärd 2017."
994629,6331188,Tomas Sjödin - Vinter 2017,2017-12-28,2017,Vinter,https://www.sverigesradio.se/avsnitt/994629,https://static-cdn.sr.se/laddahem/podradio/sommar_i_p1/2017/12/sommar_i_p1_20171228_0700_2d3c78f.mp3,3422,54782299,https://static-cdn.sr.se/images/2071/0d691a14-d045-4727-84f7-0a09a7b6d565.jpg,Mattias Ahlm/ Sveriges Radio,"FÖRFATTARE, PASTOR, FÖRELÄSARE. 58 år, född i Kramfors, bosatt i Säve Sommarvärd 2004, 2006. Vintervärd 2011, 2013, 2014, 2016."
994674,6329989,Rikard Wolff - repris Vinter 2012,2017-12-29,2017,Vinter,https://www.sverigesradio.se/avsnitt/994674,https://static-cdn.sr.se/laddahem/podradio/sommar_i_p1/2017/12/sommar_i_p1_20171229_0700_33a5f96.mp3,3032,48549760,https://static-cdn.sr.se/images/2071/2618043_1200_675.jpg,Mattias Ahlm/Sveriges Radio,"SKÅDESPELARE/SÅNGARE. Sommarvärd 1992, 2006. Vintervärd 2012. Reprisen med Rikard Wolff ersätter Vinter med Magda Gad."
994703,6332109,Emil Jensen - Vinter 2017,2017-12-30,2017,Vinter,https://www.sverigesradio.se/avsnitt/994703,https://static-cdn.sr.se/laddahem/podradio/sommar_i_p1/2017/12/sommar_i_p1_20171230_0700_2f7fc8d.mp3,3732,59751416,https://static-cdn.sr.se/images/2071/a7b11086-0226-4238-9b1f-ed2c28391415.jpg,Mattias Ahlm/ Sveriges Radio,"MUSIKER, ARTIST, POET, 43 år. Född i Hjärup. Bosatt i Stockholm och Malmö. Sommarvärd och Vintervärd 2016."
994730,6335442,Olof Wretling – Höjdhopp – Vinterprat 2017,2017-12-31,2017,Vinter,https://www.sverigesradio.se/avsnitt/994730,https://static-cdn.sr.se/laddahem/podradio/sommar_i_p1/2017/12/sommar_i_p1_20171231_0700_369f611.mp3,3349,53613687,https://static-cdn.sr.se/images/2071/c985d52b-62aa-4e6d-980b-b4e3429b430a.jpg,Mattias Ahlm/ Sveriges Radio,"SKÅDESPELARE, 42 år. Född i Umeå, bosatt i Karlstad. Sommarvärd 2011. Vintervärd 2011, 2012, 2014, 2015, 2016."
998426,6329943,Tommy Ivarsson - Vinter 2017/18,2018-01-01,2018,Vinter,https://www.sverigesradio.se/avsnitt/998426,https://static-cdn.sr.se/laddahem/podradio/sommar_i_p1/2018/01/sommar_i_p1_20180101_0700_321325e.mp3,3577,57262497,https://static-cdn.sr.se/images/2071/2ffaccac-8128-4da2-9883-845afb73c7d8.jpg,Mattias Ahlm/Sveriges Radio,"ENTREPRENÖR, 50 år. Född i Göteborg, bosatt i Lökeberg utanför Kungälv. Sommarvärd 2017."
1106405,6535947,Claes Månsson,2018-06-23,2018,Sommar,https://www.sverigesradio.se/avsnitt/1106405,https://static-cdn.sr.se/laddahem/podradio/mp/sommar_i_p1/2018/06/sommar_i_p1_20180623_1300_5b2a89e7.mp3,3504,56098754,https://static-cdn.sr.se/images/2071/fd0b1e1d-5aea-422e-8926-f0046b2087e7.jpg,Mattias Ahlm/Sveriges Radio,"SKÅDESPELARE, 68 år. Född i Göteborg, bosatt i Stockholm. Debuterar som Sommarvärd."
1106394,6536510,Bianca Ingrosso,2018-06-24,2018,Sommar,https://www.sverigesradio.se/avsnitt/1106394,https://static-cdn.sr.se/laddahem/podradio/mp/sommar_i_p1/2018/06/sommar_i_p1_20180624_1300_5b2b744e.mp3,3751,60042625,https://static-cdn.sr.se/images/2071/b230c3fb-d2c3-4d52-b895-35e303434076.jpg,Mattias Ahlm/Sveriges Radio,Naket och uppriktigt om ätstörningsproblemen och att uppleva föräldrarnas väldigt offentliga skilsmässa.
1106399,6536549,Kaj Linna,2018-06-25,2018,Sommar,https://www.sverigesradio.se/avsnitt/1106399,https://static-cdn.sr.se/laddahem/podradio/mp/sommar_i_p1/2018/06/sommar_i_p1_20180625_1300_5b2b7c80.mp3,3592,57506489,https://static-cdn.sr.se/images/2071/a70925ae-f99d-46e8-8afd-8a42063259c3.jpg,Mattias Ahlm/Sveriges Radio,"F.d. LIVSTIDSFÅNGE, 56 år. Född i Danmark, uppväxt i Gislaved, bosatt på Kanarieöarna. Debuterar som Sommarvärd."
1106296,6536787,Mouna Esmaeilzadeh,2018-06-26,2018,Sommar,https://www.sverigesradio.se/avsnitt/1106296,https://static-cdn.sr.se/laddahem/podradio/mp/sommar_i_p1/2018/06/sommar_i_p1_20180626_1300_5b2b9d82.mp3,3823,61200434,https://static-cdn.sr.se/images/2071/66c111da-7188-4838-a03e-fb4af8de9315.jpg,Mattias Alhm/Sveriges Radio,"LÄKARE, HJÄRNFORSKARE, ENTREPRENÖR, 38 år. Född i Iran, bosatt i Stockholm och Marbella. Debuterar som Sommarvärd."
1106400,6541367,Marie och Gustav Mandelmann,2018-06-27,2018,Sommar,https://www.sverigesradio.se/avsnitt/1106400,https://static-cdn.sr.se/laddahem/podradio/mp/sommar_i_p1/2018/06/sommar_i_p1_20180627_1300_5b324560.mp3,3163,50633166,https://static-cdn.sr.se/images/2071/87dd76ef-432b-4eb5-936b-db85a9db65d6.jpg,Mattias Ahlm/Sveriges Radio,"LANTBRUKARE, 54 respektive 53 år. Födda i Stockholm, bosatta på Österlen. Debuterar som Sommarvärdar."
1106398,6541498,Mark Levengood 2018,2018-06-28,2018,Sommar,https://www.sverigesradio.se/avsnitt/1106398,https://static-cdn.sr.se/laddahem/podradio/mp/sommar_i_p1/2018/06/sommar_i_p1_20180628_1300_5b32571f.mp3,3615,57865200,https://static-cdn.sr.se/images/2071/260e9289-1821-432b-906e-d36721da8c1b.jpg,Mattias Ahlm/Sveriges Radio,"PROGRAMLEDARE, FÖRFATTARE, UNICEF-AMBASSADÖR, 53 år. Född i USA, uppväxt i Helsingfors, bosatt i Stockholm. Tidigare Sommarvärd 1993, 1996, 1999, 2007, 2011."
1106297,6547445,Anna Serner,2018-06-29,2018,Sommar,https://www.sverigesradio.se/avsnitt/1106297,https://static-cdn.sr.se/laddahem/podradio/mp/sommar_i_p1/2018/06/sommar__vinter_i_p1_anna_serner_20240917_0938420829.mp3,3696,59173320,https://static-cdn.sr.se/images/2071/ee3927c3-db85-49ec-878c-4c75d2e3bda7.jpg,Mattias Ahlm/Sveriges Radio,"VD SVENSKA FILMISTITUTET, JURIST, 53 år. Född och bosatt i Stockholm. Debuterar som Sommarvärd."
1106304,6536598,Eva Rydberg,2018-06-30,2018,Sommar,https://www.sverigesradio.se/avsnitt/1106304,https://static-cdn.sr.se/laddahem/podradio/mp/sommar_i_p1/2018/06/sommar_i_p1_20180630_1300_5b2b81a2.mp3,3027,48466848,https://static-cdn.sr.se/images/2071/bfa8427d-2c99-422d-b748-dc72a09a8a3c.jpg,Micke Grönberg/Sveriges Radio,"SKÅDESPELARE, TEATERDIREKTÖR, 75 år. Född i Malmö, bosatt i Helsingborg. Debuterar som Sommarvärd."
1106305,6546239,Ahmed Abdirahman,2018-07-01,2018,Sommar,https://www.sverigesradio.se/avsnitt/1106305,https://static-cdn.sr.se/laddahem/podradio/mp/sommar_i_p1/2018/07/sommar_i_p1_20180701_1300_5b350947.mp3,3373,54001483,https://static-cdn.sr.se/images/2071/38067f99-538d-4fb2-b4a7-55edcd0bc38b.jpg,Mattias Ahlm/Sveriges Radio,"NÄRINGSPOLITISK EXPERT, integration, 32 år. Född i Somalia, bosatt i Stockholm. Debuterar som Sommarvärd."
1106368,6541975,David Eberhard,2018-07-02,2018,Sommar,https://www.sverigesradio.se/avsnitt/1106368,https://static-cdn.sr.se/laddahem/podradio/mp/sommar_i_p1/2018/07/sommar_i_p1_20180702_1300_5b32e3f6.mp3,2966,47494247,https://static-cdn.sr.se/images/2071/f10c7c84-750d-40a8-9e8c-dcaae1e7290a.jpg,Mattias Ahlm/Sveriges Radio,"PSYKIATRIKER, FÖRFATTARE, 51 år. Född i Åkarp, bosatt i Stockholm. Debuterar som Sommarvärd."
1106370,6549959,Kent Wisti,2018-07-03,2018,Sommar,https://www.sverigesradio.se/avsnitt/1106370,https://static-cdn.sr.se/laddahem/podradio/mp/sommar_i_p1/2018/07/sommar_i_p1_20180703_1300_5b3a4c9c.mp3,3211,51409656,https://static-cdn.sr.se/images/2071/aa43a8ba-039a-43b0-92b6-df92f2782ba3.jpg,Micke Grönberg/Sveriges Radio,"PRÄST, KONSTNÄR, 46 år. Född i Älmhult, bosatt i Lund. Debuterar som Sommarvärd"
1106299,6550842,Anna Throne-Holst,2018-07-04,2018,Sommar,https://www.sverigesradio.se/avsnitt/1106299,https://static-cdn.sr.se/laddahem/podradio/mp/sommar_i_p1/2018/07/sommar_i_p1_20180704_1300_5b3b67e4.mp3,3698,59205147,https://static-cdn.sr.se/images/2071/df825c48-af24-4304-955a-f26180d2948c.jpg,Mattias Ahlm/Sveriges Radio,"Vd för svensk-amerikanska Handelskammaren i New York, 58 år. Född i Norge, uppvuxen i Stockholm, bor i New York. Debuterar som Sommarvärd."
1106402,6547345,Leopoldo Mendez,2018-07-05,2018,Sommar,https://www.sverigesradio.se/avsnitt/1106402,https://static-cdn.sr.se/laddahem/podradio/mp/sommar_i_p1/2018/07/sommar_i_p1_20180705_1300_5b3638bc.mp3,3568,57112311,https://static-cdn.sr.se/images/2071/2aa4ca58-1ca2-4d39-b761-ead24a5d91d5.jpg,Mattias Ahlm/Sveriges Radio,"Artist, 42 år. Född och bosatt i Chile. Debuterar som Sommarvärd."
1106372,6551194,Katarina Wennstam,2018-07-06,2018,Sommar,https://www.sverigesradio.se/avsnitt/1106372,https://static-cdn.sr.se/laddahem/podradio/mp/sommar_i_p1/2018/07/sommar_i_p1_20180706_1300_5b3b98e4.mp3,3689,59061281,https://static-cdn.sr.se/images/2071/af12a969-0d02-4448-99d4-699d1a65d464.jpg,Mattias Alhm/Sveriges Radio,"FÖRFATTARE, JOURNALIST, 44 år. Född i Göteborg, bosatt i Stockholm. Debuterar som Sommarvärd."
1106373,6554118,Jesper Waldersten,2018-07-07,2018,Sommar,https://www.sverigesradio.se/avsnitt/1106373,https://static-cdn.sr.se/laddahem/podradio/mp/sommar_i_p1/2018/07/sommar_i_p1_20180707_1300_5b3e6114.mp3,3334,53375752,https://static-cdn.sr.se/images/2071/2f2ed5fc-c1f1-4f2a-8673-6a684b7b73f8.jpg,Mattias Alhm/Sveriges Radio,"KONSTNÄR, 48 år. Född i Stockholm, bosatt i Mariefred. Debuterar som Sommarvärd."
1106302,6555096,Victoria Silvstedt,2018-07-08,2018,Sommar,https://www.sverigesradio.se/avsnitt/1106302,https://static-cdn.sr.se/laddahem/podradio/mp/sommar_i_p1/2018/07/sommar_i_p1_20180708_1300_5b3f8755.mp3,3004,48094574,https://static-cdn.sr.se/images/2071/54d4907d-a74e-4819-861d-9013d1270f47.jpg,Mattias Ahlm/Sveriges Radio,"FOTOMODELL, PROGRAMLEDARE, ENTREPRENÖR, 43 år. Född i Skellefteå, uppvuxen i Innertavle och Bollnäs, bosatt i Monaco och New York. Debuterar som Sommarvärd."
1077280,6554622,Arne Ljungqvist,2018-07-09,2018,Sommar,https://www.sverigesradio.se/avsnitt/1077280,https://static-cdn.sr.se/laddahem/podradio/mp/sommar_i_p1/2018/07/sommar_i_p1_20180709_1300_5b3f3ec3.mp3,3846,61563203,https://static-cdn.sr.se/images/2071/233a4b71-16b8-4df2-bab7-5510b3903c98.jpg,Mattias Ahlm/Sveriges Radio,"LÄKARE, PROFESSOR EMERITUS I MEDICIN, 87 år. Född i Stockholm, bosatt i Danderyd. Debuterar som Sommarvärd."
1077281,6553682,"Stefan, pappa till Ebba",2018-07-10,2018,Sommar,https://www.sverigesradio.se/avsnitt/1077281,https://static-cdn.sr.se/laddahem/podradio/mp/sommar_i_p1/2018/07/sommar_i_p1_20180710_1300_5b3e3202.mp3,3041,48692102,https://static-cdn.sr.se/images/2071/8825e7c8-d3d0-4021-aa57-447ba4261367.jpg,Mattias Ahlm/Sveriges Radio,"EBBAS PAPPA, 54 år. Född och bosatt i Stockholm. Debuterar som Sommarvärd."
1077282,6555145,Elin Olofsson,2018-07-11,2018,Sommar,https://www.sverigesradio.se/avsnitt/1077282,https://static-cdn.sr.se/laddahem/podradio/mp/sommar_i_p1/2018/07/sommar_i_p1_20180711_1300_5b3f8ac8.mp3,3320,53155510,https://static-cdn.sr.se/images/2071/24a03874-580f-475c-9bec-fbddba07e9f7.jpg,Mattias Ahlm/Sveriges Radio,"FÖRFATTARE, Författare, 38 år. Född och bosatt i Offerdal i Jämtland. Debuterar som Sommarvärd."
1077283,6559338,Marko ”Markoolio” Lehtosalo,2018-07-12,2018,Sommar,https://www.sverigesradio.se/avsnitt/1077283,https://static-cdn.sr.se/laddahem/podradio/mp/sommar_i_p1/2018/07/sommar_i_p1_20180712_1300_5b45bed9.mp3,3525,56434046,https://static-cdn.sr.se/images/2071/603ce6dc-a251-4bf8-8fa1-9ea87db5f20b.jpg,Mattias Ahlm/Sveriges Radio,Om en uppväxt kantad av våld och alkohol och om skammen som tar slut här.
1077284,6558715,Åsa Wikforss,2018-07-13,2018,Sommar,https://www.sverigesradio.se/avsnitt/1077284,https://static-cdn.sr.se/laddahem/podradio/mp/sommar_i_p1/2018/07/sommar_i_p1_20180713_1300_5b44d4cd.mp3,3541,56691033,https://static-cdn.sr.se/images/2071/f01401cf-3a25-4b7e-b342-d34bdff3ec55.jpg,Mattias Ahlm/Sveriges Radio,"PROFESSOR I TEORETISK FILOSOFI, 56 år. Född i Göteborg, bosatt i Stockholm Debuterar som Sommarvärd"
1077285,6558718,Katinka Faragó,2018-07-14,2018,Sommar,https://www.sverigesradio.se/avsnitt/1077285,https://static-cdn.sr.se/laddahem/podradio/mp/sommar_i_p1/2018/07/sommar_i_p1_20180714_1300_5b44d536.mp3,3555,56911257,https://static-cdn.sr.se/images/2071/d9c5eb8c-339d-4df7-83fc-285a1d201b8f.jpg,Micke Grönberg/Sveriges Radio,"Filmproducent, 81 år. Född i Wien, bosatt i Vaxholm. Debuterar som Sommarvärd."
1077286,6560968,Uje Brandelius,2018-07-15,2018,Sommar,https://www.sverigesradio.se/avsnitt/1077286,https://static-cdn.sr.se/laddahem/podradio/mp/sommar_i_p1/2018/07/sommar_i_p1_20180715_1300_5b4742bd.mp3,3092,49496265,https://static-cdn.sr.se/images/2071/1dce6ae3-d502-4b79-8fef-e44d0fca668d.jpg,Mattias Ahlm/Sveriges Radio,"MUSIKER, JOURNALIST, 46 år. Född i Sigtuna, bosatt i Stockholm. Debuterar som Sommarvärd."
1077287,6562356,Anders Thornberg,2018-07-16,2018,Sommar,https://www.sverigesradio.se/avsnitt/1077287,https://static-cdn.sr.se/laddahem/podradio/mp/sommar_i_p1/2018/07/sommar_i_p1_20180716_1300_5b489b79.mp3,3281,52521868,https://static-cdn.sr.se/images/2071/aa81c027-7c84-4a36-b67b-eb9a47e781ff.jpg,Foto: Micke Grönberg/Sveriges Radio,"RIKSPOLISCHEF, 58 år. Född i Halmstad, bosatt i Stockholm. Debuterar som Sommarvärd."
1077288,6564417,Fatima Bremmer,2018-07-17,2018,Sommar,https://www.sverigesradio.se/avsnitt/1077288,https://static-cdn.sr.se/laddahem/podradio/mp/sommar_i_p1/2018/07/sommar_i_p1_20180717_1300_5b4c6708.mp3,3904,62503637,https://static-cdn.sr.se/images/2071/8ca48e29-7d71-4c28-9463-8dcbac4b7117.jpg,Mattias Ahlm/Sveriges Radio,"FÖRFATTARE, JOURNALIST, 41 år. Född i Göteborg, uppväxt i Kyrkås och Skara, bosatt i Stockholm. Debuterar som Sommarvärd."
1077289,6564449,Jonas Waltelius - Lyssnarnas Sommarvärd 2018,2018-07-18,2018,Sommar,https://www.sverigesradio.se/avsnitt/1077289,https://static-cdn.sr.se/laddahem/podradio/mp/sommar_i_p1/2018/07/sommar_i_p1_20180718_1300_5b4c724a.mp3,3471,55561249,https://static-cdn.sr.se/images/2071/5fab400b-c91a-4c0b-ab22-dd8ddeaa9cba.jpg,Micke Grönberg/Sveriges Radio,"LÄRARE, 33 år. Född i Emmaboda, bor i Linköping."
1077290,6567533,Peder Fredricson,2018-07-19,2018,Sommar,https://www.sverigesradio.se/avsnitt/1077290,https://static-cdn.sr.se/laddahem/podradio/mp/sommar_i_p1/2018/07/sommar_i_p1_20180719_1300_5b4f5f0d.mp3,3218,51518382,https://static-cdn.sr.se/images/2071/70cf5891-42d0-4395-9594-65e62390d1cd.jpg,Mattias Ahlm/Sveriges Radio,"RYTTARE, GRAFISK DESIGNER, 46 år. Född i Södertälje, bosatt i Vitaby, Skåne. Debuterar som Sommarvärd."
1077291,6562117,Maria ”Vildhjärta” Westerberg,2018-07-20,2018,Sommar,https://www.sverigesradio.se/avsnitt/1077291,https://static-cdn.sr.se/laddahem/podradio/mp/sommar_i_p1/2018/07/sommar_i_p1_20180720_1300_5b487c0f.mp3,3267,52304551,https://static-cdn.sr.se/images/2071/4c7946e0-ddec-4b3d-a69c-eefd74d6797f.jpg,Mattias Ahlm/Sveriges Radio,"KONSTNÄR, 50 år. Född i Sunne, bosatt i Brunskog, Värmland. Debuterar som Sommarvärd."
1077292,6566983,Anders Berglund,2018-07-21,2018,Sommar,https://www.sverigesradio.se/avsnitt/1077292,https://static-cdn.sr.se/laddahem/podradio/mp/sommar_i_p1/2018/07/sommar_i_p1_20180721_1300_5b4f1050.mp3,3089,49459121,https://static-cdn.sr.se/images/2071/216d6c74-a4fc-4a44-9ce5-f8e665c7804d.jpg,Mattias Ahlm/Sveriges Radio,"KOMPISITÖR, DIRIGENT, MUSIKER, 70 år. Född i Stockholm, bosatt i Stockholm och i Spanien. Debuterar som Sommarvärd."
1077293,6569632,Inge Thulin,2018-07-22,2018,Sommar,https://www.sverigesradio.se/avsnitt/1077293,https://static-cdn.sr.se/laddahem/podradio/mp/sommar_i_p1/2018/07/sommar_i_p1_20180722_1300_5b51b316.mp3,3147,50386530,https://static-cdn.sr.se/images/2071/79b6f86c-5504-4338-8b0d-cc4bd8bc2819.jpg,Mattias Ahlm/Sveriges Radio,"FÖRETAGSLEDARE, VD 3M, 64 år. Född i Malmö, bosatt i Minneapolis, USA. Debuterar som Sommarvärd."
1077261,6572597,Beatrice Fihn,2018-07-23,2018,Sommar,https://www.sverigesradio.se/avsnitt/1077261,https://static-cdn.sr.se/laddahem/podradio/mp/sommar_i_p1/2018/07/sommar_i_p1_20180723_1300_5b55f5a3.mp3,3820,61150219,https://static-cdn.sr.se/images/2071/4daf6679-def3-47b8-b3b5-ecb968e7ae58.jpg,Mattias Ahlm/Sveriges Radio,"CHEF FÖR ICAN, JURIST, 35 år. Född i Göteborg, bosatt i Genève. Debuterar som Sommarvärd."
1077295,6571999,Tom Xiong,2018-07-24,2018,Sommar,https://www.sverigesradio.se/avsnitt/1077295,https://static-cdn.sr.se/laddahem/podradio/mp/sommar_i_p1/2018/07/sommar_i_p1_20180724_1300_5b5599b6.mp3,3097,49576967,https://static-cdn.sr.se/images/2071/93b82a9f-90b8-4f4a-8602-7d7fddfcfe71.jpg,Sveriges Radio.,"ENTREPRENÖR, FÖRELÄSARE, 31 år. Född i Kina, uppväxt i Umeå, bosatt i Shanghai, Kina. Debuterar som Sommarvärd."
1077296,6572018,Frida Hansdotter,2018-07-25,2018,Sommar,https://www.sverigesradio.se/avsnitt/1077296,https://static-cdn.sr.se/laddahem/podradio/mp/sommar_i_p1/2018/07/sommar_i_p1_20180725_1300_5b559e96.mp3,3442,55096080,https://static-cdn.sr.se/images/2071/3478d104-65da-4abd-adbd-a1b3f46477d8.jpg,Mattias Ahlm/Sveriges Radio,"ALPIN UTFÖRSÅKARE, 32 år. Född i Norberg, bosatt i Fagersta. Debuterar som Sommarvärd."
1077297,6572434,Mikkey Dee,2018-07-26,2018,Sommar,https://www.sverigesradio.se/avsnitt/1077297,https://static-cdn.sr.se/laddahem/podradio/mp/sommar_i_p1/2018/07/sommar_i_p1_20180726_1300_5b55e1dd.mp3,3285,52584520,https://static-cdn.sr.se/images/2071/f50a2a4a-c9ed-4363-88b9-89fac44b30bc.jpg,Mattias Ahlm/Sveriges Radio,"TRUMMIS, 54 år. Född och bosatt i Göteborg. Debuterar som Sommarvärd."
1077299,6572224,David Cairns,2018-07-27,2018,Sommar,https://www.sverigesradio.se/avsnitt/1077299,https://static-cdn.sr.se/laddahem/podradio/mp/sommar_i_p1/2018/07/sommar_i_p1_20180727_1300_5b55c0a7.mp3,3865,61868665,https://static-cdn.sr.se/images/2071/67ce1233-8ba7-4838-ac7c-4d23b29b5618.jpg,Mattias Ahlm/Sveriges Radio,"AMBASSADÖR, 49 år. Född i USA, bosatt i Stockholm. Debuterar som Sommarvärd."
1077300,6578492,Paul Hansen,2018-07-28,2018,Sommar,https://www.sverigesradio.se/avsnitt/1077300,https://static-cdn.sr.se/laddahem/podradio/mp/sommar_i_p1/2018/07/sommar_i_p1_20180728_1300_5b59f037.mp3,3859,61782151,https://static-cdn.sr.se/images/2071/ce65e894-9db8-4cb7-810f-c006c63f8ec9.jpg,Mattias Ahlm/Sveriges Radio,"FOTOGRAF, 54 år. Född i Partille, bosatt i Stockholm. Debuterar som Sommarvärd."
1077301,6579313,Sabina Ddumba,2018-07-29,2018,Sommar,https://www.sverigesradio.se/avsnitt/1077301,https://static-cdn.sr.se/laddahem/podradio/mp/sommar_i_p1/2018/07/sommar_i_p1_20180729_1300_5b5afa1b.mp3,3461,55413721,https://static-cdn.sr.se/images/2071/e4afb406-9f54-4d9e-9736-ce4c06b598d1.jpg,Mattias Ahlm/Sveriges Radio,"SÅNGERSKA, LÅTSKRIVARE, 24 år. Född och bosatt i Stockholm. Debuterar som Sommarvärd."
1077303,6576282,Tauba Katzenstein,2018-07-30,2018,Sommar,https://www.sverigesradio.se/avsnitt/1077303,https://static-cdn.sr.se/laddahem/podradio/mp/sommar_i_p1/2018/07/sommar_i_p1_20180730_1300_5b59c851.mp3,3215,51477412,https://static-cdn.sr.se/images/2071/af0b4975-5bc7-49e0-aa4b-4d5952bf9f84.jpg,Mattias Ahlm/Sveriges Radio,"ÖVERLEVANDE FRÅN FÖRINTELSEN, 92 år. Född i Polen, bosatt i Stockholm. Debuterar som Sommarvärd."
1077304,6579923,Victoria Borisova-Ollas,2018-07-31,2018,Sommar,https://www.sverigesradio.se/avsnitt/1077304,https://static-cdn.sr.se/laddahem/podradio/mp/sommar_i_p1/2018/07/sommar_i_p1_20180731_1300_5b5b4952.mp3,3006,48129989,https://static-cdn.sr.se/images/2071/1f68f2b0-98d7-4e46-ba6a-ac8841f059f7.jpg,Mattias Ahlm/Sveriges Radio,"KOMPOSITÖR, 48 år. Född i Vladivostok, bosatt i Stockholm och Italien. Debuterar som Sommarvärd."
1077305,6581794,Max Tegmark,2018-08-01,2018,Sommar,https://www.sverigesradio.se/avsnitt/1077305,https://static-cdn.sr.se/laddahem/podradio/mp/sommar_i_p1/2018/08/sommar_i_p1_20180801_1300_5b5eff94.mp3,3286,52602140,https://static-cdn.sr.se/images/83/a68f588b-8def-4706-bd39-61a2955ea3fd.jpg,Erik Lundback,"FORSKARE INOM AI OCH FYSIK, 51 år. Född i Stockholm, bosatt utanför Boston. Tidigare Sommarvärd 2008."
1077306,6585966,Adam Taal,2018-08-02,2018,Sommar,https://www.sverigesradio.se/avsnitt/1077306,https://static-cdn.sr.se/laddahem/podradio/mp/sommar_i_p1/2018/08/sommar_i_p1_20180802_1300_5b632426.mp3,3818,61126767,https://static-cdn.sr.se/images/2071/299ace34-728d-4a83-97a7-01c855018bc5.jpg,Mattias Ahlm/Sveriges Radio,"ARTIST, 34 år. Född och bosatt i Stockholm. Debuterar som Sommarvärd."
1077307,6584981,Magnus Carlson,2018-08-03,2018,Sommar,https://www.sverigesradio.se/avsnitt/1077307,https://static-cdn.sr.se/laddahem/podradio/mp/sommar_i_p1/2018/08/sommar_i_p1_20180803_1300_5b61fac4.mp3,3817,61111339,https://static-cdn.sr.se/images/2071/08e41b1f-7215-44b3-98fd-237c8878fe5f.jpg,Mattias Ahlm/Sveriges Radio,"SÅNGARE, LÅTSKRIVARE, 50 år. Född och bosatt i Stockholm. Debuterar som Sommarvärd."
1077308,6587989,Petra Mede,2018-08-04,2018,Sommar,https://www.sverigesradio.se/avsnitt/1077308,https://static-cdn.sr.se/laddahem/podradio/mp/sommar_i_p1/2018/08/sommar_i_p1_20180804_1300_5b65d34a.mp3,3724,59615989,https://static-cdn.sr.se/images/2071/bb4b42a9-53a0-43ab-8eef-d5e4edeaf161.jpg,Mattias Ahlm/Sveriges Radio,"Skådespelare, komiker, programledare, 48 år. Född och bosatt i Stockholm, uppväxt i Partille. Tidigare Sommarvärd 2009 och Vintervärd 2013."
1077309,6584488,Cajsa von Zeipel,2018-08-05,2018,Sommar,https://www.sverigesradio.se/avsnitt/1077309,https://static-cdn.sr.se/laddahem/podradio/mp/sommar_i_p1/2018/08/sommar_i_p1_20180805_1300_5b61b895.mp3,2729,43691234,https://static-cdn.sr.se/images/2071/6f1219ec-3777-419a-938d-cd819278996b.jpg,Micke Grönberg/Sveriges Radio,"KONSTNÄR, SKULPTÖR, 34 år. Född i Göteborg, bosatt i New York. Debuterar som Sommarvärd."
1077311,6586044,Björn Jakobson,2018-08-06,2018,Sommar,https://www.sverigesradio.se/avsnitt/1077311,https://static-cdn.sr.se/laddahem/podradio/mp/sommar_i_p1/2018/08/sommar_i_p1_20180806_1300_5b632eb8.mp3,3103,49686425,https://static-cdn.sr.se/images/2071/1f52b2da-0ce7-4e09-95ac-7969d4ec9f45.jpg,Mattias Ahlm/Sveriges Radio,"ENTREPRENÖR, 83 år. Född i Stockholm, bosatt i Danderyd. Debuterar som Sommarvärd."
1077312,6590858,Anna Hedenmo,2018-08-07,2018,Sommar,https://www.sverigesradio.se/avsnitt/1077312,https://static-cdn.sr.se/laddahem/podradio/mp/sommar_i_p1/2018/08/sommar_i_p1_20180807_1300_5b69c08a.mp3,3287,52625094,https://static-cdn.sr.se/images/2071/e13bb45c-4b2f-4786-a750-302b88686b1a.jpg,Mattias Ahlm/Sveriges Radio,"JOURNALIST, TV-PROFIL, 57 år. Född och bosatt i Stockholm. Debuterar som Sommarvärd."
1077313,6589555,Rebecca Scheja och Fiona FitzPatrick,2018-08-08,2018,Sommar,https://www.sverigesradio.se/avsnitt/1077313,https://static-cdn.sr.se/laddahem/podradio/mp/sommar_i_p1/2018/08/sommar_i_p1_20180808_1300_5b686bde.mp3,3250,52037973,https://static-cdn.sr.se/images/2071/4cc2c8e2-ca60-4bee-8dd6-0ebf93e6311b.jpg,Mattias Ahlm/Sveriges Radio,"ARTISTER, PRODUCENTER, LÅTSKRIVARE, 29 respektive 32 år. Födda och bosatta i Stockholm. Debuterar som Sommarvärdar."
1077314,6590633,Jonatan Unge,2018-08-09,2018,Sommar,https://www.sverigesradio.se/avsnitt/1077314,https://static-cdn.sr.se/laddahem/podradio/mp/sommar_i_p1/2018/08/sommar_i_p1_20180809_1300_5b699a5f.mp3,3140,50267788,https://static-cdn.sr.se/images/2071/19da9652-8bb0-4b97-ac9b-07d33d54a01a.jpg,Mattias Ahlm/Sveriges Radio,"KOMIKER, 39 år. Född i Stockholm, bosatt i Malmö. Debuterar som Sommarvärd."
1077315,6591590,Ingrid Wall,2018-08-10,2018,Sommar,https://www.sverigesradio.se/avsnitt/1077315,https://static-cdn.sr.se/laddahem/podradio/mp/sommar_i_p1/2018/08/sommar_i_p1_20180810_1300_5b6ab4aa.mp3,3348,53603976,https://static-cdn.sr.se/images/2071/8e82c299-4d43-4712-a2d8-61fea61d9e10.jpg,Mattias Ahlm/Sveriges Radio,"KOMMUNIKATIONSCHEF, JOURNALIST, 62 ÅR. Född och bosatt i Trelleborg. Debuterar som Sommarvärd."
1077316,6591640,Jack Vreeswijk,2018-08-11,2018,Sommar,https://www.sverigesradio.se/avsnitt/1077316,https://static-cdn.sr.se/laddahem/podradio/mp/sommar_i_p1/2018/08/sommar_i_p1_20180811_1300_5b6ab796.mp3,3246,51975611,https://static-cdn.sr.se/images/2071/6adc513c-ecdd-4fe5-90fe-0b4749712092.jpg,Mattias Ahlm/Sveriges Radio,"VISSÅNGARE, KOMPOSITÖR, 54 år. Född i Stockholm, bosatt i Uddevalla. Debuterar som Sommarvärd."
1077317,6594878,Emma Molin,2018-08-12,2018,Sommar,https://www.sverigesradio.se/avsnitt/1077317,https://static-cdn.sr.se/laddahem/podradio/mp/sommar_i_p1/2018/08/sommar_i_p1_20180812_1300_5b6da280.mp3,2575,41231554,https://static-cdn.sr.se/images/2071/46668162-93e2-452f-a95c-dc24d094aaf4.jpg,Mattias Ahlm/Sveriges Radio,"Skådespelare, manusförfattare, 39 år. Född på Lidingö, bosatt i Stockholm. Debuterar som Sommarvärd."
1077318,6594627,Paul Svensson,2018-08-13,2018,Sommar,https://www.sverigesradio.se/avsnitt/1077318,https://static-cdn.sr.se/laddahem/podradio/mp/sommar_i_p1/2018/08/sommar_i_p1_20180813_1300_5b6d7b44.mp3,3928,62872265,https://static-cdn.sr.se/images/2071/e2c397d4-17a4-4054-a166-66f848e9ebe5.jpg,Micke Grönberg/Sveriges Radio,"KOCK, KRÖGARE, KOKBOKSFÖRFATTARE, 43 år. Född i Helsingborg, bosatt i Stockholms skärgård. Debuterar som Sommarvärd."
1077319,6594628,Thure Lindhardt,2018-08-14,2018,Sommar,https://www.sverigesradio.se/avsnitt/1077319,https://static-cdn.sr.se/laddahem/podradio/mp/sommar_i_p1/2018/08/sommar_i_p1_20180814_1300_5b6d7bd6.mp3,3089,49456533,https://static-cdn.sr.se/images/2071/195dd7ff-c855-4aa0-81ad-c94fc4bffcfa.jpg,Micke Grönberg/Sveriges Radio,"Skådespelare, 43 år. Född och bosatt i Köpenhamn. Debuterar som Sommarvärd."
1077320,6596980,Suad Ali,2018-08-15,2018,Sommar,https://www.sverigesradio.se/avsnitt/1077320,https://static-cdn.sr.se/laddahem/podradio/mp/sommar_i_p1/2018/08/sommar_i_p1_20180815_1300_5b716a3e.mp3,3086,49402272,https://static-cdn.sr.se/images/2071/246efb78-3c21-4028-9dac-c2c2a473a7a3.jpg,Mattias Ahlm/Sveriges Radio,"STATSVETARE, 27 år. Född i Somalia, uppvuxen i Åtvidaberg och Linköping, bosatt i Stockholm. Debuterar som Sommarvärd."
1077321,6598519,Sara Parkman och Samantha Ohlanders,2018-08-16,2018,Sommar,https://www.sverigesradio.se/avsnitt/1077321,https://static-cdn.sr.se/laddahem/podradio/mp/sommar_i_p1/2018/08/sommar_i_p1_20180816_1300_5b72e696.mp3,3775,60434997,https://static-cdn.sr.se/images/2071/2ccc40a6-edfa-40b7-bba0-1452dc30c4b2.jpg,Mattias Ahlm/Sveriges Radio,"Sara Parkman: MUSIKER, KOMPOSITÖR, DRAMATIKER, 29 år Född i Sundsvall, uppväxt i Härnösand, bosatt i Stockholm. Samantha Ohlanders: KOMPOSITÖR, TEATERMUSIKER, MUSIKER, 28 år. Född och bosatt i Järvsö. Debuterar som Sommarvärdar."
1077322,6594629,Olof Röhlander,2018-08-17,2018,Sommar,https://www.sverigesradio.se/avsnitt/1077322,https://static-cdn.sr.se/laddahem/podradio/mp/sommar_i_p1/2018/08/sommar_i_p1_20180817_1300_5b6d7baf.mp3,4123,65994448,https://static-cdn.sr.se/images/2071/12b28fbc-a680-47c8-b846-75661304ebf9.jpg,Mattias Ahlm,"MENTAL TRÄNARE, FÖRFATTARE, FÖREDRAGSHÅLLARE, 42 år. Född i Sundsvall, uppväxt i Matfors, bosatt i Stockholm. Debuterar som Sommarvärd."
1077323,6604760,Sara Danius,2018-08-18,2018,Sommar,https://www.sverigesradio.se/avsnitt/1077323,https://static-cdn.sr.se/laddahem/podradio/mp/sommar_i_p1/2018/08/sommar_i_p1_20180818_1300_5b7ab26b.mp3,3763,60242912,https://static-cdn.sr.se/images/2071/4526ec96-2c9d-4a14-a171-83597da2ca6b.jpg,Micke Grönberg/Sveriges Radio,"PROFESSOR I LITTERATURVETENSKAP, FÖRFATTARE. 56 år, född i Täby, bosatt i Stockholm. Tidigare Sommarvärd 2013 och Vintervärd 2014."
1077324,6600184,Rennie Mirro,2018-08-19,2018,Sommar,https://www.sverigesradio.se/avsnitt/1077324,https://static-cdn.sr.se/laddahem/podradio/mp/sommar_i_p1/2018/08/sommar_i_p1_20180819_1300_5b745a3f.mp3,3919,62730929,https://static-cdn.sr.se/images/2071/6e2fe0cd-f664-4268-b0a9-0c745ebbefab.jpg,Mattias Ahlm/Sveriges Radio,"ARTIST, SKÅDESPELARE, 46 år. Född och bosatt i Stockholm. Debuterar som Sommarvärd."
1205645,6760432,Katarina Wennstam - Vinter 2018,2018-12-25,2018,Vinter,https://www.sverigesradio.se/avsnitt/1205645,https://static-cdn.sr.se/laddahem/podradio/mp/sommar_i_p1/2018/12/sommar_i_p1_20181225_1300_5c1d5595.mp3,3070,49158132,https://static-cdn.sr.se/images/2071/bd09c601-bbe5-4e30-b169-9018240c1de9.jpg,Mattias Ahlm/Sveriges Radio,"FÖRFATTARE, JOURNALIST, 45 år. Född i Göteborg, bosatt i Stockholm. Sommarvärd 2018."
1205673,6760433,Tomas Sjödin - Vinter 2018,2018-12-26,2018,Vinter,https://www.sverigesradio.se/avsnitt/1205673,https://static-cdn.sr.se/laddahem/podradio/mp/sommar_i_p1/2018/12/sommar_i_p1_20181226_1300_5c1d564b.mp3,3727,59664886,https://static-cdn.sr.se/images/2071/e3d4875b-cfb5-46d0-9c1e-444ef3d60491.jpg,Mattias Ahlm/Sveriges Radio,"FÖRFATTARE, PASTOR, FÖRELÄSARE, 59 år. Född i Kramfors, bosatt i Säve. Sommarvärd 2004, 2006 och Vintervärd 2011, 2013, 2014, 2016, 2017."
1205708,6760912,David Eberhard - Vinter 2018,2018-12-27,2018,Vinter,https://www.sverigesradio.se/avsnitt/1205708,https://static-cdn.sr.se/laddahem/podradio/mp/sommar_i_p1/2018/12/sommar_i_p1_20181227_1300_5c1f65b8.mp3,3452,55269941,https://static-cdn.sr.se/images/2071/a93c4c42-8024-439a-a681-4ea17f03db32.jpg,Mattias Ahlm/Sveriges Radio,"PSYKIATRIKER, FÖRFATTARE, 51 år. Född i Åkarp, bosatt i Stockholm. Sommarvärd 2018."
1205748,6763079,Mikkey Dee - Vinter 2018,2018-12-28,2018,Vinter,https://www.sverigesradio.se/avsnitt/1205748,https://static-cdn.sr.se/laddahem/podradio/mp/sommar_i_p1/2018/12/sommar_i_p1_20181228_1300_5c249687.mp3,2876,46055145,https://static-cdn.sr.se/images/2071/28ffea3c-9fd7-4e63-897b-2b648db2e6e4.jpg,Mattias Ahlm/Sveriges Radio,"TRUMMIS, 55 år.  Född och bosatt i Göteborg . Sommarvärd 2018."
1205775,6765121,Tommy Ivarsson - Vinter 2018,2018-12-29,2018,Vinter,https://www.sverigesradio.se/avsnitt/1205775,https://static-cdn.sr.se/laddahem/podradio/mp/sommar_i_p1/2018/12/sommar_i_p1_20181229_1300_5c265b8f.mp3,3635,58197811,https://static-cdn.sr.se/images/2071/55adf188-8f06-4c7a-92cd-32f4b87918e3.jpg,Mattias Ahlm/Sveriges Radio,"ENTREPRENÖR, 51 år. Född i Göteborg, bosatt i Lökeberg utanför Kungälv. Sommarvärd 2017, Vintervärd nyårsdagen 2018."
1205794,6760917,Hanna Hellquist - Vinter 2018,2018-12-30,2018,Vinter,https://www.sverigesradio.se/avsnitt/1205794,https://static-cdn.sr.se/laddahem/podradio/mp/sommar_i_p1/2018/12/sommar_i_p1_20181230_1300_5c1f66be.mp3,3142,50304242,https://static-cdn.sr.se/images/2071/db1d71d5-ff20-41c4-ad7a-09f75bde2bb3.jpg,Mattias Ahlm/Sveriges Radio,"JOURNALIST, PROGRAMLEDARE, FÖRFATTARE, 38 år. Född i Karlstad, bosatt i Stockholm. Sommarvärd 2009 och Vintervärd 2012."
1209191,6765120,Olof Röhlander - Vinter 2018,2018-12-31,2018,Vinter,https://www.sverigesradio.se/avsnitt/1209191,https://static-cdn.sr.se/laddahem/podradio/mp/sommar_i_p1/2018/12/sommar_i_p1_20181231_1300_5c265ba7.mp3,3058,48960927,https://static-cdn.sr.se/images/2071/b1b751f1-1428-4795-8421-edf1e3b53916.jpg,Mattias Ahlm/Sveriges Radio,"MENTAL TRÄNARE, FÖRFATTARE, FÖREDRAGSHÅLLARE, 42 år. Född i Sundsvall, uppväxt i Matfors, bosatt i Tyresö. Sommarvärd 2018."
1209224,6765238,Mattias Alexandrov Klum - Vinter 2018/19,2019-01-01,2019,Vinter,https://www.sverigesradio.se/avsnitt/1209224,https://static-cdn.sr.se/laddahem/podradio/mp/sommar_i_p1/2019/01/sommar_i_p1_20190101_1300_5c267eaa.mp3,2836,45405781,https://static-cdn.sr.se/images/2071/27ee384b-8346-498c-9d06-69aa1492c6bf.jpg,Mattias Ahlm /Sveriges Radio.,"KONSTNÄR, FILMSKAPARE OCH FOTOGRAF, 50 år. Född och bosatt i Uppsala. Tidigare Sommarvärd 1997, 2008 och Vintervärd 2014."
1319461,6971826,Fares Fares,2019-06-22,2019,Sommar,https://www.sverigesradio.se/avsnitt/1319461,https://static-cdn.sr.se/laddahem/podradio/mp/sommar_i_p1/2019/06/sommar_i_p1_20190622_1300_5d0b975b.mp3,3302,52856219,https://static-cdn.sr.se/images/2071/5e939daa-e51f-4ee5-9192-6715de2389e7.jpg,Mattias Ahlm/Sveriges Radio,Om att fly från Libanon och jobba för att bli svensk så snabbt som möjligt
1298176,6971859,Grynet Molvig,2019-06-23,2019,Sommar,https://www.sverigesradio.se/avsnitt/1298176,https://static-cdn.sr.se/laddahem/podradio/mp/sommar_i_p1/2019/06/sommar_i_p1_20190623_1300_5d0b9779.mp3,4276,68448228,https://static-cdn.sr.se/images/2071/6a0fab51-2d75-4abb-b8b8-5dd370e62887.jpg,Mattias Ahlm/Sveriges Radio,"Skådespelare, sångerska, 76 år. Född i Rygge i Norge, bosatt i Stockholm. Debuterar som Sommarvärd."
1319464,6974822,Isabella Löwengrip,2019-06-24,2019,Sommar,https://www.sverigesradio.se/avsnitt/1319464,https://static-cdn.sr.se/laddahem/podradio/mp/sommar_i_p1/2019/06/sommar_i_p1_20190624_1300_5d10b96b.mp3,3189,51061538,https://static-cdn.sr.se/images/2071/21256a88-cffe-4870-ab03-9699d8e4e2b4.jpg,Mattias Ahlm/Sveriges Radio,"Sommarpratet om hur Blondinbella föddes, om ADHD diagnosen och om att lämna Sverige för USA."
1319465,6975237,Anders Hansen,2019-06-25,2019,Sommar,https://www.sverigesradio.se/avsnitt/1319465,https://static-cdn.sr.se/laddahem/podradio/mp/sommar_i_p1/2019/06/sommar__vinter_i_p1_anders_hansen_20250402_1528397305.mp3,3481,55730558,https://static-cdn.sr.se/images/2071/74c13de0-efa4-43d8-b328-91ed0b08a158.jpg,Mattias Ahlm/Sveriges Radio,Om hjärnan och varför vi människor mår så dåligt trots att vi har det så bra. Och vad kan vi göra åt det.
1319468,6974676,Stina Wollter,2019-06-26,2019,Sommar,https://www.sverigesradio.se/avsnitt/1319468,https://static-cdn.sr.se/laddahem/podradio/mp/sommar_i_p1/2019/06/sommar_i_p1_20190626_1300_5d10a2ad.mp3,4347,69586759,https://static-cdn.sr.se/images/2071/b9855a93-67d4-4ebc-adf7-8248d58732fb.jpg,Mattias Ahlm/Sveriges Radio,Ett sommarprat om hur ett mail från en cancersjuk 8-åring förändrade Stina Wollters liv.
1319472,6976924,Magnus Ranstorp,2019-06-27,2019,Sommar,https://www.sverigesradio.se/avsnitt/1319472,https://static-cdn.sr.se/laddahem/podradio/mp/sommar_i_p1/2019/06/sommar_i_p1_20190627_1300_5d127ff7.mp3,3592,57498990,https://static-cdn.sr.se/images/2071/26f4e232-4843-4b12-91ef-3fdc8b93ed2f.jpg,Mattias Ahlm/Sveriges Radio,"Statsvetare, terrorexpert, 54 år. Född i Hästveda, bosatt i Stockholm, Skyrup och Köpenhamn. Debuterar som Sommarvärd."
1319473,6979266,Tony Irving,2019-06-28,2019,Sommar,https://www.sverigesradio.se/avsnitt/1319473,https://static-cdn.sr.se/laddahem/podradio/mp/sommar_i_p1/2019/06/sommar_i_p1_20190628_1300_5d14da47.mp3,4066,65092456,https://static-cdn.sr.se/images/2071/0761b6dc-0674-47d4-b618-891a8bbd3f07.jpg,Mattias Ahlm/Sveriges Radio,"Dansare, koreograf, programledare, 52 år. Född i Ainsworth, England, bosatt i Norrtälje. Debuterar som Sommarvärd."
1319474,6980329,Jonas Hassen Khemiri,2019-06-29,2019,Sommar,https://www.sverigesradio.se/avsnitt/1319474,https://static-cdn.sr.se/laddahem/podradio/mp/sommar_i_p1/2019/06/sommar_i_p1_20190629_1300_5d14e3d6.mp3,4366,69885990,https://static-cdn.sr.se/images/2071/ff58b442-c7a0-412e-b13e-ee255063819d.jpg,Mattias Ahlm/Sveriges Radio,"Författare, dramatiker, 40 år. Född och bosatt i Stockholm. Tidigare Sommarvärd 2004."
1319477,6982638,Nicklas Lidström,2019-06-30,2019,Sommar,https://www.sverigesradio.se/avsnitt/1319477,https://static-cdn.sr.se/laddahem/podradio/mp/sommar_i_p1/2019/06/sommar_i_p1_20190630_1300_5d162ad7.mp3,3572,57184624,https://static-cdn.sr.se/images/2071/c1c5c75c-42a2-4e84-b784-ee7a5db3370c.jpg,LENNART HYSE,"F.d. ishockeyproffs, 49 år. Född i Krylbo, bosatt i Västerås. Debuterar som Sommarvärd."
1319479,6982297,Caroline Farberger,2019-07-01,2019,Sommar,https://www.sverigesradio.se/avsnitt/1319479,https://static-cdn.sr.se/laddahem/podradio/mp/sommar_i_p1/2019/07/sommar_i_p1_20190701_1300_5d15fafa.mp3,3401,54441584,https://static-cdn.sr.se/images/2071/01cf375d-8ec0-4376-8a46-10c112b6fca8.jpg,Mattias Ahlm/Sveriges Radio,"Vd, 51 år. Född i Lund, uppväxt i Uddevalla och Lerum, bosatt i Sigtuna. Debuterar som Sommarvärd."
1319481,6986602,Anne Ramberg,2019-07-02,2019,Sommar,https://www.sverigesradio.se/avsnitt/1319481,https://static-cdn.sr.se/laddahem/podradio/mp/sommar_i_p1/2019/07/sommar_i_p1_20190702_1300_5d1b854e.mp3,3444,55116745,https://static-cdn.sr.se/images/2071/07145f84-3346-4bbc-b013-2491357261a3.jpg,Mattias Ahlm/Sveriges Radio,"Advokat, 66 år. Född och bosatt i Stockholm. Debuterar som Sommarvärd. Obs! Det direktsänds kl 13.00-14.30. Därför kommer podden upp först en stund efter sändningen är slut (inte kl 07 på morgonen)."
1319483,6982641,Erik Niva,2019-07-03,2019,Sommar,https://www.sverigesradio.se/avsnitt/1319483,https://static-cdn.sr.se/laddahem/podradio/mp/sommar_i_p1/2019/07/sommar_i_p1_20190703_1300_5d162aea.mp3,3659,58581014,https://static-cdn.sr.se/images/2071/d2a42197-396e-4d4d-8307-5baac0768d65.jpg,Mattias Ahlm/Sveriges Radio,"Fotbollsjournalist, 40 år. Född i Malmberget, bosatt i Stockholm. Debuterar som Sommarvärd."
1319485,6986125,Kodjo Akolor,2019-07-04,2019,Sommar,https://www.sverigesradio.se/avsnitt/1319485,https://static-cdn.sr.se/laddahem/podradio/mp/sommar_i_p1/2019/07/sommar_i_p1_20190704_1300_5d1b43f5.mp3,3135,50187558,https://static-cdn.sr.se/images/2071/cb829aa9-e31c-4c2b-94f2-9bf5382e81b7.jpg,Mattias Ahlm/Sveriges Radio,"Programledare, komiker, 38 år. Född i Täby, bosatt i Solna. Debuterar som Sommarvärd."
1319487,6987899,Carin Rodebjer,2019-07-05,2019,Sommar,https://www.sverigesradio.se/avsnitt/1319487,https://static-cdn.sr.se/laddahem/podradio/mp/sommar_i_p1/2019/07/sommar_i_p1_20190705_1300_5d1cc87a.mp3,3454,55298387,https://static-cdn.sr.se/images/2071/8224a811-5bf1-4826-b66f-50415b17d791.jpg,Mattias Ahlm/Sveriges Radio.,"Modeskapare, entreprenör, 49 år. Född på Gotland, bosatt i Stockholm. Debuterar som Sommarvärd."
1319489,6990320,Isabelle Gulldén,2019-07-06,2019,Sommar,https://www.sverigesradio.se/avsnitt/1319489,https://static-cdn.sr.se/laddahem/podradio/mp/sommar_i_p1/2019/07/sommar_i_p1_20190706_1300_5d1f2cad.mp3,3092,49509654,https://static-cdn.sr.se/images/2071/ae2cccec-e8ba-4181-879c-baf3f8bb9437.jpg,Isabelle Gulldén,"Handbollsspelare, 30 år. Född i Sävedalen,bosatt i Brest, Frankrike. Debuterar som Sommarvärd."
1319491,6993396,Jonas Gardell,2019-07-07,2019,Sommar,https://www.sverigesradio.se/avsnitt/1319491,https://static-cdn.sr.se/laddahem/podradio/mp/sommar_i_p1/2019/07/sommar_i_p1_20190707_1300_5d237808.mp3,3361,53807108,https://static-cdn.sr.se/images/2071/ac6724e3-5453-4ae8-a819-cb3bc810d528.jpg,Mattias Ahlm/Sveriges Radio,"Författare, artist, 55 år. Tidigare Sommarvärd 1990, 1991, 1992, 2013 och Vintervärd 1991, 2008."
1319495,6990425,Hamid Zafar,2019-07-08,2019,Sommar,https://www.sverigesradio.se/avsnitt/1319495,https://static-cdn.sr.se/laddahem/podradio/mp/sommar_i_p1/2019/07/sommar_i_p1_20190708_1300_5d1f3a2f.mp3,3038,48643688,https://static-cdn.sr.se/images/2071/1928c752-c29f-4d36-956d-0b7e11b00e48.jpg,Mattias Ahlm/Sveriges Radio,"Barn- och utbildningschef f.d. rektor, 36 år. Född i Afghanistan, bosatt i Göteborg och Mullsjö. Debuterar som Sommarvärd."
1319497,6993549,Carina Bergfeldt,2019-07-09,2019,Sommar,https://www.sverigesradio.se/avsnitt/1319497,https://static-cdn.sr.se/laddahem/podradio/mp/sommar_i_p1/2019/07/sommar_i_p1_20190709_1300_5d23ad10.mp3,4259,68179057,https://static-cdn.sr.se/images/2071/6ac52eca-0380-4d0d-8b3c-c660be404ff8.jpg,Mattias Ahlm/Sveriges Radio,Journalisten om att dras till att skildra mörkret och barndomen som ledde henne dit
1319499,6994331,Sven-David Sandström 1942 – 2019,2019-07-10,2019,Sommar,https://www.sverigesradio.se/avsnitt/1319499,https://static-cdn.sr.se/laddahem/podradio/mp/sommar_i_p1/2019/07/sommar_i_p1_20190710_1300_5d249b1b.mp3,3190,51065712,https://static-cdn.sr.se/images/2071/2e2b2d35-5fac-4d62-9dd2-646a6737ebb3.jpg,Mattias Ahlm/Sveriges Radio,"Tonsättare. Född i Motala, var bosatt i Stockholm. Tidigare Sommarvärd 1999."
1319501,6994049,Anne Sverdrup-Thygeson,2019-07-11,2019,Sommar,https://www.sverigesradio.se/avsnitt/1319501,https://static-cdn.sr.se/laddahem/podradio/mp/sommar_i_p1/2019/07/sommar_i_p1_20190711_1300_5d246ff3.mp3,3616,57881836,https://static-cdn.sr.se/images/2071/fa083684-9f41-4441-bea0-ef627102f098.jpg,Mattias Ahlm/Sveriges Radio,"Biolog, professor, 52 år. Född i Sarpsborg, Norge. Bosatt i Lørenskog utanför Oslo. Debuterar som Sommarvärd."
1319504,6996742,Joakim Lundell,2019-07-12,2019,Sommar,https://www.sverigesradio.se/avsnitt/1319504,https://static-cdn.sr.se/laddahem/podradio/mp/sommar_i_p1/2019/07/sommar_i_p1_20190712_1300_5d2717a8.mp3,2895,46344443,https://static-cdn.sr.se/images/2071/0283a911-accc-4b72-bd7b-2692d0440810.jpg,Mattias Ahlm/Sveriges Radio,"Artist, Youtubeprofil, 33 år. Född i Vadstena, bosatt i Norrköping. Debuterar som Sommarvärd."
1319466,6998523,Emma Frans,2019-07-13,2019,Sommar,https://www.sverigesradio.se/avsnitt/1319466,https://static-cdn.sr.se/laddahem/podradio/mp/sommar_i_p1/2019/07/sommar_i_p1_20190713_1300_5d28b142.mp3,3238,51847640,https://static-cdn.sr.se/images/2071/3d1d9804-4d6d-4d43-90ac-5ec0ca429a6d.jpg,Mattias Ahlm /Sveriges Radio,"Doktor i epidemiologi, forskare, vetenskapsskribent, 37 år. Född och bosatt i Uppsala. Debuterar som Sommarvärd."
1319506,6994328,Leif Östling,2019-07-14,2019,Sommar,https://www.sverigesradio.se/avsnitt/1319506,https://static-cdn.sr.se/laddahem/podradio/mp/sommar_i_p1/2019/07/sommar_i_p1_20190714_1300_5d2499e1.mp3,3586,57402767,https://static-cdn.sr.se/images/2071/2f51bdc0-65a1-4d8f-9b2b-752bb270d46d.jpg,Mattias Ahlm/Sveriges Radio,"F.d. vd, 73 år. Född i Luleå, bosatt i Stockholm. Debuterar som Sommarvärd."
1319463,6998038,John Lundvik,2019-07-15,2019,Sommar,https://www.sverigesradio.se/avsnitt/1319463,https://static-cdn.sr.se/laddahem/podradio/mp/sommar_i_p1/2019/07/sommar_i_p1_20190715_1300_5d286bdd.mp3,3527,56459041,https://static-cdn.sr.se/images/2071/905dc033-2949-47fb-b33a-37abbcf1e6ee.jpg,Mattias Ahlm /Sveriges Radio,"Sångare, låtskrivare, 36 år. Född i London, bosatt på Lidingö. Debuterar som Sommarvärd."
1319511,6998187,Björn Runge,2019-07-16,2019,Sommar,https://www.sverigesradio.se/avsnitt/1319511,https://static-cdn.sr.se/laddahem/podradio/mp/sommar_i_p1/2019/07/sommar_i_p1_20190716_1300_5d2881dd.mp3,3581,57322545,https://static-cdn.sr.se/images/2071/6103911c-5950-4d39-a557-9a6639fd496e.jpg,Mattias Ahlm/Sveriges Radio,"Regissör, författare, 58 år. Född i Lysekil, bosatt i Göteborg. Debuterar som Sommarvärd."
1319512,7001769,Madeleine In Hwa Björk,2019-07-17,2019,Sommar,https://www.sverigesradio.se/avsnitt/1319512,https://static-cdn.sr.se/laddahem/podradio/mp/sommar_i_p1/2019/07/sommar_i_p1_20190717_1300_5d2dbf64.mp3,4286,68604989,https://static-cdn.sr.se/images/2071/208bf905-ac4a-4274-b3dd-8a3d693a3064.jpg,Mattias Ahlm/Sveriges Radio,"Socionom, Lyssnarnas Sommarvärd, 36 år. Född i Sydkorea, bosatt på Vikbolandet. Debuterar som sommarvärd."
1319510,7000469,Mats Strandberg,2019-07-18,2019,Sommar,https://www.sverigesradio.se/avsnitt/1319510,https://static-cdn.sr.se/laddahem/podradio/mp/sommar_i_p1/2019/07/sommar_i_p1_20190718_1300_5d2c62e4.mp3,3376,54043253,https://static-cdn.sr.se/images/2071/a4f215e7-28f8-4da2-b76d-920d7c2febe2.jpg,Mattias Ahlm/Sveriges Radio,"Författare, journalist, 42 år. Född i Fagersta, bosatt i Stockholm. Debuterar som Sommarvärd."
1319509,7000482,Britta Marakatt-Labba,2019-07-19,2019,Sommar,https://www.sverigesradio.se/avsnitt/1319509,https://static-cdn.sr.se/laddahem/podradio/mp/sommar_i_p1/2019/07/sommar_i_p1_20190719_1300_5d2c637b.mp3,3329,53288409,https://static-cdn.sr.se/images/2071/93683ec6-a02d-44b4-8b88-11d73703c944.jpg,Mattias Ahlm/Sveriges Radio,"Konstnär, 67 år. Född i Idivuoma, bosatt i Övre Soppero. Debuterar som Sommarvärd."
1319508,7004967,Vera Vitali,2019-07-20,2019,Sommar,https://www.sverigesradio.se/avsnitt/1319508,https://static-cdn.sr.se/laddahem/podradio/mp/sommar_i_p1/2019/07/sommar_i_p1_20190720_1300_5d30bb0b.mp3,3162,50623049,https://static-cdn.sr.se/images/2071/905f7b45-680d-4246-86a2-24ab4a317d36.jpg,Mattias Ahlm/Sveriges Radio,"Skådespelare, 37 år. Född och bosatt i Stockholm. Debuterar som Sommarvärd."
1319507,6998792,Svante Thuresson,2019-07-21,2019,Sommar,https://www.sverigesradio.se/avsnitt/1319507,https://static-cdn.sr.se/laddahem/podradio/mp/sommar_i_p1/2019/07/sommar_i_p1_20190721_1300_5d28e6fb.mp3,3627,58063141,https://static-cdn.sr.se/images/2071/e61d7718-ab8c-4530-b0da-4295d317de66.jpg,Mattias Ahlm/Sveriges Radio,"Sångare, 82 år. Född och bosatt i Stockholm. Debuterar som Sommarvärd."
1319505,7000486,Lisa Miskovsky,2019-07-22,2019,Sommar,https://www.sverigesradio.se/avsnitt/1319505,https://static-cdn.sr.se/laddahem/podradio/mp/sommar_i_p1/2019/07/sommar_i_p1_20190722_1300_5d2c6479.mp3,3434,54973194,https://static-cdn.sr.se/images/2071/0d6f0add-6fae-46d6-b0d8-a7f7cd64deca.jpg,Mattias Ahlm/Sveriges Radio,"Artist, låtskrivare, 44 år. Född i Holmsund, bosatt i Umeå. Debuterar som Sommarvärd."
1319503,7006270,Ola Serneke,2019-07-23,2019,Sommar,https://www.sverigesradio.se/avsnitt/1319503,https://static-cdn.sr.se/laddahem/podradio/mp/sommar_i_p1/2019/07/sommar_i_p1_20190723_1300_5d31ff32.mp3,2892,46311376,https://static-cdn.sr.se/images/2071/15e18d86-59cd-459f-8219-c1d8fcb2cde8.jpg,Mattias Ahlm/Sveriges Radio,"Vd, 47 år. Född i Alingsås, bosatt i Göteborg. Debuterar som Sommarvärd."
1319502,7007863,Gunilla Kindstrand,2019-07-24,2019,Sommar,https://www.sverigesradio.se/avsnitt/1319502,https://static-cdn.sr.se/laddahem/podradio/mp/sommar_i_p1/2019/07/sommar_i_p1_20190724_1300_5d3595ae.mp3,3835,61394715,https://static-cdn.sr.se/images/2071/797f662f-b6ee-44d5-b824-9f648578cfd9.jpg,Carl Öst Wilkens,"Journalist, 62 år. Född i Linköping, bosatt i Delsbo. Tidigare Sommarvärd 1998."
1319500,7007885,Alexander Mahmoud,2019-07-25,2019,Sommar,https://www.sverigesradio.se/avsnitt/1319500,https://static-cdn.sr.se/laddahem/podradio/mp/sommar_i_p1/2019/07/sommar_i_p1_20190725_1300_5d359ac9.mp3,3055,48913198,https://static-cdn.sr.se/images/2071/10134f74-60e4-4502-915a-6f09c214bc6d.jpg,Mattias Ahlm/Sveriges Radio,"Fotograf, 28 år. Född i Grimslöv, bosatt i Stockholm. Debuterar som Sommarvärd."
1319498,7013528,Sissela Kyle,2019-07-26,2019,Sommar,https://www.sverigesradio.se/avsnitt/1319498,https://static-cdn.sr.se/laddahem/podradio/mp/sommar_i_p1/2019/07/sommar_i_p1_20190726_1300_5d3b214e.mp3,3766,60287427,https://static-cdn.sr.se/images/2071/e1dc4dea-8a14-4cfa-ac54-98f5dd3eb0de.jpg,Mattias Ahlm/Sveriges Radio,"Skådespelare, regissör, 62 år. Född i Göteborg, bosatt i Stockholm. Tidigare Sommarvärd 1994, 2000, 2005 och Vintervärd 2013."
1319496,7012263,Maria Borelius,2019-07-27,2019,Sommar,https://www.sverigesradio.se/avsnitt/1319496,https://static-cdn.sr.se/laddahem/podradio/mp/sommar_i_p1/2019/07/sommar_i_p1_20190727_1300_5d39d8da.mp3,3852,61668093,https://static-cdn.sr.se/images/2071/f024c3cc-8aa5-4a1e-bb7c-4b4537b2edb1.jpg,Mattias Ahlm/Sveriges Radio,"Entreprenör, journalist, författare, 59 år. Född i Täby, bosatt i London. Tidigare Sommarvärd 1991."
1319494,7008205,Adam Pålsson,2019-07-28,2019,Sommar,https://www.sverigesradio.se/avsnitt/1319494,https://static-cdn.sr.se/laddahem/podradio/mp/sommar_i_p1/2019/07/sommar_i_p1_20190728_1300_5d35cefb.mp3,3756,60134144,https://static-cdn.sr.se/images/2071/0fec98e9-805c-4294-9c52-d029fcdf2425.jpg,Mattias Ahlm,"Skådespelare, 31 år. Född i Haninge, bosatt i Stockholm. Debuterar som Sommarvärd."
1319493,7009122,Eija Hetekivi Olsson,2019-07-29,2019,Sommar,https://www.sverigesradio.se/avsnitt/1319493,https://static-cdn.sr.se/laddahem/podradio/mp/sommar_i_p1/2019/07/sommar_i_p1_20190729_1300_5d36e8a9.mp3,3339,53455988,https://static-cdn.sr.se/images/2071/61bf6430-1182-4491-b6a5-22133066ec3d.jpg,Foto: Jerker Andersson,"Författare, 46 år. Född och bosatt i Göteborg. Debuterar som Sommarvärd."
1319492,7013176,Björn Frantzén,2019-07-30,2019,Sommar,https://www.sverigesradio.se/avsnitt/1319492,https://static-cdn.sr.se/laddahem/podradio/mp/sommar_i_p1/2019/07/sommar_i_p1_20190730_1300_5d3af6f9.mp3,3464,55449660,https://static-cdn.sr.se/images/2071/a0010ed9-1298-4be3-8d8a-d9f97add6b5a.jpg,Mattias Ahlm/Sveriges Radio,"Kock, krögare, 42 år. Född i Solna, bosatt i Stockholm. Debuterar som Sommarvärd."
1319490,7007934,Anna Rosling Rönnlund,2019-07-31,2019,Sommar,https://www.sverigesradio.se/avsnitt/1319490,https://static-cdn.sr.se/laddahem/podradio/mp/sommar_i_p1/2019/07/sommar_i_p1_20190731_1300_5d359e96.mp3,3467,55509520,https://static-cdn.sr.se/images/2071/6b2cb431-feef-4e55-b178-6a68bd41cb42.jpg,Mattias Ahlm/Sveriges Radio,"Medgrundare Stiftelsen Gapminder, 44 år. Född i Falun, uppvuxen i Uppsala, bosatt i Stockholm. Debuterar som Sommarvärd."
1319488,7007950,Thomas Sandell,2019-08-01,2019,Sommar,https://www.sverigesradio.se/avsnitt/1319488,https://static-cdn.sr.se/laddahem/podradio/mp/sommar_i_p1/2019/08/sommar_i_p1_20190801_1300_5d35a2c2.mp3,3213,51437340,https://static-cdn.sr.se/images/2071/2a85a32e-6cbc-4e16-8bc9-734ca1b57bb6.jpg,Mattias Ahlm/Sveriges Radio,"Arkitekt, formgivare, 60 år. Född i Jakobstad i Finland, uppvuxen i Skellefteå, bosatt i Stockholm. Debuterar som Sommarvärd."
1319486,7018222,Amanda Zahui,2019-08-02,2019,Sommar,https://www.sverigesradio.se/avsnitt/1319486,https://static-cdn.sr.se/laddahem/podradio/mp/sommar_i_p1/2019/08/sommar_i_p1_20190802_1300_5d41a21e.mp3,2610,41785740,https://static-cdn.sr.se/images/2071/746251c5-cd06-4d86-b717-646b957ae403.jpg,Sujay Dutt,"Basketspelare, 25 år. Född i Stockholm, bosatt i New York. Debuterar som Sommarvärd."
1319484,7021015,Måns Möller,2019-08-03,2019,Sommar,https://www.sverigesradio.se/avsnitt/1319484,https://static-cdn.sr.se/laddahem/podradio/mp/sommar_i_p1/2019/08/sommar_i_p1_20190803_1300_5d4467e9.mp3,3444,55128237,https://static-cdn.sr.se/images/2071/2f5b07be-26f6-4572-b7ae-ff504289f1c2.jpg,Mattias Ahlm/Sveriges Radio,"Artist, komiker, 44 år. Född och bosatt i Stockholm. Debuterar som Sommarvärd."
1319482,7019514,Marie Nilsson Lind,2019-08-04,2019,Sommar,https://www.sverigesradio.se/avsnitt/1319482,https://static-cdn.sr.se/laddahem/podradio/mp/sommar_i_p1/2019/08/sommar_i_p1_20190804_1300_5d42ffac.mp3,3855,61704875,https://static-cdn.sr.se/images/2071/87c0114f-1dfd-4300-ad6f-9a79565ec582.jpg,Mattias Ahlm/Sveriges Radio,"Textförfattare, artist, kompositör, 57 år. Född och bosatt på Gotland. Tidigare Sommarvärd 1991."
1319480,7016929,Ali Abbasi,2019-08-05,2019,Sommar,https://www.sverigesradio.se/avsnitt/1319480,https://static-cdn.sr.se/laddahem/podradio/mp/sommar_i_p1/2019/08/sommar_i_p1_20190805_1300_5d4048f2.mp3,3109,49771252,https://static-cdn.sr.se/images/2071/cf171879-6a62-412c-aed8-e8cb7e212edb.jpg,Lina Arvidsson,"Regissör, 38 år. Född i Teheran, bosatt i Köpenhamn. Debuterar som Sommarvärd."
1319478,7015357,Ingrid le Roux,2019-08-06,2019,Sommar,https://www.sverigesradio.se/avsnitt/1319478,https://static-cdn.sr.se/laddahem/podradio/mp/sommar_i_p1/2019/08/sommar_i_p1_20190806_1300_5d3ec321.mp3,3171,50765987,https://static-cdn.sr.se/images/2071/8fc01c46-f9ad-43f3-9307-7c5c941957e3.jpg,Mattias Ahlm/Sveriges Radio,"Läkare. Född i Hedemora, bosatt i Kapstaden. Debuterar som Sommarvärd."
1319476,7015933,Agneta Pleijel,2019-08-07,2019,Sommar,https://www.sverigesradio.se/avsnitt/1319476,https://static-cdn.sr.se/laddahem/podradio/mp/sommar_i_p1/2019/08/sommar_i_p1_20190807_1300_5d3f1ae0.mp3,3334,53382026,https://static-cdn.sr.se/images/2071/aab49408-57e7-4e82-9639-f6ad82de2f15.jpg,Mattias Ahlm/Sveriges Radio,"Författare, 79 år. Född och bosatt i Stockholm. Tidigare Sommarvärd 1979, 1982, 1984."
1319475,7025794,Erik Lundin,2019-08-08,2019,Sommar,https://www.sverigesradio.se/avsnitt/1319475,https://static-cdn.sr.se/laddahem/podradio/mp/sommar_i_p1/2019/08/sommar_i_p1_20190808_1300_5d4af545.mp3,3837,61428974,https://static-cdn.sr.se/images/2071/ac95f126-f4d2-4b03-bd8a-cb2cc367e8f8.jpg,Mattias Ahlm/Sveriges Radio,"Musiker, rappare, 36 år. Född och bosatt i Stockholm. Debuterar som Sommarvärd."
1319471,7025823,Azita Shariati,2019-08-09,2019,Sommar,https://www.sverigesradio.se/avsnitt/1319471,https://static-cdn.sr.se/laddahem/podradio/mp/sommar_i_p1/2019/08/sommar_i_p1_20190809_1300_5d4afb0c.mp3,3368,53915734,https://static-cdn.sr.se/images/2071/be30a1bb-ad50-4718-94a5-9e16d731bcef.jpg,Mattias Ahlm/Sveriges Radio,"Vd, 51 år. Född i Teheran, bosatt i Sollentuna. Debuterar som Sommarvärd."
1319470,7028000,Molly Sandén,2019-08-10,2019,Sommar,https://www.sverigesradio.se/avsnitt/1319470,https://static-cdn.sr.se/laddahem/podradio/mp/sommar_i_p1/2019/08/sommar_i_p1_20190810_1300_5d4d6369.mp3,3160,50592560,https://static-cdn.sr.se/images/2071/64a598d6-1b11-4828-8a64-dd79cab3d7f8.jpg,Mattias Ahlm/Sveriges Radio,"Artist, 27 år. Född och bosatt i Stockholm. Debuterar som Sommarvärd."
1319469,7026834,Michael Tjernström,2019-08-11,2019,Sommar,https://www.sverigesradio.se/avsnitt/1319469,https://static-cdn.sr.se/laddahem/podradio/mp/sommar_i_p1/2019/08/sommar_i_p1_20190811_1300_5d4c23c8.mp3,3623,57998399,https://static-cdn.sr.se/images/2071/964403e8-eb25-4243-bd1e-5dee77076172.jpg,Mattias Ahlm/Sveriges Radio,"Professor i meteorologi, 63 år. Född i Solna, bosatt i Uppsala. Debuterar som Sommarvärd."
1298226,7024135,Olof Skoog,2019-08-12,2019,Sommar,https://www.sverigesradio.se/avsnitt/1298226,https://static-cdn.sr.se/laddahem/podradio/mp/sommar_i_p1/2019/08/sommar_i_p1_20190812_1300_5d4968b1.mp3,3456,55334287,https://static-cdn.sr.se/images/2071/875d4be0-bfb1-4eca-915e-856e21c9438d.jpg,Mattias Ahlm/Sveriges Radio,"Diplomat, 56 år. Född i Uppåkra, bosatt i New York. Debuterar som Sommarvärd."
1322239,7030769,Josette Bushell-Mingo,2019-08-13,2019,Sommar,https://www.sverigesradio.se/avsnitt/1322239,https://static-cdn.sr.se/laddahem/podradio/mp/sommar_i_p1/2019/08/sommar_i_p1_20190813_1300_5d518c4c.mp3,3613,57834987,https://static-cdn.sr.se/images/2071/84e8e458-430e-46c8-b0bf-163e518fae8f.jpg,Mattias Ahlm/Sveriges Radio,"Regissör, skådespelare, 55 år. Född i London, bosatt i Stockholm. Debuterar som Sommarvärd."
1298228,7031755,Nick Bostrom,2019-08-14,2019,Sommar,https://www.sverigesradio.se/avsnitt/1298228,https://static-cdn.sr.se/laddahem/podradio/mp/sommar_i_p1/2019/08/sommar_i_p1_20190814_1300_5d52b525.mp3,3405,54511749,https://static-cdn.sr.se/images/2071/b5cb1ff5-bc94-42e2-8a16-c26829590a2f.jpg,Foto: David Fisher,"Filosof, 46 år. Född i Helsingborg, bosatt i Oxford. Debuterar som Sommarvärd."
1322238,7030907,Emma Leijnse,2019-08-15,2019,Sommar,https://www.sverigesradio.se/avsnitt/1322238,https://static-cdn.sr.se/laddahem/podradio/mp/sommar_i_p1/2019/08/sommar_i_p1_20190815_1300_5d519bd0.mp3,3739,59857021,https://static-cdn.sr.se/images/2071/42ae4515-f7c1-42e2-858b-935c0914bd77.jpg,Mattias Ahlm/Sveriges Radio,"Journalist, 48 år. Född i Växjö, bosatt i Malmö. Debuterar som Sommarvärd."
1298230,7034838,Tilde de Paula Eby,2019-08-16,2019,Sommar,https://www.sverigesradio.se/avsnitt/1298230,https://static-cdn.sr.se/laddahem/podradio/mp/sommar_i_p1/2019/08/sommar_i_p1_20190816_1300_5d558ad7.mp3,3259,52183759,https://static-cdn.sr.se/images/2071/ce624361-13dc-4cfa-8738-9b379169ee31.jpg,Mattias Ahlm/Sveriges Radio,"Journalist, programledare, 46 år. Född i Chile, bosatt i Stockholm. Debuterar som Sommarvärd."
1298231,7035501,Nina Stemme,2019-08-17,2019,Sommar,https://www.sverigesradio.se/avsnitt/1298231,https://static-cdn.sr.se/laddahem/podradio/mp/sommar_i_p1/2019/08/sommar_i_p1_20190817_1300_5d567dda.mp3,2991,47890422,https://static-cdn.sr.se/images/2071/c2825f16-1dda-4b7c-ad29-a850a4a0ff11.jpg,Mattias Ahlm,Operasångerska. Född och bosatt i Stockholm. Debuterar som Sommarvärd.
1298232,7036037,Jill Johnson,2019-08-18,2019,Sommar,https://www.sverigesradio.se/avsnitt/1298232,https://static-cdn.sr.se/laddahem/podradio/mp/sommar_i_p1/2019/08/sommar_i_p1_20190818_1300_5d56ccd6.mp3,3372,53989344,https://static-cdn.sr.se/images/2071/d88f605a-0078-47cb-bc07-d4087b325d83.jpg,Micke Grönberg/Sveriges Radio,"Artist, låtskrivare, 46 år. Född i Ängelholm, bosatt i Borås och Ängelholm. Tidigare Sommarvärd 2010."
1416491,7195182,Fredrik Lindström - Vinter 2019,2019-12-25,2019,Vinter,https://www.sverigesradio.se/avsnitt/1416491,https://static-cdn.sr.se/laddahem/podradio/mp/sommar_i_p1/2019/12/sommar__vinter_i_p1_fredrik_lindstrom__vinter_201_20240917_1630339266.mp3,3757,60142222,https://static-cdn.sr.se/images/2071/2b3a364f-52c7-4f1a-b995-80ed9b618804.jpg,Mattias Ahlm/Sveriges Radio,"Programledare, författare, komiker, 56 år. Född i Eskilstuna, bosatt i Stockholm. Tidigare Sommarvärd 1999, 2004, 2008 och Vintervärd 2011, 2013."
1416527,7195187,Stina Wollter - Vinter 2018,2019-12-26,2019,Vinter,https://www.sverigesradio.se/avsnitt/1416527,https://static-cdn.sr.se/laddahem/podradio/mp/sommar_i_p1/2019/12/sommar__vinter_i_p1_stina_wollter__vinter_2018_20240917_1631083846.mp3,4140,66275253,https://static-cdn.sr.se/images/2071/6e8395c0-8726-435c-9e15-908c1fcc781d.jpg,Mattias Ahlm/Sveriges Radio,"Konstnär, programledare, författare, 55 år. Född i Sollentuna, bosatt i Uppsala. Sommarvärd 2019."
1416569,7195167,Madeleine In Hwa Björk - Vinter 2019,2019-12-27,2019,Vinter,https://www.sverigesradio.se/avsnitt/1416569,https://static-cdn.sr.se/laddahem/podradio/mp/sommar_i_p1/2019/12/sommar__vinter_i_p1_madeleine_in_hwa_bjork__vinte_20240917_1631397625.mp3,3525,56427706,https://static-cdn.sr.se/images/2071/97b5be4d-31c8-46da-b618-64ca3980c743.jpg,Mattias Ahlm/Sveriges Radio,"Socionom, 36 år. Född i Sydkorea, bosatt på Vikbolandet. Lyssnarnas Sommarvärd 2019."
1416598,7195191,Caroline Farberger - Vinter 2019,2019-12-28,2019,Vinter,https://www.sverigesradio.se/avsnitt/1416598,https://static-cdn.sr.se/laddahem/podradio/mp/sommar_i_p1/2019/12/sommar__vinter_i_p1_caroline_farberger__vinter_20_20240917_1632059578.mp3,3875,62031287,https://static-cdn.sr.se/images/2071/eec33592-da81-4978-a71e-e5ed1779022c.jpg,Mattias Ahlm/Sveriges Radio,"Vd, 52 år. Född i Lund, uppväxt i Uddevalla och Lerum, bosatt i Sigtuna. Sommarvärd 2019."
1416626,7195192,Olof Wretling – Kaffet på nattåget – Vinter 2019,2019-12-29,2019,Vinter,https://www.sverigesradio.se/avsnitt/1416626,https://static-cdn.sr.se/laddahem/podradio/mp/sommar_i_p1/2019/12/sommar__vinter_i_p1_olof_wretling__kaffet_pa_natt_20240917_1632328770.mp3,4274,68416917,https://static-cdn.sr.se/images/2071/28a83667-491d-453b-b3fe-cf8dcece10bc.jpg,Mattias Ahlm/Sveriges Radio,"Skådespelare, 44 år. Född i Umeå, bosatt i Karlstad. Sommarvärd 2011 och Vintervärd 2011, 2012, 2014, 2015, 2016, 2017."
1417165,7195189,Anders Hansen - Vinter 2019,2019-12-30,2019,Vinter,https://www.sverigesradio.se/avsnitt/1417165,https://static-cdn.sr.se/laddahem/podradio/mp/sommar_i_p1/2019/12/sommar__vinter_i_p1_anders_hansen__vinter_2019_20240917_1632581934.mp3,3440,55074370,https://static-cdn.sr.se/images/2071/3c849d75-ea2d-4365-91bc-75839718b0c7.jpg,Mattias Ahlm/Sveriges Radio,"Överläkare i psykiatri, föreläsare, författare, 45 år. Född och bosatt i Stockholm. Sommarvärd 2019."
1417209,7201519,Petra Mede - Vinter 2019,2019-12-31,2019,Vinter,https://www.sverigesradio.se/avsnitt/1417209,https://static-cdn.sr.se/laddahem/podradio/mp/sommar_i_p1/2019/12/sommar__vinter_i_p1_petra_mede__vinter_2019_20240917_1633243603.mp3,3418,54718729,https://static-cdn.sr.se/images/2071/aa430ee6-474e-41bf-a019-491f11bf8f48.jpg,Mattias Ahlm/Sveriges Radio,"Skådespelare, komiker, programledare, 49 år. Född och bosatt i Stockholm. Tidigare Sommarvärd 2009, 2018 och Vintervärd 2013."
1417244,7242130,Johan Rockström - Vinter 2019,2020-01-01,2020,Vinter,https://www.sverigesradio.se/avsnitt/1417244,https://static-cdn.sr.se/laddahem/podradio/mp/sommar_i_p1/2020/01/sommar__vinter_i_p1_johan_rockstrom__vinter_2019_20240917_1633519840.mp3,4519,72338754,https://static-cdn.sr.se/images/2071/4a4adbbb-0370-4975-b772-ac6a2466899c.jpg,Mattias Ahlm/Sveriges Radio,"Professor i global miljövetenskap, forskare, föreläsare, 54 år. Född i Finspång, uppvuxen i Brasilien, Italien och Karlskrona, bosatt på Rindö. Sommarvärd 2015 och Vintervärd 2015."
1515988,7410615,Greta Thunberg,2020-06-20,2020,Sommar,https://www.sverigesradio.se/avsnitt/1515988,https://static-cdn.sr.se/laddahem/podradio/sommar_i_p1/2020/06/sommar_i_p1_20200620_1300_5eecf5ab.mp3,4357,69768851,https://static-cdn.sr.se/images/2071/2941865b-6418-41a0-9c29-5f430b646129.jpg,Mattias Ahlm/Sveriges Radio,"Klimataktivisten om brandtalet i FN:s generalförsamling, USA-resan och civilisationens överlevnad."
1516013,7411631,Shima Niavarani,2020-06-21,2020,Sommar,https://www.sverigesradio.se/avsnitt/1516013,https://static-cdn.sr.se/laddahem/podradio/sommar_i_p1/2020/06/sommar_i_p1_20200621_1300_5eef87aa.mp3,4086,65422606,https://static-cdn.sr.se/images/2071/3b9a4bc0-2915-4590-9225-256766f17967.jpg,Mattias Ahlm/Sveriges Radio,"Mångbegåvad skådespelare som gjort över 50 teater-, film-, tv- och radioproduktioner. Om minuterna före entré och att förlora sin livshistoria med dem som dör."
1518762,7409510,Ulf Lundell,2020-06-22,2020,Sommar,https://www.sverigesradio.se/avsnitt/1518762,https://static-cdn.sr.se/laddahem/podradio/sommar_i_p1/2020/06/sommar_i_p1_20200622_1300_5eeb90a6.mp3,3626,58057497,https://static-cdn.sr.se/images/2071/0ca97fdb-8ed4-497f-a6c3-1945139544f3.jpg,Ulf Lundell,"En av Sveriges stora kulturpersonligheter och en mångsidig artist. Släppte i maj boken Vardagar 3, som bygger på hans dagbok från 2019 och är den tredje boken i en serie. Hade en inplanerad konsertturné i sommar som fått ställas in på grund av coronapandemin."
1518763,7413102,Mona Sahlin,2020-06-23,2020,Sommar,https://www.sverigesradio.se/avsnitt/1518763,https://static-cdn.sr.se/laddahem/podradio/sommar_i_p1/2020/06/sommar_i_p1_20200623_1300_5ef10e69.mp3,3187,51047081,https://static-cdn.sr.se/images/2071/fa301f58-14f6-4e01-b417-2fc03cdc251f.jpg,Mattias Ahlm/Sveriges Radio,"Aktiv i politiken i 40 år och före detta partiledare för Socialdemokraterna. Om makt, korruption och vad offentligheten gjort med henne och hennes drömmar."
1518764,7414504,Anders Tegnell,2020-06-24,2020,Sommar,https://www.sverigesradio.se/avsnitt/1518764,https://static-cdn.sr.se/laddahem/podradio/sommar_i_p1/2020/06/sommar_i_p1_20200624_1300_5ef24d9e.mp3,3201,51265450,https://static-cdn.sr.se/images/2071/f78903b9-c359-49db-ba0c-ab5caa8abc35.jpg,Mattias Ahlm/Sveriges Radio,Från anonym tjänsteman till världskänd statsepidemiolog. Hör om Sveriges unika val i kampen mot Covid-19.
1518765,7417493,Gry Forssell,2020-06-25,2020,Sommar,https://www.sverigesradio.se/avsnitt/1518765,https://static-cdn.sr.se/laddahem/podradio/sommar_i_p1/2020/06/sommar_i_p1_20200625_1300_5ef4dd84.mp3,3640,58285764,https://static-cdn.sr.se/images/2071/b5714edd-88be-4739-816c-554a9343aad2.jpg,Mattias Ahlm/Sveriges Radio,En av våra mest populära programledare. Sen 16 år leder hon radiokanalen Mix Megapols morgonprogram på vardagar och har också under 12 somrar lett Sommarkrysset i TV4.
1518766,7415447,Björn Natthiko Lindeblad,2020-06-26,2020,Sommar,https://www.sverigesradio.se/avsnitt/1518766,https://static-cdn.sr.se/laddahem/podradio/sommar_i_p1/2020/06/sommar_i_p1_20200626_1300_5ef354df.mp3,3811,61028481,https://static-cdn.sr.se/images/2071/e4ad6319-67f2-4c46-bc64-2b583af838c3.jpg,Elisabeth Lindeblad,Om att leva med den obotliga sjukdomen ALS och om hur samtal om döden kan göra oss mer levande.
1518767,7419723,Micael Bydén,2020-06-27,2020,Sommar,https://www.sverigesradio.se/avsnitt/1518767,https://static-cdn.sr.se/laddahem/podradio/sommar_i_p1/2020/06/sommar_i_p1_20200627_1300_5ef773e2.mp3,3338,53461648,https://static-cdn.sr.se/images/2071/f31b1d44-bc79-41a3-9894-115a06ff69e9.jpg,Mattias Ahlm/Sveriges Radio,Sveriges överbefälhavare sedan fem år och ansvarig för landets säkerhet. Om det säkerhetspolitiska läget i vårt närområde och om icke dömande ledarskap.
1518768,7415747,Sofie Sarenbrant,2020-06-28,2020,Sommar,https://www.sverigesradio.se/avsnitt/1518768,https://static-cdn.sr.se/laddahem/podradio/sommar_i_p1/2020/06/sommar_i_p1_20200628_1300_5ef3783c.mp3,3805,60921397,https://static-cdn.sr.se/images/2071/eefa8a58-9e91-448d-b73b-eceac3854dfb.jpg,Mattias Ahlm/Sveriges Radio,"En av Sveriges mest lästa deckarförfattare, skrivit böckerna om kriminalinspektören Emma Sköld. Om en berättelse ur sitt liv som kanske kan göra skillnad."
1518769,7417137,Hasse ”Kvinnaböske” Andersson,2020-06-29,2020,Sommar,https://www.sverigesradio.se/avsnitt/1518769,https://static-cdn.sr.se/laddahem/podradio/sommar_i_p1/2020/06/sommar_i_p1_20200629_1300_5ef4bba0.mp3,3069,49153366,https://static-cdn.sr.se/images/2071/67cbac5b-5406-4832-94b5-1e8a275c8252.jpg,Lina Arvidsson,"Folkkär artist som slog igenom stort med 80-talslåten Änglahund. Om sitt liv som glad speleman, rocksångare, fritidsbonde, speciallärare och underhållare."
1518770,7421292,Niklas Adalberth,2020-06-30,2020,Sommar,https://www.sverigesradio.se/avsnitt/1518770,https://static-cdn.sr.se/laddahem/podradio/sommar_i_p1/2020/06/sommar_i_p1_20200630_1300_5ef9fb25.mp3,3673,58814873,https://static-cdn.sr.se/images/2071/d3a20f59-85de-4950-8248-9d6aacdf08a0.jpg,Mattias Ahlm/Sveriges Radio ,Medgrundare till betaltjänstföretaget Klarna. Om hur han gick från skuldsatt till ekonomiskt oberoende men satt och grät på ett hotellrum i Las Vegas.
1518771,7422268,Staffan de Mistura,2020-07-01,2020,Sommar,https://www.sverigesradio.se/avsnitt/1518771,https://static-cdn.sr.se/laddahem/podradio/sommar_i_p1/2020/07/sommar_i_p1_20200701_1300_5efb076a.mp3,4154,66508288,https://static-cdn.sr.se/images/2071/2ca5acdd-57b0-4e10-8450-a4285b46ebde.jpg,Tom van Torre,Diplomat och välkänd svensk-italiensk fredsmäklare med uppdrag att försöka mäkla fred i Syrien. Om möten med människor och händelser som satt avtryck i världspolitiken.
1518772,7420840,Therese Lindgren,2020-07-02,2020,Sommar,https://www.sverigesradio.se/avsnitt/1518772,https://static-cdn.sr.se/laddahem/podradio/sommar_i_p1/2020/07/sommar_i_p1_20200702_1300_5ef9becd.mp3,3257,52162522,https://static-cdn.sr.se/images/2071/2f0d2e2b-0dcc-4bd2-80e3-4b02607c605f.jpg,Amanda Parkkinen,Följs av miljonpublik på Instagram och Youtube och är medlem i Mensa. Pratar om sin panikångest och kontrollbehov. 
1518773,7420844,Cathrine Winnes,2020-07-03,2020,Sommar,https://www.sverigesradio.se/avsnitt/1518773,https://static-cdn.sr.se/laddahem/podradio/sommar_i_p1/2020/07/sommar_i_p1_20200703_1300_5ef9bf3e.mp3,4298,68821900,https://static-cdn.sr.se/images/2071/68b818d7-805d-4e9d-9f43-e527d1265cfc.jpg,Chris Maluszynski,Framstående orkesterledare som har dirigerat alla symfoniorkestrar i Sverige och Norge.
1524014,7427217,Hedda Stiernstedt,2020-07-04,2020,Sommar,https://www.sverigesradio.se/avsnitt/1524014,https://static-cdn.sr.se/laddahem/podradio/sommar_i_p1/2020/07/sommar__vinter_i_p1_hedda_stiernstedt_20240917_1052016313.mp3,3893,62336449,https://static-cdn.sr.se/images/2071/9ddcfcaa-48ab-4845-a40f-b6e2fe2922a3.jpg,Mattias Ahlm /Sveriges Radio,Prisbelönt skådespelare som slog igenom stort som Nina Löwander i succéserien ”Vår tid är nu”.
1518775,7425578,Robin Söderling,2020-07-05,2020,Sommar,https://www.sverigesradio.se/avsnitt/1518775,https://static-cdn.sr.se/laddahem/podradio/sommar_i_p1/2020/07/sommar_i_p1_20200705_1300_5efddfa4.mp3,3999,64026302,https://static-cdn.sr.se/images/2071/410a996c-85d3-4028-8290-bb1bef10cb00.jpg,Mattias Ahlm/Sveriges Radio,Rankades som världens fjärde bästa tennisspelare. Om hur en stark drivkraft kan bli både framgång och förbannelse. Och vad som hända när man aldrig ger upp.
1518776,7424248,Betlehem Isaak,2020-07-06,2020,Sommar,https://www.sverigesradio.se/avsnitt/1518776,https://static-cdn.sr.se/laddahem/podradio/sommar_i_p1/2020/07/sommar_i_p1_20200706_1300_5efca131.mp3,3712,59435508,https://static-cdn.sr.se/images/2071/9b535f5b-871a-4733-b39d-7de69abb1068.jpg,Lina Arvidsson,"Student, författare och krönikör som i debutromanen skildrar hur det är att växa upp utan sin far, den fängslade Dawit Isaak. Om Sverige och Eritrea, rasism och drömmar."
1518777,7424250,Sara Bäckmo,2020-07-07,2020,Sommar,https://www.sverigesradio.se/avsnitt/1518777,https://static-cdn.sr.se/laddahem/podradio/sommar_i_p1/2020/07/sommar_i_p1_20200707_1300_5efca190.mp3,3848,61622667,https://static-cdn.sr.se/images/2071/b349dc1e-2088-458e-9f18-3e1ebf04687d.jpg,Maria Fors Östberg,Journalist och trädgårdsodlare som driver Sveriges största privata blogg Skillnadens Trädgård. Om fascinationen för maskarna och att växa som människa genom jorden.
1518778,7429930,Anders Borg,2020-07-08,2020,Sommar,https://www.sverigesradio.se/avsnitt/1518778,https://static-cdn.sr.se/laddahem/podradio/sommar_i_p1/2020/07/sommar_i_p1_20200708_1300_5f0329e9.mp3,3406,54547408,https://static-cdn.sr.se/images/2071/f18f77fa-f1d9-4285-9cf0-a0761d04787d.jpg,Mattias Ahlm/Sveriges Radio,"Finansministern som lotsade Sverige genom finanskrisen. Om världsläget med Corona, politik, kriser och sitt liv som nygift 52-åring."
1518779,7424725,Eveline Jacobson,2020-07-09,2020,Sommar,https://www.sverigesradio.se/avsnitt/1518779,https://static-cdn.sr.se/laddahem/podradio/sommar_i_p1/2020/07/sommar_i_p1_20200709_1300_5efce98c.mp3,3184,50988043,https://static-cdn.sr.se/images/2071/ce8c8837-a16a-404d-9a59-5c67892b630e.jpg,Mattias Ahlm/Sveriges Radio,Eveline Jacobson är sjuksköterska inom intensivvården. I Sommar berättar hon hur det var att arbeta när coronapandemin bröt ut - och när vårdens inarbetade rutiner kastades omkull.
1518780,7427513,Sofia Wistam,2020-07-10,2020,Sommar,https://www.sverigesradio.se/avsnitt/1518780,https://static-cdn.sr.se/laddahem/podradio/sommar_i_p1/2020/07/sommar_i_p1_20200710_1300_5eff5b2d.mp3,3342,53520882,https://static-cdn.sr.se/images/2071/4fc2c588-7f8c-422d-8f89-69601cf9ab47.jpg,Mattias Ahlm/Sveriges Radio,Känd programledarprofil som i tio år programlett Kanal 5:s succé Sofias änglar. Om sin dotters kamp och en far som bestämt sig för att dö.
1525941,7429931,Patrik Svensson,2020-07-11,2020,Sommar,https://www.sverigesradio.se/avsnitt/1525941,https://static-cdn.sr.se/laddahem/podradio/sommar_i_p1/2020/07/sommar_i_p1_20200711_1300_5f032a1e.mp3,3359,53799657,https://static-cdn.sr.se/images/2071/d2bd6a3e-00e4-41d3-90d3-a4694c887737.jpg,Lina Arvidsson,"Journalist och författare som debuterade med Augustprisade Ålevangeliet. Om havet, varför jag fascineras av det, om evolutionen och varför vi har sex."
1518782,7435311,Alessandro “Alesso“ Lindblad,2020-07-12,2020,Sommar,https://www.sverigesradio.se/avsnitt/1518782,https://static-cdn.sr.se/laddahem/podradio/sommar_i_p1/2020/07/sommar_i_p1_20200712_1300_5f083efa.mp3,3157,50564792,https://static-cdn.sr.se/images/2071/b7794056-fa4f-4880-88b5-4526fe66de12.jpg,Simone Arveda,"Världskänd DJ och en av Sveriges mest framgångsrika musikproducenter. Om kärlek till musiken, kraven på att lyckas och om att förlora en nära vän."
1518783,7435184,Emma Örtlund,2020-07-13,2020,Sommar,https://www.sverigesradio.se/avsnitt/1518783,https://static-cdn.sr.se/laddahem/podradio/sommar_i_p1/2020/07/sommar_i_p1_20200713_1300_5f082e71.mp3,3309,52998143,https://static-cdn.sr.se/images/2071/a729e24d-31ec-4684-8d6c-c8a4856340b7.jpg,Mattias Ahlm/Sveriges Radio,"Skådespelare och fotomodell som hyllats för huvudrollen i Glada Hudikteaterns Catwalk. Om att vara mobbad, få revansch och se människor som lika mycket värda."
1518784,7435188,Rasmus Troedsson,2020-07-14,2020,Sommar,https://www.sverigesradio.se/avsnitt/1518784,https://static-cdn.sr.se/laddahem/podradio/sommar_i_p1/2020/07/sommar_i_p1_20200714_1300_5f082eec.mp3,3537,56641063,https://static-cdn.sr.se/images/2071/3fb57b1e-e115-4de0-a6eb-e99566df45ac.jpg,Mattias Ahlm/Sveriges Radio,"Skådespelare och journalist, känd som hovmästaren Bellan Roos i publiksuccén Vår tid är nu.  Om hur orättvisa har räddat mig och om en tro på Jesus."
1518785,7435666,2020: Torbjörn Johannesson,2020-07-15,2020,Sommar,https://www.sverigesradio.se/avsnitt/1518785,https://static-cdn.sr.se/laddahem/podradio/sommar_i_p1/2020/07/sommar_i_p1_20200715_1300_5f08690e.mp3,3856,61750226,https://static-cdn.sr.se/images/2071/9e4279c2-9209-4cfc-9c11-f12819bb7b27.jpg,Henrik Brunnsgård,Lyssnarnas Sommarvärd 2020. Yrkesofficer som gjort utlandstjänst ibland annat Syrien och Afghanistan. Om upplevelser genom åren och vardagen i fredens tjänst.
1518786,7438150,Linda ”Miss Li” Karlsson,2020-07-16,2020,Sommar,https://www.sverigesradio.se/avsnitt/1518786,https://static-cdn.sr.se/laddahem/podradio/sommar_i_p1/2020/07/sommar_i_p1_20200716_1300_5f0c568d.mp3,3259,52199443,https://static-cdn.sr.se/images/2071/4340ed57-c7a3-4599-9179-1fc592a0cb53.jpg,Mattias Ahlm/Sveriges Radio,Sångare och pianist som utsågs till Årets hållbara artist på Grammisgalan i år. Om hennes uppväxt i arbetarklass och hur det ger henne kraft att jobba hårt.
1518787,7438155,Kjell A. Nordström,2020-07-17,2020,Sommar,https://www.sverigesradio.se/avsnitt/1518787,https://static-cdn.sr.se/laddahem/podradio/sommar_i_p1/2020/07/sommar_i_p1_20200717_1300_5f0c5731.mp3,4188,67052828,https://static-cdn.sr.se/images/2071/e1a8e34b-4d13-4157-abb6-5a264f5ab20a.jpg,Mattias Ahlm/Sveriges Radio,Världsberömde ekonomen om varför pengar finns och vår vilda lust att byta grejer med varandra.
1527004,7442072,Klara Zimmergren,2020-07-18,2020,Sommar,https://www.sverigesradio.se/avsnitt/1527004,https://static-cdn.sr.se/laddahem/podradio/sommar_i_p1/2020/07/sommar_i_p1_20200718_1300_5f10229f.mp3,3140,50283072,https://static-cdn.sr.se/images/2071/ed95aa5d-b292-46b8-bf52-ec2606cfd780.jpg,Henrik Brunnsgård,Komiker och skådespelare som slog igenom med humorserien Mia och Klara. Om viktiga nedslag i livet och varför hon är så förtjust i fasader som rämnar.
1518789,7442073,Gunilla von Platen,2020-07-19,2020,Sommar,https://www.sverigesradio.se/avsnitt/1518789,https://static-cdn.sr.se/laddahem/podradio/sommar_i_p1/2020/07/sommar_i_p1_20200719_1300_5f1022d1.mp3,3449,55228823,https://static-cdn.sr.se/images/2071/aeae57ff-19ec-406b-a895-1f3a0f230bd1.jpg,Mattias Ahlm/Sveriges Radio,"Framgångsrik företagsledare och entreprenör, var bland annat affärsängel i tv-programmet Draknästet. Om maktbalans i näringslivet och om två kvinnor som överlevde allt."
1518790,7443459,Ola Wong,2020-07-20,2020,Sommar,https://www.sverigesradio.se/avsnitt/1518790,https://static-cdn.sr.se/laddahem/podradio/sommar_i_p1/2020/07/sommar_i_p1_20200720_1300_5f11714b.mp3,3626,58059247,https://static-cdn.sr.se/images/2071/e2b8faec-41b5-4ba8-8149-dbca8ab256d6.jpg,Mattias Ahlm/Sveriges Radio,"Kinakännare, journalist och författare som i nästan två decennier bevakat Kina, bland annat som korrespondent för Svenska Dagbladet. Om att man inte är klokare än sin senaste kris."
1518791,7446420,Emma AdBåge,2020-07-21,2020,Sommar,https://www.sverigesradio.se/avsnitt/1518791,https://static-cdn.sr.se/laddahem/podradio/sommar_i_p1/2020/07/sommar_i_p1_20200721_1300_5f159f5a.mp3,3223,51615074,https://static-cdn.sr.se/images/2071/594b89ed-7b9a-43f9-85d3-922f5d76d4b9.jpg,John Sandlund,Uppmärksammad författare och illustratör. Fick Augustpriset 2018 för boken Gropen. Om att bli läst – både som författare och som människa.
1518792,7446619,David Sundin,2020-07-22,2020,Sommar,https://www.sverigesradio.se/avsnitt/1518792,https://static-cdn.sr.se/laddahem/podradio/sommar_i_p1/2020/07/sommar_i_p1_20200722_1300_5f15bd56.mp3,4086,65430773,https://static-cdn.sr.se/images/2071/358b20af-2637-432b-8b4f-8e32046f29f7.jpg,Mattias Ahlm/Sveriges Radio,"Komiker, programledare, manusförfattare och en av programledarna för årets Melodifestival. Om de små delar av liv, korta historier, det som kallas för anekdoter."
1518793,7446612,Karin Smirnoff,2020-07-23,2020,Sommar,https://www.sverigesradio.se/avsnitt/1518793,https://static-cdn.sr.se/laddahem/podradio/sommar_i_p1/2020/07/sommar_i_p1_20200723_1300_5f15bd25.mp3,3148,50413099,https://static-cdn.sr.se/images/2071/daa5c74f-6be3-4aba-b9c1-022e5ed8678b.jpg,Mattias Ahlm/Sveriges Radio,"Författare och företagare som hyllats stort för romantrilogin om Jana Kippo och livet i ett kargt norrländskt inland. Ett program utan mall, tema eller musikalisk matchning."
1518794,7448019,Anna Bennich,2020-07-24,2020,Sommar,https://www.sverigesradio.se/avsnitt/1518794,https://static-cdn.sr.se/laddahem/podradio/sommar_i_p1/2020/07/sommar_i_p1_20200724_1300_5f170e26.mp3,3913,62661747,https://static-cdn.sr.se/images/2071/5d532fa2-e74a-4873-a957-76b9263ee508.jpg,Mattias Ahlm/Sveriges Radio,"Psykolog, psykoterapeut och författare som ofta medverkar i radio och TV. Om den ofrivilliga ensamhetens faror, stress, relationer och förlust."
1527014,7452417,Albin Ekdal,2020-07-25,2020,Sommar,https://www.sverigesradio.se/avsnitt/1527014,https://static-cdn.sr.se/laddahem/podradio/sommar_i_p1/2020/07/sommar_i_p1_20200725_1300_5f1b1361.mp3,4028,64495750,https://static-cdn.sr.se/images/2071/056ef6ba-c8aa-4073-b20f-49a42202e29a.jpg,Simone Arveda,"Fotbollsproffs och mittfältare i svenska landslaget. Om sina med- och motgångar, det osminkade proffslivet och om hur han blev sjuk i covid-19."
1518796,7447791,Camilla Lif,2020-07-26,2020,Sommar,https://www.sverigesradio.se/avsnitt/1518796,https://static-cdn.sr.se/laddahem/podradio/sommar_i_p1/2020/07/sommar_i_p1_20200726_1300_5f16f19a.mp3,3470,55565686,https://static-cdn.sr.se/images/2071/bc7fe317-31f7-4d89-8a82-33f5c9e49323.jpg,Mattias Ahlm/Sveriges Radio,"Präst i Katarina församling i Stockholm och välkänd röst i Spanarna i P1. Om blinda fiskar, växter med minne och min osunt intensiva relation med min ärkefiende; Döden."
1518797,7450427,Rojda Sekersöz,2020-07-27,2020,Sommar,https://www.sverigesradio.se/avsnitt/1518797,https://static-cdn.sr.se/laddahem/podradio/sommar_i_p1/2020/07/sommar_i_p1_20200727_1300_5f198359.mp3,2999,48030242,https://static-cdn.sr.se/images/2071/00cd267a-8b22-4063-805d-1f010055616d.jpg,Mattias Ahlm/Sveriges Radio,Filmregissör som uppmärksammades stort för regin av filmen En komikers uppväxt av Jonas Gardell. Om känslan av att leva någon annans liv.
1518798,7451722,Björn Olsen,2020-07-28,2020,Sommar,https://www.sverigesradio.se/avsnitt/1518798,https://static-cdn.sr.se/laddahem/podradio/sommar_i_p1/2020/07/sommar_i_p1_20200728_1300_5f1abece.mp3,3260,52212704,https://static-cdn.sr.se/images/2071/f7ad468f-8f62-428b-964a-2211af6f4071.jpg,Mattias Ahlm/Sveriges Radio,"Överläkare, professor i infektionssjukdomar, 61 år. Född i Örebro, bosatt i Stockholm. Tidigare Sommarvärd 2006."
1518799,7454190,Lars Wallin,2020-07-29,2020,Sommar,https://www.sverigesradio.se/avsnitt/1518799,https://static-cdn.sr.se/laddahem/podradio/sommar_i_p1/2020/07/sommar_i_p1_20200729_1300_5f1ead1e.mp3,3003,48095078,https://static-cdn.sr.se/images/2071/edbb04e7-8827-4785-8253-0ca821dc045a.jpg,Mattias Ahlm/Sveriges Radio,Modeskapare och kläddesigner som i 30 år skapat unika kreationer till kungligheter och artister. Om den udda pojken från Västerås som hamnade i de stora sammanhangen.
1518800,7455528,Malin Byström,2020-07-30,2020,Sommar,https://www.sverigesradio.se/avsnitt/1518800,https://static-cdn.sr.se/laddahem/podradio/sommar_i_p1/2020/07/sommar_i_p1_20200730_1300_5f1ff8ea.mp3,3483,55776758,https://static-cdn.sr.se/images/2071/e7f45e8b-0d30-43da-bf28-1c6507e54a8d.jpg,Mattias Ahlm/Sveriges Radio,Operasångerska och internationellt efterfrågad sopran. Om hur musiken blev kärnan i livet och en kärlekshälsning till en farmor som tvingades till ett fruktansvärt val.
1518801,7455529,Simon J Berger,2020-07-31,2020,Sommar,https://www.sverigesradio.se/avsnitt/1518801,https://static-cdn.sr.se/laddahem/podradio/sommar_i_p1/2020/07/sommar_i_p1_20200731_1300_5f1ff919.mp3,3140,50284308,https://static-cdn.sr.se/images/2071/39f00269-c2a5-4515-9d67-5223914c3408.jpg,Mattias Ahlm/Sveriges Rdio,Skådespelare med hyllade roller i bland annat norska tv-succén Exit och Torka aldrig tårar utan handskar. Om människans livsluft – berättelsen.
1528248,7457773,Martin Lorentzon,2020-08-01,2020,Sommar,https://www.sverigesradio.se/avsnitt/1528248,https://static-cdn.sr.se/laddahem/podradio/sommar_i_p1/2020/08/sommar_i_p1_20200801_1300_5f21e301.mp3,3799,60834106,https://static-cdn.sr.se/images/2071/c3b88e0d-0df0-45ac-ab13-f48f6087c708.jpg,Mattias Ahlm/Sveriges Radio,"IT-entreprenör och en av grundarna av musiktjänsten Spotify 2006. Utsågs till Årets svensk i världen 2014. Om entreprenörskap, vad som har påverkat honom och hur man startar ett företag."
1518803,7458363,Anna Takanen,2020-08-02,2020,Sommar,https://www.sverigesradio.se/avsnitt/1518803,https://static-cdn.sr.se/laddahem/podradio/sommar_i_p1/2020/08/sommar_i_p1_20200802_1300_5f22a8ba.mp3,3286,52630367,https://static-cdn.sr.se/images/2071/4f8ab8cf-8312-4d91-bf00-bb1738cbea05.jpg,Mattias Ahlm/Sveriges Radio,"Skådespelare, regissör, författare, aktuell med debutromanen Sörjen som blev. Om hur det är att vara barn till ett krigsbarn och om varför ridån aldrig går ner för teatern."
1518804,7446746,Mustafa Mohamed,2020-08-03,2020,Sommar,https://www.sverigesradio.se/avsnitt/1518804,https://static-cdn.sr.se/laddahem/podradio/sommar_i_p1/2020/08/sommar_i_p1_20200803_1300_5f15c932.mp3,3287,52646679,https://static-cdn.sr.se/images/2071/90570753-2a14-4aa6-a749-a32e5d1405a3.jpg,Henrik Brunnsgård,"Löpare som gjorde sitt livs maratonlopp i februari i Sevilla då han satte svenskt rekord. Om uppväxten i Somalia, hur det var att komma till Sverige och passionen för löpning."
1518805,7460246,Svante Lindqvist,2020-08-04,2020,Sommar,https://www.sverigesradio.se/avsnitt/1518805,https://static-cdn.sr.se/laddahem/podradio/sommar_i_p1/2020/08/sommar_i_p1_20200804_1300_5f2431eb.mp3,3071,49188069,https://static-cdn.sr.se/images/2071/0471bcb9-fd7e-4b80-8d17-58d716e23219.jpg,Anders Alm,Riksspelman som i år fick Kungens medalj för framstående insatser som musiker och dramatiker. Ett program som spänner från dödskamp till tacksamhet över livets outgrundlighet.
1518806,7463821,Lena Endre,2020-08-05,2020,Sommar,https://www.sverigesradio.se/avsnitt/1518806,https://static-cdn.sr.se/laddahem/podradio/sommar_i_p1/2020/08/sommar_i_p1_20200805_1300_5f294ac6.mp3,3288,52651233,https://static-cdn.sr.se/images/2071/fadb5aa7-edf5-46e5-b564-2832b921fd8c.jpg,Mattias Ahlm/Sveriges Radio,En av våra mest framstående skådespelare med hemvist på Dramaten och även regissör. Om musiken genom vilken jag upplevt rus av glädje och mörkaste förtvivlan.
1518807,7463820,Patrik Lundberg,2020-08-06,2020,Sommar,https://www.sverigesradio.se/avsnitt/1518807,https://static-cdn.sr.se/laddahem/podradio/sommar_i_p1/2020/08/sommar_i_p1_20200806_1300_5f294ad9.mp3,3011,48230498,https://static-cdn.sr.se/images/2071/6894a783-8eda-4ed2-8a2e-7b7d32cd764e.jpg,Mattias Ahlm/Sveriges Radio,"Kolumnist och kulturskribent i Expressen. Kommer i höst ut med boken Fjärilsvägen, en berättelse om hans mamma och det svenska klassamhället. Om kärlek och pengar."
1518808,7465238,Martin Hägglund,2020-08-07,2020,Sommar,https://www.sverigesradio.se/avsnitt/1518808,https://static-cdn.sr.se/laddahem/podradio/sommar_i_p1/2020/08/sommar__vinter_i_p1_martin_hagglund_20240917_1101383604.mp3,3441,55098648,https://static-cdn.sr.se/images/2071/bfe60d64-0f5c-49a0-ba57-d41e9abdaa52.jpg,Robbie Bailey,Hyllad svensk filosof vars bok ”This Life” har fått enormt genomslag i USA.
1528260,7467000,Miriam Haley,2020-08-08,2020,Sommar,https://www.sverigesradio.se/avsnitt/1528260,https://static-cdn.sr.se/laddahem/podradio/sommar_i_p1/2020/08/sommar_i_p1_20200808_1300_5f2c1d93.mp3,3139,50272959,https://static-cdn.sr.se/images/2071/b9d20cb0-8316-4392-ae90-6f12d289e1b7.jpg,Privat,Huvudvittne i våldtäktsrättegången mot filmproducenten Harvey Weinstein. Har arbetat inom filmindustrin i London.
1518810,7465958,Marie-Louise Ekman,2020-08-09,2020,Sommar,https://www.sverigesradio.se/avsnitt/1518810,https://static-cdn.sr.se/laddahem/podradio/sommar_i_p1/2020/08/sommar_i_p1_20200809_1300_5f2b0065.mp3,3142,50323632,https://static-cdn.sr.se/images/2071/4000997a-aa8c-4ef5-997e-aa91c61f4c53.jpg,Mattias Ahlm/Sveriges Radio,Ständigt aktuell konstnär och kulturpersonlighet som rör sig fritt mellan olika konstformer. Ett program där hon får umgås med dem hon inte umgås med annars.
1518811,7467131,Olof Stenhammar,2020-08-10,2020,Sommar,https://www.sverigesradio.se/avsnitt/1518811,https://static-cdn.sr.se/laddahem/podradio/sommar_i_p1/2020/08/sommar_i_p1_20200810_1300_5f2c2be1.mp3,3522,56407876,https://static-cdn.sr.se/images/2071/520bbe55-ff11-408f-929b-526e1e37f3c5.jpg,Mattias Ahlm/Sveriges Radio,"Framgångsrik finansman som startade världens första elektroniska och privata börs i Stockholm, Optionsmäklarna, 1984. Om att jag 1953 ville ansöka om OS till Sverige."
1518812,7467156,Emma Eliasson,2020-08-11,2020,Sommar,https://www.sverigesradio.se/avsnitt/1518812,https://static-cdn.sr.se/laddahem/podradio/sommar_i_p1/2020/08/sommar_i_p1_20200811_1300_5f2c2ef6.mp3,2919,46746657,https://static-cdn.sr.se/images/2071/1671893d-71d6-403a-999f-1008904abea6.jpg,Anders Alm,En av svensk damhockeys största spelare. En konflikt med förbundskaptenen gjorde att hon avslutade karriären som 27-åring.
1518813,7471249,Johan H. Andresen,2020-08-12,2020,Sommar,https://www.sverigesradio.se/avsnitt/1518813,https://static-cdn.sr.se/laddahem/podradio/sommar_i_p1/2020/08/sommar_i_p1_20200812_1300_5f317a13.mp3,3196,51183390,https://static-cdn.sr.se/images/2071/4012fd7f-2795-4fe5-ba6f-809d7dcbf510.jpg,Chris Maluszynski,"En av Norges mest kända affärsmän. Leder familjeföretaget och investmentbolaget Ferd, värderat till drygt 30 miljarder kronor. Om fördelarna med att ha och ta ansvar."
1518814,7473529,Yngve Gustafson,2020-08-13,2020,Sommar,https://www.sverigesradio.se/avsnitt/1518814,https://static-cdn.sr.se/laddahem/podradio/sommar_i_p1/2020/08/sommar_i_p1_20200813_1300_5f33c4a7.mp3,2956,47351576,https://static-cdn.sr.se/images/2071/742ad9ff-abe7-4ad3-8042-8889ff40e5ed.jpg,Erik Abel,Professor i geriatrik och stark förkämpe för bättre åldringsvård. Om forskning som visar hur man får en god ålderdom och om möten med gamla människor som delat med sig av sin livsvisdom.
1518815,7473540,Awad Olwan,2020-08-14,2020,Sommar,https://www.sverigesradio.se/avsnitt/1518815,https://static-cdn.sr.se/laddahem/podradio/sommar_i_p1/2020/08/sommar_i_p1_20200814_1300_5f33c5c2.mp3,3779,60515141,https://static-cdn.sr.se/images/2071/b20493a2-ea70-412c-81e5-f1e1ddf6452b.jpg,Mattias Ahlm/Sveriges Radio,Pensionerad imam och en av initiativtagarna till Guds Hus i Fisksätra. Om en resa från Palestina till Fisksätra och varför religionen ofta står i vägen för tron.
1526868,7475446,Siri Hustvedt,2020-08-15,2020,Sommar,https://www.sverigesradio.se/avsnitt/1526868,https://static-cdn.sr.se/laddahem/podradio/sommar_i_p1/2020/08/sommar_i_p1_20200815_1300_5f354a00.mp3,3863,61849286,https://static-cdn.sr.se/images/2071/3adeb1a9-5379-4366-894a-1ca6ad7bf3ab.jpg,Robbie Bailey,"Internationellt känd amerikansk författare med norska rötter, senast aktuell med romanen Minnen av framtiden. Om sin mor som dog i oktober och om moderskap i allmänhet."
1518817,7473537,Laleh Pourkarim,2020-08-16,2020,Sommar,https://www.sverigesradio.se/avsnitt/1518817,https://static-cdn.sr.se/laddahem/podradio/sommar_i_p1/2020/08/sommar_i_p1_20200816_1300_5f33c5ef.mp3,2701,43261378,https://static-cdn.sr.se/images/2071/86b1b407-67f6-4896-9a5a-4d7792129a9d.jpg,Privat,Folkkär artist och framgångsrik musikproducent som skriver och producerar all sin musik själv. Om vad som händer med henne just nu och funderingar om framtiden.
1622574,7650667,Kattis Ahlström,2020-12-25,2020,Vinter,https://www.sverigesradio.se/avsnitt/1622574,https://static-cdn.sr.se/laddahem/podradio/sommar_i_p1/2020/12/sommar_i_p1_20201225_1300_5fe26465.mp3,3539,56666995,https://static-cdn.sr.se/images/2071/42e1e9f7-c7d2-4481-b2ba-5c31e5f4b0d5.jpg,Foto: Mattias Ahlm / Sveriges Radio,"Journalisten och programledaren Kattis Ahlström om musik, östtysk tv och påven."
1622519,7650404,Ulf Danielsson,2020-12-26,2020,Vinter,https://www.sverigesradio.se/avsnitt/1622519,https://static-cdn.sr.se/laddahem/podradio/sommar_i_p1/2020/12/sommar_i_p1_20201226_1300_5fe21f56.mp3,3673,58818655,https://static-cdn.sr.se/images/2071/b4d035be-f56b-4955-a195-d94e9bfc2e99.jpg,Foto: Mattias Ahlm / Sveriges Radio,"Fysikprofessorn Ulf Danielsson om stjärnskådning, squaredans och universums mening."
1622543,7652821,Lisa Nilsson,2020-12-27,2020,Vinter,https://www.sverigesradio.se/avsnitt/1622543,https://static-cdn.sr.se/laddahem/podradio/sommar_i_p1/2020/12/sommar_i_p1_20201227_1300_5fe49d88.mp3,2950,47243280,https://static-cdn.sr.se/images/2071/d39ff0b4-42f4-4783-97af-d4291a74efc7.jpg,Foto: Mattias Ahlm / Sveriges Radio,"Sångaren och låtskrivaren Lisa Nilsson om sin mamma, musiken och livets kärlekar. "
1631063,7652819,Johannes Anyuru,2020-12-28,2020,Vinter,https://www.sverigesradio.se/avsnitt/1631063,https://static-cdn.sr.se/laddahem/podradio/sommar_i_p1/2020/12/sommar_i_p1_20201228_1300_5fe49cf2.mp3,3190,51085154,https://static-cdn.sr.se/images/2071/65588c89-1833-4cea-9d38-6170f8d67ccd.jpg,Foto: Henrik Brunnsgård,Författaren Johannes Anyuru om varför vi måste dö och varför vi måste leva. 
1631105,7657157,Claes Elfsberg,2020-12-29,2020,Vinter,https://www.sverigesradio.se/avsnitt/1631105,https://static-cdn.sr.se/laddahem/podradio/sommar_i_p1/2020/12/sommar_i_p1_20201229_1300_5feb6083.mp3,3063,49047583,https://static-cdn.sr.se/images/2071/f741be54-1893-4b8b-b931-e414e31f3269.jpg,Foto: Mattias Ahlm / Sveriges Radio,"Programledaren Claes Elfsberg om sorg, ålderism och de kommande 50 åren."
1631150,7654330,Patricia Tudor-Sandahl,2020-12-30,2020,Vinter,https://www.sverigesradio.se/avsnitt/1631150,https://static-cdn.sr.se/laddahem/podradio/sommar_i_p1/2020/12/sommar_i_p1_20201230_1300_5fe891c5.mp3,3439,55069153,https://static-cdn.sr.se/images/2071/8a75c2b2-c8ee-40c5-9f2e-ee13669f2ccd.jpg,Foto: Lina Arvidsson,Författaren och psykologen Patricia Tudor-Sandahl om åldrandets glädje och kval.
1631193,7655842,Olof Wretling – Om humor – Vinterprat 2020,2020-12-31,2020,Vinter,https://www.sverigesradio.se/avsnitt/1631193,https://static-cdn.sr.se/laddahem/podradio/sommar_i_p1/2020/12/sommar_i_p1_20201231_1300_5fea246b.mp3,3730,59723979,https://static-cdn.sr.se/images/2071/56ea4194-03a0-488f-a5cf-0d4e3a794aec.jpg,Foto: Mattias Ahlm / Sveriges Radio,Skådespelaren och komikern Olof Wretling om humor - ett vansinnigt roligt och tråkigt program.
1631226,7659597,Zinat Pirzadeh,2021-01-01,2021,Vinter,https://www.sverigesradio.se/avsnitt/1631226,https://static-cdn.sr.se/laddahem/podradio/sommar_i_p1/2021/01/sommar_i_p1_20210101_1300_5fedeb01.mp3,3852,61685461,https://static-cdn.sr.se/images/2071/ad4dc42d-25e6-44e5-b3be-f6d7c7573def.jpg,Foto: Mattias Ahlm / Sveriges Radio,"Författaren, komikern och studievägledaren Zinat Pirzadeh om kärlek, medberoende och försoning."
1732987,7890466,Benjamin Ingrosso,2021-06-26,2021,Sommar,https://www.sverigesradio.se/avsnitt/1732987,https://static-cdn.sr.se/laddahem/podradio/sommar_i_p1/2021/06/sommar_i_p1_20210626_1300_60d46672.mp3,3416,54713927,https://static-cdn.sr.se/images/2071/383baf9c-54a2-48f0-bf70-2ed1c20e77a7.jpg,Mattias Ahlm / Sveriges Radio,Artisten om livshändelserna som har format honom.
1734156,7890355,Niklas Strömstedt,2021-06-27,2021,Sommar,https://www.sverigesradio.se/avsnitt/1734156,https://static-cdn.sr.se/laddahem/podradio/sommar_i_p1/2021/06/sommar_i_p1_20210627_1300_60d4593b.mp3,4291,68711391,https://static-cdn.sr.se/images/2071/918835ab-d8a4-4ca7-b324-6eb1ffb68bbe.jpg,Mattias Ahlm,Om sju speciella dagar och tankar om hur svårt det är att acceptera svaghet.
1732864,7891098,Karin Bodin,2021-06-28,2021,Sommar,https://www.sverigesradio.se/avsnitt/1732864,https://static-cdn.sr.se/laddahem/podradio/sommar_i_p1/2021/06/sommar_i_p1_20210628_1300_60d4aa7b.mp3,3090,49498633,https://static-cdn.sr.se/images/2071/fb99d004-eed3-4046-b1db-1b146e9dc723.jpg,Erik Abel,Polarbröds Karin Bodin om branden i bageriet i Älvsbyn och att börja om igen.
1736194,7894840,Michael Lindgren,2021-06-29,2021,Sommar,https://www.sverigesradio.se/avsnitt/1736194,https://static-cdn.sr.se/laddahem/podradio/sommar_i_p1/2021/06/sommar_i_p1_20210629_1300_60da081b.mp3,3680,58944517,https://static-cdn.sr.se/images/2071/df7f6c1e-4784-4d31-ba04-dc4f2a5fd276.jpg,Mattias Ahlm / Sveriges Radio,Regissören om humor och politik – och att växa upp i den undre överklassen.
1732888,7895564,Denise Rudberg,2021-06-30,2021,Sommar,https://www.sverigesradio.se/avsnitt/1732888,https://static-cdn.sr.se/laddahem/podradio/sommar_i_p1/2021/06/sommar_i_p1_20210630_1300_60dafae6.mp3,3999,64037336,https://static-cdn.sr.se/images/2071/e793dba3-6520-4fef-bc11-ebbc5a57235a.jpg,Mattias Ahlm,Författaren om en verklighet hon ägnat hela sitt liv åt att fly ifrån.
1732970,7897159,Ingrid Carlberg,2021-07-01,2021,Sommar,https://www.sverigesradio.se/avsnitt/1732970,https://static-cdn.sr.se/laddahem/podradio/sommar_i_p1/2021/07/sommar_i_p1_20210701_1300_60dc52bd.mp3,3967,63522822,https://static-cdn.sr.se/images/2071/ba10fedb-788c-4397-8dbf-72ce24f363ca.jpg,Mattias Ahlm,"Författaren om hat, hot och lögner och att överleva mot alla odds."
1732875,7901114,Amie Bramme Sey,2021-07-02,2021,Sommar,https://www.sverigesradio.se/avsnitt/1732875,https://static-cdn.sr.se/laddahem/podradio/sommar_i_p1/2021/07/sommar_i_p1_20210702_1300_60ddd5fc.mp3,3611,57839395,https://static-cdn.sr.se/images/2071/a185202f-db49-444a-8640-f94676932290.jpg,Mattias Ahlm / Sveriges Radio,Journalistens rapport om ett kvinnoliv i Sverige år 2021.
1736281,7901552,Tareq Taylor,2021-07-03,2021,Sommar,https://www.sverigesradio.se/avsnitt/1736281,https://static-cdn.sr.se/laddahem/podradio/sommar_i_p1/2021/07/sommar_i_p1_20210703_1300_60ddff86.mp3,3410,54616080,https://static-cdn.sr.se/images/2071/9ceb3d5c-a6dc-4f48-beb8-1073899a2402.jpg,Lina Arvidsson,Kocken om att möta döden och om sina största rädslor.
1733528,7902145,Mikael Dolsten,2021-07-04,2021,Sommar,https://www.sverigesradio.se/avsnitt/1733528,https://static-cdn.sr.se/laddahem/podradio/sommar_i_p1/2021/07/sommar_i_p1_20210704_1300_60dee621.mp3,3423,54819716,https://static-cdn.sr.se/images/2071/25bb54a4-30fa-40db-b4a5-7966d8110dfa.jpg,Robbie Bailey,Pfizers forskningschef om kampen för att ta fram vaccin mot covid-19 och mötet med Donald Trump.
1740383,7902823,Fredrik Steen,2021-07-05,2021,Sommar,https://www.sverigesradio.se/avsnitt/1740383,https://static-cdn.sr.se/laddahem/podradio/sommar_i_p1/2021/07/sommar_i_p1_20210705_1300_60df3549.mp3,3492,55931863,https://static-cdn.sr.se/images/2071/e958bb67-4a99-441c-b719-2293410b3392.jpg,Mattias Ahlm,Hundcoachen om ungar och hundar och att som vuxen få diagnosen adhd.  
1735064,7903162,Anna Kinberg Batra,2021-07-06,2021,Sommar,https://www.sverigesradio.se/avsnitt/1735064,https://static-cdn.sr.se/laddahem/podradio/sommar_i_p1/2021/07/sommar_i_p1_20210706_1300_60df6934.mp3,3571,57189139,https://static-cdn.sr.se/images/2071/09eaafe3-191f-4bf4-b2fa-181599c3a943.jpg,Mattias Ahlm / Sveriges Radio,Om barndomsdrömmen som gick i kras och livet när allas blickar vänds emot en.
1736271,7905496,Peter Sjölund,2021-07-07,2021,Sommar,https://www.sverigesradio.se/avsnitt/1736271,https://static-cdn.sr.se/laddahem/podradio/sommar_i_p1/2021/07/sommar_i_p1_20210707_1300_60e330bf.mp3,3407,54574825,https://static-cdn.sr.se/images/2071/c7139bbe-d6e8-43da-b430-de57f68b14bc.jpg,Erik Abel,Släktforskaren om hemligheterna som gömmer sig i vårt DNA och den mörkaste dagen i hans liv.
1731527,7902677,Amelia Adamo,2021-07-08,2021,Sommar,https://www.sverigesradio.se/avsnitt/1731527,https://static-cdn.sr.se/laddahem/podradio/sommar_i_p1/2021/07/sommar_i_p1_20210708_1300_60df24fa.mp3,3518,56340179,https://static-cdn.sr.se/images/2071/5c70bb03-8304-445c-a947-2def91d966cc.jpg,Mattias Ahlm,"Om ensamhet, nakenchock och att gå i terapi med sin vuxna son."
1736282,7909438,Tomas J. Philipson,2021-07-09,2021,Sommar,https://www.sverigesradio.se/avsnitt/1736282,https://static-cdn.sr.se/laddahem/podradio/sommar_i_p1/2021/07/sommar_i_p1_20210709_1300_60e6d09f.mp3,3345,53583810,https://static-cdn.sr.se/images/2071/137b47fa-e2af-429a-9d49-44fd51026b61.jpg,Picasa,Ekonomen om de intensiva mötena i Vita huset som Trumps ekonomiska rådgivare.
1740732,7911411,Sven-Göran ”Svennis” Eriksson,2021-07-10,2021,Sommar,https://www.sverigesradio.se/avsnitt/1740732,https://static-cdn.sr.se/laddahem/podradio/sommar_i_p1/2021/07/sommar__vinter_i_p1_svengoran_svennis_eriksson_20240827_1329379898.mp3,3869,61962590,https://static-cdn.sr.se/images/2071/5e42d6cb-ef6d-40cf-a082-4b998cd47b20.jpg,Moa & Kalle,Om att få världens finaste tränaruppdrag och sen bli av med jobbet.
1732938,7906984,Inger Nilsson,2021-07-11,2021,Sommar,https://www.sverigesradio.se/avsnitt/1732938,https://static-cdn.sr.se/laddahem/podradio/sommar_i_p1/2021/07/sommar_i_p1_20210711_1300_60e47e34.mp3,3433,54976850,https://static-cdn.sr.se/images/2071/1e0c9efa-f836-4904-b4db-5e1ca7711d31.jpg,Mattias Ahlm / Sveriges Radio,"Skådespelaren som många känner som Pippi Långstrump om kärleken, livet, film – och porr."
1733935,7910279,Nadim Ghazale,2021-07-12,2021,Sommar,https://www.sverigesradio.se/avsnitt/1733935,https://static-cdn.sr.se/laddahem/podradio/sommar_i_p1/2021/07/sommar_i_p1_20210712_1300_60e733a7.mp3,3303,52909186,https://static-cdn.sr.se/images/2071/2c5fdcc8-925e-4a9a-96f2-0aa0267e0854.jpg,Mattias Ahlm / Sveriges Radio,Polisen om hur han blev slagen av nunnor och rasprofilerad inom polisen. 
1732763,7911440,Agneta Sjödin,2021-07-13,2021,Sommar,https://www.sverigesradio.se/avsnitt/1732763,https://static-cdn.sr.se/laddahem/podradio/sommar_i_p1/2021/07/sommar_i_p1_20210713_1300_60e8594b.mp3,3195,51172570,https://static-cdn.sr.se/images/2071/bf94d4b3-e357-4874-8c01-eacf5095b914.jpg,Mattias Ahlm,"Om kärleken till äventyret, utmaningar i livet och hur hon nästan blev Bondbrud."
1740387,7913542,Mathilda Hofling,2021-07-14,2021,Sommar,https://www.sverigesradio.se/avsnitt/1740387,https://static-cdn.sr.se/laddahem/podradio/sommar_i_p1/2021/07/sommar_i_p1_20210714_1300_60ebfede.mp3,4048,64821861,https://static-cdn.sr.se/images/2071/a6475ea7-e64d-4bb6-ab80-375e6e66b82b.jpg,Mattias Ahlm,"Lyssnarnas Sommarvärd om att bli utsatt för grooming på nätet, och vägen ut."
1733205,7916314,Mats Jonsson,2021-07-15,2021,Sommar,https://www.sverigesradio.se/avsnitt/1733205,https://static-cdn.sr.se/laddahem/podradio/sommar_i_p1/2021/07/sommar_i_p1_20210715_1300_60ee17a5.mp3,3623,58029178,https://static-cdn.sr.se/images/2071/3ae823ef-6668-424a-8b5d-68425ac4970a.jpg,Mattias Ahlm,Om att flytta tillbaka till Kramfors från storstan och att göra sitt liv till en tecknad serie.
1734354,7918608,Nina Burton,2021-07-16,2021,Sommar,https://www.sverigesradio.se/avsnitt/1734354,https://static-cdn.sr.se/laddahem/podradio/sommar_i_p1/2021/07/sommar_i_p1_20210716_1300_60f03067.mp3,3816,61110829,https://static-cdn.sr.se/images/2071/460258aa-19cf-43cb-ad97-483410148ff6.jpg,Mattias Ahlm,Författaren talar om sambandet mellan det stora och det lilla och om sina upptäcktsresor.  
1738119,7917757,Kristina ”Keyyo” Petrushina,2021-07-17,2021,Sommar,https://www.sverigesradio.se/avsnitt/1738119,https://static-cdn.sr.se/laddahem/podradio/sommar_i_p1/2021/07/sommar_i_p1_20210717_1300_60ef5a26.mp3,3364,53883928,https://static-cdn.sr.se/images/2071/8619c51e-2580-45ef-963e-4c48feaf1344.jpg,Mattias Ahlm,"Komikern om Sibirien, relationen till sin mamma och om prestationsångest."
1734358,7919699,Peter Jöback,2021-07-18,2021,Sommar,https://www.sverigesradio.se/avsnitt/1734358,https://static-cdn.sr.se/laddahem/podradio/sommar_i_p1/2021/07/sommar_i_p1_20210718_1300_60f14f27.mp3,3198,51218925,https://static-cdn.sr.se/images/2071/5664c5a5-aa7d-433a-95f3-72c26bb67099.jpg,Mattias Ahlm,Om en ändlös jakt efter lycka som mitt i livet nådde sitt mål.
1732936,7920376,Hanna Wallensteen,2021-07-19,2021,Sommar,https://www.sverigesradio.se/avsnitt/1732936,https://static-cdn.sr.se/laddahem/podradio/sommar_i_p1/2021/07/sommar_i_p1_20210719_1300_60f1a057.mp3,3812,61047684,https://static-cdn.sr.se/images/2071/5a67d9a3-637a-49c3-b477-441e792bd555.jpg,Mattias Ahlm,Psykologen om rasism och minoritetsstress – och uppväxten som adopterad.
1732889,7920810,Henrik Ekman,2021-07-20,2021,Sommar,https://www.sverigesradio.se/avsnitt/1732889,https://static-cdn.sr.se/laddahem/podradio/sommar_i_p1/2021/07/sommar_i_p1_20210720_1300_60f1d202.mp3,3341,53512350,https://static-cdn.sr.se/images/2071/120a5446-cb97-4d09-a3bd-d9c300369941.jpg,Mattias Ahlm / Sveriges Radio,Miljöjournalisten om naturens plats på vår planet när vi människor blir allt fler.
1733009,7919910,Lap-See Lam,2021-07-21,2021,Sommar,https://www.sverigesradio.se/avsnitt/1733009,https://static-cdn.sr.se/laddahem/podradio/sommar_i_p1/2021/07/sommar_i_p1_20210721_1300_60f164c7.mp3,3434,54998165,https://static-cdn.sr.se/images/2071/e099e9af-0927-4e29-ac69-45fe24feac54.jpg,Mattias Ahlm / Sveriges Radio,Konstnären tar oss med på en magisk resa genom kinakrogens historia.
1734371,7925761,Jens Stoltenberg,2021-07-22,2021,Sommar,https://www.sverigesradio.se/avsnitt/1734371,https://static-cdn.sr.se/laddahem/podradio/sommar_i_p1/2021/07/sommar_i_p1_20210722_1300_60f833a4.mp3,4085,65422882,https://static-cdn.sr.se/images/2071/79d7ccee-c7da-425f-9749-ab360bb30e15.jpg,Tom Vantorre,"Nato-chefen om terrordådet på Utöya, arbetet för fred och om krigens spår."
1733202,7926865,Malin Broman,2021-07-23,2021,Sommar,https://www.sverigesradio.se/avsnitt/1733202,https://static-cdn.sr.se/laddahem/podradio/sommar_i_p1/2021/07/sommar_i_p1_20210723_1300_60f9556b.mp3,4204,67322521,https://static-cdn.sr.se/images/2071/358724a5-a93f-4b17-8bca-df01de85b2be.jpg,,Violinisten om symbiosen mellan musiker och publiken och en bortslarvad Stradivarius.
1732990,7927291,Jacob Hård,2021-07-24,2021,Sommar,https://www.sverigesradio.se/avsnitt/1732990,https://static-cdn.sr.se/laddahem/podradio/sommar_i_p1/2021/07/sommar_i_p1_20210724_1300_60f992b4.mp3,3909,62602082,https://static-cdn.sr.se/images/2071/dc45e520-e6a8-4223-b02a-97a02e2d5fa3.jpg,Mattias Ahlm,"Sportjournalisten om dramatik, panik och eufori kring sport i radio och tv.  "
1733008,7928586,Jonas Karlsson,2021-07-25,2021,Sommar,https://www.sverigesradio.se/avsnitt/1733008,https://static-cdn.sr.se/laddahem/podradio/sommar_i_p1/2021/07/sommar_i_p1_20210725_1300_60face6a.mp3,3757,60162438,https://static-cdn.sr.se/images/2071/091417b6-8d50-487b-9edc-b9c2c4dccdc2.jpg,,Skådespelaren om att bli femtio och att veta säkert och ändra sig igen.
1734355,7927373,Olga Persson,2021-07-26,2021,Sommar,https://www.sverigesradio.se/avsnitt/1734355,https://static-cdn.sr.se/laddahem/podradio/sommar_i_p1/2021/07/sommar_i_p1_20210726_1300_60f999aa.mp3,3953,63305151,https://static-cdn.sr.se/images/2071/9b689072-b7a2-4195-b181-3967d3ec1660.jpg,Mats Ahlm / Sveriges Radio,Kvinnorättsaktivisten om den ständigt pågående pandemin – mäns våld mot kvinnor. Och sin inre Bob Dylan.  
1733206,7930846,Merit Hemmingson,2021-07-27,2021,Sommar,https://www.sverigesradio.se/avsnitt/1733206,https://static-cdn.sr.se/laddahem/podradio/sommar_i_p1/2021/07/sommar_i_p1_20210727_1300_60fe886f.mp3,3169,50761662,https://static-cdn.sr.se/images/2071/9a71db51-678c-4f90-8f6f-c57f40f39be1.jpg,Karl Melander,Om musikens kraft som ger oss livslust och energi.
1734370,7934488,Peter Carlsson,2021-07-28,2021,Sommar,https://www.sverigesradio.se/avsnitt/1734370,https://static-cdn.sr.se/laddahem/podradio/sommar_i_p1/2021/07/sommar_i_p1_20210728_1300_6101d4d4.mp3,3471,55593710,https://static-cdn.sr.se/images/2071/13155900-b5ea-4b46-84ae-5a88e7617a25.jpg,Mattias Ahlm,Företagsledaren om att försöka bygga världens grönaste batteri.
1732933,7931280,Goran Kapetanović,2021-07-29,2021,Sommar,https://www.sverigesradio.se/avsnitt/1732933,https://static-cdn.sr.se/laddahem/podradio/sommar_i_p1/2021/07/sommar_i_p1_20210729_1300_60fed049.mp3,3301,52871592,https://static-cdn.sr.se/images/2071/1cd347af-8656-43cd-a9fe-caa006c90b72.jpg,Mattias Ahlm,Regissören om när kriget knackade på ytterdörren och att tvingas fly in i det okända.
1732935,7932649,Gunhild ”Ninis” Rosqvist,2021-07-30,2021,Sommar,https://www.sverigesradio.se/avsnitt/1732935,https://static-cdn.sr.se/laddahem/podradio/sommar_i_p1/2021/07/sommar__vinter_i_p1_gunhild_ninis_rosqvist_20240917_1126169611.mp3,3265,52300274,https://static-cdn.sr.se/images/2071/8838313b-351d-4543-8985-0e7631172574.jpg,Mattias Ahlm,Professorn om hur delar av Arktis kommer att smälta bort om vi inte ändrar vårt sätt att leva.
1734352,7929116,Nils van der Poel,2021-07-31,2021,Sommar,https://www.sverigesradio.se/avsnitt/1734352,https://static-cdn.sr.se/laddahem/podradio/sommar_i_p1/2021/07/sommar_i_p1_20210731_1300_60fb0eef.mp3,3539,56687119,https://static-cdn.sr.se/images/2071/47c08202-9830-4c27-8bcc-bcb7896e5b90.jpg,Henrik Brunnsgård,Skrinnaren om segerns sötma och balansen mellan att vara ödmjuk och kaxig.
1740288,7939185,Parisa Amiri,2021-08-01,2021,Sommar,https://www.sverigesradio.se/avsnitt/1740288,https://static-cdn.sr.se/laddahem/podradio/sommar_i_p1/2021/08/sommar_i_p1_20210801_1300_6104422d.mp3,3058,48981592,https://static-cdn.sr.se/images/2071/a8a522dd-d232-4d5c-a9a8-86af4f45d9fc.jpg,Mattias Ahlm,Frilansjournalisten om husgudar och hjärtefrågor och om att söka sin plats på jorden.  
1740723,7935237,Ingmar Skoog,2021-08-02,2021,Sommar,https://www.sverigesradio.se/avsnitt/1740723,https://static-cdn.sr.se/laddahem/podradio/sommar_i_p1/2021/08/sommar_i_p1_20210802_1300_6102a9d4.mp3,3419,54756984,https://static-cdn.sr.se/images/2071/faa65df3-803e-420b-bb01-a6762812c49c.jpg,Henrik Brunnsgård,Äldreforskaren om varför han anser att ålderismen hindrade pandemibekämpningen.
1732905,7932334,Elin Anna Labba,2021-08-03,2021,Sommar,https://www.sverigesradio.se/avsnitt/1732905,https://static-cdn.sr.se/laddahem/podradio/sommar_i_p1/2021/08/sommar_i_p1_20210803_1300_60ffee85.mp3,3041,48713738,https://static-cdn.sr.se/images/2071/97752a2a-f040-4f52-a339-501b3f1406b9.jpg,Carl-Johan Utsi,Författaren om samernas historia och att växa upp under midnattssolen utan språk.  
1733198,7940951,Lisen Bratt Fredricson,2021-08-04,2021,Sommar,https://www.sverigesradio.se/avsnitt/1733198,https://static-cdn.sr.se/laddahem/podradio/sommar_i_p1/2021/08/sommar_i_p1_20210804_1300_6107cde6.mp3,3648,58426654,https://static-cdn.sr.se/images/2071/4f63c4f2-9d39-4efd-852e-c23d8e2770e3.jpg,Mattias Ahlm / Sveriges Radio,Ryttaren om ett liv med hästar och att kallas överklass-hippie.
1736280,7927381,Sara Bruun,2021-08-05,2021,Sommar,https://www.sverigesradio.se/avsnitt/1736280,https://static-cdn.sr.se/laddahem/podradio/sommar_i_p1/2021/08/sommar_i_p1_20210805_1300_60f99aa7.mp3,3276,52474943,https://static-cdn.sr.se/images/2071/9805c064-d601-465e-8d56-bc3952e22ca7.jpeg,Lina Arvidsson,Läraren om att motivera elever som har gett upp – i en skola som inte alltid är för alla.
1733200,7945675,Sten Ljunggren,2021-08-06,2021,Sommar,https://www.sverigesradio.se/avsnitt/1733200,https://static-cdn.sr.se/laddahem/podradio/sommar_i_p1/2021/08/sommar_i_p1_20210806_1300_610c1b9e.mp3,3607,57774717,https://static-cdn.sr.se/images/2071/f599d7a6-8d96-4bef-b5b2-18f076dcbae8.jpg,Mattias Ahlm,"Skådespelaren om en roadtrip till Mallorca 1982, dit han åkte med sina tre barn i en gammal lånad Saab.  "
1736877,7946369,Tousin ”Tusse” Chiza,2021-08-07,2021,Sommar,https://www.sverigesradio.se/avsnitt/1736877,https://static-cdn.sr.se/laddahem/podradio/sommar_i_p1/2021/08/sommar_i_p1_20210807_1300_610d1097.mp3,4103,65710000,https://static-cdn.sr.se/images/2071/5154a52f-dcf8-467b-8570-d144dffb2011.jpg,Mattias Ahlm,Om älskade släktingar som gav trygghet under tiden på flykt.
1740725,7947607,Jessica Meir,2021-08-08,2021,Sommar,https://www.sverigesradio.se/avsnitt/1740725,https://static-cdn.sr.se/laddahem/podradio/sommar_i_p1/2021/08/sommar_i_p1_20210808_1300_610eb14a.mp3,4173,66817588,https://static-cdn.sr.se/images/2071/f7f7dfa5-31de-4ef5-a5a5-7efe8c096399.jpg,Duke Brady,Astronauten om att lära känna sig själv bland stjärnorna i rymden.
1735062,7946913,Claudia Olsson,2021-08-09,2021,Sommar,https://www.sverigesradio.se/avsnitt/1735062,https://static-cdn.sr.se/laddahem/podradio/sommar_i_p1/2021/08/sommar_i_p1_20210809_1300_610d633e.mp3,3766,60311647,https://static-cdn.sr.se/images/2071/f4615eb3-23ab-4ba7-88c2-f7d29909a7b3.jpg,Mattias Ahlm,Prisbelönta entreprenören om en digital framtid med människan i fokus.
1733017,7945021,Lina Watz,2021-08-10,2021,Sommar,https://www.sverigesradio.se/avsnitt/1733017,https://static-cdn.sr.se/laddahem/podradio/sommar_i_p1/2021/08/sommar_i_p1_20210810_1300_610bc197.mp3,3216,51504807,https://static-cdn.sr.se/images/2071/cce7fd54-eba0-4c26-8d36-72f5e347f7d3.jpg,Mikael Grönberg,Simmaren om ärren som format henne till den person hon är i dag.
1732835,7950846,Alexandre Antonelli,2021-08-11,2021,Sommar,https://www.sverigesradio.se/avsnitt/1732835,https://static-cdn.sr.se/laddahem/podradio/sommar_i_p1/2021/08/sommar_i_p1_20210811_1300_6112a735.mp3,3403,54493436,https://static-cdn.sr.se/images/2071/8a936a8b-ead7-4395-a9fa-aaf96c011a32.jpg,Henrik Brunnsgård,Professorn om den stora tysta artdöden – och att det faktiskt finns hopp.
1732861,7938808,Anna-Lena Laurén,2021-08-12,2021,Sommar,https://www.sverigesradio.se/avsnitt/1732861,https://static-cdn.sr.se/laddahem/podradio/sommar_i_p1/2021/08/sommar_i_p1_20210812_1300_6104138b.mp3,3254,52127215,https://static-cdn.sr.se/images/2071/5a303f95-ede8-44b6-824f-c16234c503cc.jpg,Oksana Yushko,"Rysslandskorrespondenten om sisu, nåden och sitt slitiga förhållande till Gud. "
1736279,7948929,Rahel Belatchew,2021-08-13,2021,Sommar,https://www.sverigesradio.se/avsnitt/1736279,https://static-cdn.sr.se/laddahem/podradio/sommar_i_p1/2021/08/sommar_i_p1_20210813_1300_611118ef.mp3,3556,56959199,https://static-cdn.sr.se/images/2071/08275d12-3571-4b86-98b7-b79a857d3976.jpg,Mattias Ahlm,"Arkitekten om språk, minnen och varför arkitektur är viktigt för alla."
1732837,7953481,Anders ”Ankan” Johansson,2021-08-14,2021,Sommar,https://www.sverigesradio.se/avsnitt/1732837,https://static-cdn.sr.se/laddahem/podradio/sommar_i_p1/2021/08/sommar_i_p1_20210814_1300_61140a97.mp3,3772,60412010,https://static-cdn.sr.se/images/2071/290a2a70-6478-4057-b0c0-88cc0842724c.jpg,Lina Arvidsson,Komikern om att humor inte tar bort nåt fult eller sorgligt – men ger det lite mening.
1740721,7954173,Gizem Kling Erdogan,2021-08-15,2021,Sommar,https://www.sverigesradio.se/avsnitt/1740721,https://static-cdn.sr.se/laddahem/podradio/sommar_i_p1/2021/08/sommar_i_p1_20210815_1300_61150062.mp3,3516,56313872,https://static-cdn.sr.se/images/2071/e5e33bb9-10fc-48c6-ae63-580a7d7182e9.jpg,Privat,Skådespelaren om melankolin och om sommarloven hos mormor i Turkiet.  
1733006,7935158,Janne Schaffer,2021-08-16,2021,Sommar,https://www.sverigesradio.se/avsnitt/1733006,https://static-cdn.sr.se/laddahem/podradio/sommar_i_p1/2021/08/sommar_i_p1_20210816_1300_61029af3.mp3,3699,59244160,https://static-cdn.sr.se/images/2071/3ed6ed82-9580-4884-9488-15b3f71e25b6.jpg,Mattias Ahlm / Sveriges Radio,"Om Abba, Bob Marley och en del tunga saker som hänt i livet."
1736283,7951824,Ullakarin Nyberg,2021-08-17,2021,Sommar,https://www.sverigesradio.se/avsnitt/1736283,https://static-cdn.sr.se/laddahem/podradio/sommar_i_p1/2021/08/sommar_i_p1_20210817_1300_6113b9cd.mp3,3549,56835477,https://static-cdn.sr.se/images/2071/3aff2f4f-364e-4d1a-8b74-9ffc1ed16b61.jpg,Mattias Ahlm,Självmordsforskaren om hur vi kan rädda liv bara genom att lyssna.
1734360,7954825,Pia Cramling,2021-08-18,2021,Sommar,https://www.sverigesradio.se/avsnitt/1734360,https://static-cdn.sr.se/laddahem/podradio/sommar_i_p1/2021/08/sommar_i_p1_20210818_1300_611550ba.mp3,3445,55179079,https://static-cdn.sr.se/images/2071/431b4c03-7273-49df-8949-da50275b9d59.jpg,,Schackdrottningen om att ha schack som sin passion. 
1733201,7962283,Nicolas Lunabba,2021-08-19,2021,Sommar,https://www.sverigesradio.se/avsnitt/1733201,https://static-cdn.sr.se/laddahem/podradio/sommar_i_p1/2021/08/sommar_i_p1_20210819_1300_611ce4f0.mp3,3144,50365125,https://static-cdn.sr.se/images/2071/f0fa1832-0766-4061-aa39-a0a71949185c.jpg,Lina Arvidsson,Föreningen Helamalmös grundare om hur morden på unga är konsekvensen av det samhälle vi har skapat.
1736287,7963776,Selam Fessahaye,2021-08-20,2021,Sommar,https://www.sverigesradio.se/avsnitt/1736287,https://static-cdn.sr.se/laddahem/podradio/sommar_i_p1/2021/08/sommar_i_p1_20210820_1300_611e2f88.mp3,3424,54834256,https://static-cdn.sr.se/images/2071/72764c3d-40f9-47f0-82fe-afd0784727f1.jpg,Annika Berglund,Designern om ett driv som är större än henne själv.
1740728,7966812,Hans Rosenfeldt,2021-08-21,2021,Sommar,https://www.sverigesradio.se/avsnitt/1740728,https://static-cdn.sr.se/laddahem/podradio/sommar_i_p1/2021/08/sommar_i_p1_20210821_1300_61211ab2.mp3,3226,51674497,https://static-cdn.sr.se/images/2071/7b6bfb86-757c-4d22-9258-2bfff9de718c.jpg,Mattias Ahlm,Författaren om sitt skrivande och den kreativa processen.
1740734,7966808,Zara Larsson,2021-08-22,2021,Sommar,https://www.sverigesradio.se/avsnitt/1740734,https://static-cdn.sr.se/laddahem/podradio/sommar_i_p1/2021/08/sommar_i_p1_20210822_1300_61211779.mp3,3355,53736306,https://static-cdn.sr.se/images/2071/bf96888a-c000-465a-8d5d-f74bbd91fc30.jpg,Mark Earthy,"Om fem vansinniga år och vad hon tycker, tänker och känner exakt nu."
1846877,8143256,Åsa Larsson,2021-12-25,2021,Vinter,https://www.sverigesradio.se/avsnitt/1846877,https://static-cdn.sr.se/laddahem/podradio/2021/12/sommar__vinter_i_p1_sa_larsson_20211223_1320439289.mp3,3159,50570927,https://static-cdn.sr.se/images/2071/3085b372-197b-4999-9062-06752801bd21.jpg,Mattias Ahlm / Sveriges Radio,Författaren söker svar om sin farmors mor och ett oväntat upprop.
1846888,8143347,Antje Jackelén,2021-12-26,2021,Vinter,https://www.sverigesradio.se/avsnitt/1846888,https://static-cdn.sr.se/laddahem/podradio/2021/12/sommar__vinter_i_p1_antje_jackeln_20211223_1414125274.mp3,3802,60856012,https://static-cdn.sr.se/images/2071/e88dd0ee-3808-4a32-a9dd-44d083a238b9.jpg,Mattias Ahlm / Sveriges Radio,Ärkebiskopen om vad som krävs för att förlåta och om korset som både glimmar och sticks.
1847101,8143348,Olof Wretling - Håret - Vinterprat 2021,2021-12-27,2021,Vinter,https://www.sverigesradio.se/avsnitt/1847101,https://static-cdn.sr.se/laddahem/podradio/2021/12/sommar__vinter_i_p1_olof_wretling_20211223_1414279202.mp3,3494,55920429,https://static-cdn.sr.se/images/2071/f4ad11c1-b2ff-4273-95b0-f790eac0ae65.jpg,Mattias Ahlm  / Sveriges Radio,Skådespelaren om en förbjuden tanke och om att maxa sin ålder.
1847126,8143352,Bianca Kronlöf,2021-12-28,2021,Vinter,https://www.sverigesradio.se/avsnitt/1847126,https://static-cdn.sr.se/laddahem/podradio/2021/12/sommar__vinter_i_p1_bianca_kronlof_20211223_1417494388.mp3,3509,56166202,https://static-cdn.sr.se/images/2071/01050f6c-e2b1-49d8-b102-d561901d1f70.jpg,,Skådespelaren som i ett år bara tänkt på män. Nu vill hon prata om det.
1847155,8150786,Mikael Niemi,2021-12-29,2021,Vinter,https://www.sverigesradio.se/avsnitt/1847155,https://static-cdn.sr.se/laddahem/podradio/2021/12/sommar__vinter_i_p1_mikael_niemi_20211230_1513568391.mp3,3525,56428497,https://static-cdn.sr.se/images/2071/45c671e8-089d-4f65-9679-601f7ce0cb44.jpg,Kjell Kangas,"Författaren om att slåss mot döden, Vasaloppsknep och varför George Harrison står staty i Pajala."
1847181,8143359,Bi Puranen,2021-12-30,2021,Vinter,https://www.sverigesradio.se/avsnitt/1847181,https://static-cdn.sr.se/laddahem/podradio/2021/12/sommar__vinter_i_p1_bi_puranen_20211223_1421049738.mp3,4218,67514540,https://static-cdn.sr.se/images/2071/4d72cdb7-8cd1-45c4-942d-bb8156018d2f.jpg,Mattias Ahlm / Sveriges Radio,Forskaren om värderingar och olika kulturers perspektiv på livet.
1846268,8143361,Rickard Söderberg,2021-12-31,2021,Vinter,https://www.sverigesradio.se/avsnitt/1846268,https://static-cdn.sr.se/laddahem/podradio/2021/12/sommar__vinter_i_p1_rickard_soderberg_20211223_1425052740.mp3,4746,75963711,https://static-cdn.sr.se/images/2071/4a15c6fa-c362-47ed-80c0-dca3868037d0.jpg,,Operasångaren om balans i livet och musiken som mänsklighetens sista utpost.
1855723,8143455,Mustafa Can,2022-01-01,2022,Vinter,https://www.sverigesradio.se/avsnitt/1855723,https://static-cdn.sr.se/laddahem/podradio/2021/12/sommar__vinter_i_p1_mustafa_can_20211223_1512534597.mp3,3700,59221700,https://static-cdn.sr.se/images/2071/e659dd83-281c-4f0b-b76a-6f22a392dbde.jpg,Mustafa Can är tillbaka som vintervärd.,Skribenten om hur ett fotografi och dödshot reser tankar om vår tids brännande frågor.
1952947,8381882,Pär Lernström,2022-06-25,2022,Sommar,https://www.sverigesradio.se/avsnitt/1952947,https://static-cdn.sr.se/laddahem/podradio/2022/06/sommar__vinter_i_p1_par_lernstrom_20220623_1635421361.mp3,3144,50322538,https://static-cdn.sr.se/images/2071/140a6723-275c-4e99-b1a1-c65817a15093.jpg,Mattias Ahlm,Programledaren om relationen till sin pappa.
1944991,8378673,Lena Philipsson,2022-06-26,2022,Sommar,https://www.sverigesradio.se/avsnitt/1944991,https://static-cdn.sr.se/laddahem/podradio/2022/06/sommar__vinter_i_p1_lena_philipsson_20220621_1656420794.mp3,4134,66162199,https://static-cdn.sr.se/images/2071/1235be11-f835-4b61-9486-3e0e279a0762.jpg,Mattias Ahlm,Artisten med lågmälda betraktelser och storslagna tankar om att hitta sin plats i tillvaron.
1952949,8381777,Diamant Salihu,2022-06-27,2022,Sommar,https://www.sverigesradio.se/avsnitt/1952949,https://static-cdn.sr.se/laddahem/podradio/2022/06/sommar__vinter_i_p1_diamant_salihu_20220623_1543377027.mp3,3415,54660226,https://static-cdn.sr.se/images/2071/8a576dc7-cac9-45d8-a3d4-aa98580d93f5.jpg,Mattias Ahlm,"Journalisten om krig i olika former, förlust och livets största glädje."
1952951,8379841,Emma Hamberg,2022-06-28,2022,Sommar,https://www.sverigesradio.se/avsnitt/1952951,https://static-cdn.sr.se/laddahem/podradio/2022/06/sommar__vinter_i_p1_emma_hamberg_20220622_1412026894.mp3,3768,60309659,https://static-cdn.sr.se/images/2071/c13dfb2b-edce-4dbb-96ca-398d49b0a227.jpg,Mattias Ahlm,Författaren som håller döden hårt i ena handen för då känner hon livet så starkt i den andra.
1952950,8385476,Gudrun Persson,2022-06-29,2022,Sommar,https://www.sverigesradio.se/avsnitt/1952950,https://static-cdn.sr.se/laddahem/podradio/2022/06/sommar__vinter_i_p1_gudrun_persson_20220627_2126466910.mp3,3788,60623001,https://static-cdn.sr.se/images/2071/f1dc925c-8562-49cf-8d5a-33cd7cd3be01.jpg,Mattias Ahlm,Rysslandsexperten om vad man kan lära sig av historien genom att vara nyfiken och ifrågasätta.
1952953,8384837,Camilla Hamid,2022-06-30,2022,Sommar,https://www.sverigesradio.se/avsnitt/1952953,https://static-cdn.sr.se/laddahem/podradio/2022/06/sommar__vinter_i_p1_camilla_hamid_20220627_1313251967.mp3,3474,55600641,https://static-cdn.sr.se/images/2071/ed64a0a7-105d-411a-898d-39a889efa4c7.jpg,Mattias Ahlm,Bakbloggaren om hur det var att lida av ätstörningar och älska bakning.
1952952,8388127,Edvin Ryding,2022-07-01,2022,Sommar,https://www.sverigesradio.se/avsnitt/1952952,https://static-cdn.sr.se/laddahem/podradio/2022/06/sommar__vinter_i_p1_edvin_ryding_20220629_1511557781.mp3,3718,59512439,https://static-cdn.sr.se/images/2071/5ec4e124-3586-4fcb-ab75-23365cb15e1a.jpg,Mattias Ahlm,Skådespelaren om månaderna då livet förändrades för alltid.
1952954,8391867,Christian von Koenigsegg,2022-07-02,2022,Sommar,https://www.sverigesradio.se/avsnitt/1952954,https://static-cdn.sr.se/laddahem/podradio/2022/06/sommar__vinter_i_p1_christian_von_koenigsegg_20220630_1646337452.mp3,3458,55349134,https://static-cdn.sr.se/images/2071/4c5556b5-b178-4214-948d-af0fc420e4ff.jpg,Anders Sällström,Grundaren av sportbilsmärket Koenigsegg om hur det omöjliga blev möjligt.
1952955,8389237,Charlotte Kalla,2022-07-03,2022,Sommar,https://www.sverigesradio.se/avsnitt/1952955,https://static-cdn.sr.se/laddahem/podradio/2022/06/sommar__vinter_i_p1_charlotte_kalla_20220630_1121056077.mp3,3027,48449029,https://static-cdn.sr.se/images/2071/441e8cb3-b7f5-4d2c-96fe-573a60a4317b.jpg,Mattias Ahlm,Skidikonen om sina rädslor och om hur hon jublat över bakslag och smärta.
1952956,8391775,Felicia Nestler,2022-07-04,2022,Sommar,https://www.sverigesradio.se/avsnitt/1952956,https://static-cdn.sr.se/laddahem/podradio/2022/06/sommar__vinter_i_p1_felicia_nestler_20220630_1627135950.mp3,3925,62824427,https://static-cdn.sr.se/images/2071/edc6fe26-9b24-4e05-9640-f54ffd0d3faa.jpg,Mattias Ahlm,Dottern om rätten att få sörja sin pappa ifred.
1952957,8396332,Amat Levin,2022-07-05,2022,Sommar,https://www.sverigesradio.se/avsnitt/1952957,https://static-cdn.sr.se/laddahem/podradio/2022/07/sommar__vinter_i_p1_amat_levin_20220704_2131522024.mp3,4017,64299796,https://static-cdn.sr.se/images/2071/689b6436-b685-47f5-b01d-6495242ad624.jpg,Mattias Ahlm,"Författaren om svart historia, varför den varit undertryckt och vad den kan lära oss om idag."
1952958,8395994,Mischa Billing,2022-07-06,2022,Sommar,https://www.sverigesradio.se/avsnitt/1952958,https://static-cdn.sr.se/laddahem/podradio/2022/07/sommar__vinter_i_p1_mischa_billing_20220704_1630517191.mp3,3483,55752299,https://static-cdn.sr.se/images/2071/70f652e5-e869-46be-a097-c0fbd884bb9a.jpg,Mattias Ahlm,"Smakexperten om saliv, vin och danska mc-gangsters."
1952959,8396098,Sverker Sörlin,2022-07-07,2022,Sommar,https://www.sverigesradio.se/avsnitt/1952959,https://static-cdn.sr.se/laddahem/podradio/2022/07/sommar__vinter_i_p1_sverker_sorlin_20220704_1700564153.mp3,3697,59171835,https://static-cdn.sr.se/images/2071/8c26cb88-5cae-40e8-88f3-dd6453cc1c06.jpg,Mattias Ahlm,Professorn om visionen av det fossilfria välfärdslandet Sverige.
1952961,8399676,Martin ”E-type” Erikson,2022-07-08,2022,Sommar,https://www.sverigesradio.se/avsnitt/1952961,https://static-cdn.sr.se/laddahem/podradio/2022/07/sommar__vinter_i_p1_martin_etype_erikson_20240917_1255494923.mp3,4036,64594657,https://static-cdn.sr.se/images/2071/d8cebc4a-44f8-487d-b39f-af6ddbfbc46c.jpg,Mattias Ahlm,Artisten om en kille som heter Martin.
1952962,8397678,Hedvig Lindahl,2022-07-09,2022,Sommar,https://www.sverigesradio.se/avsnitt/1952962,https://static-cdn.sr.se/laddahem/podradio/2022/07/sommar__vinter_i_p1_hedvig_lindahl_20220705_1729031851.mp3,3701,59232154,https://static-cdn.sr.se/images/2071/4fe35524-bfdd-4217-a170-b51bbfd4b189.jpg,Pablo Blázquez,Målvakten om hur fotbollen är ett jobb med en deadline och vad som händer när den närmar sig.
1952963,8400640,Farah Abadi,2022-07-10,2022,Sommar,https://www.sverigesradio.se/avsnitt/1952963,https://static-cdn.sr.se/laddahem/podradio/2022/07/sommar__vinter_i_p1_farah_abadi_20220707_1628238336.mp3,3176,50843710,https://static-cdn.sr.se/images/2071/5406015d-000f-491b-8ba3-8477ab1a09b1.jpg,Lina Arvidsson,Programledaren om mormor och mamma som varit flyktingar – och om dottern som hon hoppas aldrig behöva veta vad det innebär.
1952964,8398568,Josef Fares,2022-07-11,2022,Sommar,https://www.sverigesradio.se/avsnitt/1952964,https://static-cdn.sr.se/laddahem/podradio/2022/07/sommar__vinter_i_p1_josef_fares_20220706_1156541374.mp3,2994,47917565,https://static-cdn.sr.se/images/2071/f0f878d6-afb5-46e7-a6ff-26357f821dfa.jpg,Mattias Ahlm,Spelutvecklaren om varför han lämnade filmvärlden för spelbranschen.
1952965,8400505,Kateryna Martyniuk,2022-07-12,2022,Sommar,https://www.sverigesradio.se/avsnitt/1952965,https://static-cdn.sr.se/laddahem/podradio/2022/07/sommar__vinter_i_p1_kateryna_martyniuk_20220707_1534298947.mp3,3654,58486405,https://static-cdn.sr.se/images/2071/fdf6fbdf-60e9-40ee-bd5a-5b4a380dc3b0.jpeg,Privat bild,Om varför hon valt att stanna kvar i hemlandet Ukraina efter invasionen.
1952966,8408521,Bengt Einar ”Sotarn” Johansson,2022-07-13,2022,Sommar,https://www.sverigesradio.se/avsnitt/1952966,https://static-cdn.sr.se/laddahem/podradio/2022/07/sommar__vinter_i_p1_bengt_einar_sotarn_johansson_20231107_1257562824.mp3,3959,63365234,https://static-cdn.sr.se/images/2071/89c8c82c-bac6-4618-a582-3eced1239245.jpg,Henrik Brunnsgård,Bengt Einar ”Sotarn” Johansson är Lyssnarnas Sommarvärd 2022
1952967,8405434,Sara Hector,2022-07-14,2022,Sommar,https://www.sverigesradio.se/avsnitt/1952967,https://static-cdn.sr.se/laddahem/podradio/2022/07/sommar__vinter_i_p1_sara_hector_20220712_0927000919.mp3,3867,61894035,https://static-cdn.sr.se/images/2071/c0f3071c-c5b9-4ba9-a7ae-d0fd977843e6.jpg,Mattias Ahlm,Alpinstjärnan om hur tävlingsdjävulen både skapat en brinnande drivkraft och satt krokben.
1952969,8400503,Jacob de Geer,2022-07-15,2022,Sommar,https://www.sverigesradio.se/avsnitt/1952969,https://static-cdn.sr.se/laddahem/podradio/2022/07/sommar__vinter_i_p1_jacob_de_geer_20220715_1023218714.mp3,3566,57079802,https://static-cdn.sr.se/images/2071/9c6b821f-6b23-4ee5-9450-d25d775f4585.jpg,Mattias Ahlm,iZettles grundare om misstagen han gjort på vägen till framgång.
1952970,8400552,Mia Parnevik,2022-07-16,2022,Sommar,https://www.sverigesradio.se/avsnitt/1952970,https://static-cdn.sr.se/laddahem/podradio/2022/07/sommar__vinter_i_p1_mia_parnevik_20220707_1546361967.mp3,3971,63552899,https://static-cdn.sr.se/images/2071/901e84ff-1f5e-4d37-b0b3-73a9fd6c3b05.jpg,Mattias Ahlm,Tv-profilen om rädslor och vad som egentligen är värt att vara rädd för.
1952971,8406949,Oscar Magnusson,2022-07-17,2022,Sommar,https://www.sverigesradio.se/avsnitt/1952971,https://static-cdn.sr.se/laddahem/podradio/2022/07/sommar__vinter_i_p1_oscar_magnusson_20220713_0945362215.mp3,3510,56177805,https://static-cdn.sr.se/images/2071/eed249a7-93f0-4de8-81f2-88ee180d5f8b.jpg,Anja L Feldt,"Artisten om hur hans förebilder leder honom rätt, trots att de inte längre lever."
1952972,8409161,Emanuel Karlsten,2022-07-18,2022,Sommar,https://www.sverigesradio.se/avsnitt/1952972,https://static-cdn.sr.se/laddahem/podradio/2022/07/sommar__vinter_i_p1_emanuel_karlsten_20220714_1644309432.mp3,3870,61941246,https://static-cdn.sr.se/images/2071/91210b32-8579-4084-b089-06e34e175dc5.jpg,Mattias Ahlm,Journalisten om frustration och likheterna mellan kyrkan och medier.
1952973,8409911,Vigdis Hjorth,2022-07-19,2022,Sommar,https://www.sverigesradio.se/avsnitt/1952973,https://static-cdn.sr.se/laddahem/podradio/2022/07/sommar__vinter_i_p1_vigdis_hjorth_20220715_1017334652.mp3,3600,57616624,https://static-cdn.sr.se/images/2071/6597223b-2ca2-4284-8d00-b1c0c7f55860.jpg,Thomas Brun,Författaren om sina trettio dagar i ett kvinnofängelse.
1952974,8412749,Stefan Krakowski,2022-07-20,2022,Sommar,https://www.sverigesradio.se/avsnitt/1952974,https://static-cdn.sr.se/laddahem/podradio/2022/07/sommar__vinter_i_p1_stefan_krakowski_20220718_1247226465.mp3,3830,61306515,https://static-cdn.sr.se/images/2071/f926d18f-1e1a-45cb-8bc9-ab3c87225dda.jpg,Mattias Ahlm,Överläkaren i psykiatri om incelmännens värld och sina egna yrkesmässiga irrfärder.
1952975,8414810,Cedwin Sandanam,2022-07-21,2022,Sommar,https://www.sverigesradio.se/avsnitt/1952975,https://static-cdn.sr.se/laddahem/podradio/2022/07/sommar__vinter_i_p1_cedwin_sandanam_20220719_1925121798.mp3,2784,44569850,https://static-cdn.sr.se/images/2071/67c2e4d8-5956-4390-bf9a-be3962e2d569.jpg,Mattias Ahlm,"Körledaren om tro, tvivel och att egentligen inte veta ett skit."
1952976,8416894,Aliette Opheim,2022-07-22,2022,Sommar,https://www.sverigesradio.se/avsnitt/1952976,https://static-cdn.sr.se/laddahem/podradio/2022/07/sommar__vinter_i_p1_aliette_opheim_20220721_1126168695.mp3,3522,56376314,https://static-cdn.sr.se/images/2071/54a72de8-c669-42f1-9738-f9e6f4f7c533.jpg,Mattias Ahlm,"Skådespelaren om åren före scenskolan - om striptease, plexiklackar och dubbla trosor. Och om att transformeras och byta form."
1952977,8418829,Marie Agerhäll,2022-07-23,2022,Sommar,https://www.sverigesradio.se/avsnitt/1952977,https://static-cdn.sr.se/laddahem/podradio/2022/07/sommar__vinter_i_p1_marie_agerhall_20220722_1555550205.mp3,3463,55433998,https://static-cdn.sr.se/images/2071/eb9ef883-afb0-4a4d-befb-d8d1bde42095.jpg,Mattias Ahlm,Komikern om att blunda och springa i alla riktningar och ändå komma fram till slut.
1952978,8417197,Stefan Ingves,2022-07-24,2022,Sommar,https://www.sverigesradio.se/avsnitt/1952978,https://static-cdn.sr.se/laddahem/podradio/2022/07/sommar__vinter_i_p1_stefan_ingves_20220721_1434582549.mp3,4302,68860937,https://static-cdn.sr.se/images/2071/9c8d3ef4-99f2-411a-bd52-a48a6cc54145.jpg,Mattias Ahlm.,Riksbankschefen om att arbeta med pengar när allt håller på att gå över styr.
1952979,8412750,Mian Lodalen,2022-07-25,2022,Sommar,https://www.sverigesradio.se/avsnitt/1952979,https://static-cdn.sr.se/laddahem/podradio/2022/07/sommar__vinter_i_p1_mian_lodalen_20220718_1248560942.mp3,4103,65668381,https://static-cdn.sr.se/images/2071/5641efe1-5ae9-419a-b815-1522456f1746.jpg,Mattias Ahlm.,Författaren om bottenbetygen i svenska och att inte kunna läsa – men skriva – en tidningsartikel.
1952980,8414811,Anis Don Demina,2022-07-26,2022,Sommar,https://www.sverigesradio.se/avsnitt/1952980,https://static-cdn.sr.se/laddahem/podradio/2022/07/sommar__vinter_i_p1_anis_don_demina_20220719_1926543070.mp3,3113,49831435,https://static-cdn.sr.se/images/2071/c76bb956-afb3-4691-ab98-dd0a0505ebb3.jpg,Mattias Ahlm,"Artisten om sin uppväxt, att älska att jobba och att ha jävligt kul på vägen."
1952981,8418757,Anne-Marie Eklund Löwinder,2022-07-27,2022,Sommar,https://www.sverigesradio.se/avsnitt/1952981,https://static-cdn.sr.se/laddahem/podradio/2022/07/sommar__vinter_i_p1_annemarie_eklund_lowinder_20220722_1528035080.mp3,3710,59375382,https://static-cdn.sr.se/images/2071/81cfa85e-b730-4a1a-9849-53ac63105713.jpg,Mattias Ahlm,It-säkerhetsexperten om att ha tillgång till internets mest bevakade hemlighet.
1952982,8422835,Lydia Sandgren,2022-07-28,2022,Sommar,https://www.sverigesradio.se/avsnitt/1952982,https://static-cdn.sr.se/laddahem/podradio/2022/07/sommar__vinter_i_p1_lydia_sandgren_20220726_1729417754.mp3,3411,54596880,https://static-cdn.sr.se/images/2071/cd936d28-e50b-47ad-a4b1-4fdcbe03e8e6.jpg,Henrik Brunnsgård,Författaren om sin ständigt pågående bildningsresa och hungern efter att få skriva.
1952984,8422107,Emma Schols,2022-07-29,2022,Sommar,https://www.sverigesradio.se/avsnitt/1952984,https://static-cdn.sr.se/laddahem/podradio/2022/07/sommar__vinter_i_p1_emma_schols_20220726_1021420443.mp3,3286,52593557,https://static-cdn.sr.se/images/2071/3ca415e8-dc39-4596-a9ec-81c413079ad3.jpg,Maria G Nilsson,Mamman som räddade sina sex barn från elden om att överleva och klara av att fortsätta leva.
1952985,8423441,Alexander Abdallah,2022-07-30,2022,Sommar,https://www.sverigesradio.se/avsnitt/1952985,https://static-cdn.sr.se/laddahem/podradio/2022/07/sommar__vinter_i_p1_alexander_abdallah_20220727_1015435481.mp3,3055,48899832,https://static-cdn.sr.se/images/2071/1cb70966-6e63-419c-b191-d4a73e0861eb.jpg,Mattias Ahlm,"Skådespelaren gör en resa genom dåtid, nutid och framtid."
1952986,8423442,Susanne Dahl,2022-07-31,2022,Sommar,https://www.sverigesradio.se/avsnitt/1952986,https://static-cdn.sr.se/laddahem/podradio/2022/07/sommar__vinter_i_p1_susanne_dahl_20220727_1018144188.mp3,3811,61001220,https://static-cdn.sr.se/images/2071/24bb2a69-154e-449d-8d91-18a9963b2071.jpg,Malin Grönborg.,"Prästen om hur vi försöker fylla tiden med mer, fast det gör livet mindre."
1952987,8426948,Carl Hedin,2022-08-01,2022,Sommar,https://www.sverigesradio.se/avsnitt/1952987,https://static-cdn.sr.se/laddahem/podradio/2022/07/sommar__vinter_i_p1_carl_hedin_20220729_1647463545.mp3,3069,49123294,https://static-cdn.sr.se/images/2071/2048df57-1687-4d96-8574-e608527d6968.jpg,Henrik Brunnsgård,Ryttaren om att dölja sitt hästintresse.
1952988,8428811,Katrine Marçal,2022-08-02,2022,Sommar,https://www.sverigesradio.se/avsnitt/1952988,https://static-cdn.sr.se/laddahem/podradio/2022/08/sommar__vinter_i_p1_katrine_maral_20220801_1012504948.mp3,3198,51186939,https://static-cdn.sr.se/images/2071/11aa3435-ee97-4fab-8c85-c026f8cb6a62.jpg,Mattias Ahlm,"Journalisten om män, manlighet och vikten av att hålla i hatten."
1952989,8429914,Siw Malmkvist,2022-08-03,2022,Sommar,https://www.sverigesradio.se/avsnitt/1952989,https://static-cdn.sr.se/laddahem/podradio/2022/08/sommar__vinter_i_p1_siw_malmkvist_20220802_0805518917.mp3,3641,58271365,https://static-cdn.sr.se/images/2071/8a4d5a79-2f47-4e5b-ba6f-32c968bf336a.jpg,Mattias Ahlm,Artisten om resan från arbetarfamilj till att bli Sveriges schlagerdrottning.
1952990,8428812,Sebastian Stakset,2022-08-04,2022,Sommar,https://www.sverigesradio.se/avsnitt/1952990,https://static-cdn.sr.se/laddahem/podradio/2022/08/sommar__vinter_i_p1_sebastian_stakset_20220801_1018315559.mp3,4491,71869937,https://static-cdn.sr.se/images/2071/9a5e431a-8f7e-4214-a73a-973ac63c2638.jpg,Mattias Ahlm,"Om skuld, skam och vikten av att kunna bli förlåten. Även om besöket i Butja, Ukraina, efter ryska massakern och om sin vänskap med Einár."
1952991,8430560,Farshid Jalalvand,2022-08-05,2022,Sommar,https://www.sverigesradio.se/avsnitt/1952991,https://static-cdn.sr.se/laddahem/podradio/2022/08/sommar__vinter_i_p1_farshid_jalalvand_20220802_1432146924.mp3,3648,58389990,https://static-cdn.sr.se/images/2071/a9fb1b6a-6f54-4506-b78b-bf95b369dda7.jpg,Lina Arvidsson,Forskaren om svaren på de eviga frågorna.
1952993,8433246,Anna-Karin Palm,2022-08-06,2022,Sommar,https://www.sverigesradio.se/avsnitt/1952993,https://static-cdn.sr.se/laddahem/podradio/2022/08/sommar__vinter_i_p1_annakarin_palm_20220804_1321523806.mp3,3581,57317494,https://static-cdn.sr.se/images/2071/58f66473-ea95-42dc-935c-5d4f3675c689.jpg,Mattias Ahlm,"Författaren om skrivande, läsande och kvinnorna i sitt liv."
1952994,8433248,Amy Deasismont,2022-08-07,2022,Sommar,https://www.sverigesradio.se/avsnitt/1952994,https://static-cdn.sr.se/laddahem/podradio/2022/08/sommar__vinter_i_p1_amy_deasismont_20220804_1323080117.mp3,3481,55710834,https://static-cdn.sr.se/images/2071/092d8663-f996-4262-8a5f-26654b60f63a.jpg,Mattias Ahlm,Artisten om att fylla 30 och ändå leta efter sig själv.
1952995,8437256,Robert Aschberg,2022-08-08,2022,Sommar,https://www.sverigesradio.se/avsnitt/1952995,https://static-cdn.sr.se/laddahem/podradio/2022/08/sommar__vinter_i_p1_robert_aschberg_20220808_1332283076.mp3,3665,58659181,https://static-cdn.sr.se/images/2071/0eddada6-7921-4e45-bdb1-fd855b736c68.jpg,Mattias Ahlm,Journalisten om vad det är som formar en människa.
1952996,8436834,Karin Stöckel,2022-08-09,2022,Sommar,https://www.sverigesradio.se/avsnitt/1952996,https://static-cdn.sr.se/laddahem/podradio/2022/08/sommar__vinter_i_p1_karin_stockel_20220808_0920119252.mp3,2935,46984806,https://static-cdn.sr.se/images/2071/4c115c41-00cb-4145-af5c-3e4344de5645.jpg,Carl-Johan Utsi,Gruvarbetaren om hur #metoo förändrade allt.
1952997,8436836,Gregor Zubicky,2022-08-10,2022,Sommar,https://www.sverigesradio.se/avsnitt/1952997,https://static-cdn.sr.se/laddahem/podradio/2022/08/sommar__vinter_i_p1_gregor_zubicky_20220808_0923323904.mp3,3572,57171989,https://static-cdn.sr.se/images/2071/661e73b0-bd74-4c5b-9d5a-a1eaec7c9a63.jpg,Emily Öjdemark,Konstnärlige chefen för Svenska kammarorkestern om att resa runt jorden för att hitta hem.
1952998,8439664,Hana Al-Khamri,2022-08-11,2022,Sommar,https://www.sverigesradio.se/avsnitt/1952998,https://static-cdn.sr.se/laddahem/podradio/2022/08/sommar__vinter_i_p1_hana_alkhamri_20220810_0919334338.mp3,4046,64754461,https://static-cdn.sr.se/images/2071/171f7e5a-9207-42b3-b9ea-180822d1bded.jpg,Mattias Ahlm,Om uppväxten i Saudiarabien och drömmen om att bli journalist i ett land där kvinnor är omyndiga.
1952999,8441186,Elin Röös,2022-08-12,2022,Sommar,https://www.sverigesradio.se/avsnitt/1952999,https://static-cdn.sr.se/laddahem/podradio/2022/08/sommar__vinter_i_p1_elin_roos_20220811_0950085265.mp3,3624,58012557,https://static-cdn.sr.se/images/2071/c33b59fe-3c37-48ed-bf31-99513fdd8fb7.jpg,Mattias Ahlm,Klimatforskaren om hur vi ska föda en växande befolkning utan att förstöra planeten.
1953000,8444567,Henrik Brandão Jönsson,2022-08-13,2022,Sommar,https://www.sverigesradio.se/avsnitt/1953000,https://static-cdn.sr.se/laddahem/podradio/2022/08/sommar__vinter_i_p1_henrik_brando_jonsson_20220812_0943449440.mp3,3855,61705092,https://static-cdn.sr.se/images/2071/9619f470-b8f5-4668-a7a4-b721a3e5a7cd.jpg,Dado Galdieri,"Journalisten om att bryta upp, jaga drömmen och längta hem igen."
1953001,8444568,Jörgen Persson,2022-08-14,2022,Sommar,https://www.sverigesradio.se/avsnitt/1953001,https://static-cdn.sr.se/laddahem/podradio/2022/08/sommar__vinter_i_p1_jorgen_persson_20220812_0943581998.mp3,3208,51351318,https://static-cdn.sr.se/images/2071/fdd65e81-88b9-4a6e-893a-d1b6acec6f57.jpg,Anders Sällström,Bordtennisstjärnan om hur det är att bli världsmästare och spela golf med president Clinton.
1953002,8444631,Jacques Mwepu,2022-08-15,2022,Sommar,https://www.sverigesradio.se/avsnitt/1953002,https://static-cdn.sr.se/laddahem/podradio/2022/08/sommar__vinter_i_p1_jacques_mwepu_20220812_1025443645.mp3,4168,66716313,https://static-cdn.sr.se/images/2071/ae21d836-a948-4671-ab17-1f6b2b081032.jpg,Mattias Ahlm,Kumlaanstaltens chef om vad som händer bakom fängelsemurarna och flykten från Kongo till Kumla.
1953003,8447215,Lusine Djanyan,2022-08-16,2022,Sommar,https://www.sverigesradio.se/avsnitt/1953003,https://static-cdn.sr.se/laddahem/podradio/2022/08/sommar__vinter_i_p1_lusine_djanyan_20220815_0942103946.mp3,3999,64006405,https://static-cdn.sr.se/images/2071/1981b228-76f6-41ac-a9b0-2c5f8d2e538a.jpg,Mattias Ahlm,Aktivisten om resan från Pussy Riot i Ryssland till exilkonstnär i Sverige.
1953004,8449564,Åke Sellström,2022-08-17,2022,Sommar,https://www.sverigesradio.se/avsnitt/1953004,https://static-cdn.sr.se/laddahem/podradio/2022/08/sommar__vinter_i_p1_ke_sellstrom_20220816_1720354868.mp3,4203,67262335,https://static-cdn.sr.se/images/2071/d96877e9-6af9-4e4b-81b0-565d1cc617ce.jpg,Mattias Ahlm,Experten på kemiska stridsmedel om livet som vapeninspektör för FN.
1953005,8449252,Joy M’Batha,2022-08-18,2022,Sommar,https://www.sverigesradio.se/avsnitt/1953005,https://static-cdn.sr.se/laddahem/podradio/2022/08/sommar__vinter_i_p1_joy_mbatha_20220816_1453223168.mp3,3346,53557379,https://static-cdn.sr.se/images/2071/6bdbbeec-7f23-46c6-b7d8-94ada77f574b.jpg,Lina Arvidsson,Artisten om psykisk ohälsa och en hyllning till kärleken och systerskapet.
1953006,8450659,P-A Åhlén,2022-08-19,2022,Sommar,https://www.sverigesradio.se/avsnitt/1953006,https://static-cdn.sr.se/laddahem/podradio/2022/08/sommar__vinter_i_p1_pa_hln_20220817_1346067503.mp3,3141,50279914,https://static-cdn.sr.se/images/2071/9e14cad9-fcb6-43b5-9f0a-4a044d7a51df.jpg,Mattias Ahlm,Biologen om den nationella kampen mot invasiva arter.
1953007,8452024,Bert-Åke Varg,2022-08-20,2022,Sommar,https://www.sverigesradio.se/avsnitt/1953007,https://static-cdn.sr.se/laddahem/podradio/2022/08/sommar__vinter_i_p1_bertke_varg_20220818_1155166648.mp3,3951,63237257,https://static-cdn.sr.se/images/2071/db495d86-5594-4593-9919-3d4230686fd1.jpg,Mattias Ahlm,Skådespelaren om allt från Åsa-Nisse och Nils Poppe till hundar och papegojor.
1959686,8453265,Linnea Henriksson,2022-08-21,2022,Sommar,https://www.sverigesradio.se/avsnitt/1959686,https://static-cdn.sr.se/laddahem/podradio/2022/08/sommar__vinter_i_p1_linnea_henriksson_20220819_0910489665.mp3,3516,56281467,https://static-cdn.sr.se/images/2071/a61b8ad2-4b00-4a8e-896a-838968d212cc.jpg,Mattias Ahlm,Artisten och låtskrivaren om livets alla svängar och avfarter.
2064411,8631768,Marika Carlsson,2022-12-25,2022,Vinter,https://www.sverigesradio.se/avsnitt/2064411,https://static-cdn.sr.se/laddahem/podradio/2022/12/sommar__vinter_i_p1_marika_carlsson_20221222_2123544243.mp3,3104,49680624,https://static-cdn.sr.se/images/2071/767b0ddc-4ba9-4d82-8972-6f33e9436eed.jpg,Sveriges Radio/Mattias Ahlm.,Komikern bekänner sitt beroende och ber om förståelse.
2064605,8631769,Richard Tellström,2022-12-26,2022,Vinter,https://www.sverigesradio.se/avsnitt/2064605,https://static-cdn.sr.se/laddahem/podradio/2022/12/sommar__vinter_i_p1_richard_tellstrom_20221222_2125228386.mp3,3500,56019716,https://static-cdn.sr.se/images/2071/0beb2647-e1fd-48ef-b96c-d02c225b42b6.jpg,,Mathistorikern om maten på svenska julbord och julbordsgeneralernas makt.
2063793,8631770,Malin Persson Giolito,2022-12-27,2022,Vinter,https://www.sverigesradio.se/avsnitt/2063793,https://static-cdn.sr.se/laddahem/podradio/2022/12/sommar__vinter_i_p1_malin_persson_giolito_20221222_2125150119.mp3,3294,52716537,https://static-cdn.sr.se/images/2071/7f63db41-f891-4271-9a1e-b06d10eeb561.jpg,Sveriges Radio/Mattias Ahlm.,"Författaren om nyårslöften, hopplöshet och förtröstan."
2064677,8631771,Olof Wretling,2022-12-28,2022,Vinter,https://www.sverigesradio.se/avsnitt/2064677,https://static-cdn.sr.se/laddahem/podradio/2022/12/sommar__vinter_i_p1_olof_wretling_20221222_2126197806.mp3,3637,58203510,https://static-cdn.sr.se/images/2071/e53dceea-0ccc-44ac-b07a-e29c704369de.jpg,Sveriges Radio/Mattias Ahlm.,Komikern om likheterna mellan en diabetespappa och Indiana Jones.
2063817,8631772,Patrik Lundberg,2022-12-29,2022,Vinter,https://www.sverigesradio.se/avsnitt/2063817,https://static-cdn.sr.se/laddahem/podradio/2022/12/sommar__vinter_i_p1_patrik_lundberg_20221222_2127191007.mp3,3868,61909868,https://static-cdn.sr.se/images/2071/2ab98de2-8930-4006-b60c-5b2d39f87785.jpg,Sveriges Radio/Mattias Ahlm.,Journalisten om sökandet efter sin biologiska mamma.
2064633,8631773,Clara Lidström,2022-12-30,2022,Vinter,https://www.sverigesradio.se/avsnitt/2064633,https://static-cdn.sr.se/laddahem/podradio/2022/12/sommar__vinter_i_p1_clara_lidstrom_20221222_2126298548.mp3,3437,55013998,https://static-cdn.sr.se/images/2071/f01ad413-ef20-4311-ad05-2dd8bbca384e.jpg,Sveriges Radio/Mattias Ahlm.,Bloggaren UnderbaraClara om konsten att vila som vuxen.
2063708,8631776,Jenny Strömstedt,2022-12-31,2022,Vinter,https://www.sverigesradio.se/avsnitt/2063708,https://static-cdn.sr.se/laddahem/podradio/2022/12/sommar__vinter_i_p1_jenny_stromstedt_20221222_2132364988.mp3,4083,65340956,https://static-cdn.sr.se/images/2071/8a6fabfa-3018-4e54-808d-a2e0197d9081.jpg,Sveriges Radio/Mattias Ahlm.,Programledaren om sorgen efter ett husdjurs död och om hur Metoo fick henne att sluta känna skam.
2064652,8631775,Georg Riedel,2023-01-01,2023,Vinter,https://www.sverigesradio.se/avsnitt/2064652,https://static-cdn.sr.se/laddahem/podradio/2022/12/sommar__vinter_i_p1_georg_riedel_20221222_2127209132.mp3,3595,57538781,https://static-cdn.sr.se/images/2071/14d5ec16-b0d7-4c04-830a-1c7b13331f73.jpg,Sveriges Radio/Mattias Ahlm.,Kompositören om det enda han kan: musik.
2182168,8883229,Annie Lööf,2023-06-24,2023,Sommar,https://www.sverigesradio.se/avsnitt/2182168,https://static-cdn.sr.se/laddahem/podradio/2023/06/sommar__vinter_i_p1_annie_loof_20230621_1426487169.mp3,3388,54238674,https://static-cdn.sr.se/images/2071/9b0a220c-41e2-4d1f-9338-5d9c029b965a.jpg,Mattias Ahlm,Före detta Centerledaren om att nästan mista sitt barn – och sitt eget liv.
2180709,8883820,Renée Nyberg,2023-06-25,2023,Sommar,https://www.sverigesradio.se/avsnitt/2180709,https://static-cdn.sr.se/laddahem/podradio/2023/06/sommar__vinter_i_p1_rene_nyberg_20230719_1138457480.mp3,3602,57659744,https://static-cdn.sr.se/images/2071/7f66adee-2c40-4795-9ace-d45dbad19120.jpg,Mattias Ahlm,Programledaren om sin farfar som hon trodde var död och frågan hon aldrig vågat ställa.
2180326,8890379,Axel Gordh Humlesjö,2023-06-26,2023,Sommar,https://www.sverigesradio.se/avsnitt/2180326,https://static-cdn.sr.se/laddahem/podradio/2023/06/sommar__vinter_i_p1_axel_gordh_humlesjo_20230627_1708216363.mp3,3371,53973336,https://static-cdn.sr.se/images/2071/5fca8ccd-ccd5-4946-839f-7caaa445bd70.jpg,Mattias Ahlm,"Grävande journalisten om pedofiler, hockey och förbannelsen att vara kille."
2180356,8884886,Andreas Cervenka,2023-06-27,2023,Sommar,https://www.sverigesradio.se/avsnitt/2180356,https://static-cdn.sr.se/laddahem/podradio/2023/06/sommar__vinter_i_p1_andreas_cervenka_20230622_1339287705.mp3,3566,57081068,https://static-cdn.sr.se/images/2071/56995db0-132b-40af-a8d6-4b64d386369d.jpg,,"Ekonomijournalisten om svenskarnas skulder, miljardärer och vad ökande klyftor gör med samhället."
2180384,8887869,Jessie Sommarström,2023-06-28,2023,Sommar,https://www.sverigesradio.se/avsnitt/2180384,https://static-cdn.sr.se/laddahem/podradio/2023/06/sommar__vinter_i_p1_jessie_sommarstrom_20230626_0918518157.mp3,2946,47173459,https://static-cdn.sr.se/images/2071/e4d47e6b-f969-418b-9bd4-4632a3ccc010.jpg,Mattias Ahlm,Kocken om resan från ett barnhem i Indien till vinst i Årets kock.
2180413,8888103,Bo Landin,2023-06-29,2023,Sommar,https://www.sverigesradio.se/avsnitt/2180413,https://static-cdn.sr.se/laddahem/podradio/2023/06/sommar__vinter_i_p1_bo_landin_20230626_1120556143.mp3,3736,59803238,https://static-cdn.sr.se/images/2071/9a8fb2c4-1d1e-4d47-b636-e4eb7047ee7f.jpg,Mattias Ahlm,Miljöjournalisten om vattnets resa i landskapet och varför miljökampen är viktigare än någonsin.
2180443,8890106,Omar Rudberg,2023-06-30,2023,Sommar,https://www.sverigesradio.se/avsnitt/2180443,https://static-cdn.sr.se/laddahem/podradio/2023/06/sommar__vinter_i_p1_omar_rudberg_20230719_1138131434.mp3,4117,65901521,https://static-cdn.sr.se/images/2071/ace5b91c-f812-40f6-914f-33cea0e379bc.jpg,Mattias Ahlm,"Artisten om att kämpa för sina drömmar, mammans stöd och om att bryta skadliga familjemönster."
2180462,8890634,Hooja och Mårdis,2023-07-01,2023,Sommar,https://www.sverigesradio.se/avsnitt/2180462,https://static-cdn.sr.se/laddahem/podradio/2023/06/sommar__vinter_i_p1_hooja_och_mardis_20230719_1137450709.mp3,3621,57961951,https://static-cdn.sr.se/images/2071/d54f08d4-8233-47b2-9483-984eb6966d7e.jpg,Mattias Ahlm,Artisterna bjuder på sina bästa skogstrix och berättar varför de bär masker.
2180475,8893744,Camilla Läckberg,2023-07-02,2023,Sommar,https://www.sverigesradio.se/avsnitt/2180475,https://static-cdn.sr.se/laddahem/podradio/2023/06/sommar__vinter_i_p1_camilla_lackberg_20240502_1821463208.mp3,3383,54155753,https://static-cdn.sr.se/images/2071/0a334455-e7a9-44e5-82e4-50590791a906.jpg,Mattias Ahlm,Författaren delar med sig av en livslång kamp – vikthetsen som präglat hela hennes liv.
2181299,8890633,Staffan Westerberg,2023-07-03,2023,Sommar,https://www.sverigesradio.se/avsnitt/2181299,https://static-cdn.sr.se/laddahem/podradio/2023/06/sommar__vinter_i_p1_staffan_westerberg_20230627_2314090129.mp3,3389,54252921,https://static-cdn.sr.se/images/2071/4d8e138f-556c-4b7e-9694-6abd0c51a025.jpg,Mattias Ahlm,Skådespelaren om att överlista döden och om hur ett långt teaterliv plötsligt blivit en lång väntan.
2181329,8896429,Bianca Salming,2023-07-04,2023,Sommar,https://www.sverigesradio.se/avsnitt/2181329,https://static-cdn.sr.se/laddahem/podradio/2023/07/sommar__vinter_i_p1_bianca_salming_20230702_1550330456.mp3,2835,45385942,https://static-cdn.sr.se/images/2071/343b8a4f-b9a8-4320-a901-fa1c1f2a858e.jpg,Mattias Ahlm,Friidrottaren om sorgen efter sin pappa och hur idrotten blivit hennes räddning.
2181357,8897717,PM Nilsson,2023-07-05,2023,Sommar,https://www.sverigesradio.se/avsnitt/2181357,https://static-cdn.sr.se/laddahem/podradio/2023/07/sommar__vinter_i_p1_pm_nilsson_20230703_1603359453.mp3,3398,54391518,https://static-cdn.sr.se/images/2071/787d291c-a547-43d0-80d1-374c975da20e.jpg,Mattias Ahlm,"Journalisten om ålfiske, naturens dragningskraft och den ständiga längtan till hemtrakten."
2181386,8899381,Ina Lundström,2023-07-06,2023,Sommar,https://www.sverigesradio.se/avsnitt/2181386,https://static-cdn.sr.se/laddahem/podradio/2023/07/sommar__vinter_i_p1_ina_lundstrom_20230704_1706001440.mp3,3409,54582761,https://static-cdn.sr.se/images/2071/419db574-dd6a-404e-8365-329d36fef592.jpg,,"Ståuppkomikern delar med sig av världens bästa låtar, tjack-käkar och den enda stora kärleken."
2181421,8901883,Charlotte von Essen,2023-07-07,2023,Sommar,https://www.sverigesradio.se/avsnitt/2181421,https://static-cdn.sr.se/laddahem/podradio/2023/07/sommar__vinter_i_p1_charlotte_von_essen_20230706_1137477145.mp3,3222,51583333,https://static-cdn.sr.se/images/2071/bf7fcc28-9c6a-47aa-be5b-b3c1e6e137e0.jpg,Mattias Ahlm,Säpochefen om spioner och terrorister – och att stoppa allvarliga brott innan de begås.
2180720,8898915,Sussie Eriksson,2023-07-08,2023,Sommar,https://www.sverigesradio.se/avsnitt/2180720,https://static-cdn.sr.se/laddahem/podradio/2023/07/sommar__vinter_i_p1_sussie_eriksson_20230704_1311484455.mp3,3578,57282648,https://static-cdn.sr.se/images/2071/bce54d84-562d-47e5-809e-f05d915fbb42.jpg,Mattias Ahlm,Skådespelaren om hur det är att vara 60 år och inte tvärsäker på någonting.
2180689,8902322,Lina Wolff,2023-07-09,2023,Sommar,https://www.sverigesradio.se/avsnitt/2180689,https://static-cdn.sr.se/laddahem/podradio/2023/07/sommar__vinter_i_p1_lina_wolff_20230706_1523544841.mp3,3379,54092002,https://static-cdn.sr.se/images/2071/7a665b48-8129-486b-bd3c-7ed4f8327747.jpg,,Författaren om svårigheten att översätta klassiker och om skrivandets obönhörliga ensamhet.
2181264,8902404,Henrik von Eckermann,2023-07-10,2023,Sommar,https://www.sverigesradio.se/avsnitt/2181264,https://static-cdn.sr.se/laddahem/podradio/2023/07/sommar__vinter_i_p1_henrik_von_eckermann_20230706_1556508852.mp3,2928,46883528,https://static-cdn.sr.se/images/2071/c7b1983a-b5d8-403a-9b37-c1e44e6f17cc.jpg,Slawa Smagin,Hoppryttaren om vad som krävs för att bli bäst i världen.
2182006,8905850,Nora Khalil,2023-07-11,2023,Sommar,https://www.sverigesradio.se/avsnitt/2182006,https://static-cdn.sr.se/laddahem/podradio/2023/07/sommar__vinter_i_p1_nora_khalil_20230710_0914237090.mp3,3546,56774613,https://static-cdn.sr.se/images/2071/d4057337-e007-4480-b757-dbfa393e7639.jpg,Mattias Ahlm,Författaren om sin resa från blyg och osäker tjej till Augustnominerad skribent.
2181521,8909174,Eva Armini,2023-07-12,2023,Sommar,https://www.sverigesradio.se/avsnitt/2181521,https://static-cdn.sr.se/laddahem/podradio/2023/07/sommar__vinter_i_p1_eva_armini_20231107_1258312559.mp3,3511,56213972,https://static-cdn.sr.se/images/2071/c37802cf-eaa9-47a7-bfbf-6c469c614170.jpg,Meddi,"Lyssnarnas Sommarvärd om att bli bortadopterad, söka svar på frågan varför och äventyren som det leder till."
2181452,8911054,Mark Levengood,2023-07-13,2023,Sommar,https://www.sverigesradio.se/avsnitt/2181452,https://static-cdn.sr.se/laddahem/podradio/2023/07/sommar__vinter_i_p1_mark_levengood_20230718_1200047437.mp3,3824,61209051,https://static-cdn.sr.se/images/2071/d0ff3986-a9ea-44a9-a628-4f339e8da200.jpg,Mattias Ahlm,"Programledaren om sin mamma på dödsbädden, carpe diadem och en ADD-diagnos som ger förståelse."
2181481,8911063,Maja Nilsson Lindelöf,2023-07-14,2023,Sommar,https://www.sverigesradio.se/avsnitt/2181481,https://static-cdn.sr.se/laddahem/podradio/2023/07/sommar__vinter_i_p1_maja_nilsson_lindelof_20230718_1159252518.mp3,3589,57455474,https://static-cdn.sr.se/images/2071/e05d34ba-c176-4f04-bd2e-755d9be63c7a.jpg,Mattias Ahlm,"Influencern och designern om sin brors sjukdom, psykisk ohälsa och att förstå värdet i att få må bra."
2180734,8915418,Anders Eldeman,2023-07-15,2023,Sommar,https://www.sverigesradio.se/avsnitt/2180734,https://static-cdn.sr.se/laddahem/podradio/2023/07/sommar__vinter_i_p1_anders_eldeman_20230715_1512149828.mp3,3277,52463474,https://static-cdn.sr.se/images/2071/414be829-f521-47d5-ab51-595855ddb654.jpg,Mattias Ahlm,"Radiomannen om skärgårdsminnen, unika möten och massor av ljuv musik."
2181498,8914166,Livia Fränkel,2023-07-16,2023,Sommar,https://www.sverigesradio.se/avsnitt/2181498,https://static-cdn.sr.se/laddahem/podradio/2023/07/sommar__vinter_i_p1_livia_frankel_20230718_1108086367.mp3,3826,61239405,https://static-cdn.sr.se/images/2071/5d8bcaef-790b-4b36-8ea3-b3ae27a9fb1e.jpg,Mattias Ahlm,"Överlevande från förintelsen om tonårsdrömmar, livslust och systerskapet som räddade henne."
2181146,8914334,Tilde Addenbrooke,2023-07-17,2023,Sommar,https://www.sverigesradio.se/avsnitt/2181146,https://static-cdn.sr.se/laddahem/podradio/2023/07/sommar__vinter_i_p1_tilde_addenbrooke_20230718_1305508380.mp3,3525,56435561,https://static-cdn.sr.se/images/2071/31f8a2ea-e47d-4d59-b08c-002743c991b9.jpg,Mattias Ahlm,Hjälparbetaren om att lämna tryggheten och flytta till Ukraina mitt under brinnande krig.
2181176,8914168,Göran Greider,2023-07-18,2023,Sommar,https://www.sverigesradio.se/avsnitt/2181176,https://static-cdn.sr.se/laddahem/podradio/2023/07/sommar__vinter_i_p1_goran_greider_20230714_1159374533.mp3,3851,61650648,https://static-cdn.sr.se/images/2071/6c9b6b7a-fc69-4ee5-9f4f-ea69af487420.jpg,Mattias Ahlm,Författaren om att vakna upp ur respiratorn som en ännu mer övertygad socialist.
2181548,8914169,Lise Tamm,2023-07-19,2023,Sommar,https://www.sverigesradio.se/avsnitt/2181548,https://static-cdn.sr.se/laddahem/podradio/2023/07/sommar__vinter_i_p1_lise_tamm_20230714_1159308663.mp3,3552,56860636,https://static-cdn.sr.se/images/2071/2f213685-9675-41d0-b5cd-ee2ae90b935e.jpg,Mattias Ahlm,"Åklagaren om krigsbrott, sexhandel och varför det är viktigt att säga som det är. "
2181577,8914214,Hanna Marklund,2023-07-20,2023,Sommar,https://www.sverigesradio.se/avsnitt/2181577,https://static-cdn.sr.se/laddahem/podradio/2023/07/sommar__vinter_i_p1_hanna_marklund_20230714_1234349618.mp3,3937,63022310,https://static-cdn.sr.se/images/2071/4dd7b911-1c2b-48ba-9a35-802b9bc9039d.jpg,Mattias Ahlm,Fotbollsexperten om att möta världens bästa forwards och inse vad som är viktigt på riktigt.
2181606,8918114,Robert Hurula,2023-07-21,2023,Sommar,https://www.sverigesradio.se/avsnitt/2181606,https://static-cdn.sr.se/laddahem/podradio/2023/07/sommar__vinter_i_p1_robert_hurula_20230718_1159016394.mp3,2744,43929045,https://static-cdn.sr.se/images/2071/a22ec338-097a-4fb4-bf01-fc57d15c0826.jpg,Mattias Ahlm,"Artisten och konstnären om tystnad, medberoende – och musiken han flydde till."
2180747,8921878,Malin Wollin,2023-07-22,2023,Sommar,https://www.sverigesradio.se/avsnitt/2180747,https://static-cdn.sr.se/laddahem/podradio/2023/07/sommar__vinter_i_p1_malin_wollin_20230720_2131112215.mp3,4081,65331692,https://static-cdn.sr.se/images/2071/9229d5e7-0bc0-4382-8d46-8fe25b40850e.jpg,Mattias Ahlm,"Författaren om kärlek, ensamhet och allt som ryms i den lilla människans liv – och om fläckar."
2181623,8921879,Sven Björklund,2023-07-23,2023,Sommar,https://www.sverigesradio.se/avsnitt/2181623,https://static-cdn.sr.se/laddahem/podradio/2023/07/sommar__vinter_i_p1_sven_bjorklund_20230720_2134249975.mp3,3787,60630361,https://static-cdn.sr.se/images/2071/72d82093-fc55-4652-9271-35c0ed970bd8.jpg,Mattias Ahlm,"Skådespelaren om årens valborgsmässoaftnar, livets gång och felskickade priser."
2181205,8922923,Harald Mix,2023-07-24,2023,Sommar,https://www.sverigesradio.se/avsnitt/2181205,https://static-cdn.sr.se/laddahem/podradio/2023/07/sommar__vinter_i_p1_harald_mix_20230721_1534032583.mp3,3655,58509133,https://static-cdn.sr.se/images/2071/a77cf28a-0599-4d1b-9179-d021bd41eca5.jpg,Mattias Ahlm,Finansmannen om företagens roll i klimatkrisen och tekniken som inger hopp.
2181235,8922929,Erik Grönwall,2023-07-25,2023,Sommar,https://www.sverigesradio.se/avsnitt/2181235,https://static-cdn.sr.se/laddahem/podradio/2023/07/sommar__vinter_i_p1_erik_gronwall_20230721_1535226483.mp3,3409,54581226,https://static-cdn.sr.se/images/2071/32a2cdb0-24e1-4e09-a764-4e35d94aaac2.jpg,Mattias Ahlm.,"Rocksångaren och Idolvinnaren om att tröttna på musik, få en cancerdiagnos och att nå sin dröm."
2181047,8926242,Judith Gough,2023-07-26,2023,Sommar,https://www.sverigesradio.se/avsnitt/2181047,https://static-cdn.sr.se/laddahem/podradio/2023/07/sommar__vinter_i_p1_judith_gough_20230725_0932512280.mp3,3864,61860318,https://static-cdn.sr.se/images/2071/e37d9748-c9c0-4512-bb6d-d86642213305.jpg,Mattias Ahlm.,Diplomaten om mötet med Volodymyr Zelenskyj i Ukraina och om att vara gay som ambassadör.
2181076,8927223,Claes Eriksson,2023-07-27,2023,Sommar,https://www.sverigesradio.se/avsnitt/2181076,https://static-cdn.sr.se/laddahem/podradio/2023/07/sommar__vinter_i_p1_claes_eriksson_20240502_1820524370.mp3,3724,59618525,https://static-cdn.sr.se/images/2071/22afcc02-c224-43a7-96ad-362be39c2bc2.jpg,Mattias Ahlm,Komikern berättar om sitt liv som glädjespridare och reflekterar över vår samtid.
2181105,8928242,Fatemeh Khavari,2023-07-28,2023,Sommar,https://www.sverigesradio.se/avsnitt/2181105,https://static-cdn.sr.se/laddahem/podradio/2023/07/sommar__vinter_i_p1_fatemeh_khavari_20230726_1453487631.mp3,3994,63931233,https://static-cdn.sr.se/images/2071/08680309-c56f-4f55-8485-95d1b60b3ee4.jpg,Mattias Ahlm.,"Människorättsaktivisten om sin sårbaraste stund, om rätten att drömma – och om hopp."
2180760,8928244,Christina Schollin,2023-07-29,2023,Sommar,https://www.sverigesradio.se/avsnitt/2180760,https://static-cdn.sr.se/laddahem/podradio/2023/07/sommar__vinter_i_p1_christina_schollin_20230726_1458022454.mp3,4604,73692143,https://static-cdn.sr.se/images/2071/c467158b-f32a-4c45-b0de-cfe5b46fcc09.jpg,Mattias Ahlm,"Skådespelerskan bläddrar i sin dagbok och funderar över kärleken till livet, teatern och familjen."
2181122,8929639,David Thurfjell,2023-07-30,2023,Sommar,https://www.sverigesradio.se/avsnitt/2181122,https://static-cdn.sr.se/laddahem/podradio/2023/07/sommar__vinter_i_p1_david_thurfjell_20230730_0800317800.mp3,3389,54260571,https://static-cdn.sr.se/images/2071/1b46f6bf-7d3a-47bb-9a6e-7075b3594af8.jpg,Mattias Ahlm.,Religionsforskaren om faran i tvärsäkerhet och hur naturen blev svenskarnas religion.
2180932,8957011,Sofia Karlsson,2023-07-31,2023,Sommar,https://www.sverigesradio.se/avsnitt/2180932,https://static-cdn.sr.se/laddahem/podradio/2023/08/sommar__vinter_i_p1_sofia_karlsson_20230817_1054444340.mp3,3421,54766678,https://static-cdn.sr.se/images/2071/f9f7a87f-2147-480f-b9db-ab5a4bca6929.jpg,Frida Klang,"Sångerskan om Älskarinnan musiken, frihet och kärleken till det icke-perfekta."
2180962,8936100,Max Tegmark,2023-08-01,2023,Sommar,https://www.sverigesradio.se/avsnitt/2180962,https://static-cdn.sr.se/laddahem/podradio/2023/07/sommar__vinter_i_p1_max_tegmark_20230731_1741569105.mp3,4020,64344018,https://static-cdn.sr.se/images/2071/bd6c0ca9-643a-430f-8988-dfd95fb7bec9.jpg, Rob Collins ,AI-forskaren om riskerna och möjligheterna med den snabba utvecklingen inom AI.
2180990,8935657,Nino Ramsby,2023-08-02,2023,Sommar,https://www.sverigesradio.se/avsnitt/2180990,https://static-cdn.sr.se/laddahem/podradio/2023/07/sommar__vinter_i_p1_nino_ramsby_20230801_1600432921.mp3,3563,57042665,https://static-cdn.sr.se/images/2071/a91ab513-33fd-4e2e-ab60-b0cc6be24840.jpg,Mattias Ahlm,"Artisten om rösten som förändras, livsavgörande beslut och om att måla det perfekta strecket."
2181019,8935659,Mark Isitt,2023-08-03,2023,Sommar,https://www.sverigesradio.se/avsnitt/2181019,https://static-cdn.sr.se/laddahem/podradio/2023/07/sommar__vinter_i_p1_mark_isitt_20230731_1337148980.mp3,3403,54486749,https://static-cdn.sr.se/images/2071/58d2483f-ea22-428c-80f1-f100cd1b02ce.jpg,Jens Nordström,Arkitekturkritikern om städer som mallas sönder och vad man kan göra för att stoppa det.
2180891,8935660,Mabel McVey,2023-08-04,2023,Sommar,https://www.sverigesradio.se/avsnitt/2180891,https://static-cdn.sr.se/laddahem/podradio/2023/07/sommar__vinter_i_p1_mabel_mcvey_20230731_1339108877.mp3,3380,54116940,https://static-cdn.sr.se/images/2071/c239b3eb-32ce-4896-87bf-7a83a3581d5f.jpg,Mattias Ahlm,Artisten om musikarvet och att känna sig vilsen som kvinnlig popstjärna.
2180774,8939997,Babben Larsson,2023-08-05,2023,Sommar,https://www.sverigesradio.se/avsnitt/2180774,https://static-cdn.sr.se/laddahem/podradio/2023/08/sommar__vinter_i_p1_babben_larsson_20230803_1505338254.mp3,3345,53555166,https://static-cdn.sr.se/images/2071/4f229e35-716c-4e07-a10e-e3a7fb321934.jpg,Mattias Ahlm,Komikern om att inte våga hoppa högt eller kunna rida snyggt men ändå älska hästar.
2180908,8940038,Staffan Göthe,2023-08-06,2023,Sommar,https://www.sverigesradio.se/avsnitt/2180908,https://static-cdn.sr.se/laddahem/podradio/2023/08/sommar__vinter_i_p1_staffan_gothe_20230803_1528370328.mp3,3893,62312292,https://static-cdn.sr.se/images/2071/c1c0417a-8725-41ee-9d8e-861964215c4b.jpg,Mattias Ahlm,Skådespelaren om att ha samma dubbeljobb som Shakespeare och om en värld bortom begriplighet.
2181673,8942528,Patrick Söderlund,2023-08-07,2023,Sommar,https://www.sverigesradio.se/avsnitt/2181673,https://static-cdn.sr.se/laddahem/podradio/2023/08/sommar__vinter_i_p1_patrick_soderlund_20230807_1423206673.mp3,3434,54972112,https://static-cdn.sr.se/images/2071/a42df447-ad0d-46ea-954f-f26666a2e14b.jpg,Mattias Ahlm,Spelentreprenören om ärren efter våld och övergrepp - och om resan till en festival i öknen.
2181703,8943865,Asabea Britton,2023-08-08,2023,Sommar,https://www.sverigesradio.se/avsnitt/2181703,https://static-cdn.sr.se/laddahem/podradio/2023/08/sommar__vinter_i_p1_asabea_britton_20230807_1308257661.mp3,3200,51230425,https://static-cdn.sr.se/images/2071/da2712ba-0909-45cb-bceb-1c72dc70c0fd.jpg,Mattias Ahlm,Barnmorskan och influencern om att föda barn – och kvinnors rätt till sin kropp.
2181731,8953222,Bert Sundström,2023-08-09,2023,Sommar,https://www.sverigesradio.se/avsnitt/2181731,https://static-cdn.sr.se/laddahem/podradio/2023/08/sommar__vinter_i_p1_bert_sundstrom_20230814_1744548819.mp3,3326,53251831,https://static-cdn.sr.se/images/2071/e0d26b2e-7ba2-46b5-bb3f-1a67b2a45666.jpg,Mattias Ahlm,Utrikesreporten om att lämna sitt uppdrag som korrespondent mitt under kriget – och vad han bär med sig.
2181760,8946134,Maria Wolrath Söderberg,2023-08-10,2023,Sommar,https://www.sverigesradio.se/avsnitt/2181760,https://static-cdn.sr.se/laddahem/podradio/2023/08/sommar__vinter_i_p1_maria_wolrath_soderberg_20230808_2016184796.mp3,3799,60810870,https://static-cdn.sr.se/images/2071/c8da2dbd-b00f-45a2-aebb-c76520be191c.jpg,Mattias Ahlm,Retorikern om varför vi skadar klimatet fast vi inte vill – och vad som kan få oss att göra rätt.
2181789,8946135,Sanne Salomonsen,2023-08-11,2023,Sommar,https://www.sverigesradio.se/avsnitt/2181789,https://static-cdn.sr.se/laddahem/podradio/2023/08/sommar__vinter_i_p1_sanne_salomonsen_20230808_2017285995.mp3,3261,52205409,https://static-cdn.sr.se/images/2071/8097cb9c-4f58-4b29-ab0d-0d589e659e5f.jpg,Gustav Bergman,"Danmarks rockdrottning om livet på scen, sin stroke och att uppfinna sig själv på nytt."
2181636,8948575,Anders Bagge,2023-08-12,2023,Sommar,https://www.sverigesradio.se/avsnitt/2181636,https://static-cdn.sr.se/laddahem/podradio/2023/08/sommar__vinter_i_p1_anders_bagge_20230811_1351358649.mp3,3664,58653149,https://static-cdn.sr.se/images/2071/e6096e3c-7ddd-402c-9bd3-4359cfe5f7a2.jpg,Annika Berglund ,"Låtskrivaren skriver ett brev till sin döda pappa – om hundar, ångest och adhd."
2181649,8950114,Tarik Saleh,2023-08-13,2023,Sommar,https://www.sverigesradio.se/avsnitt/2181649,https://static-cdn.sr.se/laddahem/podradio/2023/08/sommar__vinter_i_p1_tarik_saleh_20230811_1343211453.mp3,3898,62402914,https://static-cdn.sr.se/images/2071/573e7c5c-6d93-46a7-8c21-3f60348c96cc.jpg,Mattias Ahlm,Filmregissören om livet och filmerna – där gränsen mellan fiktion och verklighet suddas ut.
2181857,8951301,Ahmed Berhan,2023-08-14,2023,Sommar,https://www.sverigesradio.se/avsnitt/2181857,https://static-cdn.sr.se/laddahem/podradio/2023/08/sommar__vinter_i_p1_ahmed_berhan_20230813_0011055486.mp3,2882,46146717,https://static-cdn.sr.se/images/2071/ee5f9cd3-1237-4bf1-8ad0-928991279be2.jpg,Mattias Ahlm,"Komikern och programledaren om hur en ballong räddade livet på honom, hur kackerlackor visade honom vägen till kärleken och vad han heter på riktigt."
2181887,8952463,Robert Fux,2023-08-15,2023,Sommar,https://www.sverigesradio.se/avsnitt/2181887,https://static-cdn.sr.se/laddahem/podradio/2023/08/sommar__vinter_i_p1_robert_fux_20230814_1121476673.mp3,3987,63819074,https://static-cdn.sr.se/images/2071/a5df0260-b1d5-4c14-aa49-afbc96b2eee1.jpg,Mattias Ahlm.,Skådespelaren och dragartisten om glittrets makt i mörka tider.
2181915,8953667,Jila Mossaed,2023-08-16,2023,Sommar,https://www.sverigesradio.se/avsnitt/2181915,https://static-cdn.sr.se/laddahem/podradio/2023/08/sommar__vinter_i_p1_jila_mossaed_20230815_0830407605.mp3,3297,52790248,https://static-cdn.sr.se/images/2071/5b461ba4-5151-40d1-944d-b92a53591478.jpg,Mattias Ahlm,Författaren och akademiledamoten om ordens hemliga paradis och att kastas in i ett okänt universum.
2181945,8955800,Hanna Johannesson,2023-08-17,2023,Sommar,https://www.sverigesradio.se/avsnitt/2181945,https://static-cdn.sr.se/laddahem/podradio/2023/08/sommar__vinter_i_p1_hanna_johannesson_20230906_1534079301.mp3,3667,58701922,https://static-cdn.sr.se/images/2071/a98b1c4d-40b9-477a-9a2d-708607425f4c.jpg,Mattias Ahlm,Mykologen om svampar som lösning på samhällets stora utmaningar – men också som ett hot.
2181974,8957664,Mattias Andersson,2023-08-18,2023,Sommar,https://www.sverigesradio.se/avsnitt/2181974,https://static-cdn.sr.se/laddahem/podradio/2023/08/sommar__vinter_i_p1_mattias_andersson_20230818_0946255268.mp3,3426,54840385,https://static-cdn.sr.se/images/2071/20c7c1e6-b2af-48eb-af7c-61833b0b8fb9.jpg,Mattias Ahlm,Dramatenchefen om att leda en älskad och hatad teater – och att hitta sin röst.
2181821,8955958,Titiyo Jah,2023-08-19,2023,Sommar,https://www.sverigesradio.se/avsnitt/2181821,https://static-cdn.sr.se/laddahem/podradio/2023/08/sommar__vinter_i_p1_titiyo_jah_20230816_1518394206.mp3,4040,64666593,https://static-cdn.sr.se/images/2071/3198206d-59c9-4176-a67b-603b53771c72.jpg,Mattias Ahlm,Artisten om ett liv med oändliga kulturkrockar – och att försöka forma något eget av allt.
2181833,8959472,Sauli Niinistö,2023-08-20,2023,Sommar,https://www.sverigesradio.se/avsnitt/2181833,https://static-cdn.sr.se/laddahem/podradio/2023/08/sommar__vinter_i_p1_sauli_niinisto_20230818_2053455808.mp3,3750,60030940,https://static-cdn.sr.se/images/2071/bdc27b43-d146-4798-8801-f7bf4c216c25.jpg,Matti Porre,"Finlands president om den förändrade omvärlden, Nato och vår gemensamma säkerhet."
2295380,9132397,Kristin Kaspersen,2023-12-25,2023,Vinter,https://www.sverigesradio.se/avsnitt/2295380,https://static-cdn.sr.se/laddahem/podradio/2023/12/sommar__vinter_i_p1_kristin_kaspersen_20231220_1156146344.mp3,3547,56787092,https://static-cdn.sr.se/images/2071/91086bc2-b46d-4ce7-8772-ede7ffda0dde.jpg,Mattias Ahlm/Sveriges Radio,Programledaren om att leda sig själv genom livets utmaningar.
2295211,9136979,Sverker Sörlin,2023-12-26,2023,Vinter,https://www.sverigesradio.se/avsnitt/2295211,https://static-cdn.sr.se/laddahem/podradio/2023/12/sommar__vinter_i_p1_sverker_sorlin_20231221_1806055787.mp3,4186,67011893,https://static-cdn.sr.se/images/2071/e85450a3-4ec7-4f2d-8583-a6ca8d5078df.jpg,Mattias Ahlm/Sveriges Radio,Professorn i miljöhistoria om hur snö kan göra oss mer lyhörda för livets skörhet och magi.
2295381,9140798,Carin Götblad,2023-12-27,2023,Vinter,https://www.sverigesradio.se/avsnitt/2295381,https://static-cdn.sr.se/laddahem/podradio/2023/12/sommar__vinter_i_p1_carin_gotblad_20231226_1247413906.mp3,3425,54830994,https://static-cdn.sr.se/images/2071/8c74c564-803e-4c64-80be-4094e29b5fa8.jpg,Mattias Ahlm/Sveriges Radio,Polismästaren om ondska. Den som skadar tilliten i samhället.
2295382,9136854,Kodjo Akolor,2023-12-28,2023,Vinter,https://www.sverigesradio.se/avsnitt/2295382,https://static-cdn.sr.se/laddahem/podradio/2023/12/sommar__vinter_i_p1_kodjo_akolor_20231221_1714264356.mp3,3271,52364584,https://static-cdn.sr.se/images/2071/2c774325-bae4-43f7-acf6-1f4788093e6a.jpg,Mattias Ahlm/Sveriges Radio,Komikern om sin pappa och insikten att barn inte gör som man säger utan som man gör.
2295117,9134885,Anna-Lena Laurén,2023-12-29,2023,Vinter,https://www.sverigesradio.se/avsnitt/2295117,https://static-cdn.sr.se/laddahem/podradio/2023/12/sommar__vinter_i_p1_annalena_laurn_20231220_1625371114.mp3,3582,57338172,https://static-cdn.sr.se/images/2071/e34fcc8e-9309-4e28-b924-669eee8b0368.jpg,Mattias Ahlm/Sveriges Radio,"Utrikeskorrespondenten om anfallskrig, försvarskrig och hur vänskapen drabbas när avstånden ökar."
2295383,9132398,Olof Wretling,2023-12-30,2023,Vinter,https://www.sverigesradio.se/avsnitt/2295383,https://static-cdn.sr.se/laddahem/podradio/2023/12/sommar__vinter_i_p1_olof_wretling_20231220_1158147319.mp3,3796,60768794,https://static-cdn.sr.se/images/2071/9a3abd00-c12f-41fe-9279-04a8b9ae6486.jpg,Mattias Ahlm/Sveriges Radio,"Komikern om den förbjudna, skamfulla och livsviktiga ilskan i sitt liv."
2295161,9132402,Tomas Sjödin,2023-12-31,2023,Vinter,https://www.sverigesradio.se/avsnitt/2295161,https://static-cdn.sr.se/laddahem/podradio/2023/12/sommar__vinter_i_p1_tomas_sjodin_20231220_1158537349.mp3,3644,58340777,https://static-cdn.sr.se/images/2071/798a9eb8-cad3-413d-9a52-ea27c5100cb8.jpg,Mattias Ahlm/Sveriges Radio,"Pastorn om sin mamma, en vanlig mamma, som lärt honom att det vanliga är det viktiga."
2295385,9136022,Åsa Wikforss,2024-01-01,2024,Vinter,https://www.sverigesradio.se/avsnitt/2295385,https://static-cdn.sr.se/laddahem/podradio/2023/12/sommar__vinter_i_p1_sa_wikforss_20231221_1142188861.mp3,3860,61787176,https://static-cdn.sr.se/images/2071/027f8540-2c1f-400d-9f58-eb4d7b0d9c2a.jpg,Mattias Ahlm/Sveriges Radio,Filosofen om hotet mot kunskap och demokrati men också om känslornas roll.
2413771,9370585,Hampus Nessvold,2024-06-22,2024,Sommar,https://www.sverigesradio.se/avsnitt/2413771,https://static-cdn.sr.se/laddahem/podradio/2024/06/program_hampus_nessvold_podd_20240619_1317523542.mp3,2856,45718551,https://static-cdn.sr.se/images/2071/53526fb9-9302-40e2-8b4e-3681f4c5b889.jpg,Mattias Ahlm/SR,Skådespelaren om varför Försvarsmakten bör undvika att kalla in just honom om kriget kommer.
2413772,9370638,Lasse Åberg,2024-06-23,2024,Sommar,https://www.sverigesradio.se/avsnitt/2413772,https://static-cdn.sr.se/laddahem/podradio/2024/06/sommar__vinter_i_p1_lasse_berg_20240623_1157569497.mp3,3364,53861483,https://static-cdn.sr.se/images/2071/013e1095-1fbb-413d-9c7f-64f289c79b8a.jpg,Mattias Ahlm/SR,"Om bandy, tjocka släkten, bananer, matinéfilm och lite annat."
2413999,9371060,Ellen Krauss,2024-06-24,2024,Sommar,https://www.sverigesradio.se/avsnitt/2413999,https://static-cdn.sr.se/laddahem/podradio/2024/06/program_ellen_krauss_podd_20240619_1657187348.mp3,2858,45749268,https://static-cdn.sr.se/images/2071/9b9c7d58-5f1a-46d8-8d93-4fcfdb8b61c5.jpg,Mattias Ahlm/SR,Singer-songwritern om när världen nästan gick under.
2396865,9377594,Birgitta Ohlsson,2024-06-25,2024,Sommar,https://www.sverigesradio.se/avsnitt/2396865,https://static-cdn.sr.se/laddahem/podradio/2024/06/program_sommar_i_p1_med_birgitta_ohlss_20240624_1436163782.mp3,3714,59437742,https://static-cdn.sr.se/images/2071/0a5f73a1-085a-438f-be0d-8a47772965cd.jpg,Philip Sundbom,Fd liberala ministern om att kämpa för demokratin när allt i livet och världen faller sönder.
2396891,9377660,Joakim Paasikivi,2024-06-26,2024,Sommar,https://www.sverigesradio.se/avsnitt/2396891,https://static-cdn.sr.se/laddahem/podradio/2024/06/sommar__vinter_i_p1_joakim_paasikivi_20240624_1529378178.mp3,3289,52647300,https://static-cdn.sr.se/images/2071/c36dadfe-41de-4d8b-b96c-68286e0ca57c.jpg,Mattias Ahlm/SR,Överstelöjtnanten om varför Ryssland krigar och varför det är farligt för oss.
2396918,9370924,Vivi Wallin,2024-06-27,2024,Sommar,https://www.sverigesradio.se/avsnitt/2396918,https://static-cdn.sr.se/laddahem/podradio/2024/06/program_vivi_wallin_podd_20240619_1613571704.mp3,3993,63904403,https://static-cdn.sr.se/images/2071/5c252d38-23f7-4bb8-8b9d-858f4b7e07a8.jpg,Mattias Ahlm/SR,"Influencern om att livet är för kort, och framförallt för viktigt, för att hålla tyst."
2396946,9371107,Lasse Berg,2024-06-28,2024,Sommar,https://www.sverigesradio.se/avsnitt/2396946,https://static-cdn.sr.se/laddahem/podradio/2024/06/program_lasse_berg_podd_20240619_1727051501.mp3,3457,55325074,https://static-cdn.sr.se/images/2071/97448f21-fb9b-4900-b653-faa95b893c98.jpg,Elinor Wermeling,Författaren om varför det går åt skogen med världen och hur den kan räddas.
2396960,9381862,Marcus Wandt,2024-06-29,2024,Sommar,https://www.sverigesradio.se/avsnitt/2396960,https://static-cdn.sr.se/laddahem/podradio/2024/06/program_marcus_wandt_podd_20240627_1202532312.mp3,3469,55523604,https://static-cdn.sr.se/images/2071/00ee5230-35e6-4a01-8202-56467b54fb1e.jpg,Mattias Ahlm/SR,Astronauten om att våga ta risker.
2397014,9384924,Anna Lindmarker,2024-06-30,2024,Sommar,https://www.sverigesradio.se/avsnitt/2397014,https://static-cdn.sr.se/laddahem/podradio/2024/06/sommar__vinter_i_p1_anna_lindmarker_20240629_1922318972.mp3,3116,49881734,https://static-cdn.sr.se/images/2071/7fb4988d-78a6-4c01-8bca-699a8c5f7b43.jpg,Mattias Ahlm/SR,Före detta programledaren om livet framför kameran och vad som fick henne att sluta.
2397037,9383581,Trolle Rhodin,2024-07-01,2024,Sommar,https://www.sverigesradio.se/avsnitt/2397037,https://static-cdn.sr.se/laddahem/podradio/2024/06/program_trolle_rodin_podd_20240628_1317123992.mp3,3037,48614676,https://static-cdn.sr.se/images/2071/198a6284-76ad-4b24-9ee7-643e7a236ab8.jpg,Annika Berglund,"Cirkusdirektören om att växa upp runt akrobater, knivkastare och mänskliga kanonkulor."
2397064,9383601,Cecilia Uddén,2024-07-02,2024,Sommar,https://www.sverigesradio.se/avsnitt/2397064,https://static-cdn.sr.se/laddahem/podradio/2024/06/sommar__vinter_i_p1_cecilia_uddn_20240628_1337053381.mp3,3725,59627655,https://static-cdn.sr.se/images/2071/67dc063f-32d3-4342-b34e-6b572473a1cc.jpg,Mattias Ahlm/SR,Mellanösternkorrespondenten om avgrunden av oförsonlighet som öppnades 7 oktober 2023.
2397089,9388283,Johanna Nordström,2024-07-03,2024,Sommar,https://www.sverigesradio.se/avsnitt/2397089,https://static-cdn.sr.se/laddahem/podradio/2024/07/sommar__vinter_i_p1_johanna_nordstrom_20250821_1208327060.mp3,3203,51285619,https://static-cdn.sr.se/images/2071/9429371e-8c95-4d08-9312-77e1520b7efc.jpg,Mattias Ahlm/SR,Komikern om saknaden efter den storebror hon aldrig hann träffa.
2398425,9388688,Carl Bildt,2024-07-04,2024,Sommar,https://www.sverigesradio.se/avsnitt/2398425,https://static-cdn.sr.se/laddahem/podradio/2024/07/program_sommar_i_p1_med_carl_bildt_pod_20240703_0938366078.mp3,3701,59225767,https://static-cdn.sr.se/images/2071/f1f3ea3b-e21f-488c-8e52-2ae142ba315e.jpg,Mattias Ahlm/SR,Om hur svårt det är att bygga fred.
2397115,9383733,Jennie Walldén,2024-07-05,2024,Sommar,https://www.sverigesradio.se/avsnitt/2397115,https://static-cdn.sr.se/laddahem/podradio/2024/06/sommar__vinter_i_p1_jennie_walldn_20240628_1440447179.mp3,3899,62408581,https://static-cdn.sr.se/images/2071/a563d7ca-223b-4b2a-9ff7-71c66918b49c.jpg,Mattias Ahlm/SR,Tv-kocken om att bli lämnad av sin mamma som barn och hitta sina rötter genom maten.
2397129,9390647,Sigge Eklund,2024-07-06,2024,Sommar,https://www.sverigesradio.se/avsnitt/2397129,https://static-cdn.sr.se/laddahem/podradio/2024/07/program_sigge_eklund_podd_20240704_1322092836.mp3,4006,64108692,https://static-cdn.sr.se/images/2071/c29d889b-894e-447f-8073-d1b670e44af5.jpg,Mattias Ahlm/SR,"Poddaren om hur besöken i ett inrökt, bokfyllt rum i Gamla stan präglat hela hans liv."
2397142,9393291,Malena Ivarsson,2024-07-07,2024,Sommar,https://www.sverigesradio.se/avsnitt/2397142,https://static-cdn.sr.se/laddahem/podradio/2024/07/program_malena_ivarsson__podd_nyast_n_20240706_1853126760.mp3,3471,55550891,https://static-cdn.sr.se/images/2071/4d3abc2f-8d7c-4e37-8ce2-f109ef6a5cad.jpg,Mattias Ahlm/SR,Sexologen om en kris mitt i livet och den sista orgasmen.
2397243,9383711,"UKON, Ulf Karl Olov Nilsson",2024-07-08,2024,Sommar,https://www.sverigesradio.se/avsnitt/2397243,https://static-cdn.sr.se/laddahem/podradio/2024/06/sommar__vinter_i_p1_ukon_ulf_karl_olovnilsson_20240628_1435376401.mp3,4326,69239174,https://static-cdn.sr.se/images/2071/3560976c-ff32-4c8e-a425-3ffed6401be8.jpg,Mattias Ahlm/SR,Poeten och psykologen om barndomsglömska och en utbrytarkungs drömtrick.
2397270,9394188,Oscar Stenström,2024-07-09,2024,Sommar,https://www.sverigesradio.se/avsnitt/2397270,https://static-cdn.sr.se/laddahem/podradio/2024/07/program_sommar_i_p1_med_oscar_stenstro_20240708_0908113754.mp3,3629,58073773,https://static-cdn.sr.se/images/2071/394eb6eb-ddca-4cba-af79-e7163ffb0bbe.jpg,Mattias Ahlm/SR,Natoförhandlaren om spelet bakom Sveriges inträde i Nato.
2397295,9395069,Zećira Mušović,2024-07-10,2024,Sommar,https://www.sverigesradio.se/avsnitt/2397295,https://static-cdn.sr.se/laddahem/podradio/2024/07/program_zeira_muovi__podd_ny_20240708_1649095016.mp3,3807,60924574,https://static-cdn.sr.se/images/2071/c7ab64d8-23fe-4423-87a4-05d5ea4a29d0.jpg,Anton Silver/Andreas Svensson,Fotbollsmålvakten om ett helt liv av arbete för några sekunder i rampljuset.
2397191,9397875,Stella Österling,2024-07-11,2024,Sommar,https://www.sverigesradio.se/avsnitt/2397191,https://static-cdn.sr.se/laddahem/podradio/2024/07/program_sommar_i_p1_med_stella_sterli_20240710_1647342646.mp3,3601,57635625,https://static-cdn.sr.se/images/2071/f904256a-285d-4304-91cd-5cd2455ea00e.jpg,Mattias Ahlm/SR,"Om att bli inlåst, nedbrottad och avklädd på SiS-hemmen."
2397218,9400676,Andrev Walden,2024-07-12,2024,Sommar,https://www.sverigesradio.se/avsnitt/2397218,https://static-cdn.sr.se/laddahem/podradio/2024/07/sommar__vinter_i_p1_andrev_walden_20240712_1610547887.mp3,3630,58117700,https://static-cdn.sr.se/images/2071/f3e4eef1-808c-44c8-a84e-5ad4ab39409d.jpg,Mattias Ahlm/SR,Författaren om natten.
2397154,9394661,Sanna Sundqvist,2024-07-13,2024,Sommar,https://www.sverigesradio.se/avsnitt/2397154,https://static-cdn.sr.se/laddahem/podradio/2024/07/program_sanna_sundqvist_podd_20240708_1318284082.mp3,3542,56681751,https://static-cdn.sr.se/images/2071/2204b195-d72c-4b5a-a37f-1579ffbed514.jpg,Mattias Ahlm/SR,"Skådespelaren om konst, sprit, Downs syndrom och rädslor."
2397167,9401469,Lasse Holm,2024-07-14,2024,Sommar,https://www.sverigesradio.se/avsnitt/2397167,https://static-cdn.sr.se/laddahem/podradio/2024/07/program_lasse_holm_podd_ny_20240713_1614491262.mp3,3553,56864917,https://static-cdn.sr.se/images/2071/56486430-6beb-4e2d-8a64-25f9d6fc0165.jpg,Mattias Ahlm/SR,Artisten och låtskrivaren om musiken som blev hans räddning.
2397323,9395078,Alexander Hermansson,2024-07-15,2024,Sommar,https://www.sverigesradio.se/avsnitt/2397323,https://static-cdn.sr.se/laddahem/podradio/2024/07/program_alex_hermansson_podd_20240708_1653317979.mp3,3047,48765975,https://static-cdn.sr.se/images/2071/3772d326-1e55-4909-a3ab-bc4f54629501.jpg,Mattias Ahlm/SR,Barnprogramledaren om att gå igenom en livskris när ens jobb är att vara glad.
2397350,9402046,Lars Strannegård,2024-07-16,2024,Sommar,https://www.sverigesradio.se/avsnitt/2397350,https://static-cdn.sr.se/laddahem/podradio/2024/07/sommar__vinter_i_p1_lars_strannegard_20240714_1717106263.mp3,3351,53641878,https://static-cdn.sr.se/images/2071/d3ae48cc-d65a-419a-9f55-00a490975d11.jpg,Mattias Ahlm/SR,Handelshögskolans rektor om vikten av att människor blir mänskligare när maskiner blir smartare.
2397375,9400125,Alva Sparrevik,2024-07-17,2024,Sommar,https://www.sverigesradio.se/avsnitt/2397375,https://static-cdn.sr.se/laddahem/podradio/2024/07/program_alva_sparrevik__podd_20240712_1126035728.mp3,3632,58125208,https://static-cdn.sr.se/images/2071/002addac-8208-4ce0-a858-aaf2b68e4e3d.jpg,Mattias Ahlm/SR,Lyssnarnas Sommarvärd om att förlora sin lillebror till det meningslösa våldet.
2397403,9402454,Ayan Ahmed,2024-07-18,2024,Sommar,https://www.sverigesradio.se/avsnitt/2397403,https://static-cdn.sr.se/laddahem/podradio/2024/07/sommar__vinter_i_p1_ayan_ahmed_20240715_0925122502.mp3,3160,50595163,https://static-cdn.sr.se/images/2071/95254502-3491-46c5-8ca9-5fced6788fde.jpg,Mattias Ahlm/SR,Skådespelaren som vill förändra filmbranschen.
2397430,9407004,Olof Lundh,2024-07-19,2024,Sommar,https://www.sverigesradio.se/avsnitt/2397430,https://static-cdn.sr.se/laddahem/podradio/2024/07/sommar__vinter_i_p1_olof_lundh_20240718_1430316963.mp3,3997,63986791,https://static-cdn.sr.se/images/2071/2b8c00e2-6a73-4b95-ac0b-a6ce116674fc.jpg,Mattias Ahlm/SR,Fotbollsjournalisten om att vara Sveriges sämsta förlorare.
2397444,9409077,Josefine Jinder,2024-07-20,2024,Sommar,https://www.sverigesradio.se/avsnitt/2397444,https://static-cdn.sr.se/laddahem/podradio/2024/07/program_josefine_jinder_podd_20240719_1025236663.mp3,3084,49361943,https://static-cdn.sr.se/images/2071/2b9426ce-4658-4a28-af2f-54c86a03da8a.jpg,Mattias Ahlm/SR,Popartisten ”Little Jinder” om självhat och överlevnad.
2397458,9404017,Niklas Ekstedt,2024-07-21,2024,Sommar,https://www.sverigesradio.se/avsnitt/2397458,https://static-cdn.sr.se/laddahem/podradio/2024/07/program_niklas_ekstedt_podd_20240716_1135063528.mp3,3366,53876246,https://static-cdn.sr.se/images/2071/549a74e7-ee5f-495b-b24e-b064609b89a4.jpg,Mattias Ahlm/SR,Stjärnkocken om de fem grundsmakerna och strävan efter att vara näst bäst.
2397531,9404016,Karin Olofsdotter,2024-07-22,2024,Sommar,https://www.sverigesradio.se/avsnitt/2397531,https://static-cdn.sr.se/laddahem/podradio/2024/07/program_karin_olofsdotter_podd_ny_20240716_1133556473.mp3,3094,49515548,https://static-cdn.sr.se/images/2071/7f26a722-c080-4ee7-8200-d28fe372437e.jpg,Anton Silver,Ambassadören i Ryssland om sitt första möte med landet och den oväntade diplomatkarriär som följde.
2397558,9410040,Kristian Matsson,2024-07-23,2024,Sommar,https://www.sverigesradio.se/avsnitt/2397558,https://static-cdn.sr.se/laddahem/podradio/2024/07/program_kristian_matsson_podd_20240719_1915225223.mp3,2957,47322520,https://static-cdn.sr.se/images/2071/e6d16442-2fed-47fa-86fe-d54b0230f479.jpg,Mattias Ahlm/SR,Artisten The Tallest Man on Earth om vad han flytt ifrån de senaste femton åren.
2397583,9411722,Kenza Zouiten Subosic,2024-07-24,2024,Sommar,https://www.sverigesradio.se/avsnitt/2397583,https://static-cdn.sr.se/laddahem/podradio/2024/07/program_kenza_podd_20240722_1107282388.mp3,3197,51174413,https://static-cdn.sr.se/images/2071/3f66e4f5-ce67-4e32-809b-3600c13fdc01.jpg,Mattias Ahlm/SR,Influencern om en förlorad barndom och en pappa som valde bort henne.
2397610,9410041,Kim Söderström,2024-07-25,2024,Sommar,https://www.sverigesradio.se/avsnitt/2397610,https://static-cdn.sr.se/laddahem/podradio/2024/07/program_kim_soderstrom_podd_20240719_1916045631.mp3,3264,52235416,https://static-cdn.sr.se/images/2071/b1b0f537-7e99-4cc4-8fde-580e5800d85f.jpg,Elinor Wermeling,Byggnadsarbetaren om vad jakten på billig arbetskraft leder till.
2397506,9413277,Sofi Jeannin,2024-07-26,2024,Sommar,https://www.sverigesradio.se/avsnitt/2397506,https://static-cdn.sr.se/laddahem/podradio/2024/07/program_sofi_jeanin_podd_20240723_1421593742.mp3,3545,56728979,https://static-cdn.sr.se/images/2071/89f59ac2-bc69-41cf-a258-b54c63a2f0d8.jpg,Magdalena Martin Photography,Dirigenten om att fatta snabba beslut och följa sitt brinnande hjärta.
2397470,9410042,Stefan Larsson,2024-07-27,2024,Sommar,https://www.sverigesradio.se/avsnitt/2397470,https://static-cdn.sr.se/laddahem/podradio/2024/07/program_stefan_larsson_podd_20240719_1918519360.mp3,3287,52607126,https://static-cdn.sr.se/images/2071/4fec8de9-f5cc-4425-bdd5-7730f7f08d6d.jpg,Mattias Ahlm/SR,Teaterregissören om den största sorg en människa kan drabbas av.
2397483,9413281,Titti Schultz,2024-07-28,2024,Sommar,https://www.sverigesradio.se/avsnitt/2397483,https://static-cdn.sr.se/laddahem/podradio/2024/07/program_titti_schultz_podd_ny_20240723_1428240878.mp3,3388,54223768,https://static-cdn.sr.se/images/2071/3741846c-9bc0-430d-8462-90f8b3b7b285.jpg,Mattias Ahlm/SR,Programledaren om det udda livet som radiopratare och om de dubbla känslorna efter mammas död.
2397637,9414926,Lars Förberg,2024-07-29,2024,Sommar,https://www.sverigesradio.se/avsnitt/2397637,https://static-cdn.sr.se/laddahem/podradio/2024/07/program_lars_forberg__podd_klar_20240724_1624190584.mp3,3522,56368029,https://static-cdn.sr.se/images/2071/698cd40b-5440-45fd-8425-8093b6891799.jpg,Mattias Ahlm/SR,Finansmannen om att förändra bolag och bli mer sig själv.
2397665,9416027,Åsa Romson,2024-07-30,2024,Sommar,https://www.sverigesradio.se/avsnitt/2397665,https://static-cdn.sr.se/laddahem/podradio/2024/07/program_sa_romson__podd_20240725_1329406072.mp3,2933,46950805,https://static-cdn.sr.se/images/2071/dfcf616f-5dac-48c3-9435-ac70f190c4cf.jpg,Mattias Ahlm/SR,Doktorn i miljörätt om varför klimatpolitik är så svårt och samtidigt enklare än många tror.
2397690,9414690,Omar Alshogre,2024-07-31,2024,Sommar,https://www.sverigesradio.se/avsnitt/2397690,https://static-cdn.sr.se/laddahem/podradio/2024/07/program_omar_alshogre_podd_20240724_1411298360.mp3,4066,65066005,https://static-cdn.sr.se/images/2071/73b222c7-1d0c-4e75-9f3e-70b281ae23dd.jpg,Mattias Ahlm/SR,Människorättskämpen om att torteras för demokratin och använda traumat för att rädda andra.
2397718,9414692,Markus Torgeby,2024-08-01,2024,Sommar,https://www.sverigesradio.se/avsnitt/2397718,https://static-cdn.sr.se/laddahem/podradio/2024/07/program_markus_torgeby_podd_20240724_1411466477.mp3,3275,52415510,https://static-cdn.sr.se/images/2071/25925bb3-a391-47f2-bead-a27ed52b2ff0.jpg,Mattias Ahlm/SR,Samtidspredikanten om skogen som räddade hans liv.
2397745,9414860,Judith Kiros,2024-08-02,2024,Sommar,https://www.sverigesradio.se/avsnitt/2397745,https://static-cdn.sr.se/laddahem/podradio/2024/07/sommar__vinter_i_p1_judith_kiros_20240724_1550159863.mp3,3473,55600996,https://static-cdn.sr.se/images/2071/41e93f30-1886-49a4-b24e-fc2650119820.jpg,Mattias Ahlm/SR,Poeten om sina personliga och politiska spöken i livet.
2397759,9414694,Ebba Andersson,2024-08-03,2024,Sommar,https://www.sverigesradio.se/avsnitt/2397759,https://static-cdn.sr.se/laddahem/podradio/2024/07/program_ebba_andersson_podd_20240724_1411504176.mp3,3365,53862422,https://static-cdn.sr.se/images/2071/7a7130d1-928e-4030-8f4f-971909fd79f6.jpg,Mattias Ahlm/SR,Längdskidåkaren om livet bakom rubrikerna och vägen till medaljer.
2397772,9422944,Ia Langhammer,2024-08-04,2024,Sommar,https://www.sverigesradio.se/avsnitt/2397772,https://static-cdn.sr.se/laddahem/podradio/2024/07/program_ia_langhammer_podd_ny_20240731_1804430900.mp3,3604,57687064,https://static-cdn.sr.se/images/2071/47a56920-78b3-4f45-b8ab-3c8184b01b71.jpg,Mattias Ahlm/SR,Skådespelaren om vad som kan födas ur vanlig hederlig prokrastinering.
2398105,9423443,Amir Rostami,2024-08-05,2024,Sommar,https://www.sverigesradio.se/avsnitt/2398105,https://static-cdn.sr.se/laddahem/podradio/2024/08/program_amir_rostami_podd_ny_20240801_1006127382.mp3,3389,54245271,https://static-cdn.sr.se/images/2071/3ad923f6-ef01-4d45-baf9-9a7787b73652.jpg,Mattias Ahlm/SR,Kriminologen om hur vi kan stoppa den organiserade brottsligheten tillsammans.
2398132,9424867,Herbert Blomstedt,2024-08-06,2024,Sommar,https://www.sverigesradio.se/avsnitt/2398132,https://static-cdn.sr.se/laddahem/podradio/2024/08/program_herbert_blomstedt_podd_nyast_20240802_1110156168.mp3,3350,53620511,https://static-cdn.sr.se/images/2071/64fa254f-00a1-417b-9b30-a07c6ccbb2d6.jpg,Elinor Wermeling,Världsdirigenten om musik som uttryck för all världens känslor.
2398157,9426123,Petra Malm,2024-08-07,2024,Sommar,https://www.sverigesradio.se/avsnitt/2398157,https://static-cdn.sr.se/laddahem/podradio/2024/08/program_petra_malm_podd_20240803_1610198787.mp3,3562,57013522,https://static-cdn.sr.se/images/2071/191ae202-22c2-4de2-ba2f-2d061a009ba4.jpg,Lena Lee,Fd elitsoldaten om att pressa sig till max och att ta en plats inom mansdominerade militären.
2398184,9429462,Nathalie ”Cleo” Missaoui,2024-08-08,2024,Sommar,https://www.sverigesradio.se/avsnitt/2398184,https://static-cdn.sr.se/laddahem/podradio/2024/08/program_nathalie_missaoui_podd_ny_20240806_1845257145.mp3,4084,65361308,https://static-cdn.sr.se/images/2071/80229bc2-4cb2-47a6-9fb7-c1021fb318ef.jpg,Mattias Ahlm/SR,"Rapparen om en ödesdiger dödsolycka, rädslan att bli galen och om musik."
2398210,9426131,Jens ”Jeb” Bergensten,2024-08-09,2024,Sommar,https://www.sverigesradio.se/avsnitt/2398210,https://static-cdn.sr.se/laddahem/podradio/2024/08/program_jens_jeb_bergensten_podd_20240803_1612428726.mp3,2976,47639325,https://static-cdn.sr.se/images/2071/f5d61e66-230e-45df-a539-b748bcd8b33b.jpg,Mattias Ahlm/SR,Minecrafts designchef om hur han råkade bli ansiktet utåt för världens mest sålda dataspel.
2397795,9426134,Majgull Axelsson,2024-08-10,2024,Sommar,https://www.sverigesradio.se/avsnitt/2397795,https://static-cdn.sr.se/laddahem/podradio/2024/08/program_sommar_i_p1_med_majgull_axelss_20240803_1618137526.mp3,3646,58353320,https://static-cdn.sr.se/images/2071/ea92212b-a747-43ed-8944-dd2fa6ba55f1.jpg,Mattias Ahlm/SR,Författaren om vrede som drivkraft och hur vi sviker utsatta barn.
2397783,9429461,Matilda Djerf,2024-08-11,2024,Sommar,https://www.sverigesradio.se/avsnitt/2397783,https://static-cdn.sr.se/laddahem/podradio/2024/08/program_matilda_djerf_podd_ny_20240806_1841453777.mp3,3244,51925912,https://static-cdn.sr.se/images/2071/98606981-bc2b-4990-9754-8997ad28d43b.jpg,Mattias Ahlm/SR,Entreprenören om att inte hitta sitt sammanhang och sen skapa en plats där alla får vara med.
2397954,9432742,Alhaji Jeng,2024-08-12,2024,Sommar,https://www.sverigesradio.se/avsnitt/2397954,https://static-cdn.sr.se/laddahem/podradio/2024/08/program_alhaji_jeng_podd_ny_20240809_1134428520.mp3,4011,64191638,https://static-cdn.sr.se/images/2071/ad41b9c2-20ad-441e-ba27-25c0c61ae06e.jpg,Meddi,Friidrottsexperten om att stänga av känslorna för att orka ta sig framåt.
2397902,9430782,Arne Müller,2024-08-13,2024,Sommar,https://www.sverigesradio.se/avsnitt/2397902,https://static-cdn.sr.se/laddahem/podradio/2024/08/program_arne_mller_podd_ny_20240807_1829054767.mp3,3471,55558551,https://static-cdn.sr.se/images/2071/cfe7235d-210d-4b8f-a058-655c005cef91.jpg,Mattias Ahlm/SR,Journalisten om riskerna med den gröna omställningen och mer hoppfulla alternativ.
2397928,9436831,Caroline Ringskog Ferrada-Noli,2024-08-14,2024,Sommar,https://www.sverigesradio.se/avsnitt/2397928,https://static-cdn.sr.se/laddahem/podradio/2024/08/program_caroline_ringskog_ferrada_noli_20240813_1451144929.mp3,3518,56308518,https://static-cdn.sr.se/images/2071/b5011009-a68d-4619-91a2-7fc0149ffd40.jpg,Mattias Ahlm/SR,Författaren om det monstruösa med författarskapet och dödens hybris.
2397850,9437126,Linnéa Lindquist,2024-08-15,2024,Sommar,https://www.sverigesradio.se/avsnitt/2397850,https://static-cdn.sr.se/laddahem/podradio/2024/08/program_linna_lindquist_podd_20240813_1712539821.mp3,3383,54141209,https://static-cdn.sr.se/images/2071/e93b5503-7718-48f0-8f8f-4378c1b09588.jpg,Mattias Ahlm/SR,Rektorn om hur man vänder skolor som alla tappat hoppet om.
2397877,9432774,Niklas Natt och Dag,2024-08-16,2024,Sommar,https://www.sverigesradio.se/avsnitt/2397877,https://static-cdn.sr.se/laddahem/podradio/2024/08/program_niklas_natt_och_dag_podd_ny_20240809_1139597682.mp3,3407,54527518,https://static-cdn.sr.se/images/2071/d6a02d7e-18d9-4f87-bb26-608cbf9daf31.jpg,Mattias Ahlm/SR,Författaren om den långa och krokiga vägen till att bli utgiven.
2397824,9430785,Marcus och Martinus Gunnarsen,2024-08-17,2024,Sommar,https://www.sverigesradio.se/avsnitt/2397824,https://static-cdn.sr.se/laddahem/podradio/2024/08/program_marcus_och_martinus_podd_ny_20240807_1830310418.mp3,3274,52395550,https://static-cdn.sr.se/images/2071/bfd7731b-20b9-4f14-b3df-88072965fafc.jpg,Tim Kristensson,"Artisterna om hur sextapes, droger och sönderslagna hotellrum inte är deras grej."
2397811,9430786,Suzanne Osten,2024-08-18,2024,Sommar,https://www.sverigesradio.se/avsnitt/2397811,https://static-cdn.sr.se/laddahem/podradio/2024/08/program_suzanne_osten_podd_20240807_1833092303.mp3,4660,74574613,https://static-cdn.sr.se/images/2071/afd16af1-907c-4361-b8bd-08626eea831e.jpg,Mattias Ahlm/SR,Regissören om att göra livslust till politik och vända nej till ja.
2503937,9596917,Fredrik Lindström,2024-12-25,2024,Vinter,https://www.sverigesradio.se/avsnitt/2503937,https://static-cdn.sr.se/laddahem/podradio/2024/12/program_fredrik_lindstrom_podd_20241218_1013105679.mp3,3851,61624602,https://static-cdn.sr.se/images/2071/8fe542d3-ebfd-4b52-a51f-357ed5cff632.jpg,Mattias Ahlm/SR,Språkhistorikern om det mest intelligenta människan kan ägna sig åt – lek.
2503964,9600205,Lisa Ekdahl,2024-12-26,2024,Vinter,https://www.sverigesradio.se/avsnitt/2503964,https://static-cdn.sr.se/laddahem/podradio/2024/12/program_lisa_ekdahl_podd_20241219_1603283303.mp3,3239,51844883,https://static-cdn.sr.se/images/2071/f228e01e-54ec-4a64-958c-3ee1988b946a.jpg,Mattias Ahlm/SR,Artisten om att ta ett kaospiller och hitta något nytt.
2503995,9600209,Jan Eliasson,2024-12-27,2024,Vinter,https://www.sverigesradio.se/avsnitt/2503995,https://static-cdn.sr.se/laddahem/podradio/2024/12/program_jan_eliasson_podd_20241219_1606374729.mp3,3945,63130260,https://static-cdn.sr.se/images/2071/d8922b8a-4575-4b57-922b-934814723352.jpg,Mattias Ahlm/SR,Diplomaten om ordets kraft och magi.
2504017,9600203,Ann-Helén Laestadius,2024-12-28,2024,Vinter,https://www.sverigesradio.se/avsnitt/2504017,https://static-cdn.sr.se/laddahem/podradio/2024/12/program_annheln_laestadius_podd_ny_20241219_1604462375.mp3,3913,62623392,https://static-cdn.sr.se/images/2071/199fa9cd-81b9-4ee1-a3c2-85e2add5ba9d.jpg,Mattias Ahlm/SR,Författaren om skam och om osynliga fiender.
2504040,9674930,Tomas Sjödin,2024-12-29,2024,Vinter,https://www.sverigesradio.se/avsnitt/2504040,https://static-cdn.sr.se/laddahem/podradio/2025/02/program_tomas_sjodin_podd_ny_20250224_0919556813.mp3,3802,60841240,https://static-cdn.sr.se/images/2071/467f5f99-8812-4574-8842-b2bfa7ce162e.jpg,Mattias Ahlm/SR,Pastorn om ett trotsigt ”kanske” som visar att inget är för sent.
2509977,9596931,Alexander Mahmoud,2024-12-30,2024,Vinter,https://www.sverigesradio.se/avsnitt/2509977,https://static-cdn.sr.se/laddahem/podradio/2024/12/sommar__vinter_i_p1_alexander_mahmoud_20241218_1024178704.mp3,3585,57395721,https://static-cdn.sr.se/images/2071/5b368e20-7cc7-4a74-b8b0-11890ff91877.jpg,Mattias Ahlm/SR,"Fotografen om migration, journalistik men framför allt om blåbär."
2510009,9603809,Mischa Billing,2024-12-31,2024,Vinter,https://www.sverigesradio.se/avsnitt/2510009,https://static-cdn.sr.se/laddahem/podradio/2024/12/program_ny_mischa_billing_podd_20241223_1315044728.mp3,3066,49075865,https://static-cdn.sr.se/images/2071/40c2fd81-97ba-4a1a-a711-df9664529f0c.jpg,Mattias Ahlm/SR,Smakexperten om att melankolin är nyårsnattens bästa krydda.
2510033,9617765,Bodil Jönsson,2025-01-01,2025,Vinter,https://www.sverigesradio.se/avsnitt/2510033,https://static-cdn.sr.se/laddahem/podradio/2025/01/sommar__vinter_i_p1_bodil_jonsson_20250109_0916542278.mp3,4338,69431430,https://static-cdn.sr.se/images/2071/a367485f-19be-4a85-be5e-33c81c81391a.jpg,Mattias Ahlm/SR,Fysikern om att kunskapsförmörkelsen är på väg att tappa taget.
2578746,9804232,Petra Mede,2025-06-21,2025,Sommar,https://www.sverigesradio.se/avsnitt/2578746,https://static-cdn.sr.se/laddahem/podradio/2025/06/sommar__vinter_i_p1_petra_mede_20250621_2219568164.mp3,3546,56774503,https://static-cdn.sr.se/images/2071/209d1e85-93ca-470f-8d37-f41a03a3fa7b.jpg,Mattias Ahlm,"Komikern om romantik, bröllop, terapi och mycket mycket mer."
2578784,9804252,Johan Floderus,2025-06-22,2025,Sommar,https://www.sverigesradio.se/avsnitt/2578784,https://static-cdn.sr.se/laddahem/podradio/2025/06/program_johan_floderus_podd_20250616_1525252348.mp3,3875,62019734,https://static-cdn.sr.se/images/2071/7ef9aa00-5c43-45ea-b197-314476c8a38d.jpg,Mattias Ahlm,EU-tjänstemannen om sin tid i fångenskap som blev den ultimata prövningen.
2578956,9804478,Peter Haber,2025-06-23,2025,Sommar,https://www.sverigesradio.se/avsnitt/2578956,https://static-cdn.sr.se/laddahem/podradio/2025/06/program_peter_haber_podd_20250616_1654292508.mp3,3669,58722707,https://static-cdn.sr.se/images/2071/856dd78b-8089-4bbd-be18-778b07d2b138.jpg,Mattias Ahlm,Skådespelaren om varför han under hela sitt liv flytt in i fiktionens värld.
2578787,9804484,Alexander Ahndoril och Alexandra Coelho Ahndoril,2025-06-24,2025,Sommar,https://www.sverigesradio.se/avsnitt/2578787,https://static-cdn.sr.se/laddahem/podradio/2025/06/program_paret_ahndoril_podd_20250616_1659491329.mp3,3517,56281622,https://static-cdn.sr.se/images/2071/6c1083ab-ace0-4a40-8d02-3fe4db83705d.jpg,Mattias Ahlm,Duon bakom Lars Kepler om ett förälskat par som blir en bästsäljande författare.
2578786,9812583,Ludmila Engquist,2025-06-25,2025,Sommar,https://www.sverigesradio.se/avsnitt/2578786,https://static-cdn.sr.se/laddahem/podradio/2025/06/program_ludmila_podd_ny_rtt_20250624_1429516632.mp3,3583,57349144,https://static-cdn.sr.se/images/2071/033210f8-f89d-42a4-a0e7-6fb7f1b52fea.jpg,Mattias Ahlm,Tidigare friidrottsstjärnan om sin relation till Sverige – landet hon flydde ifrån.
2578792,9804385,Erik Thedéen,2025-06-26,2025,Sommar,https://www.sverigesradio.se/avsnitt/2578792,https://static-cdn.sr.se/laddahem/podradio/2025/06/program_erik_theden_podd_20250616_1631409329.mp3,3750,60009877,https://static-cdn.sr.se/images/2071/1d6aaad2-672a-4d01-95d1-3c9d516a4cd0.jpg,Mattias Ahlm,Riksbankschefen om hur det egentligen går till när räntan bestäms.
2578793,9806892,Dragomir Mrsic,2025-06-27,2025,Sommar,https://www.sverigesradio.se/avsnitt/2578793,https://static-cdn.sr.se/laddahem/podradio/2025/06/program_dragomir_mrsic_podd_ny_20250618_1411109791.mp3,3871,61949849,https://static-cdn.sr.se/images/2071/7d15a1f2-345a-4f32-be97-49674f3deeeb.jpg,Mattias Ahlm,Skådespelaren om den inneboende rädslan och hur han tog kontroll över den.
2578794,9806965,Linnea Wikblad,2025-06-28,2025,Sommar,https://www.sverigesradio.se/avsnitt/2578794,https://static-cdn.sr.se/laddahem/podradio/2025/06/program_linnea_wikblad_podd_20250618_1445125344.mp3,3337,53408150,https://static-cdn.sr.se/images/2071/7b67aa60-e7d9-499d-a4c1-db5104841796.jpg,Mattias Ahlm,Programledaren om en separation och att vara nyförälskad och i sorg på en och samma gång.
2578795,9804393,Klas Eriksson,2025-06-29,2025,Sommar,https://www.sverigesradio.se/avsnitt/2578795,https://static-cdn.sr.se/laddahem/podradio/2025/06/program_klas_eriksson_podd_ny_20250616_1633539589.mp3,4039,64638616,https://static-cdn.sr.se/images/2071/58665862-4a6a-48e9-8266-c4d318cd9a9c.jpg,Mattias Ahlm,Skådespelaren om förlusten av sin dotter och om vägen tillbaka till livet.
2578805,9811253,Ida Johansson,2025-06-30,2025,Sommar,https://www.sverigesradio.se/avsnitt/2578805,https://static-cdn.sr.se/laddahem/podradio/2025/06/program_ida_johansson_podd_20250623_1437291860.mp3,2980,47694613,https://static-cdn.sr.se/images/2071/39e830f3-8e1b-4b82-a559-a5d77466f648.jpg,Mattias Ahlm,Skådespelaren om sitt liv och hur det är att ha Downs syndrom idag – jämfört med förr.
2578806,9818760,Tess Olofsson,2025-07-01,2025,Sommar,https://www.sverigesradio.se/avsnitt/2578806,https://static-cdn.sr.se/laddahem/podradio/2025/06/sommar__vinter_i_p1_tess_olofsson_20250630_1432136405.mp3,3155,50513813,https://static-cdn.sr.se/images/2071/c6d3549f-d2df-4f54-b25c-a86528397a4e.jpg,Mattias Ahlm,Fotbollsdomaren om att bli den första kvinnan i svensk fotbollshistoria att döma herrar på elitnivå.
2578952,9819913,Messiah Hallberg,2025-07-02,2025,Sommar,https://www.sverigesradio.se/avsnitt/2578952,https://static-cdn.sr.se/laddahem/podradio/2025/07/program_messiah_hallberg_podd_final_fi_20250701_1215535208.mp3,3555,56896036,https://static-cdn.sr.se/images/2071/a8f8bfba-c6fb-4ada-a227-53d95c292bad.jpg,Mattias Ahlm,Komikern om förmågan att alienera sig från resten av världen.
2578953,9811257,Jana Söderberg,2025-07-03,2025,Sommar,https://www.sverigesradio.se/avsnitt/2578953,https://static-cdn.sr.se/laddahem/podradio/2025/06/program_jana_soderberg_podd_20250623_1439445431.mp3,3540,56654103,https://static-cdn.sr.se/images/2071/1d7a3d06-7188-4d5e-a752-a208fd9ccd5a.jpg,Mattias Ahlm,Föreläsaren och terapeuten om att träna sin psykiska hälsa för att möta en orolig värld.
2578954,9823286,Göran Rosenberg,2025-07-04,2025,Sommar,https://www.sverigesradio.se/avsnitt/2578954,https://static-cdn.sr.se/laddahem/podradio/2025/07/program_goran_rosenberg_podd_ny_iz_20250703_1838562008.mp3,3201,51239710,https://static-cdn.sr.se/images/2071/81a0f6cc-c6a0-46cc-b940-8f58cc3529d3.jpg,Mattias Ahlm/SR,"Författaren om sina livsresor genom Amerika, journalistiken och kärleken."
2578955,9866730,Edward af Sillén,2025-07-05,2025,Sommar,https://www.sverigesradio.se/avsnitt/2578955,https://static-cdn.sr.se/laddahem/podradio/2025/08/sommar__vinter_i_p1_edward_af_silln_20250813_1615408640.mp3,3286,52611220,https://static-cdn.sr.se/images/2071/52d09fa8-9cdc-4bcc-bd73-746782a8ec64.jpg,Mattias Ahlm,Manusförfattaren och regissören om att få folk att skratta och varför flams också är viktigt.
2578785,9811287,Felipe Leiva Wenger,2025-07-06,2025,Sommar,https://www.sverigesradio.se/avsnitt/2578785,https://static-cdn.sr.se/laddahem/podradio/2025/06/sommar__vinter_i_p1_felipe_leiva_wenger_20250623_1440405463.mp3,3241,51880062,https://static-cdn.sr.se/images/2071/942b30dd-3fef-4eef-a770-82e4e5ff779e.jpg,Mattias Ahlm,"Artisten om att söka utan karta, rita sin egen och hitta hem i sig själv."
2578957,9811288,Hania Rosenberg,2025-07-07,2025,Sommar,https://www.sverigesradio.se/avsnitt/2578957,https://static-cdn.sr.se/laddahem/podradio/2025/06/sommar__vinter_i_p1_hania_rosenberg_20250623_1441382924.mp3,3125,50036505,https://static-cdn.sr.se/images/2071/a3d6270c-2730-47dc-bac4-af897d0947d4.jpg,Mattias Ahlm,Förintelseöverlevanden om när hemstaden byter namn till Auschwitz och allt förändras i hennes familj.
2578958,9821815,Andreas Norlén,2025-07-08,2025,Sommar,https://www.sverigesradio.se/avsnitt/2578958,https://static-cdn.sr.se/laddahem/podradio/2025/07/program_andreas_norln_podd_20250702_1657124228.mp3,3994,63926679,https://static-cdn.sr.se/images/2071/0ee131a0-b36d-48c9-a110-c49bbcb0ca0f.jpg,Mattias Ahlm,"Riksdagens talman om hopp och historia, dikter och demokrati."
2578959,9820223,Anna Brandenberg,2025-07-09,2025,Sommar,https://www.sverigesradio.se/avsnitt/2578959,https://static-cdn.sr.se/laddahem/podradio/2025/07/sommar__vinter_i_p1_anna_brandenberg_20250709_0708477445.mp3,3388,54238213,https://static-cdn.sr.se/images/2071/13f79d4e-c219-4142-87c4-8f9fc2b4ba85.jpg,Mattias Ahlm,Undersköterskan om yrkesstolthet och kampen för värdighet inom hemtjänsten.
2578960,9820225,Cecilia Hagen,2025-07-10,2025,Sommar,https://www.sverigesradio.se/avsnitt/2578960,https://static-cdn.sr.se/laddahem/podradio/2025/07/program_cecilia_hagen_20250709_1413120622.mp3,3566,57070741,https://static-cdn.sr.se/images/2071/e70e204e-532c-43fa-8168-b1be35e818c0.jpg,Mattias Ahlm,Journalisten om att det är njutbart att bli gammal även när man börjar ”tantprata”.
2578961,9828759,Bitte Hammargren,2025-07-11,2025,Sommar,https://www.sverigesradio.se/avsnitt/2578961,https://static-cdn.sr.se/laddahem/podradio/2025/07/program_bitte_hammargren_podd_20250709_1254346461.mp3,3944,63115672,https://static-cdn.sr.se/images/2071/568cec43-be01-41cb-85b5-ffc3ed29f01e.jpg,Mattias Ahlm,Mellanösternanalytikern om den livslånga kärleken till en orolig region.
2578962,9820233,Pascal Engman,2025-07-12,2025,Sommar,https://www.sverigesradio.se/avsnitt/2578962,https://static-cdn.sr.se/laddahem/podradio/2025/07/sommar__vinter_i_p1_pascal_engman_20250711_1658018081.mp3,3591,57484173,https://static-cdn.sr.se/images/2071/de6589d2-cfbc-4661-826a-013de55cd141.jpg,Mattias Ahlm,Författaren om sin älskade mormor som vägrade träffa hans son och om jakten på frihet.
2578963,9825623,Eva Röse,2025-07-13,2025,Sommar,https://www.sverigesradio.se/avsnitt/2578963,https://static-cdn.sr.se/laddahem/podradio/2025/07/sommar__vinter_i_p1_eva_rose_20250712_1823573066.mp3,3833,61364104,https://static-cdn.sr.se/images/2071/c0fd99c0-edf1-4f84-85c5-302fd5cac61d.jpg,Mattias Ahlm,Skådespelaren om sina 20 år som Unicef-ambassadör och om sådant många aldrig ser.
2578964,9820237,Robin Nazari,2025-07-14,2025,Sommar,https://www.sverigesradio.se/avsnitt/2578964,https://static-cdn.sr.se/laddahem/podradio/2025/07/sommar__vinter_i_p1_robin_nazari_20250709_1703424914.mp3,3026,48439797,https://static-cdn.sr.se/images/2071/a501eb7c-08ed-4e65-ae0a-fcd6b27053b5.jpg,Mattias Ahlm,"Artisten berättar om sin uppväxt, musiken och pappan som dog i cancer."
2578965,9842620,Ida Engvoll,2025-07-15,2025,Sommar,https://www.sverigesradio.se/avsnitt/2578965,https://static-cdn.sr.se/laddahem/podradio/2025/07/sommar__vinter_i_p1_ida_engvoll_20250721_1323227233.mp3,3888,62244583,https://static-cdn.sr.se/images/2071/9dd0528f-967f-49a2-a3a3-b64e6fe5b33e.jpg,Frida Klang,Skådespelaren om stugfolket och att odla sitt bondförnuft.
2578966,9834572,Hans Grundberg,2025-07-16,2025,Sommar,https://www.sverigesradio.se/avsnitt/2578966,https://static-cdn.sr.se/laddahem/podradio/2025/07/program_hans_grundberg_podd_ny_20250715_1151464213.mp3,3315,53048345,https://static-cdn.sr.se/images/2071/ac131815-be00-4fec-a31d-33d920460856.jpg,Annika Berglund,FN-diplomaten om vad en fredsmäklare egentligen ägnar sig åt.
2578967,9820244,Robin Olovsson,2025-07-17,2025,Sommar,https://www.sverigesradio.se/avsnitt/2578967,https://static-cdn.sr.se/laddahem/podradio/2025/07/sommar__vinter_i_p1_robin_olovsson_20250716_1152295144.mp3,4116,65892621,https://static-cdn.sr.se/images/2071/75e48cf1-b6db-4e15-a257-56f09b8008d1.jpg,Mattias Ahlm,Historiepoddaren om den oberättade norrländska historien och om varför historia spelar roll.
2578968,9827757,Kateryna Kisten,2025-07-18,2025,Sommar,https://www.sverigesradio.se/avsnitt/2578968,https://static-cdn.sr.se/laddahem/podradio/2025/07/sommar__vinter_i_p1_kateryna_kisten_20250716_1204107693.mp3,3855,61707762,https://static-cdn.sr.se/images/2071/ed46d065-5c16-498d-aa2c-052f72f30f3e.jpg,Alexander Donka,Skådespelaren om hur det är att vara människa i en tid av krig.
2578969,9841216,Lotta Engberg,2025-07-19,2025,Sommar,https://www.sverigesradio.se/avsnitt/2578969,https://static-cdn.sr.se/laddahem/podradio/2025/07/program_lotta_engberg_podd_nyast_20250719_0728442565.mp3,3318,53100571,https://static-cdn.sr.se/images/2071/58709b88-d315-40c1-afdc-45334de5bca0.jpg,Meddi,Artisten om männen i sitt liv och vad de betytt för henne.
2578970,9833323,Thomas Stenström,2025-07-20,2025,Sommar,https://www.sverigesradio.se/avsnitt/2578970,https://static-cdn.sr.se/laddahem/podradio/2025/07/sommar__vinter_i_p1_thomas_stenstrom_20250718_1520598918.mp3,4251,68042223,https://static-cdn.sr.se/images/2071/42816672-33c6-4351-8af9-89168cda03c5.jpg,Mattias Ahlm,"Artisten om uppväxten i Uddevalla, ungdomsfylla och tristess."
2578971,9820246,Yvonne Hirdman,2025-07-21,2025,Sommar,https://www.sverigesradio.se/avsnitt/2578971,https://static-cdn.sr.se/laddahem/podradio/2025/07/sommar__vinter_i_p1_yvonne_hirdman_20250716_1231175087.mp3,4063,65032450,https://static-cdn.sr.se/images/2071/d467b23c-98f1-4b40-85e6-1dd1cd50a957.jpg,Mattias Ahlm,Kvinnohistorikern om kvinnorollens utveckling från efterkrigstiden fram till i dag.
2578972,9820249,Christina Nilsson,2025-07-22,2025,Sommar,https://www.sverigesradio.se/avsnitt/2578972,https://static-cdn.sr.se/laddahem/podradio/2025/07/sommar__vinter_i_p1_christina_nilsson_20250717_1533069789.mp3,3502,56058373,https://static-cdn.sr.se/images/2071/b160bf48-9472-4338-8206-086be848ba8c.jpg,Mattias Ahlm,Operasångerskan om att debutera på Metropolitan Opera i New York med en titelroll.
2578973,9827773,Anders Eriksson,2025-07-23,2025,Sommar,https://www.sverigesradio.se/avsnitt/2578973,https://static-cdn.sr.se/laddahem/podradio/2025/07/sommar__vinter_i_p1_anders_eriksson_20250718_1534216361.mp3,2991,47887987,https://static-cdn.sr.se/images/2071/4f462a2b-e4c0-4799-b2d5-0a71c817b0c0.jpg,Mattias Ahlm,Företagaren om hisnande resor och historien bakom de rosa bussarna.
2578974,9820253,Gina Dirawi,2025-07-24,2025,Sommar,https://www.sverigesradio.se/avsnitt/2578974,https://static-cdn.sr.se/laddahem/podradio/2025/07/program_gina_dirawi_podd_20250701_1529377585.mp3,3591,57478547,https://static-cdn.sr.se/images/2071/75f57bc7-24ed-486d-bd68-5e0e674d5280.jpg,Mattias Ahlm,Programledaren om en oväntad pilgrimsfärd till Mecka.
2578975,9827775,Carl Folke,2025-07-25,2025,Sommar,https://www.sverigesradio.se/avsnitt/2578975,https://static-cdn.sr.se/laddahem/podradio/2025/07/program_carl_folke_podd_20250708_1623249012.mp3,3418,54702994,https://static-cdn.sr.se/images/2071/fa4605d3-3f67-493f-98ee-7b0cc31746e5.jpg,Mattias Ahlm,Hållbarhetsforskaren om hur vi undviker planetens undergång och går mot en ljusare framtid.
2578976,9827777,Zeina Mourtada,2025-07-26,2025,Sommar,https://www.sverigesradio.se/avsnitt/2578976,https://static-cdn.sr.se/laddahem/podradio/2025/07/program_zeina_mourtada_podd_20250708_1624572151.mp3,3468,55502102,https://static-cdn.sr.se/images/2071/5319ebaa-5bc3-4ce8-9569-5754ff81ec6f.jpg,Mattias Ahlm,Matprofilen om hur mat förenade en familj som slagits itu av sorg.
2578977,9827781,Lennart Jähkel,2025-07-27,2025,Sommar,https://www.sverigesradio.se/avsnitt/2578977,https://static-cdn.sr.se/laddahem/podradio/2025/07/program_lennart_jahkel_podd_20250708_1627027416.mp3,3785,60580503,https://static-cdn.sr.se/images/2071/e1cd40d3-b83e-4c1a-86da-5c58bf59b223.jpg,Mattias Ahlm,Skådespelaren om ett liv i strålkastarljuset och leken som aldrig vill ta slut.
2578978,9827788,Henrik Berggren,2025-07-28,2025,Sommar,https://www.sverigesradio.se/avsnitt/2578978,https://static-cdn.sr.se/laddahem/podradio/2025/07/program_henrik_berggren_podd_ny_20250708_1628582839.mp3,3273,52377882,https://static-cdn.sr.se/images/2071/b8c25c4e-40f2-4d4f-ba40-36737c5d02b7.jpg,Mattias Ahlm,Historikern och författaren om varför han ägnar sig åt döda människor och förflutna händelser.
2578979,9837959,Maryam Moghaddam,2025-07-29,2025,Sommar,https://www.sverigesradio.se/avsnitt/2578979,https://static-cdn.sr.se/laddahem/podradio/2025/07/program_maryam_moghaddam_podd_ny_20250716_1326073202.mp3,3898,62392219,https://static-cdn.sr.se/images/2071/d42c9813-acaf-4379-ba66-3d9a1b4f2f56.jpeg,Behtash Sanaeeha,Svensk-iranska filmregissören ställer frågan om det är värt att riskera allt för sanningen skull.
2578980,9827790,Lars Svendsen,2025-07-30,2025,Sommar,https://www.sverigesradio.se/avsnitt/2578980,https://static-cdn.sr.se/laddahem/podradio/2025/07/sommar__vinter_i_p1_lars_svendsen_20250727_1604562543.mp3,3421,54766968,https://static-cdn.sr.se/images/2071/89452fbb-f860-4310-9d71-3e73b3aed147.jpg,Mattias Ahlm,Filosofen om att tro på hoppets kraft även när världen känns hopplös.
2578982,9850956,Fatima Jelassi,2025-07-31,2025,Sommar,https://www.sverigesradio.se/avsnitt/2578982,https://static-cdn.sr.se/laddahem/podradio/2025/07/sommar__vinter_i_p1_fatima_jelassi_20250821_1618521324.mp3,3723,59595779,https://static-cdn.sr.se/images/2071/2bc8c344-6fe0-4a07-b2e7-0c6c44ef518a.jpg,Mattias Ahlm,Artisten om en uppväxt präglad av missbruk och musiken som föddes i sprickorna.
2578983,9838022,Margrethe Vestager,2025-08-01,2025,Sommar,https://www.sverigesradio.se/avsnitt/2578983,https://static-cdn.sr.se/laddahem/podradio/2025/07/sommar__vinter_i_p1_margrethe_vestager_20250821_1613043776.mp3,3708,59365004,https://static-cdn.sr.se/images/2071/2cb51c6b-fafc-4d89-b445-8c81d7119a0f.jpg,Lina Arvidsson,Före detta EU-kommissionären om vår tids teknologi och huruvida den tjänar människan.
2578984,9827791,Karolina Ramqvist,2025-08-02,2025,Sommar,https://www.sverigesradio.se/avsnitt/2578984,https://static-cdn.sr.se/laddahem/podradio/2025/07/sommar__vinter_i_p1_karolina_ramqvist_20250821_1608198876.mp3,3373,54003979,https://static-cdn.sr.se/images/2071/5d61b432-dee3-4419-aee1-f0c46bcc0282.jpg,Annika Berglund,Författaren om varför hon inte kan sluta skriva - trots att allt redan kan vara skrivet.
2578985,9852999,Axel Åhman,2025-08-03,2025,Sommar,https://www.sverigesradio.se/avsnitt/2578985,https://static-cdn.sr.se/laddahem/podradio/2025/07/sommar__vinter_i_p1_axel_hman_20250821_1603247240.mp3,3977,63661579,https://static-cdn.sr.se/images/2071/3e26c9fe-c7b9-4b82-aefc-50c942bd1323.jpg,Annika Berglund,KAJ-medlemmen om finsk svenskhet och vägen från Österbotten till Eurovision.
2578986,9847557,Rissa Seidou,2025-08-04,2025,Sommar,https://www.sverigesradio.se/avsnitt/2578986,https://static-cdn.sr.se/laddahem/podradio/2025/07/sommar__vinter_i_p1_rissa_seidou_20250821_1601105860.mp3,3135,50192001,https://static-cdn.sr.se/images/2071/3a6d4008-9d50-42d4-9d18-68cab5d95dbc.jpg,Mattias Ahlm,Järvapolisen om ungdomarna hon sett begravas och varför hon inte tänker lämna yrket.
2578987,9827792,Bo Ekman,2025-08-05,2025,Sommar,https://www.sverigesradio.se/avsnitt/2578987,https://static-cdn.sr.se/laddahem/podradio/2025/07/sommar__vinter_i_p1_bo_ekman_20250821_1600142599.mp3,3535,56597102,https://static-cdn.sr.se/images/2071/d0cb53bf-f4ec-42aa-b1bc-4c027bac00cd.jpg,Mattias Ahlm,Näringslivsprofilen om hur vi människor ska kunna leva tillsammans med naturen.
2578989,9827796,Malin Ackermann,2025-08-06,2025,Sommar,https://www.sverigesradio.se/avsnitt/2578989,https://static-cdn.sr.se/laddahem/podradio/2025/07/sommar__vinter_i_p1_malin_ackermann_20250821_1559282089.mp3,3656,58531722,https://static-cdn.sr.se/images/2071/b93077c1-5b88-4b1c-b74d-f8f68ab10752.jpg,Mattias Ahlm,Bokhandlare i Lycksele om att kämpa för glesbygden och inse vad som är viktigt i livet.
2578990,9827798,Julia Ravanis,2025-08-07,2025,Sommar,https://www.sverigesradio.se/avsnitt/2578990,https://static-cdn.sr.se/laddahem/podradio/2025/07/sommar__vinter_i_p1_julia_ravanis_20250821_1556263680.mp3,3832,61348350,https://static-cdn.sr.se/images/2071/44f57e40-91fa-4c2a-a343-3d394a3315a5.jpg,Mattias Ahlm,Teknikhistorikern om att använda statistik för att förstå sin brors död.
2578991,9861821,Per Persson,2025-08-08,2025,Sommar,https://www.sverigesradio.se/avsnitt/2578991,https://static-cdn.sr.se/laddahem/podradio/2025/08/sommar__vinter_i_p1_per_persson_20250821_1554095795.mp3,2744,43937772,https://static-cdn.sr.se/images/2071/3f933351-448d-4c26-9bd4-fda537d62086.jpg,Frida Klang,Sångaren och basisten i Perssons Pack om livet som rockmusiker.
2578992,9855133,Jonna Sundling,2025-08-09,2025,Sommar,https://www.sverigesradio.se/avsnitt/2578992,https://static-cdn.sr.se/laddahem/podradio/2025/08/sommar__vinter_i_p1_jonna_sundling_20250821_1552410560.mp3,3384,54181391,https://static-cdn.sr.se/images/2071/c5603838-72bd-4bc4-b077-4a116e6ab55d.jpg,Darren Hamlin,Längdskidåkaren och sprintdrottningen om mentala knep för att slå världseliten.
2578993,9855143,Britt Ekland,2025-08-10,2025,Sommar,https://www.sverigesradio.se/avsnitt/2578993,https://static-cdn.sr.se/laddahem/podradio/2025/08/sommar__vinter_i_p1_britt_ekland_20250805_1702585830.mp3,3732,59746680,https://static-cdn.sr.se/images/2071/02490b49-f2e5-4cd5-9d77-27d3923b75ba.jpg,Mattias Ahlm,"Skådespelaren om hejdlös kärlek, svartsjuka makar och livet som Bondbrud."
2578994,9839273,Lotta Klemming,2025-08-11,2025,Sommar,https://www.sverigesradio.se/avsnitt/2578994,https://static-cdn.sr.se/laddahem/podradio/2025/07/sommar__vinter_i_p1_lotta_klemming_20250821_1551239353.mp3,3166,50689660,https://static-cdn.sr.se/images/2071/5169cd19-6229-4fb0-ba4e-8f2354114fc9.jpg,Meddi ,Ostrondykaren om den krångliga vägen genom livet som ledde henne till havet.
2578995,9865275,Clas Svahn,2025-08-12,2025,Sommar,https://www.sverigesradio.se/avsnitt/2578995,https://static-cdn.sr.se/laddahem/podradio/2025/08/sommar__vinter_i_p1_clas_svahn_20250821_1550510531.mp3,3397,54375300,https://static-cdn.sr.se/images/2071/3d344ed0-4ca0-47c3-b1ef-b1e35c7ed7b5.jpg,Mattias Ahlm,Journalisten och UFO-experten om det som inte går att förklara.
2578996,9864500,Mikael Wiehe,2025-08-13,2025,Sommar,https://www.sverigesradio.se/avsnitt/2578996,https://static-cdn.sr.se/laddahem/podradio/2025/08/sommar__vinter_i_p1_mikael_wiehe_20250820_1611430301.mp3,3027,48468611,https://static-cdn.sr.se/images/2071/b6b28dfb-061d-4078-b715-ede9b935f3aa.jpg,Lina Arvidsson,Artisten om att kombinera musik och politik - och om att drabbas av Alzheimers sjukdom.
2578997,9861343,Isabelle Haak,2025-08-14,2025,Sommar,https://www.sverigesradio.se/avsnitt/2578997,https://static-cdn.sr.se/laddahem/podradio/2025/08/program_isabelle_haak_podd_20250807_1837199906.mp3,3726,59640085,https://static-cdn.sr.se/images/2071/3c7ea904-5940-4568-9fdf-94e49b659245.jpg,Lina Arvidsson,Volleybollproffset om att prestera som bäst när man mår som sämst.
2578998,9827874,Aya Kanbar,2025-08-15,2025,Sommar,https://www.sverigesradio.se/avsnitt/2578998,https://static-cdn.sr.se/laddahem/podradio/2025/07/sommar__vinter_i_p1_aya_kanbar_20250708_1657504780.mp3,3528,56471932,https://static-cdn.sr.se/images/2071/dc6b15f0-170f-4f3c-8b90-339fe051d4fd.jpg,Mattias Ahlm,Poetens kärleksförklaring till Örebro och platser som betytt mycket för henne.
2578999,9869329,Ella Carlsson,2025-08-16,2025,Sommar,https://www.sverigesradio.se/avsnitt/2578999,https://static-cdn.sr.se/laddahem/podradio/2025/08/program_ella_carlsson_podd_ny_20250815_1431141534.mp3,3573,57192088,https://static-cdn.sr.se/images/2071/f272fe0a-0e8d-46ae-93ca-3a0aae807e05.jpg,Mattias Ahlm,Rymdstyrelsens generaldirektör om Sveriges plats i rymden och drömmen om Mars.
2579000,9867796,Roland Pöntinen,2025-08-17,2025,Sommar,https://www.sverigesradio.se/avsnitt/2579000,https://static-cdn.sr.se/laddahem/podradio/2025/08/sommar__vinter_i_p1_roland_pontinen_20250821_1002282625.mp3,4193,67124099,https://static-cdn.sr.se/images/2071/a1b22055-c1aa-4855-b111-e19f2198dcb0.jpg,Mattias Ahlm,Konsertpianisten om hur musiken kom in i hans liv och vart den lett honom. 
2700772,10022182,Thomas Bodström,2025-12-25,2025,Vinter,https://www.sverigesradio.se/avsnitt/2700772,https://static-cdn.sr.se/laddahem/podradio/2025/12/program_thomas_bodstrom_podd_20251222_1336359304.mp3,3535,56568472,https://static-cdn.sr.se/images/2071/52a96c6a-076e-4105-a302-88dd66b70cd1.jpg,Mattias Ahlm/SR,"Advokaten om att ljuga – något vi alla gör, men tycker illa om."
2700790,10022181,Linnea Henriksson,2025-12-26,2025,Vinter,https://www.sverigesradio.se/avsnitt/2700790,https://static-cdn.sr.se/laddahem/podradio/2025/12/program_linna_henriksson_podd_20251222_1335359913.mp3,3300,52820634,https://static-cdn.sr.se/images/2071/9c72177b-86ee-4268-8a58-2c4667e94f0b.jpg,Mattias Ahlm/SR,"Artisten öppnar ett paket fullt av kärlek, musik och dåliga beslut."
2700802,10022186,Bert Sundström,2025-12-27,2025,Vinter,https://www.sverigesradio.se/avsnitt/2700802,https://static-cdn.sr.se/laddahem/podradio/2025/12/program_bert_sundstrom_podd_ny_20251222_1338464001.mp3,3190,51064218,https://static-cdn.sr.se/images/2071/96651632-a4e5-4753-8121-831f403fc419.jpg,Mattias Ahlm/SR,"Utrikesreportern om hur man försöker hitta rätt, i världen och i livet."
2700813,10022220,Denise Rudberg,2025-12-28,2025,Vinter,https://www.sverigesradio.se/avsnitt/2700813,https://static-cdn.sr.se/laddahem/podradio/2025/12/program_denise_rudberg_podd_ny_rtt_20251222_1343163241.mp3,3521,56346143,https://static-cdn.sr.se/images/2071/e28ba28e-4971-4ecc-bf25-61a3aeb7cb21.jpg,Mattias Ahlm/SR,Författaren om livsviktig litteratur som fått henne att orka med sitt liv.
2700835,10022218,Ulf Ellervik,2025-12-29,2025,Vinter,https://www.sverigesradio.se/avsnitt/2700835,https://static-cdn.sr.se/laddahem/podradio/2025/12/program_ulf_ellervik_podd_20251222_1342337590.mp3,3696,59148564,https://static-cdn.sr.se/images/2071/9289d876-1dbc-46cc-b441-c7484cc710d5.jpg,Mattias Ahlm,Kemisten om hur vi ska göra för att sova bättre.
2700859,10022221,Dilsa Demirbag-Sten,2025-12-30,2025,Vinter,https://www.sverigesradio.se/avsnitt/2700859,https://static-cdn.sr.se/laddahem/podradio/2025/12/program_dilsa_demirbagsten_podd_klar_20251222_1344401267.mp3,3841,61472160,https://static-cdn.sr.se/images/2071/c9089698-d97b-41d5-be07-b57cbb6a6a27.jpg,Mattias Ahlm/SR,Berättarministeriets generalsekreterare om att tron på människan kan stoppa allt från att gå åt helvete.
2700884,10022222,Claes Eriksson,2025-12-31,2025,Vinter,https://www.sverigesradio.se/avsnitt/2700884,https://static-cdn.sr.se/laddahem/podradio/2025/12/program_claes_eriksson_podd_20251222_1345293181.mp3,3853,61662998,https://static-cdn.sr.se/images/2071/d4af40ba-2f07-445d-9419-4f0fd0737e59.jpg,Mattias Ahlm/SR,Komikern om det jämlika Sverige som nu är på väg i expressfart mot motsatsen.
2700899,10022223,Camilla Lif,2026-01-01,2026,Vinter,https://www.sverigesradio.se/avsnitt/2700899,https://static-cdn.sr.se/laddahem/podradio/2025/12/program_camilla_lif_podd_20251222_1344461179.mp3,3724,59605523,https://static-cdn.sr.se/images/2071/f46dbea6-91ac-402f-8e67-c4bbe2448b36.jpg,Mattias Ahlm/SR,"Prästen om hopp, och varför hon skäms över att hon tyckte att det var ett mesigt och blodfattigt ord förut."
2815462,10207184,Helena Bergström,2026-06-20,2026,Sommar,https://www.sverigesradio.se/avsnitt/2815462,https://static-cdn.sr.se/laddahem/podradio/2026/06/program_helena_bergstrom_podd_20260616_1515388871.mp3,3947,63161753,https://static-cdn.sr.se/images/2071/26c851eb-70be-4004-b06d-a7bcc792c959.jpg,,Skådespelaren om när livet stannade upp och allt blev på djupaste allvar.
2815463,10207247,Sebastian Ingrosso,2026-06-21,2026,Sommar,https://www.sverigesradio.se/avsnitt/2815463,https://static-cdn.sr.se/laddahem/podradio/2026/06/program_sebastian_ingrosso_podd_20260616_1539063279.mp3,3184,50952858,https://static-cdn.sr.se/images/2071/26c851eb-70be-4004-b06d-a7bcc792c959.jpg,,Dj:n om att fylla hålet inombords när musiken tystnar.
2815464,10208161,Martin Kragh,2026-06-22,2026,Sommar,https://www.sverigesradio.se/avsnitt/2815464,https://static-cdn.sr.se/laddahem/podradio/2026/06/program_sommar_i_p1_med_martin_kragh_p_20260617_1149035253.mp3,3762,60211492,https://static-cdn.sr.se/images/2071/26c851eb-70be-4004-b06d-a7bcc792c959.jpg,,Rysslandsexperten om utvecklingen i världspolitiken och sin tillvaro i cancerland.
2815465,10209697,Amanda Romare,2026-06-23,2026,Sommar,https://www.sverigesradio.se/avsnitt/2815465,https://static-cdn.sr.se/laddahem/podradio/2026/06/program_amanda_romare_podd_20260618_1429326974.mp3,3518,56310037,https://static-cdn.sr.se/images/2071/26c851eb-70be-4004-b06d-a7bcc792c959.jpg,,"Författaren om att plocka potatis, undvika döden och hitta sin plats på jorden."
2815466,10208407,Jonas Bonnier,2026-06-24,2026,Sommar,https://www.sverigesradio.se/avsnitt/2815466,https://static-cdn.sr.se/laddahem/podradio/2026/06/program_jonas_bonnier_podd_20260617_1431268233.mp3,3549,56800789,https://static-cdn.sr.se/images/2071/26c851eb-70be-4004-b06d-a7bcc792c959.jpg,,Författaren avslöjar en hemlighet han burit på i många år.
2815467,10208451,Jonas Gren,2026-06-25,2026,Sommar,https://www.sverigesradio.se/avsnitt/2815467,https://static-cdn.sr.se/laddahem/podradio/2026/06/program_jonas_gren_podd_20260617_1454295026.mp3,3765,60261394,https://static-cdn.sr.se/images/2071/26c851eb-70be-4004-b06d-a7bcc792c959.jpg,,Författaren om de uppkopplade apparaternas makt över våra liv och beslutet att koppla ner.
2815474,10215940,Carolina Dybeck Happe,2026-06-26,2026,Sommar,https://www.sverigesradio.se/avsnitt/2815474,https://static-cdn.sr.se/laddahem/podradio/2026/06/program_sommar_i_p1_med_carolina_dybec_20260625_1505040761.mp3,3835,61378477,https://static-cdn.sr.se/images/2071/26c851eb-70be-4004-b06d-a7bcc792c959.jpg,,Företagsledaren om att rädda ett miljardbolag och att kapprusta inom AI.
2815519,10212038,Alexander Karim,2026-06-27,2026,Sommar,https://www.sverigesradio.se/avsnitt/2815519,https://static-cdn.sr.se/laddahem/podradio/2026/06/program_alexander_karim_podd_20260622_1129336694.mp3,3997,63962775,https://static-cdn.sr.se/images/2071/26c851eb-70be-4004-b06d-a7bcc792c959.jpg,,Skådespelaren om roller han axlat och vem han ska bli i framtiden.
2815470,10213634,Ginna Lindberg,2026-06-28,2026,Sommar,https://www.sverigesradio.se/avsnitt/2815470,https://static-cdn.sr.se/laddahem/podradio/2026/06/program_ginna_lindberg_podd_20260623_1651211719.mp3,3805,60894614,https://static-cdn.sr.se/images/2071/4cc498c0-b5df-40a9-8001-c02bccad735e.jpg,Mattias Ahlm/Sveriges Radio,Utrikeskorrespondenten om att bevaka USA:s president och om ögonblicket hon aldrig glömmer.
2815471,10214451,Patrik Norqvist,2026-06-29,2026,Sommar,https://www.sverigesradio.se/avsnitt/2815471,https://static-cdn.sr.se/laddahem/podradio/2026/06/program_patrik_norqvist_podd_ny_20260624_1305342545.mp3,3263,52224282,https://static-cdn.sr.se/images/2071/26c851eb-70be-4004-b06d-a7bcc792c959.jpg,,Rymdfysikern ger svar på frågorna vi grubblat på i åratal.
2815472,10212051,Johan Eriksson,2026-06-30,2026,Sommar,https://www.sverigesradio.se/avsnitt/2815472,https://static-cdn.sr.se/laddahem/podradio/2026/06/program_johan_eriksson_podd_20260622_1133186831.mp3,3385,54178070,https://static-cdn.sr.se/images/2071/26c851eb-70be-4004-b06d-a7bcc792c959.jpg,,Försvarsadvokaten om livet på de anklagades sida.
2815473,10212052,Sarah Sheppard,2026-07-01,2026,Sommar,https://www.sverigesradio.se/avsnitt/2815473,https://static-cdn.sr.se/laddahem/podradio/2026/06/program_sommar_i_p1_med_sarah_sheppard_20260622_1135260566.mp3,3436,54996006,https://static-cdn.sr.se/images/2071/26c851eb-70be-4004-b06d-a7bcc792c959.jpg,,"Barnboksförfattaren om evolutionen, dinosaurier och en skoltrött Charles Darwin."
2815526,10214481,Maria Maunsbach,2026-07-02,2026,Sommar,https://www.sverigesradio.se/avsnitt/2815526,https://static-cdn.sr.se/laddahem/podradio/2026/06/program_maria_maunsbach_podd_ny_20260624_1329578470.mp3,3376,54027162,https://static-cdn.sr.se/images/2071/26c851eb-70be-4004-b06d-a7bcc792c959.jpg,,Författaren om familjebildning bortom det biologiska.
2815475,10220206,Ann Heberlein,2026-07-03,2026,Sommar,https://www.sverigesradio.se/avsnitt/2815475,https://static-cdn.sr.se/laddahem/podradio/2026/06/program_ann_heberlein_podd_ny_20260630_1343552122.mp3,3385,54172312,https://static-cdn.sr.se/images/2071/50af8a23-3c08-49ae-b6e4-de81832a5084.jpg,Lina Arvidsson,Författaren berättar om hur samhället svek hennes faster och undrar vem som offras idag.
2815476,10220203,Olof Wretling,2026-07-04,2026,Sommar,https://www.sverigesradio.se/avsnitt/2815476,https://static-cdn.sr.se/laddahem/podradio/2026/06/program_olof_wretling_podd_ny_20260630_1343155278.mp3,3839,61439128,https://static-cdn.sr.se/images/2071/26c851eb-70be-4004-b06d-a7bcc792c959.jpg,,Komikern om sitt dåliga omdöme och att räkna ned dagarna i sitt liv.
2815477,10219912,Marie Göranzon,2026-07-05,2026,Sommar,https://www.sverigesradio.se/avsnitt/2815477,https://static-cdn.sr.se/laddahem/podradio/2026/06/program_marie_goranzon_podd_20260630_1028307445.mp3,3505,56093463,https://static-cdn.sr.se/images/2071/26c851eb-70be-4004-b06d-a7bcc792c959.jpg,,"Skådespelaren berättar om gamla vänner, roliga situationer och så bränner hon av någonting."
2815478,10218766,Erika Bjerström,2026-07-06,2026,Sommar,https://www.sverigesradio.se/avsnitt/2815478,https://static-cdn.sr.se/laddahem/podradio/2026/06/program_erika_bjerstrom_podd_20260629_0953402934.mp3,3720,59541016,https://static-cdn.sr.se/images/2071/26c851eb-70be-4004-b06d-a7bcc792c959.jpg,,Klimatjournalisten om hur demokratins tillbakagång förstärker den globala uppvärmningen.
2815479,10225846,Behrang Safari,2026-07-07,2026,Sommar,https://www.sverigesradio.se/avsnitt/2815479,https://static-cdn.sr.se/laddahem/podradio/2026/07/program_behrang_safari_podd_ny_20260706_1638591508.mp3,3248,51981209,https://static-cdn.sr.se/images/2071/26c851eb-70be-4004-b06d-a7bcc792c959.jpg,,Före detta fotbollsspelaren om kärleken till sporten och sina två söner.
2815483,10220548,Sebastian Siemiatkowski,2026-07-08,2026,Sommar,https://www.sverigesradio.se/avsnitt/2815483,https://static-cdn.sr.se/laddahem/podradio/2026/06/program_sebastian_siemiatkowski_podd_n_20260630_1718489909.mp3,3802,60851234,https://static-cdn.sr.se/images/2071/26c851eb-70be-4004-b06d-a7bcc792c959.jpg,,Klarnas vd om att se någon man älskar långsamt gå under.
2815484,10227475,Evelyn Mok,2026-07-09,2026,Sommar,https://www.sverigesradio.se/avsnitt/2815484,https://static-cdn.sr.se/laddahem/podradio/2026/07/program_sommar_i_p1_med_evelyn_mok_pod_20260708_0957372699.mp3,3815,61058986,https://static-cdn.sr.se/images/2071/26c851eb-70be-4004-b06d-a7bcc792c959.jpg,,Komikern om vad det egentligen innebär att uppnå en dröm.
2815488,10218913,Carl Skau,2026-07-10,2026,Sommar,https://www.sverigesradio.se/avsnitt/2815488,https://static-cdn.sr.se/laddahem/podradio/2026/06/program_carl_skau_podd_20260629_1139265555.mp3,3765,60259473,https://static-cdn.sr.se/images/2071/26c851eb-70be-4004-b06d-a7bcc792c959.jpg,,Tf chefen för FN:s livsmedelsprogram om att bekämpa hunger på världens farligaste platser.
2815509,10218941,Amanda Jansson,2026-07-11,2026,Sommar,https://www.sverigesradio.se/avsnitt/2815509,https://static-cdn.sr.se/laddahem/podradio/2026/06/program_amanda_jansson_podd_20260629_1139026996.mp3,3193,51107990,https://static-cdn.sr.se/images/2071/26c851eb-70be-4004-b06d-a7bcc792c959.jpg,,"Skådespelaren om varför hon ville sluta, precis när karriären började ta fart."
2815510,10218943,Martin Modéus,2026-07-12,2026,Sommar,https://www.sverigesradio.se/avsnitt/2815510,https://static-cdn.sr.se/laddahem/podradio/2026/06/program_martin_modus_podd_20260629_1143338594.mp3,3740,59853206,https://static-cdn.sr.se/images/2071/26c851eb-70be-4004-b06d-a7bcc792c959.jpg,,Ärkebiskopen om avgörande ögonblick och kyrkans roll i en utmanande tid.
2815511,10226669,Emil Hansius,2026-07-13,2026,Sommar,https://www.sverigesradio.se/avsnitt/2815511,https://static-cdn.sr.se/laddahem/podradio/2026/07/program_emil_hansius_podd_20260707_1352286549.mp3,2941,47072148,https://static-cdn.sr.se/images/2071/26c851eb-70be-4004-b06d-a7bcc792c959.jpg,,Youtubern om något han nästan inte vågar tala om.
2815515,10226671,Ebba Kleberg von Sydow,2026-07-14,2026,Sommar,https://www.sverigesradio.se/avsnitt/2815515,https://static-cdn.sr.se/laddahem/podradio/2026/07/program_ebba_kleberg_von_sydow_podd_ny_20260707_1355238975.mp3,3931,62911393,https://static-cdn.sr.se/images/2071/26c851eb-70be-4004-b06d-a7bcc792c959.jpg,,Journalisten om att bevaka monarkier och det svenska kungliga superåret.
2815516,10226689,Bettan Byvald,2026-07-15,2026,Sommar,https://www.sverigesradio.se/avsnitt/2815516,https://static-cdn.sr.se/laddahem/podradio/2026/07/program_bettan_byvald_podd_ny_20260707_1359463738.mp3,3574,57199000,https://static-cdn.sr.se/images/2071/26c851eb-70be-4004-b06d-a7bcc792c959.jpg,,Socialarbetaren om 40 år i yrket och händelser som påverkat henne.
2815517,10230372,Elaf Ali,2026-07-16,2026,Sommar,https://www.sverigesradio.se/avsnitt/2815517,https://static-cdn.sr.se/laddahem/podradio/2026/07/program_sommar_i_p1_med_elaf_ali_podd_20260710_1701021072.mp3,3494,55925288,https://static-cdn.sr.se/images/2071/26c851eb-70be-4004-b06d-a7bcc792c959.jpg,,Journalisten om att formas av kontrollerande system och vad som händer när man slutar lyda.
2815518,10227816,Anders Rosengren,2026-07-17,2026,Sommar,https://www.sverigesradio.se/avsnitt/2815518,https://static-cdn.sr.se/laddahem/podradio/2026/07/program_sommar_i_p1_med_anders_rosengr_20260708_1413430875.mp3,3833,61345451,https://static-cdn.sr.se/images/2071/aedd2617-803b-4810-a408-11592a824c6e.jpg,Lina Arvidsson,Läkaren om varför vi lever längre men känner oss mindre levande – och hur vi når existentiell hälsa.
2815469,10227815,Jan Rippe,2026-07-18,2026,Sommar,https://www.sverigesradio.se/avsnitt/2815469,https://static-cdn.sr.se/laddahem/podradio/2026/07/program_jan_rippe_podd_ny_20260708_1412380380.mp3,3602,57654036,https://static-cdn.sr.se/images/2071/26c851eb-70be-4004-b06d-a7bcc792c959.jpg,,"Komikern om After Shave, Galenskaparna och favoritgubbar genom åren."
2815520,10234925,Ruth Kvarnström-Jones,2026-07-19,2026,Sommar,https://www.sverigesradio.se/avsnitt/2815520,https://static-cdn.sr.se/laddahem/podradio/2026/07/program_sommar_i_p1_med_ruth_kvarnstro_20260716_0915348061.mp3,3445,55133494,https://static-cdn.sr.se/images/2071/26c851eb-70be-4004-b06d-a7bcc792c959.jpg,,Författaren om ödet som ledde henne från Storbritannien till Sverige.
2815522,10235156,Iqra Idow,2026-07-20,2026,Sommar,https://www.sverigesradio.se/avsnitt/2815522,https://static-cdn.sr.se/laddahem/podradio/2026/07/program_sommar_i_p1_med_iqra_idow_podd_20260716_1159045844.mp3,3382,54130089,https://static-cdn.sr.se/images/2071/26c851eb-70be-4004-b06d-a7bcc792c959.jpg,,Siminstruktören om att våga trotsa sin egen rädsla och hjälpa andra.
2815523,10231311,Maria Sid,2026-07-21,2026,Sommar,https://www.sverigesradio.se/avsnitt/2815523,https://static-cdn.sr.se/laddahem/podradio/2026/07/sommar__vinter_i_p1_maria_sid_20260712_1907509544.mp3,3406,54523505,https://static-cdn.sr.se/images/2071/26c851eb-70be-4004-b06d-a7bcc792c959.jpg,,Skådespelaren öppnar dörren till ett pågående experiment – livet.
2815524,10231312,Robin Larmérus,2026-07-22,2026,Sommar,https://www.sverigesradio.se/avsnitt/2815524,https://static-cdn.sr.se/laddahem/podradio/2026/07/sommar__vinter_i_p1_robin_larmrus_20260712_1909124521.mp3,3558,56954242,https://static-cdn.sr.se/images/2071/26c851eb-70be-4004-b06d-a7bcc792c959.jpg,,Brandmannen och Lyssnarnas Sommarvärd om kallet att hjälpa till där det behövs.
2815525,10234119,Kajsa Ollongren,2026-07-23,2026,Sommar,https://www.sverigesradio.se/avsnitt/2815525,https://static-cdn.sr.se/laddahem/podradio/2026/07/program_sommar_i_p1_med_kajsa_ollongre_20260715_1247501067.mp3,3310,52978479,https://static-cdn.sr.se/images/2071/26c851eb-70be-4004-b06d-a7bcc792c959.jpg,,EU:s särskilda representant för mänskliga rättigheter om hur Europa ska förbli säkert – och fritt.
2815548,10248007,Sara-Vide Ericson,2026-07-24,2026,Sommar,https://www.sverigesradio.se/avsnitt/2815548,https://static-cdn.sr.se/laddahem/podradio/2026/07/program_sommar_i_p1_med_saravide_eric_20260728_1955319220.mp3,3365,53849396,https://static-cdn.sr.se/images/2071/26c851eb-70be-4004-b06d-a7bcc792c959.jpg,,Konstnären om att ge allt till måleriet.
2815547,10235158,Ewa Fröling,2026-07-25,2026,Sommar,https://www.sverigesradio.se/avsnitt/2815547,https://static-cdn.sr.se/laddahem/podradio/2026/07/program_ewa_froling_podd_20260716_1200532361.mp3,3505,56101908,https://static-cdn.sr.se/images/2071/26c851eb-70be-4004-b06d-a7bcc792c959.jpg,,Skådespelaren om hur det tagit ett helt liv att bli till.
2815529,10231313,Sven Hagströmer,2026-07-26,2026,Sommar,https://www.sverigesradio.se/avsnitt/2815529,https://static-cdn.sr.se/laddahem/podradio/2026/07/sommar__vinter_i_p1_sven_hagstromer_20260713_1838459089.mp3,4270,68344060,https://static-cdn.sr.se/images/2071/26c851eb-70be-4004-b06d-a7bcc792c959.jpg,,Finansmannen om politik och sådant som angår hela svenska folkets ekonomi.
2815530,10230366,Ebba Årsjö,2026-07-27,2026,Sommar,https://www.sverigesradio.se/avsnitt/2815530,https://static-cdn.sr.se/laddahem/podradio/2026/07/program_sommar_i_p1_med_ebba_rsjo_pod_20260710_1653029197.mp3,3345,53543724,https://static-cdn.sr.se/images/2071/356f34c6-cd42-4855-a6c8-396a64310b91.jpg,Mattias Ahlm/Sveriges Radio,Alpina skidåkaren om att ta det värsta i sitt liv och göra det till det bästa.
2815531,10246469,Andreas T Olsson,2026-07-28,2026,Sommar,https://www.sverigesradio.se/avsnitt/2815531,https://static-cdn.sr.se/laddahem/podradio/2026/07/program_sommar_i_p1_med_andreas_t_olss_20260727_1339456671.mp3,3993,63906736,https://static-cdn.sr.se/images/2071/26c851eb-70be-4004-b06d-a7bcc792c959.jpg,,"Skådespelaren och dramatikern om att födas för tidigt, för sent och mitt i sommaren."
2815532,10231314,Martin Peterson,2026-07-29,2026,Sommar,https://www.sverigesradio.se/avsnitt/2815532,https://static-cdn.sr.se/laddahem/podradio/2026/07/sommar__vinter_i_p1_martin_peterson_20260712_1910280712.mp3,3544,56736501,https://static-cdn.sr.se/images/2071/26c851eb-70be-4004-b06d-a7bcc792c959.jpg,,Filosofiprofessorn om att censureras när han undervisar i dagens USA.
2815534,10231317,Alexandra Polivanova,2026-07-30,2026,Sommar,https://www.sverigesradio.se/avsnitt/2815534,https://static-cdn.sr.se/laddahem/podradio/2026/07/sommar__vinter_i_p1_alexandra_polivanova_20260712_1911256027.mp3,3805,60917912,https://static-cdn.sr.se/images/2071/26c851eb-70be-4004-b06d-a7bcc792c959.jpg,,Mottagaren av Nobels fredspris om ryska statskontrollen och hennes kärlek till svenska barnböcker.
2815535,10231318,Elin Rombo,2026-07-31,2026,Sommar,https://www.sverigesradio.se/avsnitt/2815535,https://static-cdn.sr.se/laddahem/podradio/2026/07/sommar__vinter_i_p1_elin_rombo_20260712_1912136007.mp3,3194,51129683,https://static-cdn.sr.se/images/2071/26c851eb-70be-4004-b06d-a7bcc792c959.jpg,,Operasångerskan om musikens gudomlighet.
2815536,10231319,Kristoffer Leandoer,2026-08-01,2026,Sommar,https://www.sverigesradio.se/avsnitt/2815536,https://static-cdn.sr.se/laddahem/podradio/2026/07/sommar__vinter_i_p1_kristoffer_leandoer_20260712_1913041630.mp3,3800,60824219,https://static-cdn.sr.se/images/2071/26c851eb-70be-4004-b06d-a7bcc792c959.jpg,,Författaren om att leva i två verkligheter samtidigt och varför man aldrig ska gå först i djungeln.
2815537,10250221,Ebba Witt-Brattström,2026-08-02,2026,Sommar,https://www.sverigesradio.se/avsnitt/2815537,https://static-cdn.sr.se/laddahem/podradio/2026/07/program_sommar_i_p1_med_ebba_wittbrat_20260730_1751406510.mp3,4436,70991533,https://static-cdn.sr.se/images/2071/26c851eb-70be-4004-b06d-a7bcc792c959.jpg,,Författaren om att som barn erövra det nya landet Sverige och sudda ut krigens spår.
