wikidata_id,speaker,sr_names,episode_count,episode_ids,ages_at_episodes,wikidata_label,wikidata_description,wikipedia_url,gender,gender_id,birth_date,death_date,citizenships,citizenship_ids,occupations,occupation_ids
Q102415985,Torgny Svensson,"[""Torgny Svensson""]",1,[1348199],[40],,,,man,Q6581097,1945,2020,[],[],"[""universitetslärare"",""farmakolog""]","[""Q1622272"",""Q2114605""]"
Q1033656,Hans Alfredson,"[""Hans Alfredson""]",2,"[366689,421644]","[78,58]",,,https://sv.wikipedia.org/wiki/Hans_Alfredson,man,Q6581097,1931-06-28,2017-09-10,"[""Sverige""]","[""Q34""]","[""författare"",""skådespelare"",""manusförfattare"",""kompositör"",""komiker"",""serietecknare"",""sångtextförfattare"",""filmregissör"",""regissör""]","[""Q36180"",""Q33999"",""Q28389"",""Q36834"",""Q245068"",""Q1114448"",""Q822146"",""Q2526255"",""Q3455803""]"
Q104051241,Joel Adolphson,"[""Joel Adolphson""]",1,[761168],[24],,,https://sv.wikipedia.org/wiki/Joel_Adolphson,man,Q6581097,1992-03-26,,"[""Sverige""]","[""Q34""]","[""skådespelare"",""manusförfattare"",""komiker"",""exekutiv producent"",""regissör"",""barnboksförfattare"",""filmklippare"",""youtuber""]","[""Q33999"",""Q28389"",""Q245068"",""Q1053574"",""Q3455803"",""Q4853732"",""Q7042855"",""Q17125263""]"
Q10424735,Bahar Pars,"[""Bahar Pars""]",1,[921591],[38],,,https://sv.wikipedia.org/wiki/Bahar_Pars,kvinna,Q6581072,1979-03-28,,"[""Iran"",""Sverige""]","[""Q794"",""Q34""]","[""filmregissör"",""filmskådespelare"",""skådespelare""]","[""Q2526255"",""Q10800557"",""Q33999""]"
Q104454783,Ina Lundström,"[""Ina Lundström""]",1,[2181386],[40],,,https://sv.wikipedia.org/wiki/Ina_Lundstr%C3%B6m,kvinna,Q6581072,1983-05-11,,"[""Sverige""]","[""Q34""]","[""radioprogramledare"",""poddradioproducent""]","[""Q2722764"",""Q15077007""]"
Q104889855,Amanda Jansson,"[""Amanda Jansson""]",1,[2815509],[36],,,https://sv.wikipedia.org/wiki/Amanda_Jansson,kvinna,Q6581072,1990-04-26,,"[""Sverige""]","[""Q34""]","[""skådespelare""]","[""Q33999""]"
Q10495133,Filip Hammar,"[""Filip Hammar""]",2,"[216100,370788]","[38,32]",,,https://sv.wikipedia.org/wiki/Filip_Hammar,man,Q6581097,1975-03-26,,"[""Sverige""]","[""Q34""]","[""filmregissör"",""TV-programledare"",""manusförfattare""]","[""Q2526255"",""Q947873"",""Q28389""]"
Q10498737,Fredrik Wikingsson,"[""Fredrik Wikingsson""]",2,"[370788,387523]","[33,40]",,,https://sv.wikipedia.org/wiki/Fredrik_Wikingsson,man,Q6581097,1973-08-16,,"[""Sverige""]","[""Q34""]","[""journalist"",""filmregissör"",""TV-programledare"",""manusförfattare""]","[""Q1930187"",""Q2526255"",""Q947873"",""Q28389""]"
Q105064448,Maja Nilsson Lindelöf,"[""Maja Nilsson Lindelöf""]",1,[2181481],[29],,,https://sv.wikipedia.org/wiki/Maja_Nilsson_Lindel%C3%B6f,kvinna,Q6581072,1993-12-21,,[],[],"[""influerare""]","[""Q2906862""]"
Q10540015,Jesper Waldersten,"[""Jesper Waldersten""]",1,[1106373],[48],,,https://sv.wikipedia.org/wiki/Jesper_Waldersten,man,Q6581097,1969,,"[""Sverige""]","[""Q34""]","[""konstnär"",""illustratör""]","[""Q483501"",""Q644687""]"
Q10540960,José Luis Ramirez,"[""José Luis Ramirez""]",1,[2539688],[60],,,https://sv.wikipedia.org/wiki/Jos%C3%A9_Luis_Ramirez,man,Q6581097,1935,2024-12-25,"[""Spanien""]","[""Q29""]","[""läkare"",""filosof""]","[""Q39631"",""Q4964182""]"
Q10575340,Magnus Olsson,"[""Magnus Olsson""]",1,[390115],[53],,,https://sv.wikipedia.org/wiki/Magnus_Olsson_(havskappseglare),man,Q6581097,1949-01-04,2013-04-20,"[""Sverige""]","[""Q34""]","[""seglare""]","[""Q476246""]"
Q10583775,Michael Azar,"[""Michael Azar""]",1,[358471],[34],,,https://sv.wikipedia.org/wiki/Michael_Azar,man,Q6581097,1970,,"[""Sverige""]","[""Q34""]",[],[]
Q106193,Lars Ulrich,"[""Lars Ulrich""]",1,[743224],[52],,,https://sv.wikipedia.org/wiki/Lars_Ulrich,man,Q6581097,1963-12-26,,"[""Konungariket Danmark""]","[""Q756617""]","[""musiker"",""trumslagare"",""låtskrivare"",""kompositör""]","[""Q639669"",""Q386854"",""Q753110"",""Q36834""]"
Q106434785,Alexander Abdallah,"[""Alexander Abdallah""]",1,[1952985],[29],,,https://sv.wikipedia.org/wiki/Alexander_Abdallah,man,Q6581097,1993-04-30,,"[""Sverige""]","[""Q34""]","[""skådespelare""]","[""Q33999""]"
Q106720806,Robin Olovsson,"[""Robin Olovsson""]",1,[2578967],[39],,,https://sv.wikipedia.org/wiki/Robin_Olovsson,man,Q6581097,1985-10-16,,"[""Sverige""]","[""Q34""]","[""poddradioproducent"",""gymnasielärare""]","[""Q15077007"",""Q5758653""]"
Q10684159,Jögge Sundqvist,"[""Jögge Sundqvist""]",1,[586301],[56],,,https://sv.wikipedia.org/wiki/J%C3%B6gge_Sundqvist,man,Q6581097,1958-10-07,,"[""Sverige""]","[""Q34""]","[""konsthantverkare"",""författare"",""författare"",""tränare"",""träsnidare""]","[""Q11479517"",""Q36180"",""Q482980"",""Q3077353"",""Q6138343""]"
Q107136023,Diamant Salihu,"[""Diamant Salihu""]",1,[1952949],[38],,,https://sv.wikipedia.org/wiki/Diamant_Salihu,man,Q6581097,1983,,"[""Sverige""]","[""Q34""]","[""reporter"",""journalist""]","[""Q42909"",""Q1930187""]"
Q107315314,Hanna Wallensteen,"[""Hanna Wallensteen""]",1,[1732936],[50],,,https://sv.wikipedia.org/wiki/Hanna_Wallensteen,kvinna,Q6581072,1971-02-18,,"[""Sverige""]","[""Q34""]","[""psykolog""]","[""Q212980""]"
Q107328849,Ullakarin Nyberg,"[""Ullakarin Nyberg""]",1,[1736283],[61],,,https://sv.wikipedia.org/wiki/Ullakarin_Nyberg,kvinna,Q6581072,1960-04-23,,"[""Sverige""]","[""Q34""]","[""psykiater"",""onkolog""]","[""Q211346"",""Q16062369""]"
Q107367401,Karin Bodin,"[""Karin Bodin""]",1,[1732864],[46],,,https://sv.wikipedia.org/wiki/Karin_Bodin,kvinna,Q6581072,1974-11-13,,"[""Sverige""]","[""Q34""]","[""verkställande direktör""]","[""Q484876""]"
Q107375516,Nadim Ghazale,"[""Nadim Ghazale""]",1,[1733935],[38],,,https://sv.wikipedia.org/wiki/Nadim_Ghazale,man,Q6581097,1983-01-25,,[],[],"[""polis""]","[""Q35535""]"
Q107428344,Fredrik Steen,"[""Fredrik Steen""]",1,[1740383],[48],,,https://sv.wikipedia.org/wiki/Fredrik_Steen,man,Q6581097,1972-09-26,,"[""Sverige""]","[""Q34""]","[""hundtränare""]","[""Q1637531""]"
Q107513193,Mathilda Hofling,"[""Mathilda Hofling""]",1,[1740387],[35],,,https://sv.wikipedia.org/wiki/Mathilda_Hofling,kvinna,Q6581072,1986-04-09,,"[""Sverige""]","[""Q34""]",[],[]
Q107656705,Olga Persson,"[""Olga Persson""]",1,[1734355],[44],,,https://sv.wikipedia.org/wiki/Olga_Persson,kvinna,Q6581072,1977-05-22,,[],[],[],[]
Q107695705,Camilla Hamid,"[""Camilla Hamid""]",1,[1952953],[30],,,https://sv.wikipedia.org/wiki/Camilla_Hamid,kvinna,Q6581072,1992-03-31,,"[""Sverige""]","[""Q34""]","[""bloggare"",""kokboksförfattare""]","[""Q8246794"",""Q27431213""]"
Q1077383,Ola Salo,"[""Ola Salo""]",3,"[291180,367467,382407]","[36,32,26]",,,https://sv.wikipedia.org/wiki/Ola_Salo,man,Q6581097,1977-02-19,,"[""Sverige""]","[""Q34""]","[""skådespelare"",""kompositör"",""rocksångare"",""sångare"",""pianist"",""musiker""]","[""Q33999"",""Q36834"",""Q104218554"",""Q177220"",""Q486748"",""Q639669""]"
Q1078507,Christer Björkman,"[""Christer Björkman""]",1,[116682],[54],,,https://sv.wikipedia.org/wiki/Christer_Bj%C3%B6rkman,man,Q6581097,1957-08-25,,"[""Sverige""]","[""Q34""]","[""sångare"",""TV-programledare"",""tv-skådespelare"",""TV-producent""]","[""Q177220"",""Q947873"",""Q10798782"",""Q578109""]"
Q108040269,Nicolas Lunabba,"[""Nicolas Lunabba""]",1,[1733201],[40],,,https://sv.wikipedia.org/wiki/Nicolas_Lunabba,man,Q6581097,1981-04-06,,"[""Sverige""]","[""Q34""]","[""författare"",""författare"",""ungdomsledare"",""debattör""]","[""Q36180"",""Q482980"",""Q1605672"",""Q12307965""]"
Q1080849,Christian Lindberg,"[""Christian Lindberg""]",1,[366868],[51],,,https://sv.wikipedia.org/wiki/Christian_Lindberg,man,Q6581097,1958-02-15,,"[""Sverige""]","[""Q34""]","[""kompositör"",""dirigent"",""trombonist"",""musiker""]","[""Q36834"",""Q158852"",""Q544972"",""Q639669""]"
Q1082534,Christian von Koenigsegg,"[""Christian von Koenigsegg""]",1,[1952954],[50],,,https://sv.wikipedia.org/wiki/Christian_von_Koenigsegg,man,Q6581097,1972-07-02,,"[""Sverige""]","[""Q34""]","[""affärsidkare"",""fordonsingenjör""]","[""Q43845"",""Q48351861""]"
Q108281858,Charlotte von Essen,"[""Charlotte von Essen""]",1,[2181421],[60],,,https://sv.wikipedia.org/wiki/Charlotte_von_Essen,kvinna,Q6581072,1963-05-08,,"[""Sverige""]","[""Q34""]","[""ämbetsman"",""jurist""]","[""Q212238"",""Q185351""]"
Q108810182,Vivi Wallin,"[""Vivi Wallin""]",1,[2396918],[46],,,https://sv.wikipedia.org/wiki/Vivi_Wallin,kvinna,Q6581072,1977-07-06,,"[""Sverige""]","[""Q34""]","[""programledare"",""författare"",""influerare"",""TV-programledare"",""författare""]","[""Q94498772"",""Q482980"",""Q2906862"",""Q947873"",""Q36180""]"
Q108818816,Julia Ravanis,"[""Julia Ravanis""]",1,[2578990],[31],,,https://sv.wikipedia.org/wiki/Julia_Ravanis,kvinna,Q6581072,1993,,[],[],"[""doktorand""]","[""Q12764792""]"
Q108825806,Amat Levin,"[""Amat Levin""]",1,[1952957],[35],,,https://sv.wikipedia.org/wiki/Amat_Levin,man,Q6581097,1986-10-20,,"[""Sverige""]","[""Q34""]","[""journalist""]","[""Q1930187""]"
Q1105516,Katinka Faragó,"[""Katinka Faragó""]",1,[1077285],[81],,,https://sv.wikipedia.org/wiki/Katinka_Farag%C3%B3,kvinna,Q6581072,1936-12-16,2024-11-26,"[""Sverige"",""Österrike""]","[""Q34"",""Q40""]","[""filmproducent"",""scripta""]","[""Q3282637"",""Q1263187""]"
Q110646285,Ebba Årsjö,"[""Ebba Årsjö""]",1,[2815530],[25],,,https://sv.wikipedia.org/wiki/Ebba_%C3%85rsj%C3%B6,kvinna,Q6581072,2001-01-12,,"[""Sverige""]","[""Q34""]","[""paraalpin skidåkare""]","[""Q132041876""]"
Q1106547,Åke Falck,"[""Åke Falck""]",3,"[425087,425088,481218]","[43,49,47]",,,https://sv.wikipedia.org/wiki/%C3%85ke_Falck,man,Q6581097,1925-04-03,1974-10-12,"[""Sverige""]","[""Q34""]","[""skådespelare"",""manusförfattare"",""filmregissör"",""regissör"",""TV-programledare""]","[""Q33999"",""Q28389"",""Q2526255"",""Q3455803"",""Q947873""]"
Q111192241,Joakim Paasikivi,"[""Joakim Paasikivi""]",1,[2396891],[63],,,https://sv.wikipedia.org/wiki/Joakim_Paasikivi,man,Q6581097,1960-08-20,,"[""Finland"",""Sverige""]","[""Q33"",""Q34""]","[""militär""]","[""Q47064""]"
Q111507151,Hans Grundberg,"[""Hans Grundberg""]",1,[2578966],[48],,,https://sv.wikipedia.org/wiki/Hans_Grundberg,man,Q6581097,1977-04-29,,"[""Sverige""]","[""Q34""]","[""diplomat""]","[""Q193391""]"
Q112463258,Martin Peterson,"[""Martin Peterson""]",1,[2815532],[50],,,https://sv.wikipedia.org/wiki/Martin_Peterson_(filosof),man,Q6581097,1975,,[],[],"[""professor""]","[""Q121594""]"
Q112548132,Markus Torgeby,"[""Markus Torgeby""]",1,[2397718],[47],,,https://sv.wikipedia.org/wiki/Markus_Torgeby,man,Q6581097,1976,,[],[],"[""löpare""]","[""Q12803959""]"
Q112554088,Ruth Kvarnström-Jones,"[""Ruth Kvarnström-Jones""]",1,[2815520],[64],,,https://sv.wikipedia.org/wiki/Ruth_Kvarnstr%C3%B6m-Jones,kvinna,Q6581072,1962-04-26,,[],[],"[""sångtextförfattare"",""bloggare"",""författare""]","[""Q822146"",""Q8246794"",""Q36180""]"
Q112657761,Felicia Nestler,"[""Felicia Nestler""]",1,[1952956],[21],,,,kvinna,Q6581072,2000-07-24,,[],[],[],[]
Q112657771,Kateryna Martyniuk,"[""Kateryna Martyniuk""]",1,[1952965],[31],,,,kvinna,Q6581072,1990-08-07,,[],[],[],[]
Q112657781,Bengt Einar ”Sotarn” Johansson,"[""Bengt Einar ”Sotarn” Johansson""]",1,[1952966],[67],,,,man,Q6581097,1955-05-24,,[],[],"[""entreprenör""]","[""Q131524""]"
Q112657788,Cedwin Sandanam,"[""Cedwin Sandanam""]",1,[1952975],[41],,,https://sv.wikipedia.org/wiki/Cedwin_Sandanam,man,Q6581097,1981-01-22,,[],[],"[""körledare""]","[""Q1076502""]"
Q112657798,Emma Schols,"[""Emma Schols""]",1,[1952984],[33],,,,kvinna,Q6581072,1989-07-26,,"[""Sverige""]","[""Q34""]",[],[]
Q112657804,Susanne Dahl,"[""Susanne Dahl""]",1,[1952986],[null],,,,kvinna,Q6581072,,,"[""Sverige""]","[""Q34""]","[""präst""]","[""Q42603""]"
Q112657808,Carl Hedin,"[""Carl Hedin""]",1,[1952987],[31],,,https://sv.wikipedia.org/wiki/Carl_Hedin,man,Q6581097,1991-06-22,,"[""Sverige""]","[""Q34""]","[""ryttare""]","[""Q2730732""]"
Q112657814,Karin Stöckel,"[""Karin Stöckel""]",1,[1952996],[29],,,,kvinna,Q6581072,1992-08-22,,"[""Sverige""]","[""Q34""]","[""gruvarbetare""]","[""Q820037""]"
Q112657822,Hana Al-Khamri,"[""Hana Al-Khamri""]",1,[1952998],[35],,,https://sv.wikipedia.org/wiki/Hana_Al-Khamri,kvinna,Q6581072,1987-05-11,,[],[],"[""författare"",""journalist""]","[""Q36180"",""Q1930187""]"
Q112657847,Jacques Mwepu,"[""Jacques Mwepu""]",1,[1953002],[57],,,https://sv.wikipedia.org/wiki/Jacques_Mwepu,man,Q6581097,1965-04-10,,[],[],"[""kriminalvårdare""]","[""Q311396""]"
Q112657869,P-A Åhlén,"[""P-A Åhlén""]",1,[1953006],[50],,,,man,Q6581097,1971-11-06,,"[""Sverige""]","[""Q34""]","[""biolog""]","[""Q864503""]"
Q112729422,Maria Wolrath Söderberg,"[""Maria Wolrath Söderberg""]",1,[2181760],[56],,,https://sv.wikipedia.org/wiki/Maria_Wolrath_S%C3%B6derberg,kvinna,Q6581072,1967-06-23,,"[""Sverige""]","[""Q34""]","[""lektor"",""retor""]","[""Q1553123"",""Q361809""]"
Q113043121,Tess Olofsson,"[""Tess Olofsson""]",1,[2578806],[37],,,https://sv.wikipedia.org/wiki/Tess_Olofsson,kvinna,Q6581072,1988-01-24,,"[""Sverige""]","[""Q34""]","[""polis"",""fotbollsdomare"",""assisterande domare"",""fotbollsfunktionär""]","[""Q384593"",""Q859528"",""Q223291"",""Q38088701""]"
Q113960215,Victor Beer,"[""Victor Beer""]",1,[761168],[24],,,https://sv.wikipedia.org/wiki/Victor_Beer,man,Q6581097,1992-02-05,,"[""Sverige""]","[""Q34""]","[""youtuber"",""skådespelare"",""manusförfattare"",""komiker"",""filmproducent"",""regissör"",""barnboksförfattare""]","[""Q17125263"",""Q33999"",""Q28389"",""Q245068"",""Q3282637"",""Q3455803"",""Q4853732""]"
Q113960293,Emil Beer,"[""Emil Beer""]",1,[761168],[null],,,,,,,,[],[],[],[]
Q115388065,Marcus Wandt,"[""Marcus Wandt""]",1,[2396960],[43],,,https://sv.wikipedia.org/wiki/Marcus_Wandt,man,Q6581097,1980-09-22,,"[""Sverige"",""Norge""]","[""Q34"",""Q20""]","[""ingenjör"",""flygvapenofficer"",""stridspilot"",""rymdfarare""]","[""Q81096"",""Q19934710"",""Q1281521"",""Q11631""]"
Q115830251,Jonas Gren,"[""Jonas Gren""]",1,[2815467],[44],,,https://sv.wikipedia.org/wiki/Jonas_Gren_(f%C3%B6rfattare),man,Q6581097,1981,,"[""Sverige""]","[""Q34""]","[""författare""]","[""Q36180""]"
Q116760,Vilgot Sjöman,"[""Vilgot Sjöman""]",2,"[381770,421777]","[78,57]",,,https://sv.wikipedia.org/wiki/Vilgot_Sj%C3%B6man,man,Q6581097,1924-12-02,2006-04-09,"[""Sverige""]","[""Q34""]","[""författare"",""skådespelare"",""manusförfattare"",""filmfotograf"",""animatör"",""serietecknare"",""filmproducent"",""filmregissör"",""regissör"",""filmklippare""]","[""Q36180"",""Q33999"",""Q28389"",""Q222344"",""Q266569"",""Q715301"",""Q3282637"",""Q2526255"",""Q3455803"",""Q7042855""]"
Q116842291,Lise Tamm,"[""Lise Tamm""]",1,[2181548],[62],,,https://sv.wikipedia.org/wiki/Lise_Tamm,kvinna,Q6581072,1961-06-21,,"[""Sverige""]","[""Q34""]","[""åklagare""]","[""Q600751""]"
Q117022645,Tilde Addenbrooke,"[""Tilde Addenbrooke""]",1,[2181146],[31],,,https://sv.wikipedia.org/wiki/Tilde_Addenbrooke,kvinna,Q6581072,1992-04-12,,"[""Sverige""]","[""Q34""]","[""hjälparbetare""]","[""Q22336956""]"
Q117026670,Linnéa Lindquist,"[""Linnéa Lindquist""]",1,[2397850],[42],,,https://sv.wikipedia.org/wiki/Linn%C3%A9a_Lindquist,kvinna,Q6581072,1982-02-02,,"[""Sverige""]","[""Q34""]",[],[]
Q117258623,Matilda Djerf,"[""Matilda Djerf""]",1,[2397783],[27],,,https://sv.wikipedia.org/wiki/Matilda_Djerf,kvinna,Q6581072,1997-04-08,,"[""Sverige""]","[""Q34""]","[""entreprenör"",""influerare"",""bloggare""]","[""Q131524"",""Q2906862"",""Q8246794""]"
Q117834821,Nora Khalil,"[""Nora Khalil""]",1,[2182006],[25],,,https://sv.wikipedia.org/wiki/Nora_Khalil,kvinna,Q6581072,1997,,"[""Sverige""]","[""Q34""]","[""författare"",""lärare""]","[""Q482980"",""Q31892085""]"
Q117976252,Ellen Krauss,"[""Ellen Krauss""]",1,[2413999],[23],,,https://sv.wikipedia.org/wiki/Ellen_Krauss,kvinna,Q6581072,2000-06-26,,"[""Sverige""]","[""Q34""]","[""sångare"",""singer-songwriter""]","[""Q177220"",""Q488205""]"
Q11892509,Sarita Skagnes,"[""Sarita Skagnes""]",1,[214946],[44],,,https://sv.wikipedia.org/wiki/Sarita_Skagnes,kvinna,Q6581072,1969-01-02,,"[""Norge""]","[""Q20""]","[""författare""]","[""Q36180""]"
Q119226945,Jessie Sommarström,"[""Jessie Sommarström""]",1,[2180384],[44],,,https://sv.wikipedia.org/wiki/Jessie_Sommarstr%C3%B6m,kvinna,Q6581072,1979-05-01,,"[""Sverige""]","[""Q34""]","[""kock""]","[""Q3499072""]"
Q11959168,Aron Anderson,"[""Aron Anderson""]",1,[927236],[29],,,https://sv.wikipedia.org/wiki/Aron_Anderson,man,Q6581097,1988-01-26,,"[""Sverige""]","[""Q34""]","[""idrottare""]","[""Q2066131""]"
Q11987799,Magne Raundalen,"[""Magne Raundalen""]",1,[911965],[58],,,,man,Q6581097,1941-12-01,,"[""Norge""]","[""Q20""]","[""psykolog""]","[""Q212980""]"
Q120598724,Eva Armini,"[""Eva Armini""]",1,[2181521],[76],,,,kvinna,Q6581072,1946-09-06,,"[""Sverige""]","[""Q34""]","[""skolledare""]","[""Q120598783""]"
Q122216811,Johan Floderus,"[""Johan Floderus""]",1,[2578784],[34],,,https://sv.wikipedia.org/wiki/Johan_Floderus_(tj%C3%A4nsteman),man,Q6581097,1990-09-10,,"[""Sverige""]","[""Q34""]","[""diplomat""]","[""Q193391""]"
Q122940434,Aya Kanbar,"[""Aya Kanbar""]",1,[2578998],[20],,,https://sv.wikipedia.org/wiki/Aya_Kanbar,kvinna,Q6581072,2004-09-16,,"[""Sverige""]","[""Q34""]","[""poet""]","[""Q49757""]"
Q122965279,Emil Hansius,"[""Emil Hansius""]",1,[2815511],[31],,,https://sv.wikipedia.org/wiki/Emil_Hansius,man,Q6581097,1995-02-23,,"[""Sverige""]","[""Q34""]","[""influerare"",""youtuber""]","[""Q2906862"",""Q17125263""]"
Q12303351,Bettina Aller,"[""Bettina Aller""]",1,[911975],[38],,,https://sv.wikipedia.org/wiki/Bettina_Aller,kvinna,Q6581072,1962-06-23,,"[""Konungariket Danmark""]","[""Q756617""]","[""upptäcktsresande"",""affärsidkare""]","[""Q11900058"",""Q43845""]"
Q1236566,Robert Wells,"[""Robert Wells""]",1,[381781],[41],,,https://sv.wikipedia.org/wiki/Robert_Wells,man,Q6581097,1962-04-07,,"[""Sverige""]","[""Q34""]","[""kompositör"",""sångare"",""pianist"",""musiker""]","[""Q36834"",""Q177220"",""Q486748"",""Q639669""]"
Q12470048,Cathrine Winnes,"[""Cathrine Winnes""]",1,[1518773],[42],,,https://sv.wikipedia.org/wiki/Cathrine_Winnes,kvinna,Q6581072,1977-08-22,,"[""Norge""]","[""Q20""]","[""dirigent""]","[""Q158852""]"
Q125157405,Bettan Byvald,"[""Bettan Byvald""]",1,[2815516],[71],,,https://sv.wikipedia.org/wiki/Bettan_Byvald,kvinna,Q6581072,1954-09-01,,"[""Sverige""]","[""Q34""]","[""socionom""]","[""Q7019111""]"
Q1254792,Dragomir Mrsic,"[""Dragomir Mrsic""]",1,[2578793],[55],,,https://sv.wikipedia.org/wiki/Dragomir_Mrsic,man,Q6581097,1969-10-02,,"[""Sverige""]","[""Q34""]","[""taekwondoutövare"",""skådespelare""]","[""Q13382533"",""Q33999""]"
Q126540293,Ayan Ahmed,"[""Ayan Ahmed""]",1,[2397403],[23],,,https://sv.wikipedia.org/wiki/Ayan_Ahmed,kvinna,Q6581072,2000,,"[""Sverige""]","[""Q34""]","[""skådespelare""]","[""Q33999""]"
Q126718279,Trolle Rhodin,"[""Trolle Rhodin""]",1,[2397037],[35],,,https://sv.wikipedia.org/wiki/Trolle_Rhodin_(f%C3%B6dd_1988),man,Q6581097,1988-12-09,,"[""Sverige""]","[""Q34""]","[""cirkusdirektör""]","[""Q2384944""]"
Q127340,Linda ”Miss Li” Karlsson,"[""Linda ”Miss Li” Karlsson""]",1,[1518786],[37],,,https://sv.wikipedia.org/wiki/Miss_Li,kvinna,Q6581072,1982-07-21,,"[""Sverige""]","[""Q34""]","[""sångare"",""musikproducent"",""musiker"",""låtskrivare"",""singer-songwriter"",""skivartist""]","[""Q177220"",""Q183945"",""Q639669"",""Q753110"",""Q488205"",""Q55960555""]"
Q1273558,Eskil Pedersen,"[""Eskil Pedersen""]",1,[116694],[28],,,https://sv.wikipedia.org/wiki/Eskil_Pedersen,man,Q6581097,1984-03-06,,"[""Norge""]","[""Q20""]","[""politiker""]","[""Q82955""]"
Q127423,Victoria Silvstedt,"[""Victoria Silvstedt""]",1,[1106302],[43],,,https://sv.wikipedia.org/wiki/Victoria_Silvstedt,kvinna,Q6581072,1974-09-19,,"[""Sverige""]","[""Q34""]","[""sångare"",""musiker"",""modell"",""societetsperson"",""skönhetstävlingsdeltagare"",""playmate"",""skådespelare""]","[""Q177220"",""Q639669"",""Q4610556"",""Q512314"",""Q18581305"",""Q728711"",""Q33999""]"
Q127606559,Carl-Gustaf Wachtmeister,"[""Carl-Gustaf Wachtmeister""]",1,[126287],[null],,,,man,Q6581097,1683-08-29,1697-10-10,"[""Sverige""]","[""Q34""]",[],[]
Q127867931,Kim Söderström,"[""Kim Söderström""]",1,[2397610],[49],,,https://sv.wikipedia.org/wiki/Kim_S%C3%B6derstr%C3%B6m,man,Q6581097,1975-05-16,,"[""Sverige""]","[""Q34""]","[""fackföreningsperson""]","[""Q15627169""]"
Q131564399,Carl Skau,"[""Carl Skau""]",1,[2815488],[48],,,https://sv.wikipedia.org/wiki/Carl_Skau,man,Q6581097,1977-11-02,,[],[],"[""diplomat""]","[""Q193391""]"
Q132154,Amy Deasismont,"[""Amy Deasismont""]",1,[1952994],[30],,,https://sv.wikipedia.org/wiki/Amy_Deasismont,kvinna,Q6581072,1992-04-15,,"[""Sverige""]","[""Q34""]","[""sångare"",""regissör"",""konståkare"",""skådespelare"",""manusförfattare""]","[""Q177220"",""Q3455803"",""Q13219587"",""Q33999"",""Q28389""]"
Q1329502,Elin Rombo,"[""Elin Rombo""]",1,[2815535],[50],,,https://sv.wikipedia.org/wiki/Elin_Rombo,kvinna,Q6581072,1976-01-29,,"[""Sverige""]","[""Q34""]","[""musiker"",""operasångare""]","[""Q639669"",""Q2865819""]"
Q133502894,Ella Carlsson,"[""Ella Carlsson""]",1,[2578999],[53],,,https://sv.wikipedia.org/wiki/Ella_Carlsson,kvinna,Q6581072,1972-01-01,,"[""Sverige""]","[""Q34""]","[""överste"",""generaldirektör""]","[""Q104680"",""Q1501800""]"
Q1339383,Jonas Karlsson,"[""Jonas Karlsson""]",2,"[359355,1733008]","[34,50]",,,https://sv.wikipedia.org/wiki/Jonas_Karlsson_(sk%C3%A5despelare),man,Q6581097,1971-03-11,,"[""Sverige""]","[""Q34""]","[""författare"",""skådespelare"",""dramatiker"",""regissör"",""filmskådespelare""]","[""Q36180"",""Q33999"",""Q214917"",""Q3455803"",""Q10800557""]"
Q13423853,Felix ”PewDiePie” Kjellberg,"[""Felix ”PewDiePie” Kjellberg""]",1,[412763],[24],,,https://sv.wikipedia.org/wiki/Pewdiepie,man,Q6581097,1989-10-24,,"[""Sverige""]","[""Q34""]","[""Japanentusiast"",""internetpersonlighet"",""youtuber"",""TV-producent"",""gamer"",""författare""]","[""Q116186044"",""Q2045208"",""Q17125263"",""Q578109"",""Q5276395"",""Q36180""]"
Q1343639,Henrik Stenson,"[""Henrik Stenson""]",1,[407761],[38],,,https://sv.wikipedia.org/wiki/Henrik_Stenson,man,Q6581097,1976-04-05,,"[""Sverige""]","[""Q34""]","[""golfspelare""]","[""Q11303721""]"
Q1345624,Anders Wendin,"[""Anders Wendin""]",1,[358454],[30],,,https://sv.wikipedia.org/wiki/Moneybrother,man,Q6581097,1975-03-16,,"[""Sverige""]","[""Q34""]","[""kompositör"",""sångare"",""musiker""]","[""Q36834"",""Q177220"",""Q639669""]"
Q134588381,Anders Eriksson,"[""Anders Eriksson""]",1,[2578973],[82],,,https://sv.wikipedia.org/wiki/Anders_Eriksson_(researrang%C3%B6r),man,Q6581097,1943-03-26,,[],[],"[""reseagent""]","[""Q2141946""]"
Q1345960,Josef Fares,"[""Josef Fares""]",2,"[386299,1952964]","[23,44]",,,https://sv.wikipedia.org/wiki/Josef_Fares,man,Q6581097,1977-09-19,,"[""Libanon"",""Sverige""]","[""Q822"",""Q34""]","[""skådespelare"",""manusförfattare"",""filmregissör"",""regissör"",""speldesigner""]","[""Q33999"",""Q28389"",""Q2526255"",""Q3455803"",""Q3630699""]"
Q134880033,Ida Johansson,"[""Ida Johansson""]",1,[2578805],[null],,,https://sv.wikipedia.org/wiki/Ida_Johansson,kvinna,Q6581072,,,"[""Sverige""]","[""Q34""]","[""skådespelare""]","[""Q33999""]"
Q134885622,Rissa Seidou,"[""Rissa Seidou""]",1,[2578986],[50],,,https://sv.wikipedia.org/wiki/Rissa_Seidou,kvinna,Q6581072,1974,,[],[],"[""TV-personlighet"",""polis""]","[""Q44508716"",""Q384593""]"
Q134885814,Malin Ackermann,"[""Malin Ackermann""]",1,[2578989],[55],,,https://sv.wikipedia.org/wiki/Malin_Ackermann,kvinna,Q6581072,1969-09-30,,[],[],"[""krönikör"",""författare""]","[""Q1086863"",""Q36180""]"
Q134886198,Jana Söderberg,"[""Jana Söderberg""]",2,"[369190,2578953]","[40,57]",,,https://sv.wikipedia.org/wiki/Jana_S%C3%B6derberg,kvinna,Q6581072,1968-03-12,,"[""Sverige""]","[""Q34""]","[""föreläsare"",""författare""]","[""Q9379869"",""Q36180""]"
Q134940289,Hania Rosenberg,"[""Hania Rosenberg""]",1,[2578957],[90],,,https://sv.wikipedia.org/wiki/Hania_Rosenberg,kvinna,Q6581072,1934-12-11,,"[""Sverige""]","[""Q34""]",[],[]
Q134943644,Anna Brandenberg,"[""Anna Brandenberg""]",1,[2578959],[49],,,https://sv.wikipedia.org/wiki/Anna_Brandenberg,kvinna,Q6581072,1976-04-03,,"[""Sverige""]","[""Q34""]","[""undersköterska""]","[""Q1078096""]"
Q135000144,Robin Nazari,"[""Robin Nazari""]",1,[2578964],[27],,,https://sv.wikipedia.org/wiki/Robin_Nazari,man,Q6581097,1997-10-03,,[],[],"[""musiker"",""skådespelare""]","[""Q639669"",""Q33999""]"
Q1351128,Eric Bibb,"[""Eric Bibb""]",1,[364503],[57],,,https://sv.wikipedia.org/wiki/Eric_Bibb,man,Q6581097,1951-08-16,,"[""USA""]","[""Q30""]","[""musiker"",""gitarrist"",""singer-songwriter"",""bluesmusiker""]","[""Q639669"",""Q855091"",""Q488205"",""Q42303786""]"
Q135272732,Amanda Romare,"[""Amanda Romare""]",1,[2815465],[37],,,https://sv.wikipedia.org/wiki/Amanda_Romare,kvinna,Q6581072,1989-03-24,,[],[],"[""författare""]","[""Q36180""]"
Q1352858,Joakim Pirinen,"[""Joakim Pirinen""]",1,[597894],[40],,,https://sv.wikipedia.org/wiki/Joakim_Pirinen,man,Q6581097,1961-05-28,,"[""Sverige""]","[""Q34""]","[""författare"",""serietecknare"",""illustratör"",""dramaturg"",""serieförfattare""]","[""Q36180"",""Q715301"",""Q644687"",""Q487596"",""Q11892507""]"
Q1360483,Sven-Bertil Taube,"[""Sven-Bertil Taube""]",3,"[421642,672683,2508577]","[57,65,38]",,,https://sv.wikipedia.org/wiki/Sven-Bertil_Taube,man,Q6581097,1934-11-24,2022-11-11,"[""Sverige""]","[""Q34""]","[""skådespelare"",""sångare"",""musiker"",""filmskådespelare"",""scenskådespelare""]","[""Q33999"",""Q177220"",""Q639669"",""Q10800557"",""Q2259451""]"
Q1362037,Ola Håkansson,"[""Ola Håkansson""]",1,[419174],[56],,,https://sv.wikipedia.org/wiki/Ola_H%C3%A5kansson,man,Q6581097,1945-03-24,,"[""Sverige""]","[""Q34""]","[""skådespelare"",""manusförfattare"",""kompositör"",""sångare"",""musikproducent"",""sångtextförfattare""]","[""Q33999"",""Q28389"",""Q36834"",""Q177220"",""Q183945"",""Q822146""]"
Q1366902,Thomas Hylland Eriksen,"[""Thomas Hylland Eriksen""]",1,[389085],[40],,,https://sv.wikipedia.org/wiki/Thomas_Hylland_Eriksen,man,Q6581097,1962-02-06,2024-11-27,"[""Norge""]","[""Q20""]","[""universitetslärare"",""fackboksförfattare"",""socialantropolog"",""författare""]","[""Q1622272"",""Q15980158"",""Q66581878"",""Q36180""]"
Q1370238,Lars Jonsson,"[""Lars Jonsson""]",1,[112183],[57],,,https://sv.wikipedia.org/wiki/Lars_Jonsson_(konstn%C3%A4r),man,Q6581097,1952-10-22,,"[""Sverige""]","[""Q34""]","[""illustratör"",""biolog"",""målare"",""ornitolog"",""växtillustratör""]","[""Q644687"",""Q864503"",""Q1028181"",""Q1225716"",""Q3148760""]"
Q1373742,Johan Renck,"[""Johan Renck""]",1,[757763],[49],,,https://sv.wikipedia.org/wiki/Johan_Renck,man,Q6581097,1966-12-05,,"[""Sverige""]","[""Q34""]","[""musikproducent"",""musiker"",""filmregissör"",""regissör"",""musikvideoregissör"",""kompositör"",""sångare""]","[""Q183945"",""Q639669"",""Q2526255"",""Q3455803"",""Q2340668"",""Q36834"",""Q177220""]"
Q1377810,Thomas Nordahl,"[""Thomas Nordahl""]",1,[651338],[55],,,https://sv.wikipedia.org/wiki/Thomas_Nordahl,man,Q6581097,1946-05-24,,"[""Sverige""]","[""Q34""]","[""fotbollsspelare"",""fotbollstränare"",""TV-programledare""]","[""Q937857"",""Q628099"",""Q947873""]"
Q1378879,Povel Ramel,"[""Povel Ramel""]",3,"[416870,416898,2540684]","[76,63,53]",,,https://sv.wikipedia.org/wiki/Povel_Ramel,man,Q6581097,1922-06-01,2007-06-05,"[""Sverige""]","[""Q34""]","[""filmproducent"",""filmskådespelare"",""tv-skådespelare"",""underhållare"",""mecenat"",""skådespelare"",""manusförfattare"",""kompositör"",""filmmanusförfattare"",""TV-författare"",""sångare"",""pianist"",""låtskrivare""]","[""Q3282637"",""Q10800557"",""Q10798782"",""Q138858"",""Q15472169"",""Q33999"",""Q28389"",""Q36834"",""Q69423232"",""Q73306227"",""Q177220"",""Q486748"",""Q753110""]"
Q1384021,Tage Danielsson,"[""Tage Danielsson""]",6,"[405701,405896,405897,479157,632264,632352]","[39,42,54,43,52,45]",,,https://sv.wikipedia.org/wiki/Tage_Danielsson,man,Q6581097,1928-02-05,1985-10-13,"[""Sverige""]","[""Q34""]","[""komiker"",""filmregissör"",""radioprogramledare"",""författare"",""skådespelare"",""manusförfattare"",""poet""]","[""Q245068"",""Q2526255"",""Q2722764"",""Q36180"",""Q33999"",""Q28389"",""Q49757""]"
Q1384492,Lars Winnerbäck,"[""Lars Winnerbäck""]",2,"[369184,403730]","[32,24]",,,https://sv.wikipedia.org/wiki/Lars_Winnerb%C3%A4ck,man,Q6581097,1975-10-19,,"[""Sverige""]","[""Q34""]","[""sångare"",""låtskrivare"",""kompositör""]","[""Q177220"",""Q753110"",""Q36834""]"
Q1384731,Michael B. Tretow,"[""Michael B. Tretow""]",2,"[651337,722477]","[56,41]",,,https://sv.wikipedia.org/wiki/Michael_B._Tretow,man,Q6581097,1944-08-20,2025-05-20,"[""Sverige""]","[""Q34""]","[""ingenjör"",""musikproducent"",""ljudtekniker"",""ljudingenjör"",""kompositör""]","[""Q81096"",""Q183945"",""Q2442329"",""Q128124"",""Q36834""]"
Q13855693,Micael Bydén,"[""Micael Bydén""]",1,[1518767],[56],,,https://sv.wikipedia.org/wiki/Micael_Byd%C3%A9n,man,Q6581097,1964-06-13,,"[""Sverige""]","[""Q34""]","[""pilot"",""militär""]","[""Q2095549"",""Q47064""]"
Q1387851,Kay Pollak,"[""Kay Pollak""]",1,[359914],[66],,,https://sv.wikipedia.org/wiki/Kay_Pollak,man,Q6581097,1938,,"[""Sverige""]","[""Q34""]","[""filmproducent"",""statistiker"",""filmregissör"",""regissör"",""manusförfattare""]","[""Q3282637"",""Q2732142"",""Q2526255"",""Q3455803"",""Q28389""]"
Q1390970,Gustaf Norén,"[""Gustaf Norén""]",1,[234554],[32],,,https://sv.wikipedia.org/wiki/Gustaf_Nor%C3%A9n,man,Q6581097,1981-02-01,,"[""Sverige""]","[""Q34""]","[""sångare""]","[""Q177220""]"
Q139178496,Günter Graffenberger,"[""Günter Graffenberger""]",1,[368179],[79],,,,man,Q6581097,1929,,[],[],"[""journalist""]","[""Q1930187""]"
Q1395864,Lisbet Rausing,"[""Lisbet Rausing""]",1,[216126],[53],,,https://sv.wikipedia.org/wiki/Lisbet_Rausing,kvinna,Q6581072,1960-06-09,,"[""Sverige""]","[""Q34""]","[""historiker"",""filantrop"",""vetenskapshistoriker""]","[""Q201788"",""Q12362622"",""Q16063546""]"
Q1397014,Mustafa Mohamed,"[""Mustafa Mohamed""]",1,[1518804],[41],,,https://sv.wikipedia.org/wiki/Mustafa_Mohamed,man,Q6581097,1979-03-01,,"[""Sverige"",""Somalia""]","[""Q34"",""Q1045""]","[""friidrottare"",""maratonlöpare""]","[""Q11513337"",""Q13382460""]"
Q1398697,Jan Myrdal,"[""Jan Myrdal""]",2,"[419225,2673486]","[73,72]",,,https://sv.wikipedia.org/wiki/Jan_Myrdal,man,Q6581097,1927-07-19,2020-10-30,"[""Sverige""]","[""Q34""]","[""journalist"",""filmregissör"",""författare""]","[""Q1930187"",""Q2526255"",""Q36180""]"
Q1398777,Fred Åkerström,"[""Fred Åkerström""]",1,[421774],[45],,,https://sv.wikipedia.org/wiki/Fred_%C3%85kerstr%C3%B6m,man,Q6581097,1937-01-27,1985-08-09,"[""Sverige""]","[""Q34""]","[""sångare"",""låtskrivare"",""Singer-songwriter i tysk kultur"",""skådespelare"",""skivartist""]","[""Q177220"",""Q753110"",""Q956365"",""Q33999"",""Q55960555""]"
Q140158147,Alexandra Polivanova,"[""Alexandra Polivanova""]",1,[2815534],[null],,,https://sv.wikipedia.org/wiki/Alexandra_Polivanova,kvinna,Q6581072,,,[],[],"[""översättare"",""historiker"",""människorättsförsvarare""]","[""Q333634"",""Q201788"",""Q1476215""]"
Q140750608,Iqra Idow,"[""Iqra Idow""]",1,[2815522],[27],,,,kvinna,Q6581072,1998,,[],[],"[""entreprenör"",""simlärare""]","[""Q131524"",""Q2402767""]"
Q140811931,Örn Lindstrand,"[""Örn Lindstrand""]",1,[2498747],[52],,,,man,Q6581097,1944,2024-04,[],[],"[""journalist""]","[""Q1930187""]"
Q140812047,Rolf Sandberg,"[""Rolf Sandberg""]",1,[43602],[null],,,,man,Q6581097,,,[],[],"[""polis""]","[""Q384593""]"
Q140812048,Richard Holmgren,"[""Richard Holmgren""]",1,[597462],[null],,,,man,Q6581097,,,[],[],"[""arkeolog""]","[""Q3621491""]"
Q140812049,Anna Liljequist,"[""Anna Liljequist""]",1,[358467],[null],,,,kvinna,Q6581072,,,[],[],"[""etnolog""]","[""Q1371378""]"
Q140812050,Per Öberg,"[""Per Öberg""]",1,[359929],[null],,,,man,Q6581097,,,[],[],"[""sjuksköterska""]","[""Q186360""]"
Q140812051,Peter Martinsson,"[""Peter Martinsson""]",1,[371174],[null],,,,man,Q6581097,,,[],[],"[""administratör""]","[""Q16532929""]"
Q140812052,Sophie Dow,"[""Sophie Dow""]",1,[371365],[54],,,,kvinna,Q6581072,1953-06,,[],[],"[""journalist"",""författare""]","[""Q1930187"",""Q36180""]"
Q140812053,Håkan Nilsson,"[""Håkan Nilsson""]",1,[322826],[null],,,,man,Q6581097,,,[],[],"[""musiker""]","[""Q639669""]"
Q140812054,Lars Förberg,"[""Lars Förberg""]",1,[2397637],[58],,,,man,Q6581097,1965-11-30,,[],[],"[""investerare""]","[""Q557880""]"
Q140812072,Hooja,"[""Hooja""]",1,[2180462],[31],,,,man,Q6581097,1991-12-23,,"[""Sverige""]","[""Q34""]","[""musiker""]","[""Q639669""]"
Q140812073,Mårdis,"[""Mårdis""]",1,[2180462],[31],,,,man,Q6581097,1991-07-29,,"[""Sverige""]","[""Q34""]","[""musiker"",""diskjockey""]","[""Q639669"",""Q130857""]"
Q140813331,Michael Ekeblad,"[""Michael Ekeblad""]",1,[911956],[null],,,,man,Q6581097,,,[],[],[],[]
Q140813332,Asrin Mohamadi,"[""Asrin Mohamadi""]",1,[911959],[null],,,,kvinna,Q6581072,,,[],[],[],[]
Q140813333,Nina Muhonen,"[""Nina Muhonen""]",1,[911979],[null],,,,kvinna,Q6581072,,,[],[],[],[]
Q140813334,Anneli Kråik,"[""Anneli Kråik""]",1,[651334],[26],,,,kvinna,Q6581072,1975-05-22,,[],[],"[""författare""]","[""Q36180""]"
Q140813335,Petra Ulmanen,"[""Petra Ulmanen""]",1,[389080],[null],,,,kvinna,Q6581072,,,[],[],"[""journalist""]","[""Q1930187""]"
Q140813336,Johanna Almer,"[""Johanna Almer""]",1,[381771],[null],,,,kvinna,Q6581072,,,[],[],"[""präst""]","[""Q42603""]"
Q140813337,Yngve Bergquist,"[""Yngve Bergquist""]",1,[381772],[null],,,,man,Q6581097,,,[],[],"[""affärsidkare""]","[""Q43845""]"
Q140813338,Edna Eriksson,"[""Edna Eriksson""]",1,[382820],[30],,,,kvinna,Q6581072,1973-02-04,,[],[],"[""journalist""]","[""Q1930187""]"
Q140813339,Emina Merdzanic,"[""Emina Merdzanic""]",1,[324410],[null],,,,kvinna,Q6581072,,,[],[],[],[]
Q140813340,Sari Nykvist,"[""Sari Nykvist""]",1,[359920],[null],,,,kvinna,Q6581072,,,[],[],"[""journalist""]","[""Q1930187""]"
Q140813341,Greger Hagelin,"[""Greger Hagelin""]",1,[362946],[42],,,,man,Q6581097,1963-07-23,,[],[],"[""affärsidkare""]","[""Q43845""]"
Q140813342,Louise Bjurwill,"[""Louise Bjurwill""]",1,[363996],[null],,,,kvinna,Q6581072,,,[],[],"[""advokat""]","[""Q40348""]"
Q140813343,Anna-Karin Gauding,"[""Anna-Karin Gauding""]",1,[370529],[null],,,,kvinna,Q6581072,,,[],[],[],[]
Q140813344,Nils Simonson,"[""Nils Simonson""]",1,[369502],[null],,,,man,Q6581097,,,[],[],"[""kirurg""]","[""Q774306""]"
Q140813345,Tina Jansson,"[""Tina Jansson""]",1,[112099],[null],,,,kvinna,Q6581072,,,[],[],"[""lärare""]","[""Q37226""]"
Q140813346,Göran Gudmundsson,"[""Göran Gudmundsson""]",1,[126291],[43],,,,man,Q6581097,1967-08-05,,[],[],[],[]
Q140813347,Monika Nyström,"[""Monika Nyström""]",1,[57660],[55],,,,kvinna,Q6581072,1956-05-04,,[],[],"[""lärare""]","[""Q37226""]"
Q140813348,Ann Olivecrona,"[""Ann Olivecrona""]",1,[56606],[60],,,,kvinna,Q6581072,1951-04-14,,[],[],"[""zoolog""]","[""Q350979""]"
Q140813349,Sebastian Kirppu,"[""Sebastian Kirppu""]",1,[400162],[41],,,,man,Q6581097,1973-02-19,,[],[],"[""biolog""]","[""Q864503""]"
Q140813350,"Stefan, pappa till Ebba","[""Stefan, pappa till Ebba""]",1,[1077281],[null],,,,man,Q6581097,,,[],[],[],[]
Q140813351,Stella Österling,"[""Stella Österling""]",1,[2397191],[23],,,,kvinna,Q6581072,2000-08-22,,[],[],[],[]
Q140813352,Alva Sparrevik,"[""Alva Sparrevik""]",1,[2397375],[22],,,,kvinna,Q6581072,2002-05-23,,[],[],[],[]
Q140813353,Lotta Klemming,"[""Lotta Klemming""]",1,[2578994],[36],,,,kvinna,Q6581072,1989-07-04,,[],[],[],[]
Q140813354,Robin Larmérus,"[""Robin Larmérus""]",1,[2815524],[39],,,,man,Q6581097,1987-02-01,,"[""Sverige""]","[""Q34""]","[""Hamlyns markatta""]","[""Q1077117""]"
Q14155798,Fredrik Backman,"[""Fredrik Backman""]",1,[921590],[36],,,https://sv.wikipedia.org/wiki/Fredrik_Backman_(f%C3%B6rfattare),man,Q6581097,1981-06-02,,"[""Sverige""]","[""Q34""]","[""författare"",""journalist"",""bloggare"",""författare""]","[""Q482980"",""Q1930187"",""Q8246794"",""Q36180""]"
Q1417651,Finn Zetterholm,"[""Finn Zetterholm""]",1,[425094],[25],,,https://sv.wikipedia.org/wiki/Finn_Zetterholm,man,Q6581097,1945-08-04,,"[""Sverige""]","[""Q34""]","[""trubadur"",""vissångare"",""författare"",""skivartist""]","[""Q186370"",""Q12344026"",""Q36180"",""Q55960555""]"
Q1419963,Ulrica Hydman-Vallien,"[""Ulrica Hydman-Vallien""]",1,[1569352],[53],,,https://sv.wikipedia.org/wiki/Ulrica_Hydman_Vallien,kvinna,Q6581072,1938-03-24,2018-03-21,"[""Sverige""]","[""Q34""]","[""konstnär"",""målare"",""glaskonstnär"",""keramiker"",""glasmålare""]","[""Q483501"",""Q1028181"",""Q2865798"",""Q7541856"",""Q18431816""]"
Q142756,Sven Nylander,"[""Sven Nylander""]",1,[57806],[49],,,https://sv.wikipedia.org/wiki/Sven_Nylander,man,Q6581097,1962-01-01,,"[""Sverige""]","[""Q34""]","[""friidrottare"",""häcklöpare""]","[""Q11513337"",""Q13724897""]"
Q1437612,Peter Haber,"[""Peter Haber""]",1,[2578956],[72],,,https://sv.wikipedia.org/wiki/Peter_Haber,man,Q6581097,1952-12-12,,"[""Sverige""]","[""Q34""]","[""röstskådespelare"",""skådespelare""]","[""Q2405480"",""Q33999""]"
Q14411034,Annika Norlin,"[""Annika Norlin""]",2,"[369522,586561]","[30,37]",,,https://sv.wikipedia.org/wiki/Annika_Norlin,kvinna,Q6581072,1977-11-22,,"[""Sverige""]","[""Q34""]","[""författare"",""sångare"",""låtskrivare"",""journalist""]","[""Q36180"",""Q177220"",""Q753110"",""Q1930187""]"
Q1453296,Fredrik Sjöberg,"[""Fredrik Sjöberg""]",1,[373924],[45],,,https://sv.wikipedia.org/wiki/Fredrik_Sj%C3%B6berg_(f%C3%B6rfattare),man,Q6581097,1958-08-31,,"[""Sverige""]","[""Q34""]","[""översättare"",""journalist"",""entomolog"",""litteraturkritiker"",""författare""]","[""Q333634"",""Q1930187"",""Q3055126"",""Q4263842"",""Q36180""]"
Q145682,Peter ”Poker” Wallenberg,"[""Peter ”Poker” Wallenberg""]",1,[369188],[49],,,https://sv.wikipedia.org/wiki/Peter_Wallenberg_(f%C3%B6dd_1959),man,Q6581097,1959-05-08,,"[""Sverige""]","[""Q34""]","[""affärsidkare"",""racerförare"",""racerbilförare""]","[""Q43845"",""Q378622"",""Q10349745""]"
Q14694697,Linda Boström Knausgård,"[""Linda Boström Knausgård""]",1,[918363],[44],,,https://sv.wikipedia.org/wiki/Linda_Bostr%C3%B6m_Knausg%C3%A5rd,kvinna,Q6581072,1972-10-15,,"[""Sverige""]","[""Q34""]","[""författare"",""poet"",""publicist"",""romanförfattare"",""novellförfattare""]","[""Q36180"",""Q49757"",""Q6051619"",""Q6625963"",""Q15949613""]"
Q1471632,Mikael Engström,"[""Mikael Engström""]",1,[363524],[44],,,https://sv.wikipedia.org/wiki/Mikael_Engstr%C3%B6m,man,Q6581097,1961,,"[""Sverige""]","[""Q34""]","[""fotograf"",""författare"",""ungdomsförfattare"",""journalist"",""barnboksförfattare""]","[""Q33231"",""Q36180"",""Q62083492"",""Q1930187"",""Q4853732""]"
Q1475327,Jonas Hassen Khemiri,"[""Jonas Hassen Khemiri""]",2,"[374012,1319474]","[25,40]",,,https://sv.wikipedia.org/wiki/Jonas_Hassen_Khemiri,man,Q6581097,1978-12-27,,"[""Sverige""]","[""Q34""]","[""dramatiker"",""universitetslärare"",""romanförfattare"",""författare"",""manusförfattare""]","[""Q214917"",""Q1622272"",""Q6625963"",""Q36180"",""Q28389""]"
Q14920720,Kristian Gidlund,"[""Kristian Gidlund""]",1,[209304],[29],,,https://sv.wikipedia.org/wiki/Kristian_Gidlund,man,Q6581097,1983-09-21,2013-09-17,"[""Sverige""]","[""Q34""]","[""musiker"",""trumslagare"",""låtskrivare"",""journalist"",""bloggare""]","[""Q639669"",""Q386854"",""Q753110"",""Q1930187"",""Q8246794""]"
Q1505766,Georg Riedel,"[""Georg Riedel""]",1,[2064652],[88],,,https://sv.wikipedia.org/wiki/Georg_Riedel,man,Q6581097,1934-01-08,2024-02-25,"[""Sverige""]","[""Q34""]","[""musiker"",""kontrabasist"",""filmmusikkompositör"",""jazzmusiker"",""kompositör""]","[""Q639669"",""Q1214796"",""Q1415090"",""Q15981151"",""Q36834""]"
Q151917,Georgios Papandreou,"[""Georgios Papandreou""]",1,[382590],[51],,,https://sv.wikipedia.org/wiki/Giorgos_Papandreou,man,Q6581097,1952-06-16,,"[""Grekland"",""USA""]","[""Q41"",""Q30""]","[""politiker"",""diplomat"",""regeringschef"",""sociolog"",""utrikesminister""]","[""Q82955"",""Q193391"",""Q2285706"",""Q2306091"",""Q7330070""]"
Q1554690,Gunilla Palmstierna-Weiss,"[""Gunilla Palmstierna-Weiss""]",1,[407800],[86],,,https://sv.wikipedia.org/wiki/Gunilla_Palmstierna-Weiss,kvinna,Q6581072,1928-03-28,2022-11,"[""Sverige""]","[""Q34""]","[""konstnär"",""skulptör"",""kostymtecknare"",""scenograf"",""keramiker"",""teaterdekoratör"",""författare""]","[""Q483501"",""Q1281618"",""Q1323191"",""Q2707485"",""Q7541856"",""Q11613590"",""Q36180""]"
Q15615329,Nils van der Poel,"[""Nils van der Poel""]",1,[1734352],[25],,,https://sv.wikipedia.org/wiki/Nils_van_der_Poel,man,Q6581097,1996-04-25,,"[""Sverige""]","[""Q34""]","[""skridskoåkare""]","[""Q10866633""]"
Q15639157,Magnus Falkehed,"[""Magnus Falkehed""]",1,[576701],[47],,,https://sv.wikipedia.org/wiki/Magnus_Falkehed,man,Q6581097,1967-09-30,,"[""Sverige""]","[""Q34""]","[""journalist""]","[""Q1930187""]"
Q15731400,Arash ”Ash” Pournouri,"[""Arash ”Ash” Pournouri""]",1,[571824],[33],,,https://sv.wikipedia.org/wiki/Arash_Pournouri,man,Q6581097,1981-08-28,,"[""Sverige""]","[""Q34""]","[""musikproducent"",""låtskrivare""]","[""Q183945"",""Q753110""]"
Q157813,Isabelle Gulldén,"[""Isabelle Gulldén""]",1,[1319489],[30],,,https://sv.wikipedia.org/wiki/Isabelle_Gulld%C3%A9n,kvinna,Q6581072,1989-06-29,,"[""Sverige""]","[""Q34""]","[""handbollsspelare""]","[""Q12840545""]"
Q158133,Lennart Johansson,"[""Lennart Johansson""]",1,[369060],[78],,,https://sv.wikipedia.org/wiki/Lennart_Johansson,man,Q6581097,1929-11-05,2019-06-04,"[""Sverige""]","[""Q34""]","[""politiker"",""fotbollsspelare"",""funktionär"",""industriidkare"",""idrottsledare""]","[""Q82955"",""Q937857"",""Q1328323"",""Q6606110"",""Q26481809""]"
Q1588065,Albert Bonnier,"[""Albert Bonnier""]",1,[382405],[null],,,https://sv.wikipedia.org/wiki/Albert_Bonnier,man,Q6581097,1820-10-21,1900-07-26,"[""Sverige""]","[""Q34""]","[""förläggare""]","[""Q2516866""]"
Q15920871,Helene Ripa,"[""Helene Ripa""]",1,[391876],[42],,,https://sv.wikipedia.org/wiki/Helene_Ripa,kvinna,Q6581072,1971-08-22,,"[""Sverige""]","[""Q34""]","[""simmare"",""längdskidåkare"",""orienterare""]","[""Q10843402"",""Q13382608"",""Q13581129""]"
Q15924670,Jean-Pierre Lacroix,"[""Jean-Pierre Lacroix""]",1,[216108],[53],,,https://sv.wikipedia.org/wiki/Jean-Pierre_Lacroix_(diplomat),man,Q6581097,1960-05-02,,"[""Frankrike""]","[""Q142""]","[""diplomat""]","[""Q193391""]"
Q15948790,Tove ”Tove Lo” Nilsson,"[""Tove ”Tove Lo” Nilsson""]",1,[916940],[29],,,https://sv.wikipedia.org/wiki/Tove_Lo,kvinna,Q6581072,1987-10-29,,"[""Sverige""]","[""Q34""]","[""kompositör"",""sångare"",""musiker"",""låtskrivare"",""sångtextförfattare"",""filmregissör""]","[""Q36834"",""Q177220"",""Q639669"",""Q753110"",""Q822146"",""Q2526255""]"
Q1610305,Herman Lindqvist,"[""Herman Lindqvist""]",2,"[366863,421653]","[66,42]",,,https://sv.wikipedia.org/wiki/Herman_Lindqvist,man,Q6581097,1943-04-01,,"[""Sverige""]","[""Q34""]","[""historiker"",""journalist"",""Utrikeskorrespondent"",""författare""]","[""Q201788"",""Q1930187"",""Q18190897"",""Q36180""]"
Q16151752,Ted Harris,"[""Ted Harris""]",1,[126302],[57],,,https://en.wikipedia.org/wiki/Ted_Harris_(pastor),man,Q6581097,1952,,[],[],"[""pastor""]","[""Q152002""]"
Q16157303,Gufran Al-nadaf,"[""Gufran Al-nadaf""]",1,[389696],[34],,,https://sv.wikipedia.org/wiki/Gufran_Al-Nadaf,kvinna,Q6581072,1967-12-17,,"[""Sverige""]","[""Q34""]","[""diplomat""]","[""Q193391""]"
Q16210574,Björn Frantzén,"[""Björn Frantzén""]",1,[1319492],[42],,,https://sv.wikipedia.org/wiki/Bj%C3%B6rn_Frantz%C3%A9n,man,Q6581097,1977-01-26,,"[""Sverige""]","[""Q34""]","[""kock""]","[""Q3499072""]"
Q16239695,Zećira Mušović,"[""Zećira Mušović""]",1,[2397295],[28],,,https://sv.wikipedia.org/wiki/Ze%C4%87ira_Mu%C5%A1ovi%C4%87,kvinna,Q6581072,1996-05-26,,"[""Sverige""]","[""Q34""]","[""fotbollsspelare""]","[""Q937857""]"
Q162718,Eric Gadd,"[""Eric Gadd""]",1,[2593303],[32],,,https://sv.wikipedia.org/wiki/Eric_Gadd,man,Q6581097,1965-07-31,,"[""Sverige""]","[""Q34""]","[""sångare"",""musiker"",""låtskrivare"",""kompositör""]","[""Q177220"",""Q639669"",""Q753110"",""Q36834""]"
Q16475,Mats Wilander,"[""Mats Wilander""]",1,[373935],[39],,,https://sv.wikipedia.org/wiki/Mats_Wilander,man,Q6581097,1964-08-22,,"[""Sverige""]","[""Q34""]","[""TV-programledare"",""tennisspelare"",""tennistränare""]","[""Q947873"",""Q10833314"",""Q13219424""]"
Q16496250,Alice Teodorescu,"[""Alice Teodorescu""]",2,"[582925,654809]","[31,31]",,,https://sv.wikipedia.org/wiki/Alice_Teodorescu_M%C3%A5we,kvinna,Q6581072,1984-05-02,,"[""Sverige""]","[""Q34""]","[""lobbyist"",""politiker"",""jurist""]","[""Q11986654"",""Q82955"",""Q185351""]"
Q165096,Prinsessan Märtha Louise,"[""Prinsessan Märtha Louise""]",1,[363731],[34],,,https://sv.wikipedia.org/wiki/Prinsessan_M%C3%A4rtha_Louise_av_Norge,kvinna,Q6581072,1971-09-22,,"[""Norge""]","[""Q20""]","[""alternativ terapeut"",""författare"",""affärsidkare"",""fysioterapeut"",""redaktör"",""aristokrat""]","[""Q29881694"",""Q36180"",""Q43845"",""Q694748"",""Q876864"",""Q2478141""]"
Q1653452,Tilde de Paula Eby,"[""Tilde de Paula Eby""]",1,[1298230],[46],,,https://sv.wikipedia.org/wiki/Tilde_de_Paula_Eby,kvinna,Q6581072,1972-11-14,,"[""Sverige"",""Chile""]","[""Q34"",""Q298""]","[""TV-programledare""]","[""Q947873""]"
Q16594547,Malinda Damgaard,"[""Malinda Damgaard""]",1,[223950],[32],,,https://sv.wikipedia.org/wiki/Malinda_Damgaard,kvinna,Q6581072,1981-03-01,,"[""Sverige""]","[""Q34""]","[""modeskapare""]","[""Q3501317""]"
Q16594640,Martha Ehlin,"[""Martha Ehlin""]",1,[216111],[35],,,https://sv.wikipedia.org/wiki/Martha_Ehlin,kvinna,Q6581072,1977-08-29,2016-03-19,"[""Sverige""]","[""Q34""]","[""idrottare""]","[""Q2066131""]"
Q16594793,Athena Farrokhzad,"[""Athena Farrokhzad""]",1,[403967],[30],,,https://sv.wikipedia.org/wiki/Athena_Farrokhzad,kvinna,Q6581072,1983-08-23,,"[""Sverige""]","[""Q34""]","[""översättare"",""dramatiker"",""litteraturkritiker"",""föreläsare"",""författare"",""poet""]","[""Q333634"",""Q214917"",""Q4263842"",""Q9379869"",""Q36180"",""Q49757""]"
Q16594936,Lotta Gray,"[""Lotta Gray""]",1,[383506],[43],,,https://sv.wikipedia.org/wiki/Lotta_Gray,kvinna,Q6581072,1967-12-24,,"[""Sverige""]","[""Q34""]","[""journalist""]","[""Q1930187""]"
Q16595142,Clara Henry,"[""Clara Henry""]",1,[567014],[21],,,https://sv.wikipedia.org/wiki/Clara_Henry,kvinna,Q6581072,1994-04-09,,"[""Sverige""]","[""Q34""]","[""författare"",""komiker"",""författare"",""artist"",""TV-programledare"",""bloggare"",""programledare"",""TV-producent""]","[""Q36180"",""Q245068"",""Q482980"",""Q713200"",""Q947873"",""Q8246794"",""Q13590141"",""Q578109""]"
Q16595521,Bianca Kronlöf,"[""Bianca Kronlöf""]",2,"[743524,1847126]","[31,36]",,,https://sv.wikipedia.org/wiki/Bianca_Kronl%C3%B6f,kvinna,Q6581072,1985-03-30,,"[""Sverige""]","[""Q34""]","[""skådespelare"",""manusförfattare""]","[""Q33999"",""Q28389""]"
Q16595663,Elise Lindqvist,"[""Elise Lindqvist""]",1,[116687],[76],,,https://sv.wikipedia.org/wiki/Elise_Lindqvist,kvinna,Q6581072,1936-02-23,,"[""Sverige""]","[""Q34""]",[],[]
Q16595850,Nathalie ”Cleo” Missaoui,"[""Nathalie ”Cleo” Missaoui""]",1,[2398184],[36],,,https://sv.wikipedia.org/wiki/Cleo_(artist),kvinna,Q6581072,1987-09-05,,"[""Sverige""]","[""Q34""]","[""sångare"",""låtskrivare"",""rappare""]","[""Q177220"",""Q753110"",""Q2252262""]"
Q16596021,Elin Olofsson,"[""Elin Olofsson""]",1,[1077282],[38],,,https://sv.wikipedia.org/wiki/Elin_Olofsson,kvinna,Q6581072,1979,,"[""Sverige""]","[""Q34""]","[""journalist"",""författare""]","[""Q1930187"",""Q36180""]"
Q16596046,Virpi Pahkinen,"[""Virpi Pahkinen""]",1,[215772],[46],,,https://sv.wikipedia.org/wiki/Virpi_Pahkinen,kvinna,Q6581072,1966-12-16,,"[""Sverige""]","[""Q34""]","[""dansare"",""koreograf""]","[""Q5716684"",""Q2490358""]"
Q16596059,Li Pamp,"[""Li Pamp""]",1,[223942],[40],,,https://sv.wikipedia.org/wiki/Li_Pamp,kvinna,Q6581072,1972-08-04,,"[""Sverige""]","[""Q34""]","[""TV-programledare""]","[""Q947873""]"
Q16596103,Linda Pira,"[""Linda Pira""]",1,[396941],[28],,,https://sv.wikipedia.org/wiki/Linda_Pira,kvinna,Q6581072,1985-08-25,,"[""Sverige""]","[""Q34""]","[""musiker"",""rappare""]","[""Q639669"",""Q2252262""]"
Q16596343,Sarah Sheppard,"[""Sarah Sheppard""]",1,[2815473],[54],,,https://sv.wikipedia.org/wiki/Sarah_Sheppard,kvinna,Q6581072,1971-07-29,,"[""Sverige""]","[""Q34""]","[""författare"",""grafisk formgivare""]","[""Q36180"",""Q627325""]"
Q16596451,Stina Stoor,"[""Stina Stoor""]",2,"[756904,826042]","[33,33]",,,https://sv.wikipedia.org/wiki/Stina_Stoor,kvinna,Q6581072,1982,,"[""Sverige""]","[""Q34""]","[""författare""]","[""Q36180""]"
Q16602152,Katarina Gospic,"[""Katarina Gospic""]",1,[203032],[29],,,https://sv.wikipedia.org/wiki/Katarina_Gospic,kvinna,Q6581072,1984-02-06,,"[""Sverige""]","[""Q34""]","[""fackboksförfattare""]","[""Q15980158""]"
Q1661204,Leif Östling,"[""Leif Östling""]",1,[1319506],[73],,,https://sv.wikipedia.org/wiki/Leif_%C3%96stling,man,Q6581097,1945-09-25,,"[""Sverige""]","[""Q34""]","[""affärsidkare"",""maskiningenjör""]","[""Q43845"",""Q1906857""]"
Q16616163,Cajsa von Zeipel,"[""Cajsa von Zeipel""]",1,[1077309],[34],,,https://sv.wikipedia.org/wiki/Cajsa_von_Zeipel,kvinna,Q6581072,1983-11-23,,"[""Sverige""]","[""Q34""]","[""konstnär"",""skulptör""]","[""Q483501"",""Q1281618""]"
Q1662831,Inge Thulin,"[""Inge Thulin""]",1,[1077293],[64],,,https://sv.wikipedia.org/wiki/Inge_Thulin,man,Q6581097,1953-11-09,,"[""Sverige"",""USA""]","[""Q34"",""Q30""]","[""affärsidkare"",""verkställande direktör""]","[""Q43845"",""Q484876""]"
Q16633183,Bo Landin,"[""Bo Landin""]",2,"[2180413,2199716]","[71,25]",,,https://sv.wikipedia.org/wiki/Bo_Landin,man,Q6581097,1952-05-05,,"[""Sverige""]","[""Q34""]","[""filmproducent"",""filmregissör"",""regissör"",""TV-programledare""]","[""Q3282637"",""Q2526255"",""Q3455803"",""Q947873""]"
Q16633214,Louise Linder,"[""Louise Linder""]",1,[216107],[50],,,https://sv.wikipedia.org/wiki/Louise_Linder,kvinna,Q6581072,1963-05-31,,"[""Sverige""]","[""Q34""]","[""präst"",""psykoterapeut""]","[""Q42603"",""Q1900167""]"
Q16633232,Patrik Lundberg,"[""Patrik Lundberg""]",2,"[1518807,2063817]","[37,39]",,,https://sv.wikipedia.org/wiki/Patrik_Lundberg,man,Q6581097,1983-03-02,,"[""Sverige""]","[""Q34""]","[""krönikör"",""journalist"",""författare"",""reporter""]","[""Q1086863"",""Q1930187"",""Q36180"",""Q42909""]"
Q16633276,Arne Müller,"[""Arne Müller""]",1,[2397902],[63],,,https://sv.wikipedia.org/wiki/Arne_M%C3%BCller,man,Q6581097,1960,,"[""Sverige""]","[""Q34""]","[""journalist""]","[""Q1930187""]"
Q16633353,Carl-Gustaf Petersén,"[""Carl-Gustaf Petersén""]",1,[389896],[58],,,https://sv.wikipedia.org/wiki/Carl-Gustaf_Peters%C3%A9n,man,Q6581097,1944-02-25,,"[""Sverige""]","[""Q34""]","[""politiker""]","[""Q82955""]"
Q16633391,Edvin Ryding,"[""Edvin Ryding""]",1,[1952952],[19],,,https://sv.wikipedia.org/wiki/Edvin_Ryding,man,Q6581097,2003-02-04,,"[""Sverige""]","[""Q34""]","[""röstskådespelare"",""modell"",""dansare"",""skådespelare""]","[""Q2405480"",""Q4610556"",""Q5716684"",""Q33999""]"
Q16633398,Sami Said,"[""Sami Said""]",1,[234549],[34],,,https://sv.wikipedia.org/wiki/Sami_Said,man,Q6581097,1979-07-16,,"[""Sverige""]","[""Q34""]","[""författare""]","[""Q36180""]"
Q16633410,Peter Schéle,"[""Peter Schéle""]",1,[216098],[68],,,https://sv.wikipedia.org/wiki/Peter_Sch%C3%A9le,man,Q6581097,1945-05-31,2022-01-19,"[""Sverige""]","[""Q34""]",[],[]
Q16633463,David Sundin,"[""David Sundin""]",1,[1518792],[43],,,https://sv.wikipedia.org/wiki/David_Sundin,man,Q6581097,1976,,"[""Sverige""]","[""Q34""]","[""filmskådespelare"",""författare"",""manusförfattare"",""programledare"",""komiker"",""författare"",""TV-programledare""]","[""Q10800557"",""Q36180"",""Q28389"",""Q13590141"",""Q245068"",""Q482980"",""Q947873""]"
Q16649843,Anders Erik Malm,"[""Anders Erik Malm""]",1,[425127],[47],,,https://sv.wikipedia.org/wiki/Anders_Erik_Malm,man,Q6581097,1922-03-25,1984-02-08,"[""Sverige""]","[""Q34""]","[""journalist"",""TV-programledare""]","[""Q1930187"",""Q947873""]"
Q16656019,Lisa Langseth,"[""Lisa Langseth""]",1,[927248],[42],,,https://sv.wikipedia.org/wiki/Lisa_Langseth,kvinna,Q6581072,1975-04-20,,"[""Sverige""]","[""Q34""]","[""teaterregissör"",""manusförfattare"",""filmregissör"",""regissör""]","[""Q3387717"",""Q28389"",""Q2526255"",""Q3455803""]"
Q167056,Jens ”Jeb” Bergensten,"[""Jens ”Jeb” Bergensten""]",1,[2398210],[45],,,https://sv.wikipedia.org/wiki/Jens_Bergensten,man,Q6581097,1979-05-18,,"[""Sverige""]","[""Q34""]","[""spelprogrammerare"",""skådespelare"",""ingenjör"",""speldesigner""]","[""Q863368"",""Q33999"",""Q81096"",""Q3630699""]"
Q16727770,Malin Byström,"[""Malin Byström""]",1,[1518800],[46],,,https://sv.wikipedia.org/wiki/Malin_Bystr%C3%B6m,kvinna,Q6581072,1973-09-03,,"[""Sverige""]","[""Q34""]","[""operasångare""]","[""Q2865819""]"
Q16761673,Seinabo Sey,"[""Seinabo Sey""]",1,[592389],[24],,,https://sv.wikipedia.org/wiki/Seinabo_Sey,kvinna,Q6581072,1990-10-07,,"[""Sverige""]","[""Q34""]","[""soulmusiker"",""sångare"",""musiker"",""låtskrivare""]","[""Q105652947"",""Q177220"",""Q639669"",""Q753110""]"
Q1677283,Jackie Jakubowski,"[""Jackie Jakubowski""]",1,[363516],[54],,,https://sv.wikipedia.org/wiki/Jackie_Jakubowski,man,Q6581097,1951-10-05,2020-05-25,"[""Sverige""]","[""Q34""]","[""journalist"",""författare""]","[""Q1930187"",""Q36180""]"
Q1681616,Jan Berglin,"[""Jan Berglin""]",1,[322711],[45],,,https://sv.wikipedia.org/wiki/Jan_Berglin,man,Q6581097,1960-03-24,,"[""Sverige""]","[""Q34""]","[""författare"",""serietecknare"",""karikatyrtecknare""]","[""Q36180"",""Q715301"",""Q3658608""]"
Q16876023,Mats Persson,"[""Mats Persson""]",1,[927251],[38],,,https://sv.wikipedia.org/wiki/Mats_Persson_(statsvetare),man,Q6581097,1978,,"[""Sverige""]","[""Q34""]","[""statsvetare"",""journalist""]","[""Q1238570"",""Q1930187""]"
Q1688111,Lasse Holm,"[""Lasse Holm""]",1,[2397167],[80],,,https://sv.wikipedia.org/wiki/Lasse_Holm,man,Q6581097,1943-12-09,,"[""Sverige""]","[""Q34""]","[""sångare"",""pianist"",""musiker"",""låtskrivare"",""sångtextförfattare"",""TV-programledare"",""kompositör""]","[""Q177220"",""Q486748"",""Q639669"",""Q753110"",""Q822146"",""Q947873"",""Q36834""]"
Q16946257,Ida Engvoll,"[""Ida Engvoll""]",1,[2578965],[39],,,https://sv.wikipedia.org/wiki/Ida_Engvoll,kvinna,Q6581072,1985-10-06,,"[""Sverige""]","[""Q34""]","[""skådespelare""]","[""Q33999""]"
Q16946297,Silvana Imam,"[""Silvana Imam""]",1,[768909],[29],,,https://sv.wikipedia.org/wiki/Silvana_Imam,kvinna,Q6581072,1986-09-19,,"[""Sverige""]","[""Q34""]","[""sångare"",""rappare""]","[""Q177220"",""Q2252262""]"
Q1697172,Johannes Anyuru,"[""Johannes Anyuru""]",3,"[126298,917013,1631063]","[31,38,41]",,,https://sv.wikipedia.org/wiki/Johannes_Anyuru,man,Q6581097,1979-03-23,,"[""Sverige""]","[""Q34""]","[""författare"",""poet"",""musiker""]","[""Q36180"",""Q49757"",""Q639669""]"
Q16983635,Olle Leino,"[""Olle Leino""]",1,[425304],[69],,,https://sv.wikipedia.org/wiki/Olle_Leino,man,Q6581097,1932-05-16,2021-01-18,"[""Finland"",""Sverige""]","[""Q33"",""Q34""]","[""journalist"",""författare""]","[""Q1930187"",""Q36180""]"
Q170342,Svante Pääbo,"[""Svante Pääbo""]",1,[415580],[59],,,https://sv.wikipedia.org/wiki/Svante_P%C3%A4%C3%A4bo,man,Q6581097,1955-04-20,,"[""Sverige""]","[""Q34""]","[""biolog"",""universitetslärare"",""genetiker"",""evolutionsbiolog""]","[""Q864503"",""Q1622272"",""Q3126128"",""Q16063497""]"
Q17370398,Lars Palmgren,"[""Lars Palmgren""]",1,[392062],[67],,,https://sv.wikipedia.org/wiki/Lars_Palmgren,man,Q6581097,1946,,"[""Sverige""]","[""Q34""]","[""författare"",""journalist""]","[""Q482980"",""Q1930187""]"
Q1739532,Tomas Andersson Wij,"[""Tomas Andersson Wij""]",1,[911948],[28],,,https://sv.wikipedia.org/wiki/Tomas_Andersson_Wij,man,Q6581097,1972-02-06,,"[""Sverige""]","[""Q34""]","[""sångare"",""låtskrivare"",""journalist"",""singer-songwriter""]","[""Q177220"",""Q753110"",""Q1930187"",""Q488205""]"
Q174639,Henrik Berggren,"[""Henrik Berggren""]",1,[2578978],[68],,,https://sv.wikipedia.org/wiki/Henrik_Berggren_(journalist),man,Q6581097,1957-06-18,,"[""Sverige""]","[""Q34""]","[""nutidshistoriker"",""författare"",""historiker"",""journalist""]","[""Q17489339"",""Q36180"",""Q201788"",""Q1930187""]"
Q1761616,Christina Schollin,"[""Christina Schollin""]",1,[2180760],[85],,,https://sv.wikipedia.org/wiki/Christina_Schollin,kvinna,Q6581072,1937-12-26,,"[""Sverige""]","[""Q34""]","[""skådespelare""]","[""Q33999""]"
Q1770862,Fredrik Skavlan,"[""Fredrik Skavlan""]",1,[369191],[41],,,https://sv.wikipedia.org/wiki/Fredrik_Skavlan,man,Q6581097,1966-09-02,,"[""Norge""]","[""Q20""]","[""illustratör"",""serietecknare"",""exekutiv producent"",""journalist"",""TV-programledare""]","[""Q644687"",""Q1114448"",""Q1053574"",""Q1930187"",""Q947873""]"
Q1774707,Urban Bäckström,"[""Urban Bäckström""]",1,[359925],[51],,,https://sv.wikipedia.org/wiki/Urban_B%C3%A4ckstr%C3%B6m,man,Q6581097,1954-05-24,,"[""Sverige""]","[""Q34""]","[""affärsidkare"",""nationalekonom""]","[""Q43845"",""Q188094""]"
Q1775218,Petter Stordalen,"[""Petter Stordalen""]",1,[116707],[49],,,https://sv.wikipedia.org/wiki/Petter_Stordalen,man,Q6581097,1962-11-29,,"[""Norge""]","[""Q20""]","[""konstsamlare"",""affärsidkare""]","[""Q10732476"",""Q43845""]"
Q1776879,Magnus Härenstam,"[""Magnus Härenstam""]",5,"[364038,411921,1149518,1149933,1149934]","[65,40,30,43,48]",,,https://sv.wikipedia.org/wiki/Magnus_H%C3%A4renstam,man,Q6581097,1941-06-19,2015-06-13,"[""Sverige""]","[""Q34""]","[""TV-programledare"",""skådespelare"",""manusförfattare""]","[""Q947873"",""Q33999"",""Q28389""]"
Q179334,Henrik Larsson,"[""Henrik Larsson""]",1,[126283],[39],,,https://sv.wikipedia.org/wiki/Henrik_Larsson,man,Q6581097,1971-09-20,,"[""Sverige""]","[""Q34""]","[""fotbollsspelare"",""fotbollstränare"",""innebandyspelare""]","[""Q937857"",""Q628099"",""Q23868946""]"
Q1796147,Thore Skogman,"[""Thore Skogman""]",1,[370593],[76],,,https://sv.wikipedia.org/wiki/Thore_Skogman,man,Q6581097,1931-03-09,2007-12-09,"[""Sverige""]","[""Q34""]","[""kompositör"",""skivartist"",""sångare"",""sångtextförfattare""]","[""Q36834"",""Q55960555"",""Q177220"",""Q822146""]"
Q179682,Björn Ulvaeus,"[""Björn Ulvaeus""]",1,[369369],[63],,,https://sv.wikipedia.org/wiki/Bj%C3%B6rn_Ulvaeus,man,Q6581097,1945-04-25,,"[""Sverige""]","[""Q34""]","[""popmusiker"",""sångare"",""musikproducent"",""musiker"",""gitarrist"",""låtskrivare"",""librettist"",""manusförfattare"",""kompositör""]","[""Q102277154"",""Q177220"",""Q183945"",""Q639669"",""Q855091"",""Q753110"",""Q8178443"",""Q28389"",""Q36834""]"
Q1804671,Jan Lööf,"[""Jan Lööf""]",1,[116693],[72],,,https://sv.wikipedia.org/wiki/Jan_L%C3%B6%C3%B6f,man,Q6581097,1940-05-30,,"[""Sverige""]","[""Q34""]","[""serietecknare"",""illustratör"",""jazzmusiker"",""serieförfattare"",""författare"",""skådespelare""]","[""Q715301"",""Q644687"",""Q15981151"",""Q11892507"",""Q36180"",""Q33999""]"
Q1806094,Åsa Linderborg,"[""Åsa Linderborg""]",1,[370978],[39],,,https://sv.wikipedia.org/wiki/%C3%85sa_Linderborg,kvinna,Q6581072,1968-05-20,,"[""Sverige""]","[""Q34""]","[""författare"",""historiker"",""journalist""]","[""Q36180"",""Q201788"",""Q1930187""]"
Q1806201,Lars Forssell,"[""Lars Forssell""]",1,[424705],[51],,,https://sv.wikipedia.org/wiki/Lars_Forssell,man,Q6581097,1928-01-14,2007-07-26,"[""Sverige""]","[""Q34""]","[""författare"",""poet"",""översättare""]","[""Q36180"",""Q49757"",""Q333634""]"
Q1806203,Lars Svendsen,"[""Lars Svendsen""]",1,[2578980],[54],,,https://sv.wikipedia.org/wiki/Lars_Svendsen,man,Q6581097,1970-09-16,,"[""Norge""]","[""Q20""]","[""universitetslärare"",""filosof"",""författare""]","[""Q1622272"",""Q4964182"",""Q36180""]"
Q1807090,Olle Ljungström,"[""Olle Ljungström""]",1,[728934],[36],,,https://sv.wikipedia.org/wiki/Olle_Ljungstr%C3%B6m,man,Q6581097,1961-08-12,2016-05-04,"[""Sverige""]","[""Q34""]","[""sångare"",""musiker"",""gitarrist""]","[""Q177220"",""Q639669"",""Q855091""]"
Q180836,Charlotte Perrelli,"[""Charlotte Perrelli""]",1,[364780],[31],,,https://sv.wikipedia.org/wiki/Charlotte_Perrelli,kvinna,Q6581072,1974-10-07,,"[""Sverige""]","[""Q34""]","[""popsångare"",""skivartist"",""sångare"",""musiker"",""låtskrivare""]","[""Q60723829"",""Q55960555"",""Q177220"",""Q639669"",""Q753110""]"
Q1809801,Maria Blom,"[""Maria Blom""]",2,"[359038,911969]","[34,29]",,,https://sv.wikipedia.org/wiki/Maria_Blom,kvinna,Q6581072,1971-02-28,,"[""Sverige""]","[""Q34""]","[""manusförfattare"",""dramatiker"",""filmregissör"",""regissör""]","[""Q28389"",""Q214917"",""Q2526255"",""Q3455803""]"
Q1810251,Björn Runge,"[""Björn Runge""]",1,[1319511],[58],,,https://sv.wikipedia.org/wiki/Bj%C3%B6rn_Runge,man,Q6581097,1961-06-21,,"[""Sverige""]","[""Q34""]","[""filmmanusförfattare"",""manusförfattare"",""författare"",""filmregissör""]","[""Q69423232"",""Q28389"",""Q482980"",""Q2526255""]"
Q1811163,Jonas Bonnier,"[""Jonas Bonnier""]",1,[2815466],[62],,,https://sv.wikipedia.org/wiki/Jonas_Bonnier,man,Q6581097,1963-12-10,,"[""Sverige""]","[""Q34""]","[""författare"",""affärsidkare""]","[""Q36180"",""Q43845""]"
Q1811970,Stefan Ingves,"[""Stefan Ingves""]",1,[1952978],[69],,,https://sv.wikipedia.org/wiki/Stefan_Ingves,man,Q6581097,1953-05-23,,"[""Sverige""]","[""Q34""]","[""nationalekonom"",""bankman""]","[""Q188094"",""Q806798""]"
Q1813301,Göran Greider,"[""Göran Greider""]",2,"[2181176,2217757]","[63,32]",,,https://sv.wikipedia.org/wiki/G%C3%B6ran_Greider,man,Q6581097,1959-12-12,,"[""Sverige""]","[""Q34""]","[""journalist"",""författare"",""poet""]","[""Q1930187"",""Q36180"",""Q49757""]"
Q181678,Dolph Lundgren,"[""Dolph Lundgren""]",1,[369402],[50],,,https://sv.wikipedia.org/wiki/Dolph_Lundgren,man,Q6581097,1957-11-03,,"[""Sverige"",""USA""]","[""Q34"",""Q30""]","[""filmproducent"",""filmregissör"",""regissör"",""modell"",""karateutövare"",""filmskådespelare"",""boxare"",""kroppsbyggare"",""ingenjör"",""kemist"",""judoka"",""skådespelare"",""manusförfattare""]","[""Q3282637"",""Q2526255"",""Q3455803"",""Q4610556"",""Q9017214"",""Q10800557"",""Q11338576"",""Q15982795"",""Q81096"",""Q593644"",""Q6665249"",""Q33999"",""Q28389""]"
Q18202444,Siavosh Derakhti,"[""Siavosh Derakhti""]",1,[562583],[23],,,https://sv.wikipedia.org/wiki/Siavosh_Derakhti,man,Q6581097,1991-07-03,,"[""Sverige""]","[""Q34""]",[],[]
Q182050,Anders Borg,"[""Anders Borg""]",1,[1518778],[52],,,https://sv.wikipedia.org/wiki/Anders_Borg,man,Q6581097,1968-01-11,,"[""Sverige""]","[""Q34""]","[""politiker"",""nationalekonom""]","[""Q82955"",""Q188094""]"
Q18238689,Farah Abadi,"[""Farah Abadi""]",1,[1952963],[34],,,https://sv.wikipedia.org/wiki/Farah_Abadi,kvinna,Q6581072,1988-01-18,,"[""Sverige""]","[""Q34""]","[""TV-programledare"",""radioprogramledare""]","[""Q947873"",""Q2722764""]"
Q18243450,Tiffany Kronlöf,"[""Tiffany Kronlöf""]",1,[743524],[29],,,https://sv.wikipedia.org/wiki/Tiffany_Kronl%C3%B6f,kvinna,Q6581072,1987-03-26,,"[""Sverige""]","[""Q34""]","[""skådespelare"",""manusförfattare"",""filmregissör""]","[""Q33999"",""Q28389"",""Q2526255""]"
Q18243518,Simon Kyaga,"[""Simon Kyaga""]",1,[386830],[38],,,https://sv.wikipedia.org/wiki/Simon_Kyaga,man,Q6581097,1976-03-12,,"[""Sverige""]","[""Q34""]","[""psykiater""]","[""Q211346""]"
Q18244130,John Lundvik,"[""John Lundvik""]",1,[1319463],[36],,,https://sv.wikipedia.org/wiki/John_Lundvik,man,Q6581097,1983-01-27,,"[""Sverige""]","[""Q34""]","[""sångare"",""låtskrivare"",""friidrottare""]","[""Q177220"",""Q753110"",""Q11513337""]"
Q18244709,Linda Nordin,"[""Linda Nordin""]",1,[396865],[43],,,https://sv.wikipedia.org/wiki/Linda_Nordin,kvinna,Q6581072,1970-12-12,,"[""Sverige""]","[""Q34""]","[""statsvetare""]","[""Q1238570""]"
Q18245429,Mette Rode Sundstrøm,"[""Mette Rode Sundstrøm""]",1,[404081],[46],,,https://sv.wikipedia.org/wiki/Mette_Rode_Sundstr%C3%B8m,kvinna,Q6581072,1967-07,,"[""Konungariket Danmark""]","[""Q756617""]","[""konsthandlare""]","[""Q173950""]"
Q18245662,Johan von Schreeb,"[""Johan von Schreeb""]",2,"[907867,921564]","[36,56]",,,https://sv.wikipedia.org/wiki/Johan_von_Schreeb,man,Q6581097,1961-05-24,,"[""Sverige""]","[""Q34""]","[""läkare""]","[""Q39631""]"
Q18245675,Sylvia Schwaag Serger,"[""Sylvia Schwaag Serger""]",1,[126281],[43],,,https://sv.wikipedia.org/wiki/Sylvia_Schwaag_Serger,kvinna,Q6581072,1968-02-11,,[],[],[],[]
Q18245724,Ola Serneke,"[""Ola Serneke""]",1,[1319503],[47],,,https://sv.wikipedia.org/wiki/Ola_Serneke,man,Q6581097,1971-11-16,,"[""Sverige""]","[""Q34""]","[""affärsidkare"",""byggmästare""]","[""Q43845"",""Q1340643""]"
Q18454763,Karin Laserow,"[""Karin Laserow""]",1,[921581],[67],,,https://sv.wikipedia.org/wiki/Karin_Laserow,kvinna,Q6581072,1950-02-19,,"[""Sverige""]","[""Q34""]","[""antikvarie"",""fackboksförfattare""]","[""Q187865"",""Q15980158""]"
Q18613074,Amie Bramme Sey,"[""Amie Bramme Sey""]",1,[1732875],[33],,,https://sv.wikipedia.org/wiki/Amie_Bramme_Sey,kvinna,Q6581072,1987-08-12,,"[""Sverige""]","[""Q34""]","[""programledare""]","[""Q13590141""]"
Q18637329,Mouna Esmaeilzadeh,"[""Mouna Esmaeilzadeh""]",1,[1106296],[38],,,https://sv.wikipedia.org/wiki/Mouna_Esmaeilzadeh,kvinna,Q6581072,1980-04-15,,[],[],"[""entreprenör"",""neuroforskare"",""läkare""]","[""Q131524"",""Q6337803"",""Q39631""]"
Q187210,Malena Ernman,"[""Malena Ernman""]",1,[723230],[29],,,https://sv.wikipedia.org/wiki/Malena_Ernman,kvinna,Q6581072,1970-11-04,,"[""Sverige""]","[""Q34""]","[""skådespelare"",""skivartist"",""sångare"",""författare"",""artist"",""musikalartist"",""operasångare""]","[""Q33999"",""Q55960555"",""Q177220"",""Q482980"",""Q713200"",""Q1954956"",""Q2865819""]"
Q18747164,Robert Hurula,"[""Robert Hurula""]",1,[2181606],[43],,,https://sv.wikipedia.org/wiki/Hurula,man,Q6581097,1979-11-08,,"[""Sverige""]","[""Q34""]","[""sångare""]","[""Q177220""]"
Q1880015,Eva Gabrielsson,"[""Eva Gabrielsson""]",1,[126319],[56],,,https://sv.wikipedia.org/wiki/Eva_Gabrielsson,kvinna,Q6581072,1953-11-17,,"[""Sverige""]","[""Q34""]","[""översättare"",""författare"",""arkitekt""]","[""Q333634"",""Q36180"",""Q42973""]"
Q18816550,Saga Becker,"[""Saga Becker""]",1,[571818],[26],,,https://sv.wikipedia.org/wiki/Saga_Becker,transkvinna,Q1052281,1988,,"[""Sverige""]","[""Q34""]","[""filmskådespelare"",""skådespelare"",""filmregissör""]","[""Q10800557"",""Q33999"",""Q2526255""]"
Q18923363,Jonna Bornemark,"[""Jonna Bornemark""]",1,[927238],[44],,,https://sv.wikipedia.org/wiki/Jonna_Bornemark,kvinna,Q6581072,1973-03-19,,"[""Sverige""]","[""Q34""]","[""författare"",""filosof""]","[""Q482980"",""Q4964182""]"
Q1893659,Ulf Linde,"[""Ulf Linde""]",1,[1149135],[42],,,https://sv.wikipedia.org/wiki/Ulf_Linde,man,Q6581097,1929-04-15,2013-10-12,"[""Sverige""]","[""Q34""]","[""författare"",""kompositör"",""översättare"",""musiker"",""konstkritiker"",""kritiker""]","[""Q36180"",""Q36834"",""Q333634"",""Q639669"",""Q4164507"",""Q6430706""]"
Q19012248,Martinus Gunnarsen,"[""Martinus Gunnarsen""]",1,[2397824],[22],,,https://en.wikipedia.org/wiki/Martinus_Gunnarsen,man,Q6581097,2002-02-21,,"[""Norge""]","[""Q20""]","[""sångare"",""musiker"",""fotbollsspelare"",""låtskrivare""]","[""Q177220"",""Q639669"",""Q937857"",""Q753110""]"
Q191064,Liv Ullmann,"[""Liv Ullmann""]",1,[436614],[62],,,https://sv.wikipedia.org/wiki/Liv_Ullmann,kvinna,Q6581072,1938-12-16,,"[""Norge"",""Sverige""]","[""Q20"",""Q34""]","[""författare"",""filmregissör"",""regissör"",""filmskådespelare"",""tv-skådespelare"",""scenskådespelare"",""tv-regissör"",""självbiograf"",""skådespelare"",""manusförfattare""]","[""Q482980"",""Q2526255"",""Q3455803"",""Q10800557"",""Q10798782"",""Q2259451"",""Q2059704"",""Q18814623"",""Q33999"",""Q28389""]"
Q192260,Yngwie Malmsteen,"[""Yngwie Malmsteen""]",1,[116710],[49],,,https://sv.wikipedia.org/wiki/Yngwie_Malmsteen,man,Q6581097,1963-06-30,,"[""Sverige""]","[""Q34""]","[""kompositör"",""skivartist"",""kontrabas"",""musikproducent"",""musiker"",""gitarrist""]","[""Q36834"",""Q55960555"",""Q80019"",""Q183945"",""Q639669"",""Q855091""]"
Q1922785,Nanne Grönvall,"[""Nanne Grönvall""]",2,"[126284,476870]","[49,52]",,,https://sv.wikipedia.org/wiki/Nanne_Gr%C3%B6nvall,kvinna,Q6581072,1962-05-18,,"[""Sverige""]","[""Q34""]","[""kompositör"",""sångare"",""musiker"",""låtskrivare""]","[""Q36834"",""Q177220"",""Q639669"",""Q753110""]"
Q1926624,Tiina Rosenberg,"[""Tiina Rosenberg""]",1,[382829],[45],,,https://sv.wikipedia.org/wiki/Tiina_Rosenberg,kvinna,Q6581072,1958-07-07,,"[""Sverige"",""Finland""]","[""Q34"",""Q33""]","[""kvinnosakspolitiker"",""genusvetare"",""politiker"",""professor"",""universitetslärare"",""teatervetare""]","[""Q28692502"",""Q63952000"",""Q82955"",""Q121594"",""Q1622272"",""Q10379007""]"
Q192801,Robin Söderling,"[""Robin Söderling""]",1,[1518775],[35],,,https://sv.wikipedia.org/wiki/Robin_S%C3%B6derling,man,Q6581097,1984-08-14,,"[""Sverige""]","[""Q34""]","[""tennisspelare""]","[""Q10833314""]"
Q1933,Anja Pärson,"[""Anja Pärson""]",2,"[206,353256]","[31,26]",,,https://sv.wikipedia.org/wiki/Anja_P%C3%A4rson,kvinna,Q6581072,1981-04-25,,"[""Sverige""]","[""Q34""]","[""idrottare"",""alpin skidåkare""]","[""Q2066131"",""Q4144610""]"
Q1933016,Mikael Wiehe,"[""Mikael Wiehe""]",3,"[419224,483379,2578996]","[54,43,79]",,,https://sv.wikipedia.org/wiki/Mikael_Wiehe,man,Q6581097,1946-04-10,,"[""Sverige""]","[""Q34""]","[""kompositör"",""skivartist"",""sångare"",""gitarrist"",""singer-songwriter""]","[""Q36834"",""Q55960555"",""Q177220"",""Q855091"",""Q488205""]"
Q1933369,Per Wästberg,"[""Per Wästberg""]",1,[382705],[69],,,https://sv.wikipedia.org/wiki/Per_W%C3%A4stberg,man,Q6581097,1933-11-20,,"[""Sverige""]","[""Q34""]","[""journalist"",""litteraturkritiker"",""författare"",""poet""]","[""Q1930187"",""Q4263842"",""Q36180"",""Q49757""]"
Q193346,Henning Mankell,"[""Henning Mankell""]",2,"[418233,626680]","[60,49]",,,https://sv.wikipedia.org/wiki/Henning_Mankell,man,Q6581097,1948-02-03,2015-10-05,"[""Sverige""]","[""Q34""]","[""människorättsförsvarare"",""teaterregissör"",""författare"",""manusförfattare"",""dramatiker"",""filmregissör"",""barnboksförfattare"",""kriminalförfattare""]","[""Q1476215"",""Q3387717"",""Q36180"",""Q28389"",""Q214917"",""Q2526255"",""Q4853732"",""Q10297252""]"
Q19365536,Bitte Hammargren,"[""Bitte Hammargren""]",1,[2578961],[69],,,https://sv.wikipedia.org/wiki/Bitte_Hammargren,kvinna,Q6581072,1955-08-14,,"[""Sverige""]","[""Q34""]","[""journalist""]","[""Q1930187""]"
Q1938118,Miriam Bryant,"[""Miriam Bryant""]",1,[927237],[26],,,https://sv.wikipedia.org/wiki/Miriam_Bryant,kvinna,Q6581072,1991-03-08,,"[""Sverige""]","[""Q34""]","[""sångare"",""musiker"",""låtskrivare""]","[""Q177220"",""Q639669"",""Q753110""]"
Q19516340,Ebba Andersson,"[""Ebba Andersson""]",1,[2397759],[27],,,https://sv.wikipedia.org/wiki/Ebba_Andersson,kvinna,Q6581072,1997-07-10,,"[""Sverige""]","[""Q34""]","[""idrottare"",""friidrottare"",""längdskidåkare"",""poddradioproducent""]","[""Q2066131"",""Q11513337"",""Q13382608"",""Q15077007""]"
Q19521126,Sabina Ddumba,"[""Sabina Ddumba""]",1,[1077301],[24],,,https://sv.wikipedia.org/wiki/Sabina_Ddumba,kvinna,Q6581072,1994-02-23,,"[""Sverige""]","[""Q34""]","[""sångare""]","[""Q177220""]"
Q19521132,Maxida Märak,"[""Maxida Märak""]",1,[583046],[26],,,https://sv.wikipedia.org/wiki/Maxida_M%C3%A4rak,kvinna,Q6581072,1988-09-17,,"[""Sverige""]","[""Q34""]","[""musiker"",""människorättsförsvarare"",""skådespelare""]","[""Q639669"",""Q1476215"",""Q33999""]"
Q19521164,Ida Sjöstedt,"[""Ida Sjöstedt""]",1,[765339],[40],,,https://sv.wikipedia.org/wiki/Ida_Sj%C3%B6stedt,kvinna,Q6581072,1976-01-27,,"[""Sverige""]","[""Q34""]","[""modeskapare""]","[""Q3501317""]"
Q1957605,Måns Herngren,"[""Måns Herngren""]",1,[351595],[21],,,https://sv.wikipedia.org/wiki/M%C3%A5ns_Herngren,man,Q6581097,1965-04-20,,"[""Sverige""]","[""Q34""]","[""författare"",""skådespelare"",""manusförfattare"",""filmregissör"",""regissör""]","[""Q36180"",""Q33999"",""Q28389"",""Q2526255"",""Q3455803""]"
Q19631616,Azita Shariati,"[""Azita Shariati""]",1,[1319471],[51],,,https://sv.wikipedia.org/wiki/Azita_Shariati,kvinna,Q6581072,1968-01-14,,"[""Sverige"",""Iran""]","[""Q34"",""Q794""]","[""affärsidkare""]","[""Q43845""]"
Q1966158,Alhaji Jeng,"[""Alhaji Jeng""]",1,[2397954],[42],,,https://sv.wikipedia.org/wiki/Alhaji_Jeng,man,Q6581097,1981-12-13,,"[""Sverige""]","[""Q34""]","[""stavhoppare""]","[""Q13464497""]"
Q1976379,Anders Wijkman,"[""Anders Wijkman""]",2,"[116680,415914]","[67,53]",,,https://sv.wikipedia.org/wiki/Anders_Wijkman,man,Q6581097,1944-09-30,,"[""Sverige""]","[""Q34""]","[""politiker"",""miljöaktivist""]","[""Q82955"",""Q3578589""]"
Q1984290,Staffan de Mistura,"[""Staffan de Mistura""]",1,[1518771],[73],,,https://sv.wikipedia.org/wiki/Staffan_de_Mistura,man,Q6581097,1947-01-25,,"[""Italien"",""Sverige""]","[""Q38"",""Q34""]","[""politiker"",""diplomat""]","[""Q82955"",""Q193391""]"
Q19912077,Sébastien Boudet,"[""Sébastien Boudet""]",1,[116698],[36],,,https://sv.wikipedia.org/wiki/S%C3%A9bastien_Boudet,man,Q6581097,1975-09-30,,"[""Frankrike"",""Sverige""]","[""Q142"",""Q34""]","[""bagare""]","[""Q160131""]"
Q1991301,Grynet Molvig,"[""Grynet Molvig""]",1,[1298176],[76],,,https://sv.wikipedia.org/wiki/Grynet_Molvig,kvinna,Q6581072,1942-12-23,,"[""Norge"",""Sverige""]","[""Q20"",""Q34""]","[""skådespelare"",""skivartist"",""sångare""]","[""Q33999"",""Q55960555"",""Q177220""]"
Q19938190,Alexander Hermansson,"[""Alexander Hermansson""]",1,[2397323],[32],,,https://sv.wikipedia.org/wiki/Alexander_Hermansson,man,Q6581097,1992-01-22,,"[""Sverige""]","[""Q34""]","[""TV-programledare"",""barnboksförfattare"",""youtuber"",""TV-producent""]","[""Q947873"",""Q4853732"",""Q17125263"",""Q578109""]"
Q19951646,Anders Kompass,"[""Anders Kompass""]",1,[747697],[60],,,https://sv.wikipedia.org/wiki/Anders_Kompass,man,Q6581097,1955-08-25,,"[""Sverige""]","[""Q34""]","[""ämbetsman""]","[""Q212238""]"
Q19975899,Petter Askergren,"[""Petter Askergren""]",1,[911953],[null],,,https://sv.wikipedia.org/wiki/Peter_Askergren,man,Q6581097,1767-02-04,1818-02-17,"[""Sverige""]","[""Q34""]","[""pianist"",""organist"",""cellist"",""pianopedagog"",""violast"",""kompositör""]","[""Q486748"",""Q765778"",""Q13219637"",""Q17303149"",""Q899758"",""Q36834""]"
Q19976172,Thomas Sandell,"[""Thomas Sandell""]",1,[1319488],[60],,,https://sv.wikipedia.org/wiki/Thomas_Sandell_(arkitekt),man,Q6581097,1959-02-18,,"[""Sverige""]","[""Q34""]","[""formgivare"",""arkitekt""]","[""Q5322166"",""Q42973""]"
Q19976374,Sven Björklund,"[""Sven Björklund""]",1,[2181623],[50],,,https://sv.wikipedia.org/wiki/Sven_Bj%C3%B6rklund,man,Q6581097,1973-03-29,,"[""Sverige""]","[""Q34""]","[""skådespelare""]","[""Q33999""]"
Q19976737,Magda Gad,"[""Magda Gad""]",1,[927245],[41],,,https://sv.wikipedia.org/wiki/Magda_Gad,kvinna,Q6581072,1975-10-17,,"[""Sverige""]","[""Q34""]","[""journalist""]","[""Q1930187""]"
Q19977049,Jacob Mühlrad,"[""Jacob Mühlrad""]",1,[927239],[26],,,https://sv.wikipedia.org/wiki/Jacob_M%C3%BChlrad,man,Q6581097,1991-04-09,,"[""Sverige""]","[""Q34""]","[""kompositör""]","[""Q36834""]"
Q19977253,William Spetz,"[""William Spetz""]",2,"[917198,994584]","[21,21]",,,https://sv.wikipedia.org/wiki/William_Spetz,man,Q6581097,1996-04-04,,"[""Sverige""]","[""Q34""]","[""sångare"",""komiker"",""art director"",""TV-programledare"",""bloggare"",""youtuber"",""movement director"",""TV-producent"",""creative Director"",""skådespelare"",""manusförfattare""]","[""Q177220"",""Q245068"",""Q706364"",""Q947873"",""Q8246794"",""Q17125263"",""Q17152482"",""Q578109"",""Q667982"",""Q33999"",""Q28389""]"
Q20049475,Heléne Anderson,"[""Heléne Anderson""]",1,[562582],[63],,,https://sv.wikipedia.org/wiki/H%C3%A9lene_Anderson,kvinna,Q6581072,1951-08-07,,"[""Sverige""]","[""Q34""]","[""konstnär""]","[""Q483501""]"
Q201079,Barbara Bonney,"[""Barbara Bonney""]",1,[323843],[51],,,https://sv.wikipedia.org/wiki/Barbara_Bonney,kvinna,Q6581072,1956-04-14,,"[""USA""]","[""Q30""]","[""sångare"",""musiker"",""universitetslärare"",""operasångare"",""musikpedagog""]","[""Q177220"",""Q639669"",""Q1622272"",""Q2865819"",""Q16145150""]"
Q202015,Pia Cramling,"[""Pia Cramling""]",1,[1734360],[58],,,https://sv.wikipedia.org/wiki/Pia_Cramling,kvinna,Q6581072,1963-04-23,,"[""Sverige""]","[""Q34""]","[""schackspelare""]","[""Q10873124""]"
Q2023538,Ann-Louise Hanson,"[""Ann-Louise Hanson""]",1,[216125],[69],,,https://sv.wikipedia.org/wiki/Ann-Louise_Hanson,kvinna,Q6581072,1944-04-04,,"[""Sverige""]","[""Q34""]","[""sångare"",""musiker""]","[""Q177220"",""Q639669""]"
Q202693,Jo Nesbø,"[""Jo Nesbø""]",1,[116715],[52],,,https://sv.wikipedia.org/wiki/Jo_Nesb%C3%B8,man,Q6581097,1960-03-29,,"[""Norge""]","[""Q20""]","[""sångare"",""nationalekonom"",""författare"",""fotbollsspelare"",""exekutiv producent"",""journalist"",""barnboksförfattare"",""romanförfattare"",""kriminalförfattare"",""filantrop"",""rockmusiker"",""författare"",""manusförfattare""]","[""Q177220"",""Q188094"",""Q482980"",""Q937857"",""Q1053574"",""Q1930187"",""Q4853732"",""Q6625963"",""Q10297252"",""Q12362622"",""Q12374149"",""Q36180"",""Q28389""]"
Q2029325,Gustav Fridolin,"[""Gustav Fridolin""]",1,[371086],[24],,,https://sv.wikipedia.org/wiki/Gustav_Fridolin,man,Q6581097,1983-05-10,,"[""Sverige""]","[""Q34""]","[""politiker""]","[""Q82955""]"
Q2031528,Theodor Kallifatides,"[""Theodor Kallifatides""]",1,[216106],[75],,,https://sv.wikipedia.org/wiki/Theodor_Kallifatides,man,Q6581097,1938-03-12,,"[""Grekland"",""Sverige""]","[""Q41"",""Q34""]","[""författare"",""skådespelare"",""manusförfattare"",""poet"",""översättare"",""dramaturg"",""filmregissör""]","[""Q36180"",""Q33999"",""Q28389"",""Q49757"",""Q333634"",""Q487596"",""Q2526255""]"
Q2035589,Sven Wollter,"[""Sven Wollter""]",2,"[386301,1619205]","[67,47]",,,https://sv.wikipedia.org/wiki/Sven_Wollter,man,Q6581097,1934-01-11,2020-11-10,"[""Sverige""]","[""Q34""]","[""författare"",""skådespelare""]","[""Q36180"",""Q33999""]"
Q203781,Roy Hodgson,"[""Roy Hodgson""]",1,[927244],[70],,,https://sv.wikipedia.org/wiki/Roy_Hodgson,man,Q6581097,1947-08-09,,"[""Storbritannien""]","[""Q145""]","[""fotbollsspelare"",""fotbollstränare""]","[""Q937857"",""Q628099""]"
Q20652838,Georgios Karpathakis,"[""Georgios Karpathakis""]",1,[571816],[29],,,https://sv.wikipedia.org/wiki/Georgios_Karpathakis,man,Q6581097,1986-05-19,,"[""Sverige""]","[""Q34""]",[],[]
Q20652861,Kenneth Macartney,"[""Kenneth Macartney""]",1,[571817],[55],,,https://sv.wikipedia.org/wiki/Kenneth_Macartney,man,Q6581097,1959,,"[""Kanada""]","[""Q16""]","[""diplomat""]","[""Q193391""]"
Q20715,Steve Angello,"[""Steve Angello""]",1,[407820],[31],,,https://sv.wikipedia.org/wiki/Steve_Angello,man,Q6581097,1982-11-22,,"[""Grekland"",""Sverige""]","[""Q41"",""Q34""]","[""musikproducent"",""musiker"",""låtskrivare"",""diskjockey"",""kompositör""]","[""Q183945"",""Q639669"",""Q753110"",""Q130857"",""Q36834""]"
Q20717,Sebastian Ingrosso,"[""Sebastian Ingrosso""]",1,[2815463],[43],,,https://sv.wikipedia.org/wiki/Sebastian_Ingrosso,man,Q6581097,1983-04-20,,"[""Sverige""]","[""Q34""]","[""musikproducent"",""musiker"",""låtskrivare"",""diskjockey""]","[""Q183945"",""Q639669"",""Q753110"",""Q130857""]"
Q2076321,Max Tegmark,"[""Max Tegmark""]",3,"[279990,1077305,2180962]","[41,51,56]",,,https://sv.wikipedia.org/wiki/Max_Tegmark,man,Q6581097,1967-05-05,,"[""Sverige"",""USA""]","[""Q34"",""Q30""]","[""astronom"",""författare"",""fysiker"",""astrofysiker"",""universitetslärare"",""kosmolog""]","[""Q11063"",""Q36180"",""Q169470"",""Q752129"",""Q1622272"",""Q2998308""]"
Q210123,Caroline af Ugglas,"[""Caroline af Ugglas""]",1,[416924],[28],,,https://sv.wikipedia.org/wiki/Caroline_af_Ugglas,kvinna,Q6581072,1972-04-07,,"[""Sverige""]","[""Q34""]","[""sångare"",""singer-songwriter"",""författare"",""skådespelare""]","[""Q177220"",""Q488205"",""Q36180"",""Q33999""]"
Q21030641,Andreas T Olsson,"[""Andreas T Olsson""]",1,[2815531],[47],,,https://sv.wikipedia.org/wiki/Andreas_T._Olsson,man,Q6581097,1979-07-28,,"[""Sverige""]","[""Q34""]","[""skådespelare""]","[""Q33999""]"
Q211228,Ruben Östlund,"[""Ruben Östlund""]",1,[927254],[43],,,https://sv.wikipedia.org/wiki/Ruben_%C3%96stlund,man,Q6581097,1974-04-13,,"[""Sverige""]","[""Q34""]","[""filmfotograf"",""filmproducent"",""filmregissör"",""regissör"",""filmklippare"",""manusförfattare""]","[""Q222344"",""Q3282637"",""Q2526255"",""Q3455803"",""Q7042855"",""Q28389""]"
Q2120765,Svante Thuresson,"[""Svante Thuresson""]",1,[1319507],[82],,,https://sv.wikipedia.org/wiki/Svante_Thuresson,man,Q6581097,1937-02-07,2021-05-10,"[""Sverige""]","[""Q34""]","[""popsångare"",""jazzsångare"",""skådespelare"",""skivartist"",""sångare"",""röstskådespelare"",""jazzmusiker""]","[""Q60723829"",""Q66314404"",""Q33999"",""Q55960555"",""Q177220"",""Q2405480"",""Q15981151""]"
Q212524,Carola Häggkvist,"[""Carola Häggkvist""]",1,[751910],[49],,,https://sv.wikipedia.org/wiki/Carola_H%C3%A4ggkvist,kvinna,Q6581072,1966-09-08,,"[""Sverige""]","[""Q34""]","[""sångtextförfattare"",""gospelsångare"",""schlagersångare""]","[""Q822146"",""Q102276804"",""Q73802176""]"
Q212649,Darin Zanyar,"[""Darin Zanyar""]",1,[126301],[23],,,https://sv.wikipedia.org/wiki/Darin,man,Q6581097,1987-06-02,,"[""Sverige""]","[""Q34""]","[""sångare"",""musiker"",""låtskrivare""]","[""Q177220"",""Q639669"",""Q753110""]"
Q21406127,Isabella Lundgren,"[""Isabella Lundgren""]",1,[757664],[28],,,https://sv.wikipedia.org/wiki/Isabella_Lundgren,kvinna,Q6581072,1987-12-21,,"[""Sverige""]","[""Q34""]","[""sångare""]","[""Q177220""]"
Q214124,Kim Källström,"[""Kim Källström""]",1,[751935],[33],,,https://sv.wikipedia.org/wiki/Kim_K%C3%A4llstr%C3%B6m,man,Q6581097,1982-08-24,,"[""Sverige""]","[""Q34""]","[""fotbollsspelare""]","[""Q937857""]"
Q21662922,Judith Gough,"[""Judith Gough""]",1,[2181047],[50],,,https://sv.wikipedia.org/wiki/Judith_Gough,kvinna,Q6581072,1972-11-08,,"[""Storbritannien""]","[""Q145""]","[""diplomat"",""konsult""]","[""Q193391"",""Q15978655""]"
Q2166721,Pelle ”Howlin' Pelle” Almqvist,"[""Pelle ”Howlin' Pelle” Almqvist""]",1,[371875],[29],,,https://sv.wikipedia.org/wiki/Pelle_Almqvist,man,Q6581097,1978-05-29,,"[""Sverige""]","[""Q34""]","[""sångare"",""låtskrivare""]","[""Q177220"",""Q753110""]"
Q216932,Ingvar Kamprad,"[""Ingvar Kamprad""]",1,[363618],[83],,,https://sv.wikipedia.org/wiki/Ingvar_Kamprad,man,Q6581097,1926-03-30,2018-01-27,"[""Sverige""]","[""Q34""]","[""entreprenör"",""formgivare"",""affärsidkare""]","[""Q131524"",""Q5322166"",""Q43845""]"
Q21694564,Jonna Sundling,"[""Jonna Sundling""]",1,[2578992],[30],,,https://sv.wikipedia.org/wiki/Jonna_Sundling,kvinna,Q6581072,1994-12-28,,"[""Sverige""]","[""Q34""]","[""längdskidåkare""]","[""Q13382608""]"
Q218369,Sven-Göran ”Svennis” Eriksson,"[""Sven-Göran ”Svennis” Eriksson""]",2,"[672685,1740732]","[52,73]",,,https://sv.wikipedia.org/wiki/Sven-G%C3%B6ran_Eriksson,man,Q6581097,1948-02-05,2024-08-26,"[""Sverige""]","[""Q34""]","[""fotbollsspelare"",""fotbollstränare"",""självbiograf""]","[""Q937857"",""Q628099"",""Q18814623""]"
Q21964346,Peter Carlsson,"[""Peter Carlsson""]",1,[1734370],[50],,,https://sv.wikipedia.org/wiki/Peter_Carlsson_(ekonom),man,Q6581097,1970-10-19,,"[""Sverige""]","[""Q34""]","[""affärsidkare"",""ekonom""]","[""Q43845"",""Q12344332""]"
Q21984091,Malin Wollin,"[""Malin Wollin""]",1,[2180747],[44],,,https://sv.wikipedia.org/wiki/Malin_Wollin,kvinna,Q6581072,1978-12-08,,"[""Sverige""]","[""Q34""]","[""journalist""]","[""Q1930187""]"
Q2206038,Jack Vreeswijk,"[""Jack Vreeswijk""]",1,[1077316],[54],,,https://sv.wikipedia.org/wiki/Jack_Vreeswijk,man,Q6581097,1964-01-25,2023-04-04,"[""Sverige""]","[""Q34""]","[""sångare"",""kompositör""]","[""Q177220"",""Q36834""]"
Q22290781,Carina Bergfeldt,"[""Carina Bergfeldt""]",1,[1319497],[39],,,https://sv.wikipedia.org/wiki/Carina_Bergfeldt,kvinna,Q6581072,1980-02-19,,"[""Sverige""]","[""Q34""]","[""Utrikeskorrespondent"",""författare"",""reporter"",""krönikör"",""journalist"",""röstskådespelare"",""programledare""]","[""Q18190897"",""Q36180"",""Q42909"",""Q1086863"",""Q1930187"",""Q2405480"",""Q13590141""]"
Q22338719,Isabelle Haak,"[""Isabelle Haak""]",1,[2578997],[26],,,https://sv.wikipedia.org/wiki/Isabelle_Haak,kvinna,Q6581072,1999-07-11,,"[""Sverige""]","[""Q34""]","[""beachvolleybollspelare"",""volleybollspelare""]","[""Q17361156"",""Q15117302""]"
Q223672,Carolina Klüft,"[""Carolina Klüft""]",1,[757840],[33],,,https://sv.wikipedia.org/wiki/Carolina_Kl%C3%BCft,kvinna,Q6581072,1983-02-02,,"[""Sverige""]","[""Q34""]","[""TV-programledare"",""friidrottare""]","[""Q947873"",""Q11513337""]"
Q22570102,Herman Geijer,"[""Herman Geijer""]",1,[576702],[36],,,https://sv.wikipedia.org/wiki/Herman_Geijer_(f%C3%B6rfattare),man,Q6581097,1978-12-04,,"[""Sverige""]","[""Q34""]","[""författare""]","[""Q36180""]"
Q2271522,Malik Bendjelloul,"[""Malik Bendjelloul""]",1,[223943],[35],,,https://sv.wikipedia.org/wiki/Malik_Bendjelloul,man,Q6581097,1977-09-14,2014-05-13,"[""Sverige""]","[""Q34""]","[""skådespelare"",""manusförfattare"",""journalist"",""filmregissör"",""regissör""]","[""Q33999"",""Q28389"",""Q1930187"",""Q2526255"",""Q3455803""]"
Q2280205,Carolina Gynning,"[""Carolina Gynning""]",1,[209303],[34],,,https://sv.wikipedia.org/wiki/Carolina_Gynning,kvinna,Q6581072,1978-10-06,,"[""Sverige""]","[""Q34""]","[""journalist"",""TV-programledare"",""modell"",""bloggare"",""självbiograf"",""deltagare i reality-TV"",""skådespelare""]","[""Q1930187"",""Q947873"",""Q4610556"",""Q8246794"",""Q18814623"",""Q27658988"",""Q33999""]"
Q228616,Marta Vieira da Silva,"[""Marta Vieira da Silva""]",1,[116688],[26],,,https://sv.wikipedia.org/wiki/Marta_(fotbollsspelare),kvinna,Q6581072,1986-02-19,,"[""Brasilien"",""Sverige""]","[""Q155"",""Q34""]","[""fotbollsspelare""]","[""Q937857""]"
Q228862,Lena Olin,"[""Lena Olin""]",2,"[371363,562300]","[52,60]",,,https://sv.wikipedia.org/wiki/Lena_Olin,kvinna,Q6581072,1955-03-22,,"[""Sverige""]","[""Q34""]","[""skådespelare"",""filmskådespelare"",""scenskådespelare"",""skönhetstävlingsdeltagare""]","[""Q33999"",""Q10800557"",""Q2259451"",""Q18581305""]"
Q229445,Robyn Carlsson,"[""Robyn Carlsson""]",2,"[369406,416864]","[29,20]",,,https://sv.wikipedia.org/wiki/Robyn,kvinna,Q6581072,1979-06-12,,"[""Sverige""]","[""Q34""]","[""sångare"",""musikproducent"",""låtskrivare"",""kompositör"",""popmusiker""]","[""Q177220"",""Q183945"",""Q753110"",""Q36834"",""Q102277154""]"
Q22959058,Alexander Ekman,"[""Alexander Ekman""]",1,[586383],[30],,,https://sv.wikipedia.org/wiki/Alexander_Ekman,man,Q6581097,1984,,"[""Sverige""]","[""Q34""]","[""kostymtecknare"",""ljusdesigner"",""koreograf"",""scenograf"",""dansare""]","[""Q1323191"",""Q1823479"",""Q2490358"",""Q2707485"",""Q5716684""]"
Q229669,Malin Åkerman,"[""Malin Åkerman""]",1,[363646],[31],,,https://sv.wikipedia.org/wiki/Malin_%C3%85kerman,kvinna,Q6581072,1978-05-12,,"[""Sverige"",""USA""]","[""Q34"",""Q30""]","[""sångare"",""musiker"",""modell"",""filmskådespelare"",""skådespelare""]","[""Q177220"",""Q639669"",""Q4610556"",""Q10800557"",""Q33999""]"
Q230066,Petra Marklund,"[""Petra Marklund""]",1,[126249],[26],,,https://sv.wikipedia.org/wiki/Petra_Marklund,kvinna,Q6581072,1984-09-12,,"[""Sverige""]","[""Q34""]","[""sångare"",""musiker"",""TV-programledare"",""kompositör""]","[""Q177220"",""Q639669"",""Q947873"",""Q36834""]"
Q230662,Anita Ekberg,"[""Anita Ekberg""]",1,[359556],[73],,,https://sv.wikipedia.org/wiki/Anita_Ekberg,kvinna,Q6581072,1931-09-29,2015-01-11,"[""Sverige""]","[""Q34""]","[""fotomodell"",""modell"",""filmskådespelare"",""skönhetstävlingsdeltagare"",""skådespelare""]","[""Q3357567"",""Q4610556"",""Q10800557"",""Q18581305"",""Q33999""]"
Q231320,Camilla Läckberg,"[""Camilla Läckberg""]",2,"[371175,2180475]","[32,48]",,,https://sv.wikipedia.org/wiki/Camilla_L%C3%A4ckberg,kvinna,Q6581072,1974-08-30,,"[""Sverige""]","[""Q34""]","[""TV-programledare"",""romanförfattare"",""författare""]","[""Q947873"",""Q6625963"",""Q36180""]"
Q231413,Mona Sahlin,"[""Mona Sahlin""]",3,"[327824,371367,1518763]","[50,35,63]",,,https://sv.wikipedia.org/wiki/Mona_Sahlin,kvinna,Q6581072,1957-03-09,,"[""Sverige""]","[""Q34""]","[""politiker""]","[""Q82955""]"
Q231880,Nina Persson,"[""Nina Persson""]",1,[622285],[26],,,https://sv.wikipedia.org/wiki/Nina_Persson,kvinna,Q6581072,1974-09-06,,"[""Sverige""]","[""Q34""]","[""popsångare"",""skådespelare"",""sångare"",""musiker"",""låtskrivare""]","[""Q60723829"",""Q33999"",""Q177220"",""Q639669"",""Q753110""]"
Q231965,Kajsa Bergqvist,"[""Kajsa Bergqvist""]",1,[369285],[31],,,https://sv.wikipedia.org/wiki/Kajsa_Bergqvist,kvinna,Q6581072,1976-10-12,,"[""Sverige""]","[""Q34""]","[""friidrottare""]","[""Q11513337""]"
Q232429,Maud Adams,"[""Maud Adams""]",1,[371371],[62],,,https://sv.wikipedia.org/wiki/Maud_Adams,kvinna,Q6581072,1945-02-12,,"[""Sverige""]","[""Q34""]","[""skådespelare"",""modell"",""filmskådespelare""]","[""Q33999"",""Q4610556"",""Q10800557""]"
Q232695,Prinsessan Birgitta,"[""Prinsessan Birgitta""]",1,[323359],[72],,,https://sv.wikipedia.org/wiki/Prinsessan_Birgitta,kvinna,Q6581072,1937-01-19,2024-12-04,"[""Sverige""]","[""Q34""]","[""prinsessa""]","[""Q863048""]"
Q232711,Annika Sörenstam,"[""Annika Sörenstam""]",1,[126323],[39],,,https://sv.wikipedia.org/wiki/Annika_S%C3%B6renstam,kvinna,Q6581072,1970-10-09,,"[""Sverige""]","[""Q34""]","[""golfspelare"",""professionell golfspelare"",""arkitekt""]","[""Q11303721"",""Q490253"",""Q42973""]"
Q233270,Charlotte Kalla,"[""Charlotte Kalla""]",1,[1952955],[34],,,https://sv.wikipedia.org/wiki/Charlotte_Kalla,kvinna,Q6581072,1987-07-22,,"[""Sverige""]","[""Q34""]","[""längdskidåkare"",""backhoppare""]","[""Q13382608"",""Q13382603""]"
Q233342,Neneh Cherry,"[""Neneh Cherry""]",1,[116705],[48],,,https://sv.wikipedia.org/wiki/Neneh_Cherry,kvinna,Q6581072,1964-03-10,,"[""Sverige""]","[""Q34""]","[""sångare"",""musiker"",""låtskrivare"",""rappare"",""diskjockey"",""kompositör""]","[""Q177220"",""Q639669"",""Q753110"",""Q2252262"",""Q130857"",""Q36834""]"
Q233837,Britt Ekland,"[""Britt Ekland""]",2,"[421643,2578993]","[49,82]",,,https://sv.wikipedia.org/wiki/Britt_Ekland,kvinna,Q6581072,1942-10-06,,"[""Sverige""]","[""Q34""]","[""TV-programledare"",""modell"",""självbiograf"",""författare"",""skådespelare""]","[""Q947873"",""Q4610556"",""Q18814623"",""Q36180"",""Q33999""]"
Q233951,Birgit Nilsson,"[""Birgit Nilsson""]",2,"[382051,421773]","[85,64]",,,https://sv.wikipedia.org/wiki/Birgit_Nilsson,kvinna,Q6581072,1918-05-17,2005-12-25,"[""Sverige""]","[""Q34""]","[""operasångare""]","[""Q2865819""]"
Q234394,Åse Kleveland,"[""Åse Kleveland""]",1,[911958],[51],,,https://sv.wikipedia.org/wiki/%C3%85se_Kleveland,kvinna,Q6581072,1949-03-18,,"[""Norge"",""Sverige""]","[""Q20"",""Q34""]","[""politiker"",""sångare"",""musiker"",""gitarrist"",""låtskrivare"",""TV-programledare""]","[""Q82955"",""Q177220"",""Q639669"",""Q855091"",""Q753110"",""Q947873""]"
Q234921,Bibi Andersson,"[""Bibi Andersson""]",1,[420012],[59],,,https://sv.wikipedia.org/wiki/Bibi_Andersson,kvinna,Q6581072,1935-11-11,2019-04-14,"[""Sverige""]","[""Q34""]","[""filmskådespelare"",""scenskådespelare""]","[""Q10800557"",""Q2259451""]"
Q234923,Harriet Andersson,"[""Harriet Andersson""]",1,[909821],[85],,,https://sv.wikipedia.org/wiki/Harriet_Andersson,kvinna,Q6581072,1932-02-14,,"[""Sverige""]","[""Q34""]","[""filmskådespelare"",""skådespelare""]","[""Q10800557"",""Q33999""]"
Q234973,Anne Sofie von Otter,"[""Anne Sofie von Otter""]",1,[367479],[54],,,https://sv.wikipedia.org/wiki/Anne_Sofie_von_Otter,kvinna,Q6581072,1955-05-09,,"[""Sverige""]","[""Q34""]","[""operasångare""]","[""Q2865819""]"
Q235049,Susanna Kallur,"[""Susanna Kallur""]",1,[418136],[27],,,https://sv.wikipedia.org/wiki/Susanna_Kallur,kvinna,Q6581072,1981-02-16,,"[""Sverige""]","[""Q34""]","[""sprinter""]","[""Q4009406""]"
Q235108,Inger Nilsson,"[""Inger Nilsson""]",1,[1732938],[62],,,https://sv.wikipedia.org/wiki/Inger_Nilsson,kvinna,Q6581072,1959-05-04,,"[""Sverige""]","[""Q34""]","[""skådespelare"",""sångare"",""sekreterare"",""filmskådespelare""]","[""Q33999"",""Q177220"",""Q80687"",""Q10800557""]"
Q235315,Sarah Sjöström,"[""Sarah Sjöström""]",1,[908584],[23],,,https://sv.wikipedia.org/wiki/Sarah_Sj%C3%B6str%C3%B6m,kvinna,Q6581072,1993-08-17,,"[""Sverige""]","[""Q34""]","[""simmare""]","[""Q10843402""]"
Q235440,Lotta Engberg,"[""Lotta Engberg""]",2,"[381769,2578969]","[40,62]",,,https://sv.wikipedia.org/wiki/Lotta_Engberg,kvinna,Q6581072,1963-03-05,,"[""Sverige""]","[""Q34""]","[""schlagersångare"",""pianist"",""TV-programledare"",""skivartist"",""dansbandssångare""]","[""Q73802176"",""Q486748"",""Q947873"",""Q55960555"",""Q104224740""]"
Q235820,Kikki Danielsson,"[""Kikki Danielsson""]",2,"[757814,782850]","[64,39]",,,https://sv.wikipedia.org/wiki/Kikki_Danielsson,kvinna,Q6581072,1952-05-10,,"[""Sverige""]","[""Q34""]","[""skivartist"",""dansbandssångare"",""schlagersångare"",""sångare"",""musiker"",""sångtextförfattare"",""dragspelare"",""joddlare"",""countrysångare"",""countrymusiker""]","[""Q55960555"",""Q104224740"",""Q73802176"",""Q177220"",""Q639669"",""Q822146"",""Q1863064"",""Q21234378"",""Q66763708"",""Q66763670""]"
Q235825,Lena Philipsson,"[""Lena Philipsson""]",3,"[366861,386293,1944991]","[43,36,56]",,,https://sv.wikipedia.org/wiki/Lena_Philipsson,kvinna,Q6581072,1966-01-19,,"[""Sverige""]","[""Q34""]","[""kompositör"",""skivartist"",""sångare"",""musiker"",""låtskrivare""]","[""Q36834"",""Q55960555"",""Q177220"",""Q639669"",""Q753110""]"
Q236148,Susanne Bier,"[""Susanne Bier""]",1,[381007],[43],,,https://sv.wikipedia.org/wiki/Susanne_Bier,kvinna,Q6581072,1960-04-15,,"[""Konungariket Danmark""]","[""Q756617""]","[""manusförfattare"",""filmproducent"",""filmregissör"",""regissör""]","[""Q28389"",""Q3282637"",""Q2526255"",""Q3455803""]"
Q2362286,Thommy Berggren,"[""Thommy Berggren""]",1,[400054],[60],,,https://sv.wikipedia.org/wiki/Tommy_Berggren,man,Q6581097,1937-08-12,,"[""Sverige""]","[""Q34""]","[""regissör"",""skådespelare""]","[""Q3455803"",""Q33999""]"
Q236505,Lisa Miskovsky,"[""Lisa Miskovsky""]",1,[1319505],[44],,,https://sv.wikipedia.org/wiki/Lisa_Miskovsky,kvinna,Q6581072,1975-03-09,,"[""Sverige""]","[""Q34""]","[""skivartist"",""sångare"",""musiker"",""gitarrist"",""låtskrivare""]","[""Q55960555"",""Q177220"",""Q639669"",""Q855091"",""Q753110""]"
Q236660,Liza Marklund,"[""Liza Marklund""]",2,"[448989,571819]","[36,52]",,,https://sv.wikipedia.org/wiki/Liza_Marklund,kvinna,Q6581072,1962-09-09,,"[""Sverige""]","[""Q34""]","[""författare"",""journalist""]","[""Q36180"",""Q1930187""]"
Q236748,Arash Labaf,"[""Arash Labaf""]",1,[367470],[31],,,https://sv.wikipedia.org/wiki/Arash_Labaf,man,Q6581097,1978-04-23,,"[""Iran"",""Sverige""]","[""Q794"",""Q34""]","[""skivartist"",""sångare"",""musikproducent"",""musiker"",""skådespelare""]","[""Q55960555"",""Q177220"",""Q183945"",""Q639669"",""Q33999""]"
Q237255,Pernilla August,"[""Pernilla August""]",1,[370188],[50],,,https://sv.wikipedia.org/wiki/Pernilla_August,kvinna,Q6581072,1958-02-13,,"[""Sverige""]","[""Q34""]","[""filmregissör"",""regissör"",""filmskådespelare"",""scenskådespelare"",""skådespelare"",""manusförfattare""]","[""Q2526255"",""Q3455803"",""Q10800557"",""Q2259451"",""Q33999"",""Q28389""]"
Q237522,Margot Wallström,"[""Margot Wallström""]",2,"[369185,449612]","[53,46]",,,https://sv.wikipedia.org/wiki/Margot_Wallstr%C3%B6m,kvinna,Q6581072,1954-09-28,,"[""Sverige""]","[""Q34""]","[""politiker""]","[""Q82955""]"
Q237703,Kerstin Ekman,"[""Kerstin Ekman""]",3,"[418237,418238,765460]","[75,64,82]",,,https://sv.wikipedia.org/wiki/Kerstin_Ekman,kvinna,Q6581072,1933-08-27,,"[""Sverige""]","[""Q34""]","[""romanförfattare"",""författare"",""lärare""]","[""Q6625963"",""Q36180"",""Q37226""]"
Q237766,Anita Björk,"[""Anita Björk""]",1,[382656],[80],,,https://sv.wikipedia.org/wiki/Anita_Bj%C3%B6rk,kvinna,Q6581072,1923-04-25,2012-10-24,"[""Sverige""]","[""Q34""]","[""scenskådespelare"",""skådespelare"",""filmskådespelare"",""tv-skådespelare""]","[""Q2259451"",""Q33999"",""Q10800557"",""Q10798782""]"
Q23914789,Bea Åkerlund,"[""Bea Åkerlund""]",1,[583109],[40],,,https://sv.wikipedia.org/wiki/Bea_%C3%85kerlund,kvinna,Q6581072,1975-05-10,,[],[],"[""modeskapare""]","[""Q3501317""]"
Q23915061,Joy M’Batha,"[""Joy M’Batha""]",1,[1953005],[27],,,https://sv.wikipedia.org/wiki/Joy_M%27Batha,kvinna,Q6581072,1994-11-13,,"[""Sverige""]","[""Q34""]","[""sångare""]","[""Q177220""]"
Q23916283,Barbro Ehnbom,"[""Barbro Ehnbom""]",1,[927242],[72],,,https://sv.wikipedia.org/wiki/Barbro_Ehnbom,kvinna,Q6581072,1945-08-07,,"[""Sverige""]","[""Q34""]","[""företagsledare""]","[""Q2961975""]"
Q23916427,Johan Kuylenstierna,"[""Johan Kuylenstierna""]",1,[921580],[52],,,https://sv.wikipedia.org/wiki/Johan_Kuylenstierna,man,Q6581097,1965-01-17,,"[""Sverige""]","[""Q34""]","[""professor"",""ämbetsman"",""geograf"",""klimatolog"",""forskare"",""geovetare""]","[""Q121594"",""Q599151"",""Q901402"",""Q1113838"",""Q1650915"",""Q11424604""]"
Q23917075,Birgitte Bonnesen,"[""Birgitte Bonnesen""]",1,[917105],[61],,,https://sv.wikipedia.org/wiki/Birgitte_Bonnesen,kvinna,Q6581072,1956-05-18,,"[""Konungariket Danmark""]","[""Q756617""]","[""bankman""]","[""Q806798""]"
Q23918938,Caroline Ringskog Ferrada-Noli,"[""Caroline Ringskog Ferrada-Noli""]",1,[2397928],[44],,,https://sv.wikipedia.org/wiki/Caroline_Ringskog_Ferrada-Noli,kvinna,Q6581072,1980-07-08,,"[""Sverige""]","[""Q34""]","[""författare"",""TV-författare"",""tv-regissör"",""poddradioproducent""]","[""Q36180"",""Q73306227"",""Q2059704"",""Q15077007""]"
Q2395703,Yannick Tregaro,"[""Yannick Tregaro""]",1,[358453],[27],,,https://sv.wikipedia.org/wiki/Yannick_Tregaro,man,Q6581097,1978-03-26,,"[""Sverige""]","[""Q34""]","[""friidrottare"",""friidrottstränare""]","[""Q11513337"",""Q19827985""]"
Q2396467,Mauricio Rojas,"[""Mauricio Rojas""]",1,[596816],[51],,,https://sv.wikipedia.org/wiki/Mauricio_Rojas,man,Q6581097,1950-06-28,,"[""Chile"",""Sverige""]","[""Q298"",""Q34""]","[""författare"",""politiker"",""nationalekonom""]","[""Q36180"",""Q82955"",""Q188094""]"
Q24018291,Oscar Stenström,"[""Oscar Stenström""]",1,[2397270],[49],,,https://sv.wikipedia.org/wiki/Oscar_Stenstr%C3%B6m,man,Q6581097,1975-05-16,,"[""Sverige""]","[""Q34""]","[""diplomat""]","[""Q193391""]"
Q24018410,Erik Lundin,"[""Erik Lundin""]",1,[1319475],[36],,,https://sv.wikipedia.org/wiki/Erik_Lundin_(rappare),man,Q6581097,1982-09-24,,"[""Sverige""]","[""Q34""]","[""rappare""]","[""Q2252262""]"
Q24018789,Dagny Carlsson,"[""Dagny Carlsson""]",2,"[917151,994544]","[105,105]",,,https://sv.wikipedia.org/wiki/Dagny_Carlsson_(bloggare),kvinna,Q6581072,1912-05-08,2022-03-24,"[""Sverige""]","[""Q34""]","[""bloggare""]","[""Q8246794""]"
Q24019273,Anders Hansen,"[""Anders Hansen""]",2,"[1319465,1417165]","[45,45]",,,https://sv.wikipedia.org/wiki/Anders_Hansen,man,Q6581097,1974-01-24,,"[""Sverige""]","[""Q34""]","[""programledare"",""författare"",""läkare"",""psykiater""]","[""Q13590141"",""Q36180"",""Q39631"",""Q211346""]"
Q240424,Ludmila Engquist,"[""Ludmila Engquist""]",1,[2578786],[61],,,https://sv.wikipedia.org/wiki/Ludmila_Engquist,kvinna,Q6581072,1964-04-21,,"[""Sverige"",""Ryssland"",""Sovjetunionen""]","[""Q34"",""Q159"",""Q15180""]","[""bobåkare"",""häcklöpare""]","[""Q13383011"",""Q13724897""]"
Q241208,Isabella Lövin,"[""Isabella Lövin""]",1,[369366],[45],,,https://sv.wikipedia.org/wiki/Isabella_L%C3%B6vin,kvinna,Q6581072,1963-02-03,,"[""Sverige""]","[""Q34""]","[""politiker"",""journalist""]","[""Q82955"",""Q1930187""]"
Q2414601,Ulf Ekman,"[""Ulf Ekman""]",1,[914882],[66],,,https://sv.wikipedia.org/wiki/Ulf_Ekman,man,Q6581097,1950-12-08,,"[""Sverige""]","[""Q34""]","[""pastor"",""missionär"",""teolog""]","[""Q152002"",""Q219477"",""Q1234713""]"
Q241722,Anette Norberg,"[""Anette Norberg""]",1,[69601],[43],,,https://sv.wikipedia.org/wiki/Anette_Norberg,kvinna,Q6581072,1966-11-12,,"[""Sverige""]","[""Q34""]","[""curlingtränare"",""curlingspelare""]","[""Q51751308"",""Q17516936""]"
Q2420983,Sanna Nielsen,"[""Sanna Nielsen""]",1,[386120],[29],,,https://sv.wikipedia.org/wiki/Sanna_Nielsen,kvinna,Q6581072,1984-11-27,,"[""Sverige""]","[""Q34""]","[""popmusiker"",""dansbandssångare"",""schlagersångare"",""sångare"",""musiker"",""musikalartist"",""TV-programledare"",""popsångare"",""kompositör""]","[""Q102277154"",""Q104224740"",""Q73802176"",""Q177220"",""Q639669"",""Q1954956"",""Q947873"",""Q60723829"",""Q36834""]"
Q242589,Meja Beckman,"[""Meja Beckman""]",1,[660415],[32],,,https://sv.wikipedia.org/wiki/Meja,kvinna,Q6581072,1969-02-12,,"[""Sverige""]","[""Q34""]","[""sångare"",""kompositör""]","[""Q177220"",""Q36834""]"
Q2449414,Martin Kellerman,"[""Martin Kellerman""]",1,[323842],[33],,,https://sv.wikipedia.org/wiki/Martin_Kellerman,man,Q6581097,1973-12-24,,"[""Sverige""]","[""Q34""]","[""serietecknare"",""serietecknare"",""serieförfattare"",""självbiograf""]","[""Q715301"",""Q1114448"",""Q11892507"",""Q18814623""]"
Q24524936,Therese Lindgren,"[""Therese Lindgren""]",1,[1518772],[33],,,https://sv.wikipedia.org/wiki/Ther%C3%A9se_Lindgren,kvinna,Q6581072,1987-02-15,,"[""Sverige""]","[""Q34""]","[""entreprenör"",""influerare"",""djurrättsaktivist"",""videobloggare"",""författare"",""skådespelare""]","[""Q131524"",""Q2906862"",""Q11966252"",""Q4110598"",""Q36180"",""Q33999""]"
Q246422,Ralph Lundsten,"[""Ralph Lundsten""]",3,"[1143219,1144359,1144387]","[47,44,52]",,,https://sv.wikipedia.org/wiki/Ralph_Lundsten,man,Q6581097,1936-10-06,2023-07-05,"[""Sverige""]","[""Q34""]","[""författare"",""kompositör"",""filmregissör"",""regissör""]","[""Q36180"",""Q36834"",""Q2526255"",""Q3455803""]"
Q24668286,Lennart Bylock,"[""Lennart Bylock""]",1,[760428],[76],,,https://sv.wikipedia.org/wiki/Lennart_Bylock,man,Q6581097,1940-04-27,,"[""Sverige""]","[""Q34""]","[""affärsidkare""]","[""Q43845""]"
Q24680868,Anna Rosling Rönnlund,"[""Anna Rosling Rönnlund""]",1,[1319490],[44],,,https://sv.wikipedia.org/wiki/Anna_Rosling_R%C3%B6nnlund,kvinna,Q6581072,1975-04-04,,"[""Sverige""]","[""Q34""]","[""systemutvecklare"",""statistiker"",""formgivare""]","[""Q183888"",""Q2732142"",""Q5322166""]"
Q24701053,Emilia Lind,"[""Emilia Lind""]",1,[751778],[23],,,https://sv.wikipedia.org/wiki/Emilia_Lind,kvinna,Q6581072,1993-04-27,,"[""Sverige""]","[""Q34""]",[],[]
Q24701056,Iman Aldebe,"[""Iman Aldebe""]",1,[760833],[31],,,https://sv.wikipedia.org/wiki/Iman_Aldebe,kvinna,Q6581072,1984-10-24,,"[""Sverige""]","[""Q34""]","[""modeskapare""]","[""Q3501317""]"
Q24701088,Hannah Akuffo,"[""Hannah Akuffo""]",1,[768710],[62],,,https://sv.wikipedia.org/wiki/Hannah_Akuffo,kvinna,Q6581072,1954-07-07,,[],[],"[""immunolog"",""parasitolog"",""universitetslärare""]","[""Q12119633"",""Q12773412"",""Q1622272""]"
Q24701093,Ove ”Doc Forest” Skog,"[""Ove ”Doc Forest” Skog""]",1,[743434],[72],,,https://sv.wikipedia.org/wiki/Ove_Skog,man,Q6581097,1944-07-07,2018-06-25,"[""Sverige""]","[""Q34""]","[""tatuerare""]","[""Q1861368""]"
Q2478968,René Vázquez Diaz,"[""René Vázquez Diaz""]",1,[363997],[53],,,https://sv.wikipedia.org/wiki/Ren%C3%A9_V%C3%A1zquez_D%C3%ADaz,man,Q6581097,1952-09-07,,"[""Sverige"",""Kuba""]","[""Q34"",""Q241""]","[""översättare"",""dramatiker"",""journalist"",""författare""]","[""Q333634"",""Q214917"",""Q1930187"",""Q36180""]"
Q24827195,Ulrika Rogland,"[""Ulrika Rogland""]",1,[743390],[51],,,https://sv.wikipedia.org/wiki/Ulrika_Rogland,kvinna,Q6581072,1964-10-14,,[],[],[],[]
Q248575,Gina Dirawi,"[""Gina Dirawi""]",2,"[126248,2578974]","[20,34]",,,https://sv.wikipedia.org/wiki/Gina_Dirawi,kvinna,Q6581072,1990-12-11,,"[""Sverige""]","[""Q34""]","[""sångare"",""komiker"",""TV-programledare"",""modell"",""bloggare"",""filmskådespelare"",""programledare"",""cirkusartist"",""författare"",""skådespelare""]","[""Q177220"",""Q245068"",""Q947873"",""Q4610556"",""Q8246794"",""Q10800557"",""Q13590141"",""Q17307272"",""Q36180"",""Q33999""]"
Q248592,Sarah Dawn Finer,"[""Sarah Dawn Finer""]",2,"[203034,387453]","[31,28]",,,https://sv.wikipedia.org/wiki/Sarah_Dawn_Finer,kvinna,Q6581072,1981-09-14,,"[""Sverige""]","[""Q34""]","[""skådespelare"",""sångare"",""musiker"",""låtskrivare"",""TV-programledare""]","[""Q33999"",""Q177220"",""Q639669"",""Q753110"",""Q947873""]"
Q2494607,Karl-Petter Thorwaldsson,"[""Karl-Petter Thorwaldsson""]",1,[576706],[50],,,https://sv.wikipedia.org/wiki/Karl-Petter_Thorwaldsson,man,Q6581097,1964-12-26,,"[""Sverige""]","[""Q34""]","[""politiker"",""fackföreningsperson""]","[""Q82955"",""Q15627169""]"
Q2494623,Kjell Höglund,"[""Kjell Höglund""]",1,[419237],[53],,,https://sv.wikipedia.org/wiki/Kjell_H%C3%B6glund,man,Q6581097,1945-12-08,,"[""Sverige""]","[""Q34""]","[""sångare"",""författare"",""låtskrivare""]","[""Q177220"",""Q482980"",""Q753110""]"
Q2498137,Kim Anderzon,"[""Kim Anderzon""]",1,[460951],[51],,,https://sv.wikipedia.org/wiki/Kim_Anderzon,kvinna,Q6581072,1943-03-20,2014-10-24,"[""Sverige""]","[""Q34""]","[""skådespelare"",""scenskådespelare""]","[""Q33999"",""Q2259451""]"
Q24999,Cordelia Edvardsson,"[""Cordelia Edvardsson""]",1,[1345290],[69],,,https://sv.wikipedia.org/wiki/Cordelia_Edvardson,kvinna,Q6581072,1929,2012-10-29,"[""Weimarrepubliken"",""Israel"",""Spanien"",""Sverige""]","[""Q41304"",""Q801"",""Q29"",""Q34""]","[""självbiograf"",""journalist"",""författare"",""poet""]","[""Q18814623"",""Q1930187"",""Q36180"",""Q49757""]"
Q2533208,Eva Bergman,"[""Eva Bergman""]",1,[390118],[56],,,https://sv.wikipedia.org/wiki/Eva_Bergman,kvinna,Q6581072,1945-09-05,,"[""Sverige""]","[""Q34""]","[""regiassistent"",""filmregissör"",""regissör""]","[""Q1757008"",""Q2526255"",""Q3455803""]"
Q253640,Maud Olofsson,"[""Maud Olofsson""]",1,[324411],[49],,,https://sv.wikipedia.org/wiki/Maud_Olofsson,kvinna,Q6581072,1955-08-09,,"[""Sverige""]","[""Q34""]","[""politiker"",""forskare""]","[""Q82955"",""Q1650915""]"
Q256738,Linn Ullmann,"[""Linn Ullmann""]",1,[415912],[32],,,https://sv.wikipedia.org/wiki/Linn_Ullmann,kvinna,Q6581072,1966-08-09,,"[""Norge""]","[""Q20""]","[""journalist"",""litteraturkritiker"",""författare"",""skådespelare""]","[""Q1930187"",""Q4263842"",""Q36180"",""Q33999""]"
Q256763,Anne Holt,"[""Anne Holt""]",1,[2543005],[40],,,https://sv.wikipedia.org/wiki/Anne_Holt,kvinna,Q6581072,1958-11-16,,"[""Norge""]","[""Q20""]","[""politiker"",""jurist"",""författare"",""polisbefäl"",""journalist"",""TV-programledare"",""romanförfattare"",""kriminalförfattare"",""advokat""]","[""Q82955"",""Q185351"",""Q482980"",""Q361593"",""Q1930187"",""Q947873"",""Q6625963"",""Q10297252"",""Q17048963""]"
Q256796,Åsne Seierstad,"[""Åsne Seierstad""]",1,[381871],[33],,,https://sv.wikipedia.org/wiki/%C3%85sne_Seierstad,kvinna,Q6581072,1970-02-10,,"[""Norge""]","[""Q20""]","[""författare"",""journalist""]","[""Q36180"",""Q1930187""]"
Q257700,Jenny Kallur,"[""Jenny Kallur""]",1,[418136],[27],,,https://sv.wikipedia.org/wiki/Jenny_Kallur,kvinna,Q6581072,1981-02-16,,"[""Sverige""]","[""Q34""]","[""sprinter""]","[""Q4009406""]"
Q2587680,Dominika Peczynski,"[""Dominika Peczynski""]",1,[390116],[31],,,https://sv.wikipedia.org/wiki/Dominika_Peczynski,kvinna,Q6581072,1970-09-20,,"[""Polen"",""Sverige""]","[""Q36"",""Q34""]","[""politiker"",""sångare"",""TV-programledare"",""modell""]","[""Q82955"",""Q177220"",""Q947873"",""Q4610556""]"
Q259543,Siri Hustvedt,"[""Siri Hustvedt""]",1,[1526868],[65],,,https://sv.wikipedia.org/wiki/Siri_Hustvedt,kvinna,Q6581072,1955-02-19,,"[""USA""]","[""Q30""]","[""romanförfattare"",""essäist"",""författare"",""poet""]","[""Q6625963"",""Q11774202"",""Q36180"",""Q49757""]"
Q2599500,Maja Ivarsson,"[""Maja Ivarsson""]",1,[203027],[33],,,https://sv.wikipedia.org/wiki/Maja_Ivarsson,kvinna,Q6581072,1979-10-02,,"[""Sverige""]","[""Q34""]","[""sångare"",""gitarrist"",""karateutövare""]","[""Q177220"",""Q855091"",""Q9017214""]"
Q2602768,Alexander Ahndoril,"[""Alexander Ahndoril""]",1,[2578787],[58],,,https://sv.wikipedia.org/wiki/Alexander_Ahndoril,man,Q6581097,1967-01-20,,"[""Sverige""]","[""Q34""]","[""författare"",""dramatiker""]","[""Q36180"",""Q214917""]"
Q260570,Karin Dreijer,"[""Karin Dreijer""]",1,[373915],[29],,,https://sv.wikipedia.org/wiki/Karin_Dreijer,könsbytande,Q18116794,1975-04-07,,"[""Sverige""]","[""Q34""]","[""popmusiker"",""sångare"",""musikproducent"",""musiker"",""låtskrivare"",""kompositör""]","[""Q102277154"",""Q177220"",""Q183945"",""Q639669"",""Q753110"",""Q36834""]"
Q2615981,Vigdis Hjorth,"[""Vigdis Hjorth""]",1,[1952973],[63],,,https://sv.wikipedia.org/wiki/Vigdis_Hjorth,kvinna,Q6581072,1959-07-19,,"[""Norge""]","[""Q20""]","[""radioprogramledare"",""författare"",""manusförfattare"",""barnboksförfattare""]","[""Q2722764"",""Q36180"",""Q28389"",""Q4853732""]"
Q2619712,Caroline Winberg,"[""Caroline Winberg""]",1,[407723],[29],,,https://sv.wikipedia.org/wiki/Caroline_Winberg,kvinna,Q6581072,1985-03-27,,"[""Sverige""]","[""Q34""]","[""modell"",""skådespelare""]","[""Q4610556"",""Q33999""]"
Q26211841,Bianca Salming,"[""Bianca Salming""]",1,[2181329],[24],,,https://sv.wikipedia.org/wiki/Bianca_Salming,kvinna,Q6581072,1998-11-22,,"[""Sverige""]","[""Q34""]","[""friidrottare""]","[""Q11513337""]"
Q26211921,Parul Sharma,"[""Parul Sharma""]",1,[760183],[40],,,https://sv.wikipedia.org/wiki/Parul_Sharma,kvinna,Q6581072,1975-09-02,,"[""Sverige""]","[""Q34""]","[""människorättsförsvarare"",""jurist""]","[""Q1476215"",""Q185351""]"
Q26211925,Mikael Karlsson,"[""Mikael Karlsson""]",1,[751686],[40],,,https://sv.wikipedia.org/wiki/Mikael_Karlsson_(komposit%C3%B6r),man,Q6581097,1975-08-12,,"[""Sverige""]","[""Q34""]","[""kompositör""]","[""Q36834""]"
Q26211953,Angelica Ström,"[""Angelica Ström""]",1,[768661],[62],,,https://sv.wikipedia.org/wiki/Angelica_Str%C3%B6m_(l%C3%A4rare),kvinna,Q6581072,1953-11-13,,"[""Sverige""]","[""Q34""]",[],[]
Q262231,Sara Bergmark Elfgren,"[""Sara Bergmark Elfgren""]",1,[116686],[31],,,https://sv.wikipedia.org/wiki/Sara_Bergmark_Elfgren,kvinna,Q6581072,1980,,"[""Sverige""]","[""Q34""]","[""författare"",""manusförfattare"",""ungdomsförfattare"",""dramatiker"",""dramaturg"",""serietecknare"",""barnboksförfattare""]","[""Q36180"",""Q28389"",""Q62083492"",""Q214917"",""Q487596"",""Q1114448"",""Q4853732""]"
Q262285,Lars Ohly,"[""Lars Ohly""]",1,[57167],[54],,,https://sv.wikipedia.org/wiki/Lars_Ohly,man,Q6581097,1957-01-13,,"[""Sverige""]","[""Q34""]","[""politiker""]","[""Q82955""]"
Q26250835,Mia Parnevik,"[""Mia Parnevik""]",1,[1952970],[54],,,https://sv.wikipedia.org/wiki/Mia_Parnevik,kvinna,Q6581072,1968-02-20,,"[""Sverige""]","[""Q34""]",[],[]
Q26260685,Kristina ”Keyyo” Petrushina,"[""Kristina ”Keyyo” Petrushina""]",1,[1738119],[24],,,https://sv.wikipedia.org/wiki/Keyyo,kvinna,Q6581072,1997-02-27,,"[""Sverige""]","[""Q34""]","[""kokboksförfattare"",""youtuber"",""komiker"",""TV-programledare""]","[""Q27431213"",""Q17125263"",""Q245068"",""Q947873""]"
Q262942,Lill Lindfors,"[""Lill Lindfors""]",1,[403532],[58],,,https://sv.wikipedia.org/wiki/Lill_Lindfors,kvinna,Q6581072,1940-05-12,,"[""Sverige""]","[""Q34""]","[""sångare"",""låtskrivare"",""programledare"",""skådespelare"",""skivartist""]","[""Q177220"",""Q753110"",""Q13590141"",""Q33999"",""Q55960555""]"
Q263017,Sara Stridsberg,"[""Sara Stridsberg""]",1,[126264],[38],,,https://sv.wikipedia.org/wiki/Sara_Stridsberg,kvinna,Q6581072,1972-08-29,,"[""Sverige""]","[""Q34""]","[""författare"",""översättare"",""dramatiker"",""journalist""]","[""Q36180"",""Q333634"",""Q214917"",""Q1930187""]"
Q2631840,Adam Taal,"[""Adam Taal""]",1,[1077306],[35],,,https://sv.wikipedia.org/wiki/Adam_Tensta,man,Q6581097,1983-08-01,,"[""Sverige""]","[""Q34""]","[""sångare"",""rappare""]","[""Q177220"",""Q2252262""]"
Q2643584,Alexandra Coelho Ahndoril,"[""Alexandra Coelho Ahndoril""]",2,"[387520,2578787]","[43,59]",,,https://sv.wikipedia.org/wiki/Alexandra_Coelho_Ahndoril,kvinna,Q6581072,1966-03-02,,"[""Sverige""]","[""Q34""]","[""författare"",""författare"",""litteraturkritiker""]","[""Q36180"",""Q482980"",""Q4263842""]"
Q264566,Frida Hansdotter,"[""Frida Hansdotter""]",1,[1077296],[32],,,https://sv.wikipedia.org/wiki/Frida_Hansdotter,kvinna,Q6581072,1985-12-13,,"[""Sverige""]","[""Q34""]","[""längdskidåkare"",""alpin skidåkare""]","[""Q13382608"",""Q4144610""]"
Q264855,Maj Sjöwall,"[""Maj Sjöwall""]",1,[747790],[80],,,https://sv.wikipedia.org/wiki/Maj_Sj%C3%B6wall,kvinna,Q6581072,1935-09-25,2020-04-29,"[""Sverige""]","[""Q34""]","[""författare"",""översättare"",""journalist""]","[""Q36180"",""Q333634"",""Q1930187""]"
Q264921,Allan Edwall,"[""Allan Edwall""]",1,[406237],[64],,,https://sv.wikipedia.org/wiki/Allan_Edwall,man,Q6581097,1924-08-25,1997-02-07,"[""Sverige""]","[""Q34""]","[""sångare"",""dramatiker"",""filmregissör"",""regissör"",""filmskådespelare"",""författare"",""skådespelare"",""manusförfattare"",""kompositör""]","[""Q177220"",""Q214917"",""Q2526255"",""Q3455803"",""Q10800557"",""Q36180"",""Q33999"",""Q28389"",""Q36834""]"
Q265674,Åsa Larsson,"[""Åsa Larsson""]",3,"[364142,404156,1846877]","[40,48,55]",,,https://sv.wikipedia.org/wiki/%C3%85sa_Larsson,kvinna,Q6581072,1966-06-28,,"[""Sverige""]","[""Q34""]","[""novellförfattare"",""advokat"",""författare"",""advokat""]","[""Q15949613"",""Q17048963"",""Q36180"",""Q40348""]"
Q265722,Hanna Marklund,"[""Hanna Marklund""]",1,[2181577],[45],,,https://sv.wikipedia.org/wiki/Hanna_Marklund,kvinna,Q6581072,1977-11-26,,"[""Sverige""]","[""Q34""]","[""fotbollsspelare""]","[""Q937857""]"
Q26714471,Alexandre Antonelli,"[""Alexandre Antonelli""]",1,[1732835],[42],,,https://sv.wikipedia.org/wiki/Alexandre_Antonelli,man,Q6581097,1978,,"[""Sverige""]","[""Q34""]","[""biolog"",""direktör"",""universitetslärare"",""botaniker"",""vetenskaplig samlare"",""botanisk samlare""]","[""Q864503"",""Q1162163"",""Q1622272"",""Q2374149"",""Q98544732"",""Q2083925""]"
Q267311,Lars Ardelius,"[""Lars Ardelius""]",1,[381782],[76],,,https://sv.wikipedia.org/wiki/Lars_Ardelius,man,Q6581097,1926-11-01,2012-07-23,"[""Sverige""]","[""Q34""]","[""psykolog"",""skulptör"",""författare""]","[""Q212980"",""Q1281618"",""Q36180""]"
Q267563,Lotta Schelin,"[""Lotta Schelin""]",1,[129471],[28],,,https://sv.wikipedia.org/wiki/Lotta_Schelin,kvinna,Q6581072,1984-02-27,,"[""Sverige""]","[""Q34""]","[""fotbollsspelare"",""musikartist""]","[""Q937857"",""Q1294626""]"
Q2682651,Claes Borgström,"[""Claes Borgström""]",2,"[419229,1569350]","[55,46]",,,https://sv.wikipedia.org/wiki/Claes_Borgstr%C3%B6m,man,Q6581097,1944-07-21,2020-05-15,"[""Sverige""]","[""Q34""]","[""politiker"",""advokat""]","[""Q82955"",""Q17048963""]"
Q268904,Titiyo Jah,"[""Titiyo Jah""]",1,[2181821],[56],,,https://sv.wikipedia.org/wiki/Titiyo,kvinna,Q6581072,1967-07-23,,"[""Sverige""]","[""Q34""]","[""sångare"",""musiker"",""låtskrivare""]","[""Q177220"",""Q639669"",""Q753110""]"
Q269242,Elisabeth Söderström,"[""Elisabeth Söderström""]",1,[425256],[39],,,https://sv.wikipedia.org/wiki/Elisabeth_S%C3%B6derstr%C3%B6m,kvinna,Q6581072,1927,2009,"[""Sverige""]","[""Q34""]","[""operasångare""]","[""Q2865819""]"
Q270559,Lena Endre,"[""Lena Endre""]",2,"[372032,1518806]","[52,65]",,,https://sv.wikipedia.org/wiki/Lena_Endre,kvinna,Q6581072,1955-07-08,,"[""Sverige""]","[""Q34""]","[""skådespelare""]","[""Q33999""]"
Q270820,Margrethe Vestager,"[""Margrethe Vestager""]",1,[2578983],[57],,,https://sv.wikipedia.org/wiki/Margrethe_Vestager,kvinna,Q6581072,1968-04-13,,"[""Konungariket Danmark""]","[""Q756617""]","[""politiker"",""poet""]","[""Q82955"",""Q49757""]"
Q270879,Åke Edwardson,"[""Åke Edwardson""]",1,[389079],[49],,,https://sv.wikipedia.org/wiki/%C3%85ke_Edwardson,man,Q6581097,1953-03-10,,"[""Sverige""]","[""Q34""]","[""författare"",""universitetslärare"",""journalist"",""barnboksförfattare"",""kriminalförfattare""]","[""Q36180"",""Q1622272"",""Q1930187"",""Q4853732"",""Q10297252""]"
Q271229,Åsa Sandell,"[""Åsa Sandell""]",1,[364451],[39],,,https://sv.wikipedia.org/wiki/%C3%85sa_Sandell,kvinna,Q6581072,1967-01-24,,"[""Sverige""]","[""Q34""]","[""journalist"",""boxare"",""författare""]","[""Q1930187"",""Q11338576"",""Q36180""]"
Q271230,Åsa Romson,"[""Åsa Romson""]",1,[2397665],[52],,,https://sv.wikipedia.org/wiki/%C3%85sa_Romson,kvinna,Q6581072,1972-03-22,,"[""Sverige""]","[""Q34""]","[""politiker"",""jurist""]","[""Q82955"",""Q185351""]"
Q271314,Kristina Lugn,"[""Kristina Lugn""]",8,"[374111,669517,1147107,1569340,1569341,1569343,1569345,1569347]","[55,50,34,47,42,38,41,45]",,,https://sv.wikipedia.org/wiki/Kristina_Lugn,kvinna,Q6581072,1948-11-14,2020-05-09,"[""Sverige""]","[""Q34""]","[""författare"",""poet"",""dramatiker"",""filmregissör"",""litteraturkritiker""]","[""Q36180"",""Q49757"",""Q214917"",""Q2526255"",""Q4263842""]"
Q271412,Amanda Jenssen,"[""Amanda Jenssen""]",1,[112104],[21],,,https://sv.wikipedia.org/wiki/Amanda_Jenssen,kvinna,Q6581072,1988-09-12,,"[""Sverige""]","[""Q34""]","[""skivartist"",""sångare"",""musiker""]","[""Q55960555"",""Q177220"",""Q639669""]"
Q271468,Gudrun Schyman,"[""Gudrun Schyman""]",1,[411914],[48],,,https://sv.wikipedia.org/wiki/Gudrun_Schyman,kvinna,Q6581072,1948-06-09,,"[""Sverige""]","[""Q34""]","[""politiker"",""kvinnosakspolitiker""]","[""Q82955"",""Q28692502""]"
Q271602,Anna Ternheim,"[""Anna Ternheim""]",1,[761239],[38],,,https://sv.wikipedia.org/wiki/Anna_Ternheim,kvinna,Q6581072,1978-05-31,,"[""Sverige""]","[""Q34""]","[""sångare"",""pianist"",""musiker"",""låtskrivare"",""singer-songwriter"",""kompositör""]","[""Q177220"",""Q486748"",""Q639669"",""Q753110"",""Q488205"",""Q36834""]"
Q272258,Jill Johnson,"[""Jill Johnson""]",2,"[112166,1298232]","[37,46]",,,https://sv.wikipedia.org/wiki/Jill_Johnson,kvinna,Q6581072,1973-05-24,,"[""Sverige""]","[""Q34""]","[""skivartist"",""sångare"",""låtskrivare""]","[""Q55960555"",""Q177220"",""Q753110""]"
Q272545,Sofia Helin,"[""Sofia Helin""]",1,[397017],[42],,,https://sv.wikipedia.org/wiki/Sofia_Helin,kvinna,Q6581072,1972-04-25,,"[""Sverige""]","[""Q34""]","[""filmskådespelare""]","[""Q10800557""]"
Q272910,Therese Alshammar,"[""Therese Alshammar""]",1,[126324],[32],,,https://sv.wikipedia.org/wiki/Therese_Alshammar,kvinna,Q6581072,1977-08-26,,"[""Sverige""]","[""Q34""]","[""simmare""]","[""Q10843402""]"
Q273862,Alexandra Rapaport,"[""Alexandra Rapaport""]",1,[324144],[34],,,https://sv.wikipedia.org/wiki/Alexandra_Rapaport,kvinna,Q6581072,1971-12-26,,"[""Sverige""]","[""Q34""]","[""skådespelare"",""filmskådespelare"",""tillverkare"",""scenskådespelare""]","[""Q33999"",""Q10800557"",""Q13235160"",""Q2259451""]"
Q2740012,Stefan Löfven,"[""Stefan Löfven""]",1,[116380],[55],,,https://sv.wikipedia.org/wiki/Stefan_L%C3%B6fven,man,Q6581097,1957-07-21,,"[""Sverige""]","[""Q34""]","[""politiker""]","[""Q82955""]"
Q2741142,Lisbeth Palme,"[""Lisbeth Palme""]",1,[2460910],[67],,,https://sv.wikipedia.org/wiki/Lisbeth_Palme,kvinna,Q6581072,1931-03-14,2018-10-18,"[""Sverige""]","[""Q34""]","[""social aktivist"",""politiker"",""psykolog""]","[""Q8359428"",""Q82955"",""Q212980""]"
Q2741798,Mari Jungstedt,"[""Mari Jungstedt""]",1,[418232],[46],,,https://sv.wikipedia.org/wiki/Mari_Jungstedt,kvinna,Q6581072,1962-10-31,,"[""Sverige""]","[""Q34""]","[""författare"",""journalist"",""romanförfattare""]","[""Q36180"",""Q1930187"",""Q6625963""]"
Q2746416,PG Gyllenhammar,"[""PG Gyllenhammar""]",2,"[359469,1778177]","[70,57]",,,https://sv.wikipedia.org/wiki/Pehr_G._Gyllenhammar,man,Q6581097,1935-04-28,2024-11-21,"[""Sverige""]","[""Q34""]","[""företagsledare""]","[""Q2961975""]"
Q274653,Ella Lemhagen,"[""Ella Lemhagen""]",1,[492171],[34],,,https://sv.wikipedia.org/wiki/Ella_Lemhagen,kvinna,Q6581072,1965-08-29,,"[""Sverige""]","[""Q34""]","[""manusförfattare"",""filmregissör""]","[""Q28389"",""Q2526255""]"
Q2750368,Maher Zain,"[""Maher Zain""]",1,[758647],[35],,,https://sv.wikipedia.org/wiki/Maher_Zain,man,Q6581097,1981-07-16,,"[""Sverige""]","[""Q34""]","[""ingenjör"",""sångare"",""låtskrivare"",""författare"",""skådespelare"",""kompositör""]","[""Q81096"",""Q177220"",""Q753110"",""Q36180"",""Q33999"",""Q36834""]"
Q275358,Marie Göranzon,"[""Marie Göranzon""]",4,"[116726,416442,416443,2815477]","[69,43,39,83]",,,https://sv.wikipedia.org/wiki/Marie_G%C3%B6ranzon,kvinna,Q6581072,1942-10-27,,"[""Sverige""]","[""Q34""]","[""scenskådespelare"",""skådespelare""]","[""Q2259451"",""Q33999""]"
Q2757867,Laleh Pourkarim,"[""Laleh Pourkarim""]",2,"[367474,1518817]","[27,38]",,,https://sv.wikipedia.org/wiki/Laleh,kvinna,Q6581072,1982-06-10,,"[""Sverige""]","[""Q34""]","[""sångare"",""musikproducent"",""musiker"",""låtskrivare"",""författare"",""skådespelare"",""poet"",""kompositör""]","[""Q177220"",""Q183945"",""Q639669"",""Q753110"",""Q36180"",""Q33999"",""Q49757"",""Q36834""]"
Q2776715,Kajsa Ollongren,"[""Kajsa Ollongren""]",1,[2815525],[59],,,https://sv.wikipedia.org/wiki/Kajsa_Ollongren,kvinna,Q6581072,1967-05-28,,"[""Sverige"",""Konungariket Nederländerna""]","[""Q34"",""Q29999""]","[""politiker""]","[""Q82955""]"
Q2778476,Peter Andersson,"[""Peter Andersson""]",1,[126304],[57],,,https://sv.wikipedia.org/wiki/Peter_Andersson_(sk%C3%A5despelare),man,Q6581097,1953-02-12,,"[""Sverige""]","[""Q34""]","[""skådespelare""]","[""Q33999""]"
Q27896144,Jan Rippe,"[""Jan Rippe""]",1,[2815469],[71],,,https://sv.wikipedia.org/wiki/Jan_Rippe,man,Q6581097,1955-04-26,,"[""Sverige""]","[""Q34""]","[""skådespelare""]","[""Q33999""]"
Q27922484,Negra Efendić,"[""Negra Efendić""]",1,[910618],[36],,,https://sv.wikipedia.org/wiki/Negra_Efendi%C4%87,kvinna,Q6581072,1980-10-29,,"[""Sverige""]","[""Q34""]","[""journalist""]","[""Q1930187""]"
Q27957360,Magnus Böcker,"[""Magnus Böcker""]",1,[586581],[53],,,https://sv.wikipedia.org/wiki/Magnus_B%C3%B6cker,man,Q6581097,1961-08-31,2017-07-26,"[""Sverige""]","[""Q34""]","[""affärsidkare""]","[""Q43845""]"
Q279709,Brasse Brännström,"[""Brasse Brännström""]",1,[433195],[38],,,https://sv.wikipedia.org/wiki/Brasse_Br%C3%A4nnstr%C3%B6m,man,Q6581097,1945-02-27,2014-08-29,"[""Sverige""]","[""Q34""]","[""författare"",""skådespelare"",""manusförfattare"",""komiker""]","[""Q36180"",""Q33999"",""Q28389"",""Q245068""]"
Q28025695,Linnéa Claeson,"[""Linnéa Claeson""]",1,[921561],[25],,,https://sv.wikipedia.org/wiki/Linn%C3%A9a_Claeson,kvinna,Q6581072,1992-01-31,,"[""Sverige""]","[""Q34""]","[""handbollsspelare"",""aktivist""]","[""Q12840545"",""Q15253558""]"
Q28053728,Sebastian Stakset,"[""Sebastian Stakset""]",1,[1952990],[36],,,https://sv.wikipedia.org/wiki/Sebastian_Stakset,man,Q6581097,1985-12-20,,"[""Sverige""]","[""Q34""]","[""sångare"",""författare"",""rappare"",""skådespelare""]","[""Q177220"",""Q482980"",""Q2252262"",""Q33999""]"
Q28125363,Joakim Lundell,"[""Joakim Lundell""]",1,[1319504],[33],,,https://sv.wikipedia.org/wiki/Joakim_Lundell,man,Q6581097,1985-10-09,,"[""Sverige""]","[""Q34""]","[""videobloggare"",""TV-producent""]","[""Q4110598"",""Q578109""]"
Q282094,Mikkey Dee,"[""Mikkey Dee""]",2,"[1077297,1205748]","[54,55]",,,https://sv.wikipedia.org/wiki/Mikkey_Dee,man,Q6581097,1963-10-31,,"[""Sverige""]","[""Q34""]","[""kompositör"",""musiker"",""trumslagare"",""låtskrivare""]","[""Q36834"",""Q639669"",""Q386854"",""Q753110""]"
Q284206,Emma Wiklund,"[""Emma Sjöberg"",""Emma Wiklund""]",2,"[116708,386297]","[43,32]",,,https://sv.wikipedia.org/wiki/Emma_Wiklund,kvinna,Q6581072,1968-09-13,,"[""Sverige""]","[""Q34""]","[""TV-programledare"",""modell"",""skådespelare""]","[""Q947873"",""Q4610556"",""Q33999""]"
Q28529812,Parisa Amiri,"[""Parisa Amiri""]",1,[1740288],[31],,,https://sv.wikipedia.org/wiki/Parisa_Amiri,kvinna,Q6581072,1990-07-23,,"[""Sverige""]","[""Q34""]","[""journalist"",""TV-programledare""]","[""Q1930187"",""Q947873""]"
Q285351,Barbro Lill-Babs Svensson,"[""Barbro Lill-Babs Svensson""]",1,[399559],[63],,,https://sv.wikipedia.org/wiki/Lill-Babs,kvinna,Q6581072,1938-03-09,2018-04-03,"[""Sverige""]","[""Q34""]","[""skådespelare"",""sångare"",""TV-programledare"",""självbiograf""]","[""Q33999"",""Q177220"",""Q947873"",""Q18814623""]"
Q285469,Siw Malmkvist,"[""Siw Malmkvist""]",2,"[420003,1952989]","[60,85]",,,https://sv.wikipedia.org/wiki/Siw_Malmkvist,kvinna,Q6581072,1936-12-31,,"[""Sverige""]","[""Q34""]","[""röstskådespelare"",""scenskådespelare"",""schlagersångare""]","[""Q2405480"",""Q2259451"",""Q73802176""]"
Q2857741,Edda Magnason,"[""Edda Magnason""]",1,[392035],[29],,,https://sv.wikipedia.org/wiki/Edda_Magnason,kvinna,Q6581072,1984-08-22,,"[""Sverige""]","[""Q34""]","[""skådespelare"",""sångare"",""musikproducent"",""pianist""]","[""Q33999"",""Q177220"",""Q183945"",""Q486748""]"
Q287784,Sara Lidman,"[""Sara Lidman""]",1,[419231],[76],,,https://sv.wikipedia.org/wiki/Sara_Lidman,kvinna,Q6581072,1923-12-30,2004-06-17,"[""Sverige""]","[""Q34""]","[""författare"",""journalist""]","[""Q36180"",""Q1930187""]"
Q2883516,America Vera-Zavala,"[""America Vera-Zavala""]",1,[613170],[25],,,https://sv.wikipedia.org/wiki/America_Vera-Zavala,kvinna,Q6581072,1976-01-16,,"[""Sverige""]","[""Q34""]","[""författare"",""politiker"",""dramatiker"",""regissör"",""bloggare"",""aktivist""]","[""Q36180"",""Q82955"",""Q214917"",""Q3455803"",""Q8246794"",""Q15253558""]"
Q28840202,Manuel Knight,"[""Manuel Knight""]",1,[369509],[43],,,https://sv.wikipedia.org/wiki/Manuel_Knight,man,Q6581097,1964,,[],[],"[""universitetsadjunkt""]","[""Q1569495""]"
Q28842152,Ali Abbasi,"[""Ali Abbasi""]",1,[1319480],[37],,,https://sv.wikipedia.org/wiki/Ali_Abbasi,man,Q6581097,1981,,"[""Iran"",""Konungariket Danmark""]","[""Q794"",""Q756617""]","[""filmregissör"",""filmklippare"",""manusförfattare"",""filmmanusförfattare""]","[""Q2526255"",""Q7042855"",""Q28389"",""Q69423232""]"
Q289501,Majgull Axelsson,"[""Majgull Axelsson""]",2,"[454822,2397795]","[51,77]",,,https://sv.wikipedia.org/wiki/Majgull_Axelsson,kvinna,Q6581072,1947-02-14,,"[""Sverige""]","[""Q34""]","[""dramatiker"",""journalist"",""romanförfattare"",""författare""]","[""Q214917"",""Q1930187"",""Q6625963"",""Q36180""]"
Q289740,Sara Hector,"[""Sara Hector""]",1,[1952967],[29],,,https://sv.wikipedia.org/wiki/Sara_Hector,kvinna,Q6581072,1992-09-04,,"[""Sverige""]","[""Q34""]","[""alpin skidåkare""]","[""Q4144610""]"
Q2898578,Robert Weil,"[""Robert Weil""]",1,[597897],[52],,,https://sv.wikipedia.org/wiki/Robert_Weil,man,Q6581097,1948-11-21,,"[""Sverige""]","[""Q34""]","[""affärsidkare""]","[""Q43845""]"
Q289924,Ghita Nørby,"[""Ghita Nørby""]",1,[56683],[76],,,https://sv.wikipedia.org/wiki/Ghita_N%C3%B8rby,kvinna,Q6581072,1935-01-11,,"[""Konungariket Danmark""]","[""Q756617""]","[""röstskådespelare"",""filmregissör"",""filmskådespelare"",""tv-skådespelare"",""skådespelare""]","[""Q2405480"",""Q2526255"",""Q10800557"",""Q10798782"",""Q33999""]"
Q2905220,Björn Ranelid,"[""Björn Ranelid""]",1,[369178],[59],,,https://sv.wikipedia.org/wiki/Bj%C3%B6rn_Ranelid,man,Q6581097,1949-05-21,,"[""Sverige""]","[""Q34""]","[""universitetslärare"",""journalist"",""publicist"",""författare"",""poet""]","[""Q1622272"",""Q1930187"",""Q6051619"",""Q36180"",""Q49757""]"
Q2914083,Martin Hägglund,"[""Martin Hägglund""]",1,[1518808],[43],,,https://sv.wikipedia.org/wiki/Martin_H%C3%A4gglund,man,Q6581097,1976-11-23,,"[""Sverige""]","[""Q34""]","[""litteraturvetare"",""universitetslärare"",""filosof""]","[""Q17167049"",""Q1622272"",""Q4964182""]"
Q29207,Sauli Niinistö,"[""Sauli Niinistö""]",1,[2181833],[74],,,https://sv.wikipedia.org/wiki/Sauli_Niinist%C3%B6,man,Q6581097,1948-08-24,,"[""Finland""]","[""Q33""]","[""politiker""]","[""Q82955""]"
Q292076,Barbara Dührkop,"[""Barbara Dührkop""]",1,[606278],[55],,,https://sv.wikipedia.org/wiki/B%C3%A1rbara_D%C3%BChrkop_D%C3%BChrkop,kvinna,Q6581072,1945-07-27,,"[""Spanien""]","[""Q29""]","[""politiker""]","[""Q82955""]"
Q29213,Tarja Halonen,"[""Tarja Halonen""]",1,[927241],[73],,,https://sv.wikipedia.org/wiki/Tarja_Halonen,kvinna,Q6581072,1943-12-24,,"[""Finland""]","[""Q33""]","[""politiker"",""advokat""]","[""Q82955"",""Q40348""]"
Q293162,Ilon Wikland,"[""Ilon Wikland""]",1,[381778],[73],,,https://sv.wikipedia.org/wiki/Ilon_Wikland,kvinna,Q6581072,1930-02-05,,"[""Estland"",""Sverige""]","[""Q191"",""Q34""]","[""konstnär"",""illustratör"",""målare"",""grafiker"",""bildkonstnär""]","[""Q483501"",""Q644687"",""Q1028181"",""Q1925963"",""Q3391743""]"
Q2934824,Camilla Thulin,"[""Camilla Thulin""]",1,[390128],[41],,,https://sv.wikipedia.org/wiki/Camilla_Thulin,kvinna,Q6581072,1961-04-04,,"[""Sverige""]","[""Q34""]","[""författare"",""kostymtecknare"",""modeskapare""]","[""Q36180"",""Q1323191"",""Q3501317""]"
Q29570001,Mats Karlsson,"[""Mats Karlsson""]",1,[1149116],[41],,,https://sv.wikipedia.org/wiki/Mats_Karlsson_(ekonom),man,Q6581097,1956,,"[""Sverige""]","[""Q34""]","[""nationalekonom"",""musiker""]","[""Q188094"",""Q639669""]"
Q29641372,Tobias Forge,"[""Tobias Forge""]",1,[927252],[36],,,https://sv.wikipedia.org/wiki/Tobias_Forge,man,Q6581097,1981-03-03,,"[""Sverige""]","[""Q34""]","[""filmmanusförfattare"",""sångare"",""gitarrist"",""låtskrivare"",""filmregissör"",""tv-skådespelare""]","[""Q69423232"",""Q177220"",""Q855091"",""Q753110"",""Q2526255"",""Q10798782""]"
Q297275,Hans Blix,"[""Hans Blix""]",1,[382826],[75],,,https://sv.wikipedia.org/wiki/Hans_Blix,man,Q6581097,1928-06-28,,"[""Sverige""]","[""Q34""]","[""ämbetsman"",""politiker"",""jurist"",""diplomat"",""utrikesminister""]","[""Q212238"",""Q82955"",""Q185351"",""Q193391"",""Q7330070""]"
Q29886137,Sherihan ”Cherrie” Abdulle,"[""Sherihan ”Cherrie” Abdulle""]",1,[917302],[25],,,https://sv.wikipedia.org/wiki/Cherrie,kvinna,Q6581072,1991,,"[""Sverige""]","[""Q34""]","[""sångare""]","[""Q177220""]"
Q30049801,Anne Sverdrup-Thygeson,"[""Anne Sverdrup-Thygeson""]",1,[1319501],[52],,,https://sv.wikipedia.org/wiki/Anne_Sverdrup-Thygeson,kvinna,Q6581072,1966-09-04,,"[""Norge""]","[""Q20""]","[""biolog"",""universitetslärare""]","[""Q864503"",""Q1622272""]"
Q30106682,Kaj Linna,"[""Kaj Linna""]",1,[1106399],[56],,,https://sv.wikipedia.org/wiki/Kaj_Linna,man,Q6581097,1962-05-12,,[],[],"[""självbiograf""]","[""Q18814623""]"
Q3011336,Leopoldo Mendez,"[""Leopoldo Mendez""]",1,[1106402],[42],,,https://sv.wikipedia.org/wiki/M%C3%A9ndez,man,Q6581097,1975-07-21,,"[""Chile"",""Sverige""]","[""Q298"",""Q34""]","[""sångare"",""musikproducent"",""låtskrivare"",""diskjockey"",""singer-songwriter"",""skivartist""]","[""Q177220"",""Q183945"",""Q753110"",""Q130857"",""Q488205"",""Q55960555""]"
Q301452,Sissela Kyle,"[""Sissela Kyle""]",5,"[131415,279982,403732,403733,1319498]","[55,48,43,37,62]",,,https://sv.wikipedia.org/wiki/Sissela_Kyle,kvinna,Q6581072,1957-03-17,,"[""Sverige""]","[""Q34""]","[""skådespelare""]","[""Q33999""]"
Q3028006,Dilsa Demirbag-Sten,"[""Dilsa Demirbag-Sten""]",2,"[126275,2700859]","[41,56]",,,https://sv.wikipedia.org/wiki/Dilsa_Demirbag-Sten,kvinna,Q6581072,1969-10-10,,"[""Turkiet"",""Sverige""]","[""Q43"",""Q34""]","[""journalist"",""TV-programledare"",""författare""]","[""Q1930187"",""Q947873"",""Q36180""]"
Q3030676,Percy Barnevik,"[""Percy Barnevik""]",1,[126307],[69],,,https://sv.wikipedia.org/wiki/Percy_Barnevik,man,Q6581097,1941-02-13,2025-07-18,"[""Sverige""]","[""Q34""]","[""affärsidkare"",""entreprenör"",""nationalekonom"",""verkställande direktör"",""manager""]","[""Q43845"",""Q131524"",""Q188094"",""Q484876"",""Q2462658""]"
Q3042906,Lisa Nilsson,"[""Lisa Nilsson""]",3,"[224001,325702,1622543]","[42,33,50]",,,https://sv.wikipedia.org/wiki/Lisa_Nilsson,kvinna,Q6581072,1970-08-13,,"[""Sverige""]","[""Q34""]","[""sångare"",""musiker"",""popsångare"",""jazzsångare"",""skivartist""]","[""Q177220"",""Q639669"",""Q60723829"",""Q66314404"",""Q55960555""]"
Q3050838,Erik Grönwall,"[""Erik Grönwall""]",1,[2181235],[35],,,https://sv.wikipedia.org/wiki/Erik_Gr%C3%B6nwall,man,Q6581097,1987-12-03,,"[""Sverige""]","[""Q34""]","[""sångare"",""rockmusiker""]","[""Q177220"",""Q12374149""]"
Q30564772,Angela Gui,"[""Angela Gui""]",1,[917060],[23],,,https://sv.wikipedia.org/wiki/Angela_Gui,kvinna,Q6581072,1994-02-23,,"[""Sverige""]","[""Q34""]",[],[]
Q30566982,Annakarin Nyberg,"[""Annakarin Nyberg""]",1,[927253],[41],,,https://sv.wikipedia.org/wiki/Annakarin_Nyberg,kvinna,Q6581072,1975-11-13,,"[""Sverige""]","[""Q34""]","[""författare""]","[""Q36180""]"
Q3058054,Eskil Erlandsson,"[""Eskil Erlandsson""]",1,[116685],[55],,,https://sv.wikipedia.org/wiki/Eskil_Erlandsson,man,Q6581097,1957-01-25,,"[""Sverige""]","[""Q34""]","[""politiker""]","[""Q82955""]"
Q3068590,Kerstin Meyer,"[""Kerstin Meyer""]",1,[231990],[85],,,https://sv.wikipedia.org/wiki/Kerstin_Meyer,kvinna,Q6581072,1928-04-03,2020-04-14,"[""Sverige""]","[""Q34""]","[""sångare"",""musiker"",""illustratör"",""operasångare""]","[""Q177220"",""Q639669"",""Q644687"",""Q2865819""]"
Q3072299,Thorsten Flinck,"[""Thorsten Flinck""]",1,[116699],[51],,,https://sv.wikipedia.org/wiki/Thorsten_Flinck,man,Q6581097,1961-04-17,,"[""Sverige""]","[""Q34""]","[""skådespelare"",""sångare"",""musiker"",""art director"",""röstskådespelare"",""filmregissör"",""regissör"",""filmskådespelare""]","[""Q33999"",""Q177220"",""Q639669"",""Q706364"",""Q2405480"",""Q2526255"",""Q3455803"",""Q10800557""]"
Q3080427,Ann-Helén Laestadius,"[""Ann-Helén Laestadius""]",2,"[910806,2504017]","[45,52]",,,https://sv.wikipedia.org/wiki/Ann-Hel%C3%A9n_Laestadius,kvinna,Q6581072,1971,,"[""Sverige""]","[""Q34""]","[""författare"",""ungdomsförfattare"",""författare"",""journalist"",""barnboksförfattare""]","[""Q36180"",""Q62083492"",""Q482980"",""Q1930187"",""Q4853732""]"
Q310380,Jonas Björkman,"[""Jonas Björkman""]",1,[366869],[37],,,https://sv.wikipedia.org/wiki/Jonas_Bj%C3%B6rkman,man,Q6581097,1972-03-23,,"[""Sverige""]","[""Q34""]","[""tennisspelare""]","[""Q10833314""]"
Q311360,Stefan Holm,"[""Stefan Holm""]",1,[382823],[27],,,https://sv.wikipedia.org/wiki/Stefan_Holm,man,Q6581097,1976-05-25,,"[""Sverige""]","[""Q34""]","[""friidrottare""]","[""Q11513337""]"
Q311476,Per Olov Enquist,"[""Per Olov Enquist""]",2,"[367171,419230]","[74,65]",,,https://sv.wikipedia.org/wiki/Per_Olov_Enquist,man,Q6581097,1934-09-23,2020-04-25,"[""Sverige""]","[""Q34""]","[""dramatiker"",""litteraturkritiker"",""kritiker"",""romanförfattare"",""författare"",""manusförfattare"",""filmmanusförfattare"",""TV-författare""]","[""Q214917"",""Q4263842"",""Q6430706"",""Q6625963"",""Q36180"",""Q28389"",""Q69423232"",""Q73306227""]"
Q3115681,Marita Ulvskog,"[""Marita Ulvskog""]",1,[2009223],[47],,,https://sv.wikipedia.org/wiki/Marita_Ulvskog,kvinna,Q6581072,1951-09-04,,"[""Sverige""]","[""Q34""]","[""politiker"",""journalist""]","[""Q82955"",""Q1930187""]"
Q3124558,Göran Lambertz,"[""Göran Lambertz""]",1,[323838],[57],,,https://sv.wikipedia.org/wiki/G%C3%B6ran_Lambertz,man,Q6581097,1950-02-17,,"[""Sverige""]","[""Q34""]","[""jurist"",""domare""]","[""Q185351"",""Q16533""]"
Q312801,Per Gessle,"[""Per Gessle""]",1,[910832],[58],,,https://sv.wikipedia.org/wiki/Per_Gessle,man,Q6581097,1959-01-12,,"[""Sverige""]","[""Q34""]","[""skivartist"",""sångare"",""musikproducent"",""författare"",""musiker"",""gitarrist"",""singer-songwriter"",""kompositör"",""affärsidkare""]","[""Q55960555"",""Q177220"",""Q183945"",""Q482980"",""Q639669"",""Q855091"",""Q488205"",""Q36834"",""Q43845""]"
Q3130555,Janne Andersson,"[""Janne Andersson""]",1,[765586],[53],,,https://sv.wikipedia.org/wiki/Janne_Andersson,man,Q6581097,1962-09-29,,"[""Sverige""]","[""Q34""]","[""fotbollsspelare"",""fotbollstränare"",""tränare""]","[""Q937857"",""Q628099"",""Q41583""]"
Q313202,Herbert Blomstedt,"[""Herbert Blomstedt""]",2,"[794490,2398132]","[73,97]",,,https://sv.wikipedia.org/wiki/Herbert_Blomstedt,man,Q6581097,1927-07-11,,"[""Sverige""]","[""Q34""]","[""dirigent"",""musiker""]","[""Q158852"",""Q639669""]"
Q313366,Alban ”Dr Alban” Nwapa,"[""Alban ”Dr Alban” Nwapa""]",1,[412664],[56],,,https://sv.wikipedia.org/wiki/Dr._Alban,man,Q6581097,1957-08-26,,"[""Nigeria""]","[""Q1033""]","[""sångare"",""musikproducent"",""rappare"",""diskjockey"",""tandläkare""]","[""Q177220"",""Q183945"",""Q2252262"",""Q130857"",""Q27349""]"
Q3141607,Thomas Bodström,"[""Thomas Bodström""]",2,"[373938,2700772]","[42,63]",,,https://sv.wikipedia.org/wiki/Thomas_Bodstr%C3%B6m,man,Q6581097,1962-04-09,,"[""Sverige""]","[""Q34""]","[""politiker"",""fotbollsspelare"",""TV-programledare"",""advokat"",""författare"",""advokat""]","[""Q82955"",""Q937857"",""Q947873"",""Q17048963"",""Q36180"",""Q40348""]"
Q315107,José González,"[""José González""]",1,[765435],[38],,,https://sv.wikipedia.org/wiki/Jos%C3%A9_Gonz%C3%A1lez,man,Q6581097,1978-07-31,,"[""Argentina"",""Sverige""]","[""Q414"",""Q34""]","[""sångare"",""musiker"",""gitarrist"",""låtskrivare"",""singer-songwriter""]","[""Q177220"",""Q639669"",""Q855091"",""Q753110"",""Q488205""]"
Q315622,KG Hammar,"[""KG Hammar""]",1,[2455928],[56],,,https://sv.wikipedia.org/wiki/K.G._Hammar,man,Q6581097,1943-02-18,,"[""Sverige""]","[""Q34""]","[""författare"",""teolog"",""universitetslärare"",""luthersk pastor""]","[""Q36180"",""Q1234713"",""Q1622272"",""Q96236305""]"
Q315773,Jan Guillou,"[""Jan Guillou""]",4,"[364502,421656,1782856,1782858]","[65,40,47,53]",,,https://sv.wikipedia.org/wiki/Jan_Guillou,man,Q6581097,1944-01-17,,"[""Frankrike"",""Sverige""]","[""Q142"",""Q34""]","[""författare"",""manusförfattare"",""affärsidkare"",""journalist"",""programledare"",""självbiograf""]","[""Q36180"",""Q28389"",""Q43845"",""Q1930187"",""Q13590141"",""Q18814623""]"
Q316026,Lars Lagerbäck,"[""Lars Lagerbäck""]",1,[216127],[65],,,https://sv.wikipedia.org/wiki/Lars_Lagerb%C3%A4ck,man,Q6581097,1948-07-16,,"[""Sverige""]","[""Q34""]","[""fotbollsspelare"",""fotbollstränare""]","[""Q937857"",""Q628099""]"
Q316051,Lasse Hallström,"[""Lasse Hallström""]",1,[2494782],[40],,,https://sv.wikipedia.org/wiki/Lasse_Hallstr%C3%B6m,man,Q6581097,1946-06-02,,"[""Sverige""]","[""Q34""]","[""filmregissör"",""filmklippare"",""musikvideoregissör"",""tv-regissör"",""manusförfattare""]","[""Q2526255"",""Q7042855"",""Q2340668"",""Q2059704"",""Q28389""]"
Q3161760,Jan Stenbeck,"[""Jan Stenbeck""]",2,"[414919,414921]","[47,54]",,,https://sv.wikipedia.org/wiki/Jan_Stenbeck,man,Q6581097,1942-11-14,2002-08-19,"[""Sverige""]","[""Q34""]","[""affärsidkare"",""nationalekonom""]","[""Q43845"",""Q188094""]"
Q31669280,Anders Göranzon,"[""Anders Göranzon""]",1,[927243],[null],,,https://sv.wikipedia.org/wiki/Anders_G%C3%B6ranzon,man,Q6581097,,,"[""Sverige""]","[""Q34""]","[""polis""]","[""Q384593""]"
Q317382,Christer Fuglesang,"[""Christer Fuglesang""]",1,[371474],[50],,,https://sv.wikipedia.org/wiki/Christer_Fuglesang,man,Q6581097,1957-03-18,,"[""Sverige""]","[""Q34""]","[""rymdfarare"",""fysiker"",""barnboksförfattare"",""bloggare""]","[""Q11631"",""Q169470"",""Q4853732"",""Q8246794""]"
Q319849,Lukas Moodysson,"[""Lukas Moodysson""]",1,[419933],[30],,,https://sv.wikipedia.org/wiki/Lukas_Moodysson,man,Q6581097,1969-01-17,,"[""Sverige""]","[""Q34""]","[""författare"",""manusförfattare"",""poet"",""filmfotograf"",""serietecknare"",""filmregissör"",""regissör""]","[""Q36180"",""Q28389"",""Q49757"",""Q222344"",""Q1114448"",""Q2526255"",""Q3455803""]"
Q321344,Erland Josephson,"[""Erland Josephson""]",1,[323840],[84],,,https://sv.wikipedia.org/wiki/Erland_Josephson,man,Q6581097,1923-06-15,2012-02-25,"[""Sverige""]","[""Q34""]","[""scenskådespelare"",""författare"",""manusförfattare"",""poet"",""dramatiker"",""musiker"",""teaterchef"",""filmregissör"",""regissör"",""filmskådespelare""]","[""Q2259451"",""Q36180"",""Q28389"",""Q49757"",""Q214917"",""Q639669"",""Q1776724"",""Q2526255"",""Q3455803"",""Q10800557""]"
Q3219905,Kjell A. Nordström,"[""Kjell A. Nordström""]",1,[1518787],[62],,,https://sv.wikipedia.org/wiki/Kjell_A._Nordstr%C3%B6m,man,Q6581097,1958-02-26,,"[""Sverige""]","[""Q34""]","[""företagsteoretiker"",""nationalekonom""]","[""Q48072011"",""Q188094""]"
Q322916,Björn Hellberg,"[""Björn Hellberg""]",1,[390120],[57],,,https://sv.wikipedia.org/wiki/Bj%C3%B6rn_Hellberg,man,Q6581097,1944-08-04,,"[""Sverige""]","[""Q34""]","[""författare"",""journalist"",""TV-programledare""]","[""Q36180"",""Q1930187"",""Q947873""]"
Q323470,Nadir ”RedOne” Khayat,"[""Nadir ”RedOne” Khayat""]",1,[223945],[41],,,https://sv.wikipedia.org/wiki/Redone,man,Q6581097,1972-04-09,,"[""USA"",""Marocko"",""Sverige""]","[""Q30"",""Q1028"",""Q34""]","[""sångare"",""musikproducent"",""låtskrivare"",""skådespelare"",""kompositör"",""tillverkare""]","[""Q177220"",""Q183945"",""Q753110"",""Q33999"",""Q36834"",""Q13235160""]"
Q32418009,Sara Bruun,"[""Sara Bruun""]",1,[1736280],[47],,,https://sv.wikipedia.org/wiki/Sara_Bruun,kvinna,Q6581072,1974-02-14,,[],[],"[""lärare""]","[""Q31892085""]"
Q3246465,Ebba Kleberg von Sydow,"[""Ebba Kleberg von Sydow""]",1,[2815515],[45],,,https://sv.wikipedia.org/wiki/Ebba_von_Sydow,kvinna,Q6581072,1981-02-18,,"[""Sverige""]","[""Q34""]","[""programledare"",""författare"",""chefredaktör"",""journalist""]","[""Q94498772"",""Q482980"",""Q589298"",""Q1930187""]"
Q3246481,Agneta Sjödin,"[""Agneta Sjödin""]",1,[1732763],[53],,,https://sv.wikipedia.org/wiki/Agneta_Sj%C3%B6din,kvinna,Q6581072,1967-07-20,,"[""Sverige""]","[""Q34""]","[""TV-programledare"",""författare""]","[""Q947873"",""Q36180""]"
Q324865,Daniel Birnbaum,"[""Daniel Birnbaum""]",1,[911962],[37],,,https://sv.wikipedia.org/wiki/Daniel_Birnbaum,man,Q6581097,1963-07-10,,"[""Sverige""]","[""Q34""]","[""kurator"",""kurator"",""universitetslärare"",""konsthistoriker"",""konstkritiker"",""filosof""]","[""Q674426"",""Q780596"",""Q1622272"",""Q1792450"",""Q4164507"",""Q4964182""]"
Q3267562,Tina Nordström,"[""Tina Nordström""]",2,"[369368,389083]","[34,28]",,,https://sv.wikipedia.org/wiki/Tina_Nordstr%C3%B6m,kvinna,Q6581072,1973-08-06,,"[""Sverige""]","[""Q34""]","[""kock"",""TV-programledare"",""matskribent""]","[""Q156839"",""Q947873"",""Q11500768""]"
Q3270972,Anneli Alhanko,"[""Anneli Alhanko""]",1,[126309],[56],,,https://sv.wikipedia.org/wiki/Anneli_Alhanko,kvinna,Q6581072,1953-12-11,,"[""Colombia"",""Sverige""]","[""Q739"",""Q34""]","[""balettdansare""]","[""Q805221""]"
Q3271292,Anton Abele,"[""Anton Abele""]",1,[216124],[21],,,https://sv.wikipedia.org/wiki/Anton_Abele,man,Q6581097,1992-01-10,,"[""Sverige""]","[""Q34""]","[""politiker""]","[""Q82955""]"
Q3281,Marit Paulsen,"[""Marit Paulsen""]",3,"[420011,747948,782852]","[55,76,39]",,,https://sv.wikipedia.org/wiki/Marit_Paulsen,kvinna,Q6581072,1939-11-24,2022-07-26,"[""Sverige""]","[""Q34""]","[""författare"",""manusförfattare"",""politiker"",""filmregissör""]","[""Q36180"",""Q28389"",""Q82955"",""Q2526255""]"
Q329327,Tor Bomann-Larsen,"[""Tor Bomann-Larsen""]",1,[359817],[54],,,https://sv.wikipedia.org/wiki/Tor_Bomann-Larsen,man,Q6581097,1951-04-26,,"[""Norge""]","[""Q20""]","[""biograf"",""illustratör"",""serietecknare"",""målare"",""barnboksförfattare"",""författare""]","[""Q864380"",""Q644687"",""Q1114448"",""Q1028181"",""Q4853732"",""Q36180""]"
Q329348,Behrang Safari,"[""Behrang Safari""]",1,[2815479],[41],,,https://sv.wikipedia.org/wiki/Behrang_Safari,man,Q6581097,1985-02-09,,"[""Sverige"",""Iran""]","[""Q34"",""Q794""]","[""fotbollsspelare""]","[""Q937857""]"
Q3296958,Leif Pagrotsky,"[""Leif Pagrotsky""]",1,[399562],[49],,,https://sv.wikipedia.org/wiki/Leif_Pagrotsky,man,Q6581097,1951-10-20,,"[""Sverige""]","[""Q34""]","[""politiker"",""nationalekonom""]","[""Q82955"",""Q188094""]"
Q3297041,Sun Axelsson,"[""Sun Axelsson""]",1,[421648],[49],,,https://sv.wikipedia.org/wiki/Sun_Axelsson,kvinna,Q6581072,1935-08-10,2011-01-14,"[""Sverige""]","[""Q34""]","[""journalist"",""filmregissör"",""litteraturkritiker"",""romanförfattare"",""novellförfattare"",""översättare"",""författare"",""manusförfattare"",""poet""]","[""Q1930187"",""Q2526255"",""Q4263842"",""Q6625963"",""Q15949613"",""Q333634"",""Q36180"",""Q28389"",""Q49757""]"
Q3302511,Lutfi Kolgjini,"[""Lutfi Kolgjini""]",1,[116718],[52],,,https://sv.wikipedia.org/wiki/Lutfi_Kolgjini,man,Q6581097,1959-12-09,,"[""Sverige""]","[""Q34""]","[""travkusk"",""travtränare""]","[""Q3715390"",""Q109443465""]"
Q3305426,Sofia Wistam,"[""Sofia Wistam""]",1,[1518780],[54],,,https://sv.wikipedia.org/wiki/Sofia_Wistam,kvinna,Q6581072,1966-05-15,,"[""Sverige""]","[""Q34""]","[""fotograf"",""filmregissör"",""TV-programledare""]","[""Q33231"",""Q2526255"",""Q947873""]"
Q3305450,Gry Forssell,"[""Gry Forssell""]",1,[1518765],[47],,,https://sv.wikipedia.org/wiki/Gry_Forssell,kvinna,Q6581072,1973-02-16,,"[""Sverige""]","[""Q34""]","[""TV-programledare""]","[""Q947873""]"
Q3320068,Mona Malm,"[""Mona Malm""]",1,[562699],[80],,,https://sv.wikipedia.org/wiki/Mona_Malm,kvinna,Q6581072,1935-01-24,2021-01-12,"[""Sverige""]","[""Q34""]","[""skådespelare""]","[""Q33999""]"
Q3321624,Mustafa Can,"[""Mustafa Can""]",5,"[359911,381011,415658,476814,1855723]","[35,33,44,45,52]",,,https://sv.wikipedia.org/wiki/Mustafa_Can,man,Q6581097,1969-10-15,,"[""Turkiet"",""Sverige""]","[""Q43"",""Q34""]","[""författare"",""journalist"",""publicist""]","[""Q36180"",""Q1930187"",""Q6051619""]"
Q332401,Fredrik Lindström,"[""Fredrik Lindström""]",6,"[290911,363730,373937,416832,1416491,2503937]","[50,44,41,48,56,61]",,,https://sv.wikipedia.org/wiki/Fredrik_Lindstr%C3%B6m,man,Q6581097,1963-06-27,,"[""Sverige""]","[""Q34""]","[""författare"",""manusförfattare"",""komiker"",""filmregissör"",""regissör"",""TV-programledare"",""språkvetare""]","[""Q36180"",""Q28389"",""Q245068"",""Q2526255"",""Q3455803"",""Q947873"",""Q14467526""]"
Q3352161,Agneta Pleijel,"[""Agneta Pleijel""]",1,[1319476],[79],,,https://sv.wikipedia.org/wiki/Agneta_Pleijel,kvinna,Q6581072,1940-02-26,,"[""Sverige""]","[""Q34""]","[""författare"",""manusförfattare"",""poet"",""universitetslärare"",""journalist"",""litteraturkritiker"",""romanförfattare""]","[""Q36180"",""Q28389"",""Q49757"",""Q1622272"",""Q1930187"",""Q4263842"",""Q6625963""]"
Q3355461,Dick Harrison,"[""Dick Harrison""]",1,[381010],[37],,,https://sv.wikipedia.org/wiki/Dick_Harrison,man,Q6581097,1966-04-10,,"[""Sverige""]","[""Q34""]","[""historiker"",""universitetslärare""]","[""Q201788"",""Q1622272""]"
Q3357420,Evabritt Strandberg,"[""Evabritt Strandberg""]",1,[391923],[71],,,https://sv.wikipedia.org/wiki/Evabritt_Strandberg,kvinna,Q6581072,1943-04-07,,"[""Sverige""]","[""Q34""]","[""skådespelare"",""sångare""]","[""Q33999"",""Q177220""]"
Q3357429,Pia Johansson,"[""Pia Johansson""]",3,"[359899,369524,389699]","[44,47,41]",,,https://sv.wikipedia.org/wiki/Pia_Johansson,kvinna,Q6581072,1960-11-16,,"[""Sverige""]","[""Q34""]","[""skådespelare"",""universitetsadjunkt""]","[""Q33999"",""Q1569495""]"
Q3358487,Maria Johansson,"[""Maria Johansson""]",1,[362132],[50],,,https://sv.wikipedia.org/wiki/Maria_Johansson,kvinna,Q6581072,1956-04-07,,"[""Sverige""]","[""Q34""]","[""filmregissör"",""skådespelare""]","[""Q2526255"",""Q33999""]"
Q3364013,Ale Möller,"[""Ale Möller""]",1,[390119],[47],,,https://sv.wikipedia.org/wiki/Ale_M%C3%B6ller,man,Q6581097,1955-03-26,,"[""Sverige""]","[""Q34""]","[""kompositör"",""musiker"",""artist""]","[""Q36834"",""Q639669"",""Q713200""]"
Q3366124,Lasse Brandeby,"[""Lasse Brandeby""]",1,[415918],[44],,,https://sv.wikipedia.org/wiki/Lasse_Brandeby,man,Q6581097,1945-04-27,2011-11-20,"[""Sverige""]","[""Q34""]","[""komiker"",""journalist"",""skådespelare"",""manusförfattare""]","[""Q245068"",""Q1930187"",""Q33999"",""Q28389""]"
Q33677910,Hanna Johannesson,"[""Hanna Johannesson""]",1,[2181945],[53],,,https://sv.wikipedia.org/wiki/Hanna_Johannesson,kvinna,Q6581072,1970-02-13,,"[""Sverige""]","[""Q34""]","[""forskare"",""mykolog""]","[""Q1650915"",""Q2487799""]"
Q3368096,Annika Östberg,"[""Annika Östberg""]",2,"[104793,131419]","[56,58]",,,https://sv.wikipedia.org/wiki/Annika_%C3%96stberg,kvinna,Q6581072,1954-01-06,,"[""Sverige""]","[""Q34""]",[],[]
Q3370199,Josephine Bornebusch,"[""Josephine Bornebusch""]",1,[104295],[28],,,https://sv.wikipedia.org/wiki/Josephine_Bornebusch,kvinna,Q6581072,1981-09-12,,"[""Sverige""]","[""Q34""]","[""TV-producent"",""skådespelare"",""författare"",""filmregissör"",""regissör"",""TV-programledare""]","[""Q578109"",""Q33999"",""Q482980"",""Q2526255"",""Q3455803"",""Q947873""]"
Q3372189,Claes Malmberg,"[""Claes Malmberg""]",1,[382467],[42],,,https://sv.wikipedia.org/wiki/Claes_Malmberg,man,Q6581097,1961-04-08,,"[""Sverige""]","[""Q34""]","[""komiker"",""skådespelare""]","[""Q245068"",""Q33999""]"
Q3372224,Ingela Pling Forsman,"[""Ingela Pling Forsman""]",1,[382657],[52],,,https://sv.wikipedia.org/wiki/Ingela_Forsman,kvinna,Q6581072,1950-08-26,,"[""Sverige""]","[""Q34""]","[""musikproducent"",""låtskrivare"",""sångtextförfattare"",""kompositör""]","[""Q183945"",""Q753110"",""Q822146"",""Q36834""]"
Q3372677,Robert Broberg,"[""Robert Broberg""]",3,"[423460,594146,594150]","[40,52,59]",,,https://sv.wikipedia.org/wiki/Robert_Broberg,man,Q6581097,1940-07-02,2015-07-21,"[""Sverige""]","[""Q34""]","[""manusförfattare"",""kompositör"",""sångare"",""konstnär"",""musiker"",""målare"",""filmregissör""]","[""Q28389"",""Q36834"",""Q177220"",""Q483501"",""Q639669"",""Q1028181"",""Q2526255""]"
Q3372692,Katrin Sundberg,"[""Katrin Sundberg""]",1,[116695],[49],,,https://sv.wikipedia.org/wiki/Katrin_Sundberg,kvinna,Q6581072,1962-10-08,,"[""Sverige""]","[""Q34""]","[""skådespelare"",""koreograf"",""dansare""]","[""Q33999"",""Q2490358"",""Q5716684""]"
Q3372998,Johan Rabaeus,"[""Johan Rabaeus""]",1,[126306],[62],,,https://sv.wikipedia.org/wiki/Johan_Rabaeus,man,Q6581097,1947-07-31,,"[""Sverige""]","[""Q34""]","[""skådespelare""]","[""Q33999""]"
Q3373259,Rebecca Scheja,"[""Rebecca Scheja""]",1,[1077313],[29],,,https://sv.wikipedia.org/wiki/Rebecca_Scheja,kvinna,Q6581072,1989-01-26,,"[""Sverige""]","[""Q34""]","[""skådespelare"",""sångare"",""musikproducent"",""barnskådespelare"",""låtskrivare"",""diskjockey""]","[""Q33999"",""Q177220"",""Q183945"",""Q970153"",""Q753110"",""Q130857""]"
Q3374422,Sverker Sörlin,"[""Sverker Sörlin""]",2,"[1952959,2295211]","[65,67]",,,https://sv.wikipedia.org/wiki/Sverker_S%C3%B6rlin,man,Q6581097,1956-08-06,,"[""Sverige""]","[""Q34""]","[""historielärare"",""environmental historian"",""universitetslärare"",""samhällsvetare""]","[""Q58209937"",""Q55590651"",""Q1622272"",""Q15319501""]"
Q3374492,Mats Strandberg,"[""Mats Strandberg""]",1,[1319510],[42],,,https://sv.wikipedia.org/wiki/Mats_Strandberg_(f%C3%B6rfattare),man,Q6581097,1976,,"[""Sverige""]","[""Q34""]","[""ungdomsförfattare"",""krönikör"",""journalist"",""författare""]","[""Q62083492"",""Q1086863"",""Q1930187"",""Q36180""]"
Q3377726,Gunhild Stordalen,"[""Gunhild Stordalen""]",1,[741081],[37],,,https://sv.wikipedia.org/wiki/Gunhild_Stordalen,kvinna,Q6581072,1979-01-15,,"[""Norge""]","[""Q20""]","[""klimataktivist"",""miljöaktivist""]","[""Q61048378"",""Q3578589""]"
Q3425677,Micael Dahlén,"[""Micael Dahlén""]",1,[366862],[37],,,https://sv.wikipedia.org/wiki/Micael_Dahlen,man,Q6581097,1973-06-18,,"[""Sverige""]","[""Q34""]","[""företagsteoretiker"",""universitetslärare"",""orator"",""författare""]","[""Q48072011"",""Q1622272"",""Q12859263"",""Q36180""]"
Q3427073,Inga-Britt Ahlenius,"[""Inga-Britt Ahlenius""]",1,[364602],[67],,,https://sv.wikipedia.org/wiki/Inga-Britt_Ahlenius,kvinna,Q6581072,1939-04-19,,"[""Sverige""]","[""Q34""]","[""ämbetsman"",""fackboksförfattare""]","[""Q212238"",""Q15980158""]"
Q3427896,Carin Mannheimer,"[""Carin Mannheimer""]",1,[411457],[62],,,https://sv.wikipedia.org/wiki/Carin_Mannheimer,kvinna,Q6581072,1934-08-17,2014-07-11,"[""Sverige""]","[""Q34""]","[""teaterregissör"",""manusförfattare"",""författare"",""filmregissör"",""regissör""]","[""Q3387717"",""Q28389"",""Q482980"",""Q2526255"",""Q3455803""]"
Q3427943,Rikard Wolff,"[""Rikard Wolff""]",4,"[131421,362053,994674,2531642]","[54,48,null,34]",,,https://sv.wikipedia.org/wiki/Rikard_Wolff,man,Q6581097,1958-04-08,2017-11-17,"[""Sverige""]","[""Q34""]","[""sångare"",""skådespelare""]","[""Q177220"",""Q33999""]"
Q3430211,Staffan Scheja,"[""Staffan Scheja""]",1,[126299],[60],,,https://sv.wikipedia.org/wiki/Staffan_Scheja,man,Q6581097,1950-04-25,,"[""Sverige""]","[""Q34""]","[""pianist"",""musiker""]","[""Q486748"",""Q639669""]"
Q3433063,Jan Stenberg,"[""Jan Stenberg""]",1,[498769],[60],,,https://sv.wikipedia.org/wiki/Jan_Stenberg,man,Q6581097,1939-07-28,2015-01-13,"[""Sverige""]","[""Q34""]","[""affärsidkare"",""jurist""]","[""Q43845"",""Q185351""]"
Q3435330,Linda Olsson,"[""Linda Olsson""]",2,"[324147,324148]","[60,57]",,,https://sv.wikipedia.org/wiki/Linda_Olsson_(f%C3%B6rfattare),kvinna,Q6581072,1948,,"[""Sverige""]","[""Q34""]","[""författare"",""jurist""]","[""Q36180"",""Q185351""]"
Q3435365,Kristin Kaspersen,"[""Kristin Kaspersen""]",2,"[419232,2295380]","[30,54]",,,https://sv.wikipedia.org/wiki/Kristin_Kaspersen,kvinna,Q6581072,1969-09-30,,"[""Norge""]","[""Q20""]","[""TV-programledare""]","[""Q947873""]"
Q3437771,Johan H. Andresen,"[""Johan H. Andresen""]",1,[1518813],[59],,,https://sv.wikipedia.org/wiki/Johan_Henrik_Andresen_(f%C3%B6dd_1961),man,Q6581097,1961-07-25,,"[""Norge""]","[""Q20""]","[""affärsidkare"",""investerare""]","[""Q43845"",""Q557880""]"
Q3437824,Mattias Alexandrov Klum,"[""Mattias Klum"",""Mattias Alexandrov Klum""]",4,"[369399,458505,479148,1209224]","[40,29,46,50]",,,https://sv.wikipedia.org/wiki/Mattias_Klum,man,Q6581097,1968-02-10,,"[""Sverige""]","[""Q34""]","[""fotograf""]","[""Q33231""]"
Q3438171,Janne Josefsson,"[""Janne Josefsson""]",2,"[907869,916906]","[43,64]",,,https://sv.wikipedia.org/wiki/Janne_Josefsson,man,Q6581097,1952,,"[""Sverige""]","[""Q34""]","[""journalist"",""TV-programledare""]","[""Q1930187"",""Q947873""]"
Q3439054,Bodil Malmsten,"[""Bodil Malmsten""]",4,"[323360,390079,416840,416841]","[64,57,39,67]",,,https://sv.wikipedia.org/wiki/Bodil_Malmsten,kvinna,Q6581072,1944,2016-02-05,"[""Sverige""]","[""Q34""]","[""journalist"",""romanförfattare"",""författare"",""poet""]","[""Q1930187"",""Q6625963"",""Q36180"",""Q49757""]"
Q3440223,Robert Aschberg,"[""Robert Aschberg""]",1,[1952995],[70],,,https://sv.wikipedia.org/wiki/Robert_Aschberg,man,Q6581097,1952-03-19,,"[""Sverige""]","[""Q34""]","[""journalist"",""programledare""]","[""Q1930187"",""Q13590141""]"
Q3440542,Claes Eriksson,"[""Claes Eriksson""]",4,"[2181076,2217792,2220209,2700884]","[73,44,39,75]",,,https://sv.wikipedia.org/wiki/Claes_Eriksson,man,Q6581097,1950-07-27,,"[""Sverige""]","[""Q34""]","[""filmregissör"",""tv-skådespelare"",""skådespelare"",""manusförfattare"",""kompositör""]","[""Q2526255"",""Q10798782"",""Q33999"",""Q28389"",""Q36834""]"
Q3448161,Göran Palm,"[""Göran Palm""]",1,[359558],[74],,,https://sv.wikipedia.org/wiki/G%C3%B6ran_Palm,man,Q6581097,1931-02-03,2016-04-12,"[""Sverige""]","[""Q34""]","[""författare"",""poet""]","[""Q36180"",""Q49757""]"
Q346396,Joey Tempest,"[""Joey Tempest""]",1,[234553],[49],,,https://sv.wikipedia.org/wiki/Joey_Tempest,man,Q6581097,1963-08-19,,"[""Sverige""]","[""Q34""]","[""sångare"",""singer-songwriter"",""kompositör""]","[""Q177220"",""Q488205"",""Q36834""]"
Q346439,Martin ”E-type” Erikson,"[""Martin ”E-type” Erikson""]",1,[1952961],[56],,,https://sv.wikipedia.org/wiki/E-type,man,Q6581097,1965-08-27,,"[""Sverige""]","[""Q34""]","[""författare"",""sångare"",""musiker"",""TV-programledare"",""filmmusikkompositör""]","[""Q36180"",""Q177220"",""Q639669"",""Q947873"",""Q1415090""]"
Q3468288,Sture Linnér,"[""Sture Linnér""]",1,[370979],[90],,,https://sv.wikipedia.org/wiki/Sture_Linn%C3%A9r,man,Q6581097,1917-06-15,2010-03-25,"[""Sverige""]","[""Q34""]","[""historiker"",""antikvetare"",""klassisk filolog""]","[""Q201788"",""Q2468727"",""Q16267607""]"
Q347695,Peter Englund,"[""Peter Englund""]",2,"[367475,419218]","[52,44]",,,https://sv.wikipedia.org/wiki/Peter_Englund,man,Q6581097,1957-04-04,,"[""Sverige""]","[""Q34""]","[""historiker"",""journalist"",""författare""]","[""Q201788"",""Q1930187"",""Q36180""]"
Q3488817,Sofi Jeannin,"[""Sofi Jeannin""]",1,[2397506],[47],,,https://sv.wikipedia.org/wiki/Sofi_Jeannin,kvinna,Q6581072,1976-09-06,,"[""Sverige""]","[""Q34""]","[""sångare"",""körledare""]","[""Q177220"",""Q1076502""]"
Q3490335,Renata Chlumska,"[""Renata Chlumska""]",1,[371373],[33],,,https://sv.wikipedia.org/wiki/Renata_Chlumska,kvinna,Q6581072,1973-12-09,,"[""Sverige"",""Tjeckien""]","[""Q34"",""Q213""]","[""alpinist"",""skådespelare""]","[""Q9149093"",""Q33999""]"
Q349308,Jonas Eriksson,"[""Jonas Eriksson""]",1,[400261],[40],,,https://sv.wikipedia.org/wiki/Jonas_Eriksson_(fotbollsdomare),man,Q6581097,1974-03-28,,"[""Sverige""]","[""Q34""]","[""affärsidkare"",""fotbollsdomare""]","[""Q43845"",""Q859528""]"
Q349472,Mark Levengood,"[""Mark Levengood""]",7,"[131719,370499,416869,1106398,1436605,1436723,2181452]","[46,42,34,53,28,31,59]",,,https://sv.wikipedia.org/wiki/Mark_Levengood,man,Q6581097,1964-07-10,,"[""Sverige""]","[""Q34""]","[""journalist"",""TV-programledare"",""författare""]","[""Q1930187"",""Q947873"",""Q36180""]"
Q3499149,Patrik Isaksson,"[""Patrik Isaksson""]",1,[419236],[27],,,https://sv.wikipedia.org/wiki/Patrik_Isaksson,man,Q6581097,1972-08-03,,"[""Sverige""]","[""Q34""]","[""sångare"",""pianist"",""låtskrivare""]","[""Q177220"",""Q486748"",""Q753110""]"
Q3499423,Stig Björkman,"[""Stig Björkman""]",1,[921582],[78],,,https://sv.wikipedia.org/wiki/Stig_Bj%C3%B6rkman,man,Q6581097,1938-10-02,,"[""Sverige""]","[""Q34""]","[""författare"",""skådespelare"",""manusförfattare"",""översättare"",""filmregissör"",""regissör"",""filmkritiker""]","[""Q36180"",""Q33999"",""Q28389"",""Q333634"",""Q2526255"",""Q3455803"",""Q4220892""]"
Q3525054,Thomas Di Leva,"[""Thomas Di Leva""]",1,[420005],[33],,,https://sv.wikipedia.org/wiki/Thomas_Di_Leva,man,Q6581097,1963-10-23,,"[""Sverige""]","[""Q34""]","[""skådespelare"",""sångare""]","[""Q33999"",""Q177220""]"
Q352831,Bert Karlsson,"[""Bert Karlsson""]",1,[757715],[71],,,https://sv.wikipedia.org/wiki/Bert_Karlsson,man,Q6581097,1945-06-21,,"[""Sverige""]","[""Q34""]","[""kompositör"",""politiker"",""entreprenör"",""musikproducent"",""författare"",""förläggare"",""musikdirektör"",""TV-programledare"",""föreläsare""]","[""Q36834"",""Q82955"",""Q131524"",""Q183945"",""Q482980"",""Q2516866"",""Q3089940"",""Q947873"",""Q9379869""]"
Q3565615,Katerina Janouch,"[""Katerina Janouch""]",1,[366903],[45],,,https://sv.wikipedia.org/wiki/Katerina_Janouch,kvinna,Q6581072,1964-02-22,,"[""Sverige"",""Tjeckoslovakien""]","[""Q34"",""Q33946""]","[""författare"",""översättare"",""journalist"",""publicist""]","[""Q36180"",""Q333634"",""Q1930187"",""Q6051619""]"
Q357142,Gunde Svan,"[""Gunde Svan""]",1,[2474971],[29],,,https://sv.wikipedia.org/wiki/Gunde_Svan,man,Q6581097,1962-01-12,,"[""Sverige""]","[""Q34""]","[""rallycrossförare"",""TV-programledare"",""längdskidåkare""]","[""Q55594106"",""Q947873"",""Q13382608""]"
Q360819,Håkan Lans,"[""Håkan Lans""]",1,[126331],[62],,,https://sv.wikipedia.org/wiki/H%C3%A5kan_Lans,man,Q6581097,1947-11-02,,"[""Sverige""]","[""Q34""]","[""uppfinnare""]","[""Q205375""]"
Q362157,Henrik Lundqvist,"[""Henrik Lundqvist""]",1,[216105],[31],,,https://sv.wikipedia.org/wiki/Henrik_Lundqvist,man,Q6581097,1982-03-02,,"[""Sverige""]","[""Q34""]","[""ishockeyspelare""]","[""Q11774891""]"
Q362389,Patrik Sjöberg,"[""Patrik Sjöberg""]",1,[126255],[46],,,https://sv.wikipedia.org/wiki/Patrik_Sj%C3%B6berg,man,Q6581097,1965-01-05,,"[""Sverige""]","[""Q34""]","[""friidrottare""]","[""Q11513337""]"
Q3656326,Zinat Pirzadeh,"[""Zinat Pirzadeh""]",2,"[370594,1631226]","[40,53]",,,https://sv.wikipedia.org/wiki/Zinat_Pirzadeh,kvinna,Q6581072,1967-02-22,,"[""Sverige""]","[""Q34""]","[""författare"",""skådespelare""]","[""Q36180"",""Q33999""]"
Q3658122,Alice Timander,"[""Alice Timander""]",1,[364009],[90],,,https://sv.wikipedia.org/wiki/Alice_Timander,kvinna,Q6581072,1915-10-06,2007-07-03,"[""Sverige""]","[""Q34""]","[""självbiograf"",""tandläkare"",""skådespelare""]","[""Q18814623"",""Q27349"",""Q33999""]"
Q3672886,Nalin Pekgul,"[""Nalin Pekgul""]",1,[382408],[35],,,https://sv.wikipedia.org/wiki/Nalin_Baksi,kvinna,Q6581072,1967,,"[""Turkiet"",""Sverige""]","[""Q43"",""Q34""]","[""politiker"",""journalist""]","[""Q82955"",""Q1930187""]"
Q3675693,Nisti Stêrk,"[""Nisti Stêrk""]",1,[362022],[28],,,https://sv.wikipedia.org/wiki/Nisti_St%C3%AArk,kvinna,Q6581072,1977-10-29,,"[""Sverige""]","[""Q34""]","[""filmregissör"",""filmskådespelare"",""skådespelare""]","[""Q2526255"",""Q10800557"",""Q33999""]"
Q368511,Markus Näslund,"[""Markus Näslund""]",1,[583131],[42],,,https://sv.wikipedia.org/wiki/Markus_N%C3%A4slund,man,Q6581097,1973-07-30,,"[""Sverige""]","[""Q34""]","[""ishockeyspelare""]","[""Q11774891""]"
Q368528,Mats Sundin,"[""Mats Sundin""]",2,"[126312,415695]","[39,29]",,,https://sv.wikipedia.org/wiki/Mats_Sundin,man,Q6581097,1971-02-13,,"[""Sverige""]","[""Q34""]","[""ishockeyspelare""]","[""Q11774891""]"
Q371652,Albin Ekdal,"[""Albin Ekdal""]",1,[1527014],[30],,,https://sv.wikipedia.org/wiki/Albin_Ekdal,man,Q6581097,1989-07-28,,"[""Sverige""]","[""Q34""]","[""fotbollsspelare""]","[""Q937857""]"
Q372210,Lars Gustafsson,"[""Lars Gustafsson""]",1,[387521],[73],,,https://sv.wikipedia.org/wiki/Lars_Gustafsson,man,Q6581097,1936-05-17,2016-04-03,"[""Sverige""]","[""Q34""]","[""översättare"",""dramatiker"",""universitetslärare"",""filosof"",""författare"",""poet""]","[""Q333634"",""Q214917"",""Q1622272"",""Q4964182"",""Q36180"",""Q49757""]"
Q372276,John Guidetti,"[""John Guidetti""]",1,[116714],[20],,,https://sv.wikipedia.org/wiki/John_Guidetti,man,Q6581097,1992-04-15,,"[""Sverige""]","[""Q34""]","[""fotbollsspelare""]","[""Q937857""]"
Q372460,Måns Zelmerlöw,"[""Måns Zelmerlöw""]",1,[369508],[22],,,https://sv.wikipedia.org/wiki/M%C3%A5ns_Zelmerl%C3%B6w,man,Q6581097,1986-06-13,,"[""Sverige""]","[""Q34""]","[""skådespelare"",""kompositör"",""popmusiker"",""sångare"",""musiker"",""TV-programledare""]","[""Q33999"",""Q36834"",""Q102277154"",""Q177220"",""Q639669"",""Q947873""]"
Q372695,Anders Arborelius,"[""Anders Arborelius""]",1,[916969],[67],,,https://sv.wikipedia.org/wiki/Anders_Arborelius,man,Q6581097,1949-09-24,,"[""Schweiz"",""Sverige""]","[""Q39"",""Q34""]","[""katolsk biskop"",""katolsk präst"",""fra"",""präst"",""biskop""]","[""Q611644"",""Q250867"",""Q548320"",""Q42603"",""Q29182""]"
Q3739594,Hanna Hellquist,"[""Hanna Hellquist""]",3,"[131420,363637,1205794]","[32,28,38]",,,https://sv.wikipedia.org/wiki/Hanna_Hellquist,kvinna,Q6581072,1980-07-24,,"[""Sverige""]","[""Q34""]","[""författare"",""journalist"",""TV-programledare"",""författare""]","[""Q482980"",""Q1930187"",""Q947873"",""Q36180""]"
Q3742229,Nane Annan,"[""Nane Annan""]",1,[534114],[54],,,https://sv.wikipedia.org/wiki/Nane_Annan,kvinna,Q6581072,1944,,"[""Sverige""]","[""Q34""]","[""konstnär""]","[""Q483501""]"
Q378276,Katarina Frostenson,"[""Katarina Frostenson""]",1,[2476631],[40],,,https://sv.wikipedia.org/wiki/Katarina_Frostenson,kvinna,Q6581072,1953-03-05,,"[""Sverige""]","[""Q34""]","[""översättare"",""dramatiker"",""författare"",""dramaturg"",""språkvetare"",""essäist"",""författare"",""poet""]","[""Q333634"",""Q214917"",""Q482980"",""Q487596"",""Q14467526"",""Q11774202"",""Q36180"",""Q49757""]"
Q380376,Håkan Nesser,"[""Håkan Nesser""]",2,"[383503,386298]","[60,51]",,,https://sv.wikipedia.org/wiki/H%C3%A5kan_Nesser,man,Q6581097,1950-02-21,,"[""Sverige""]","[""Q34""]","[""författare"",""lärare"",""manusförfattare"",""gymnasielärare""]","[""Q36180"",""Q37226"",""Q28389"",""Q5758653""]"
Q3809242,Petra Mede,"[""Petra Mede""]",5,"[291182,323362,1077308,1417209,2578746]","[43,39,48,49,55]",,,https://sv.wikipedia.org/wiki/Petra_Mede,kvinna,Q6581072,1970-03-07,,"[""Sverige""]","[""Q34""]","[""komiker"",""journalist"",""TV-programledare"",""dansare"",""författare""]","[""Q245068"",""Q1930187"",""Q947873"",""Q5716684"",""Q36180""]"
Q382278,Michael Nyqvist,"[""Michael Nyqvist""]",2,"[371171,622286]","[46,40]",,,https://sv.wikipedia.org/wiki/Michael_Nyqvist,man,Q6581097,1960-11-08,2017-06-27,"[""Sverige""]","[""Q34""]","[""scenskådespelare"",""författare"",""skådespelare"",""filmproducent"",""filmskådespelare""]","[""Q2259451"",""Q36180"",""Q33999"",""Q3282637"",""Q10800557""]"
Q3843100,Magdalena Graaf,"[""Magdalena Graaf""]",1,[371354],[31],,,https://sv.wikipedia.org/wiki/Magdalena_Graaf,kvinna,Q6581072,1975-09-02,,"[""Sverige""]","[""Q34""]","[""sångare"",""biograf"",""modell"",""författare""]","[""Q177220"",""Q864380"",""Q4610556"",""Q36180""]"
Q3852934,Mauro Scocco,"[""Mauro Scocco""]",1,[324414],[42],,,https://sv.wikipedia.org/wiki/Mauro_Scocco,man,Q6581097,1962-09-11,,"[""Sverige""]","[""Q34""]","[""sångare"",""låtskrivare"",""kompositör""]","[""Q177220"",""Q753110"",""Q36834""]"
Q38773366,Gustav Mandelmann,"[""Gustav Mandelmann""]",1,[1106400],[53],,,https://sv.wikipedia.org/wiki/Gustav_Mandelmann,man,Q6581097,1965-04-02,,"[""Sverige""]","[""Q34""]","[""författare"",""bonde"",""TV-programledare""]","[""Q36180"",""Q131512"",""Q947873""]"
Q38774405,Sanna Sundqvist,"[""Sanna Sundqvist""]",1,[2397154],[41],,,https://sv.wikipedia.org/wiki/Sanna_Sundqvist,kvinna,Q6581072,1983-07-13,,"[""Sverige""]","[""Q34""]","[""skådespelare""]","[""Q33999""]"
Q38774420,Marie Mandelmann,"[""Marie Mandelmann""]",1,[1106400],[54],,,https://sv.wikipedia.org/wiki/Marie_Mandelmann,kvinna,Q6581072,1964-04-08,,"[""Sverige""]","[""Q34""]","[""författare"",""TV-personlighet"",""bonde""]","[""Q36180"",""Q44508716"",""Q131512""]"
Q3893031,Eva Moberg,"[""Eva Moberg""]",1,[597027],[69],,,https://sv.wikipedia.org/wiki/Eva_Moberg,kvinna,Q6581072,1932-02-14,2011-05-22,"[""Sverige""]","[""Q34""]","[""författare""]","[""Q36180""]"
Q39069621,Mabel McVey,"[""Mabel McVey""]",1,[2180891],[27],,,https://sv.wikipedia.org/wiki/Mabel_(s%C3%A5ngerska),kvinna,Q6581072,1996-02-19,,"[""Sverige"",""Storbritannien""]","[""Q34"",""Q145""]","[""skivartist"",""sångare"",""musiker"",""låtskrivare""]","[""Q55960555"",""Q177220"",""Q639669"",""Q753110""]"
Q3918425,Amirzai Sangin,"[""Amirzai Sangin""]",1,[116709],[63],,,https://sv.wikipedia.org/wiki/Amirzai_Sangin,man,Q6581097,1949-06-06,,"[""Afghanistan""]","[""Q889""]","[""politiker""]","[""Q82955""]"
Q3931243,Rebecka Törnqvist,"[""Rebecka Törnqvist""]",1,[386289],[38],,,https://sv.wikipedia.org/wiki/Rebecka_T%C3%B6rnqvist,kvinna,Q6581072,1964-04-26,,"[""Sverige""]","[""Q34""]","[""sångare"",""musiker"",""jazzmusiker""]","[""Q177220"",""Q639669"",""Q15981151""]"
Q400679,Ahmad Khan Mahmoodzada,"[""Ahmad Khan Mahmoodzada""]",1,[741222],[21],,,https://sv.wikipedia.org/wiki/Ahmad_Khan_Mahmoodzada,man,Q6581097,1994,,"[""Afghanistan""]","[""Q889""]","[""skådespelare"",""filmskådespelare""]","[""Q33999"",""Q10800557""]"
Q4120288,Jan Carlzon,"[""Jan Carlzon""]",1,[126268],[70],,,https://sv.wikipedia.org/wiki/Jan_Carlzon,man,Q6581097,1941-06-25,,"[""Sverige""]","[""Q34""]","[""affärsidkare"",""statist""]","[""Q43845"",""Q658371""]"
Q4129049,Sofia Karlsson,"[""Sofia Karlsson""]",1,[2180932],[48],,,https://sv.wikipedia.org/wiki/Sofia_Karlsson_(s%C3%A5ngare),kvinna,Q6581072,1975-03-25,,"[""Sverige""]","[""Q34""]","[""skivartist"",""sångare"",""låtskrivare""]","[""Q55960555"",""Q177220"",""Q753110""]"
Q4129949,Stina Ekblad,"[""Stina Ekblad""]",2,"[907868,927255]","[32,63]",,,https://sv.wikipedia.org/wiki/Stina_Ekblad,kvinna,Q6581072,1954-02-26,,"[""Finland""]","[""Q33""]","[""skådespelare""]","[""Q33999""]"
Q4156547,Bo Setterlind,"[""Bo Setterlind""]",1,[425195],[44],,,https://sv.wikipedia.org/wiki/Bo_Setterlind,man,Q6581097,1923-08-24,1991-01-25,"[""Sverige""]","[""Q34""]","[""självbiograf"",""författare"",""poet"",""sångtextförfattare""]","[""Q18814623"",""Q36180"",""Q49757"",""Q822146""]"
Q4159918,Lusine Djanyan,"[""Lusine Djanyan""]",1,[1953003],[41],,,https://sv.wikipedia.org/wiki/Lusine_Djanyan,kvinna,Q6581072,1981-05-01,,"[""Sovjetunionen"",""Ryssland""]","[""Q15180"",""Q159""]","[""målare""]","[""Q1028181""]"
Q41618458,Ingmar Skoog,"[""Ingmar Skoog""]",1,[1740723],[67],,,https://sv.wikipedia.org/wiki/Ingmar_Skoog,man,Q6581097,1954-02-02,,[],[],"[""psykiater"",""forskare""]","[""Q211346"",""Q1650915""]"
Q41655043,Beatrice Fihn,"[""Beatrice Fihn""]",1,[1077261],[35],,,https://sv.wikipedia.org/wiki/Beatrice_Fihn,kvinna,Q6581072,1982,,"[""Sverige""]","[""Q34""]","[""advokat"",""jurist"",""direktör""]","[""Q40348"",""Q185351"",""Q1162163""]"
Q4177928,Zara Larsson,"[""Zara Larsson""]",2,"[579039,1740734]","[17,23]",,,https://sv.wikipedia.org/wiki/Zara_Larsson,kvinna,Q6581072,1997-12-16,,"[""Sverige""]","[""Q34""]","[""popsångare"",""skådespelare"",""sångare"",""musiker"",""låtskrivare"",""dansare""]","[""Q60723829"",""Q33999"",""Q177220"",""Q639669"",""Q753110"",""Q5716684""]"
Q4194283,Gregor Zubicky,"[""Gregor Zubicky""]",1,[1952997],[66],,,https://sv.wikipedia.org/wiki/Gregor_Zubicky,man,Q6581097,1955,,"[""Sverige""]","[""Q34""]","[""musiker"",""konstnärlig ledare""]","[""Q639669"",""Q1797162""]"
Q4222310,Kateryna Kisten,"[""Kateryna Kisten""]",1,[2578968],[45],,,https://sv.wikipedia.org/wiki/Kateryna_Kisten,kvinna,Q6581072,1979-12-29,,"[""Ukraina""]","[""Q212""]","[""tv-skådespelare"",""scenskådespelare"",""filmskådespelare""]","[""Q10798782"",""Q2259451"",""Q10800557""]"
Q42393537,Ingrid le Roux,"[""Ingrid le Roux""]",1,[1319478],[72],,,https://sv.wikipedia.org/wiki/Ingrid_le_Roux,kvinna,Q6581072,1946,,"[""Sverige""]","[""Q34""]","[""läkare""]","[""Q39631""]"
Q42393650,Gudrun Persson,"[""Gudrun Persson""]",1,[1952950],[59],,,https://sv.wikipedia.org/wiki/Gudrun_Persson,kvinna,Q6581072,1962-12-01,,"[""Sverige""]","[""Q34""]","[""statsvetare""]","[""Q1238570""]"
Q42393941,Åsa Wikforss,"[""Åsa Wikforss""]",2,"[1077284,2295385]","[56,62]",,,https://sv.wikipedia.org/wiki/%C3%85sa_Wikforss,kvinna,Q6581072,1961-07-25,,"[""Sverige""]","[""Q34""]","[""filosof""]","[""Q4964182""]"
Q42566580,Pascal Engman,"[""Pascal Engman""]",1,[2578962],[38],,,https://sv.wikipedia.org/wiki/Pascal_Engman,man,Q6581097,1986-07-30,,"[""Sverige""]","[""Q34""]","[""journalist"",""författare""]","[""Q1930187"",""Q36180""]"
Q425747,Alexandra Pascalidou,"[""Alexandra Pascalidou""]",1,[429632],[27],,,https://sv.wikipedia.org/wiki/Alexandra_Pascalidou,kvinna,Q6581072,1970-07-17,,"[""Sverige""]","[""Q34""]","[""författare"",""dramatiker"",""journalist"",""TV-programledare""]","[""Q36180"",""Q214917"",""Q1930187"",""Q947873""]"
Q427597,Arja Saijonmaa,"[""Arja Saijonmaa""]",1,[2487078],[36],,,https://sv.wikipedia.org/wiki/Arja_Saijonmaa,kvinna,Q6581072,1944-12-01,,"[""Finland""]","[""Q33""]","[""sångare"",""musiker"",""skådespelare""]","[""Q177220"",""Q639669"",""Q33999""]"
Q4276189,David Lagercrantz,"[""David Lagercrantz""]",1,[743223],[53],,,https://sv.wikipedia.org/wiki/David_Lagercrantz,man,Q6581097,1962-09-04,,"[""Sverige""]","[""Q34""]","[""författare"",""biograf"",""journalist""]","[""Q36180"",""Q864380"",""Q1930187""]"
Q42875264,Emma Frans,"[""Emma Frans""]",1,[1319466],[37],,,https://sv.wikipedia.org/wiki/Emma_Frans,kvinna,Q6581072,1981-12-15,,"[""Sverige""]","[""Q34""]","[""TV-programledare"",""epidemiolog"",""forskningskommunikatör"",""författare""]","[""Q947873"",""Q12765408"",""Q15143191"",""Q36180""]"
Q429001,Birgitta Ohlsson,"[""Birgitta Ohlsson""]",2,"[57022,2396865]","[36,48]",,,https://sv.wikipedia.org/wiki/Birgitta_Ohlsson,kvinna,Q6581072,1975-07-20,,"[""Sverige""]","[""Q34""]","[""politiker"",""journalist"",""bloggare""]","[""Q82955"",""Q1930187"",""Q8246794""]"
Q4301218,Anna Hedenmo,"[""Anna Hedenmo""]",1,[1077312],[57],,,https://sv.wikipedia.org/wiki/Anna_Hedenmo,kvinna,Q6581072,1961-03-21,,"[""Sverige""]","[""Q34""]","[""nyhetsankare"",""journalist"",""TV-programledare""]","[""Q270389"",""Q1930187"",""Q947873""]"
Q4302629,Roger Wallis,"[""Roger Wallis""]",1,[366866],[67],,,https://sv.wikipedia.org/wiki/Roger_Wallis,man,Q6581097,1941-08-08,2022-01-22,"[""Sverige""]","[""Q34""]","[""musiker"",""journalist"",""musikvetare"",""kompositör""]","[""Q639669"",""Q1930187"",""Q14915627"",""Q36834""]"
Q432789,Bengt Ahlfors,"[""Bengt Ahlfors""]",1,[390127],[64],,,https://sv.wikipedia.org/wiki/Bengt_Ahlfors,man,Q6581097,1937-12-28,,"[""Finland""]","[""Q33""]","[""författare"",""kompositör"",""dramatiker"",""regissör""]","[""Q36180"",""Q36834"",""Q214917"",""Q3455803""]"
Q433528,Jenny Wilson,"[""Jenny Wilson""]",1,[364139],[30],,,https://sv.wikipedia.org/wiki/Jenny_Wilson,kvinna,Q6581072,1975-10-20,,"[""Sverige""]","[""Q34""]","[""sångare"",""musiker"",""låtskrivare"",""filmregissör""]","[""Q177220"",""Q639669"",""Q753110"",""Q2526255""]"
Q433733,Esbjörn Svensson,"[""Esbjörn Svensson""]",1,[381777],[39],,,https://sv.wikipedia.org/wiki/Esbj%C3%B6rn_Svensson,man,Q6581097,1964-04-16,2008-06-14,"[""Sverige""]","[""Q34""]","[""pianist"",""jazzmusiker"",""jazzpianist"",""kompositör""]","[""Q486748"",""Q15981151"",""Q61947380"",""Q36834""]"
Q434081,Monika Fagerholm,"[""Monika Fagerholm""]",1,[362130],[48],,,https://sv.wikipedia.org/wiki/Monika_Fagerholm,kvinna,Q6581072,1961,,"[""Finland""]","[""Q33""]","[""författare""]","[""Q36180""]"
Q434200,Nicklas Lidström,"[""Nicklas Lidström""]",1,[1319477],[49],,,https://sv.wikipedia.org/wiki/Nicklas_Lidstr%C3%B6m,man,Q6581097,1970-04-28,,"[""Sverige""]","[""Q34""]","[""ishockeyspelare""]","[""Q11774891""]"
Q434219,Ulla Trenter,"[""Ulla Trenter""]",1,[425091],[34],,,https://sv.wikipedia.org/wiki/Ulla_Trenter,kvinna,Q6581072,1936-12-18,2019-12-23,"[""Sverige""]","[""Q34""]","[""författare""]","[""Q36180""]"
Q434362,Pia Sundhage,"[""Pia Sundhage""]",1,[126266],[51],,,https://sv.wikipedia.org/wiki/Pia_Sundhage,kvinna,Q6581072,1960-02-13,,"[""Sverige""]","[""Q34""]","[""fotbollsspelare"",""fotbollstränare""]","[""Q937857"",""Q628099""]"
Q434451,Ebba Witt-Brattström,"[""Ebba Witt-Brattström""]",2,"[1137271,2815537]","[44,73]",,,https://sv.wikipedia.org/wiki/Ebba_Witt-Brattstr%C3%B6m,kvinna,Q6581072,1953-06-01,,"[""Sverige""]","[""Q34""]","[""universitetslärare"",""litteraturvetare"",""litterat""]","[""Q1622272"",""Q17167049"",""Q11499929""]"
Q4348115,Kalle Moraeus,"[""Kalle Moraeus""]",2,"[389082,562584]","[38,51]",,,https://sv.wikipedia.org/wiki/Kalle_Moraeus,man,Q6581097,1963-07-15,,"[""Sverige""]","[""Q34""]","[""violast"",""kompositör"",""violinist"",""TV-programledare""]","[""Q899758"",""Q36834"",""Q1259917"",""Q947873""]"
Q4348368,Marko ”Markoolio” Lehtosalo,"[""Marko ”Markoolio” Lehtosalo""]",1,[1077283],[43],,,https://sv.wikipedia.org/wiki/Markoolio,man,Q6581097,1975-01-01,,"[""Sverige""]","[""Q34""]","[""skådespelare"",""sångare"",""komiker"",""låtskrivare"",""rappare""]","[""Q33999"",""Q177220"",""Q245068"",""Q753110"",""Q2252262""]"
Q4348813,Gösta Knutsson,"[""Gösta Knutsson""]",1,[418239],[63],,,https://sv.wikipedia.org/wiki/G%C3%B6sta_Knutsson,man,Q6581097,1908-10-12,1973-04-04,"[""Sverige""]","[""Q34""]","[""radioprogramledare"",""författare"",""översättare"",""serietecknare"",""redaktör"",""journalist"",""karikatyrtecknare"",""barnboksförfattare"",""radioredaktör""]","[""Q2722764"",""Q36180"",""Q333634"",""Q1114448"",""Q876864"",""Q1930187"",""Q3658608"",""Q4853732"",""Q10270331""]"
Q4353064,Bo Sundström,"[""Bo Sundström""]",1,[2455842],[37],,,https://sv.wikipedia.org/wiki/Bo_Sundstr%C3%B6m,man,Q6581097,1961-10-16,,"[""Sverige""]","[""Q34""]","[""jazzgitarrist"",""sångare"",""jazzmusiker""]","[""Q6168364"",""Q177220"",""Q15981151""]"
Q4353213,Niklas Strömstedt,"[""Niklas Strömstedt""]",2,"[1734156,1742119]","[62,32]",,,https://sv.wikipedia.org/wiki/Niklas_Str%C3%B6mstedt,man,Q6581097,1958-07-25,,"[""Sverige""]","[""Q34""]","[""skivartist"",""sångare"",""låtskrivare"",""TV-programledare""]","[""Q55960555"",""Q177220"",""Q753110"",""Q947873""]"
Q4354041,Ayesha Quraishi,"[""Ayesha Quraishi""]",1,[364526],[25],,,https://sv.wikipedia.org/wiki/Ayesha_Quraishi,kvinna,Q6581072,1981-07-08,,"[""Sverige""]","[""Q34""]","[""sångare""]","[""Q177220""]"
Q4354139,Magnus Carlson,"[""Magnus Carlson""]",1,[1077307],[50],,,https://sv.wikipedia.org/wiki/Magnus_Carlson,man,Q6581097,1968-08-03,,"[""Sverige""]","[""Q34""]","[""kompositör"",""sångare""]","[""Q36834"",""Q177220""]"
Q4354798,Erna Tauro,"[""Erna Tauro""]",1,[1436297],[64],,,https://sv.wikipedia.org/wiki/Erna_Tauro,kvinna,Q6581072,1916-08-16,1993-06-04,"[""Finland"",""Storfurstendömet Finland""]","[""Q33"",""Q62633""]","[""kompositör"",""pianist"",""musikpedagog""]","[""Q36834"",""Q486748"",""Q16145150""]"
Q4356059,Elisabeth Tarras-Wahlberg,"[""Elisabeth Tarras-Wahlberg""]",1,[747834],[65],,,https://sv.wikipedia.org/wiki/Elisabeth_Tarras-Wahlberg,kvinna,Q6581072,1950-09-15,,"[""Sverige""]","[""Q34""]","[""ämbetsman""]","[""Q212238""]"
Q4356337,Jerry Williams,"[""Jerry Williams""]",1,[323361],[67],,,https://sv.wikipedia.org/wiki/Jerry_Williams,man,Q6581097,1942-04-15,2018-03-25,"[""Sverige""]","[""Q34""]","[""sångare"",""musiker"",""rockmusiker"",""skådespelare""]","[""Q177220"",""Q639669"",""Q12374149"",""Q33999""]"
Q437700,Torgny Lindgren,"[""Torgny Lindgren""]",1,[357300],[73],,,https://sv.wikipedia.org/wiki/Torgny_Lindgren,man,Q6581097,1938-06-16,2017-03-16,"[""Sverige""]","[""Q34""]","[""författare"",""filmmanusförfattare""]","[""Q36180"",""Q69423232""]"
Q438786,Käbi Laretei,"[""Käbi Laretei""]",1,[359900],[83],,,https://sv.wikipedia.org/wiki/K%C3%A4bi_Laretei,kvinna,Q6581072,1922-07-14,2014-10-31,"[""Estland"",""Sverige""]","[""Q191"",""Q34""]","[""pianist"",""filmskådespelare"",""författare"",""skådespelare"",""kompositör""]","[""Q486748"",""Q10800557"",""Q36180"",""Q33999"",""Q36834""]"
Q43882796,Fatima Bremmer,"[""Fatima Bremmer""]",1,[1077288],[40],,,https://sv.wikipedia.org/wiki/Fatima_Bremmer,kvinna,Q6581072,1977,,"[""Sverige""]","[""Q34""]","[""journalist""]","[""Q1930187""]"
Q438883,Viveca Sten,"[""Viveca Sten""]",1,[126315],[51],,,https://sv.wikipedia.org/wiki/Viveca_Sten,kvinna,Q6581072,1959-06-18,,"[""Sverige""]","[""Q34""]","[""jurist"",""nationalekonom"",""kriminalförfattare"",""advokat"",""författare"",""affärsidkare""]","[""Q185351"",""Q188094"",""Q10297252"",""Q17048963"",""Q36180"",""Q43845""]"
Q439393,Annie Lööf,"[""Annie Lööf""]",1,[2182168],[39],,,https://sv.wikipedia.org/wiki/Annie_L%C3%B6%C3%B6f,kvinna,Q6581072,1983-07-16,,"[""Sverige""]","[""Q34""]","[""politiker"",""jurist""]","[""Q82955"",""Q185351""]"
Q440413,Karin Falck,"[""Karin Falck""]",1,[116716],[80],,,https://sv.wikipedia.org/wiki/Karin_Falck,kvinna,Q6581072,1932-02-06,,"[""Sverige""]","[""Q34""]","[""filmregissör"",""TV-programledare"",""TV-producent""]","[""Q2526255"",""Q947873"",""Q578109""]"
Q440773,Ann Petrén,"[""Ann Petrén""]",1,[58097],[57],,,https://sv.wikipedia.org/wiki/Ann_Petr%C3%A9n,kvinna,Q6581072,1954-05-25,,"[""Sverige""]","[""Q34""]","[""filmskådespelare"",""skådespelare""]","[""Q10800557"",""Q33999""]"
Q440826,Maria Lundqvist,"[""Maria Lundqvist""]",1,[386296],[38],,,https://sv.wikipedia.org/wiki/Maria_Lundqvist,kvinna,Q6581072,1963-10-14,,"[""Sverige""]","[""Q34""]","[""skådespelare"",""filmskådespelare""]","[""Q33999"",""Q10800557""]"
Q4409097,Isabella Löwengrip,"[""Isabella Löwengrip""]",1,[1319464],[28],,,https://sv.wikipedia.org/wiki/Isabella_L%C3%B6wengrip,kvinna,Q6581072,1990-10-21,,"[""Sverige""]","[""Q34""]","[""entreprenör"",""journalist"",""bloggare"",""författare""]","[""Q131524"",""Q1930187"",""Q8246794"",""Q36180""]"
Q4410921,Maria Sid,"[""Maria Sid""]",1,[2815523],[58],,,https://sv.wikipedia.org/wiki/Maria_Sid,kvinna,Q6581072,1968-05-13,,"[""Finland""]","[""Q33""]","[""skådespelare"",""filmregissör""]","[""Q33999"",""Q2526255""]"
Q441130,Kattis Ahlström,"[""Kattis Ahlström""]",2,"[364156,1622574]","[40,54]",,,https://sv.wikipedia.org/wiki/Kattis_Ahlstr%C3%B6m,kvinna,Q6581072,1966-06-09,,"[""Sverige""]","[""Q34""]","[""pianist"",""violinist"",""journalist"",""TV-programledare"",""musikvetare""]","[""Q486748"",""Q1259917"",""Q1930187"",""Q947873"",""Q14915627""]"
Q4411920,Ernst Billgren,"[""Ernst Billgren""]",1,[560200],[43],,,https://sv.wikipedia.org/wiki/Ernst_Billgren,man,Q6581097,1957-11-18,,"[""Finland"",""Sverige""]","[""Q33"",""Q34""]","[""målare"",""skulptör"",""bildkonstnär"",""författare""]","[""Q1028181"",""Q1281618"",""Q3391743"",""Q36180""]"
Q441247,Martina Haag,"[""Martina Haag""]",3,"[116377,291185,826229]","[48,49,52]",,,https://sv.wikipedia.org/wiki/Martina_Haag,kvinna,Q6581072,1964-06-09,,"[""Sverige""]","[""Q34""]","[""författare"",""skådespelare"",""filmmanusförfattare"",""röstskådespelare"",""filmregissör"",""filmskådespelare"",""tv-skådespelare""]","[""Q36180"",""Q33999"",""Q69423232"",""Q2405480"",""Q2526255"",""Q10800557"",""Q10798782""]"
Q441551,Anna Maria Corazza Bildt,"[""Anna Maria Corazza Bildt""]",1,[381008],[40],,,https://sv.wikipedia.org/wiki/Anna_Maria_Corazza_Bildt,kvinna,Q6581072,1963-03-10,,"[""Italien"",""Sverige""]","[""Q38"",""Q34""]","[""politiker"",""diplomat"",""författare"",""affärsidkare""]","[""Q82955"",""Q193391"",""Q36180"",""Q43845""]"
Q442413,Helena af Sandeberg,"[""Helena af Sandeberg""]",1,[216097],[41],,,https://sv.wikipedia.org/wiki/Helena_af_Sandeberg,kvinna,Q6581072,1971-09-01,,"[""Sverige""]","[""Q34""]","[""skådespelare""]","[""Q33999""]"
Q443555,Gustaf Hammarsten,"[""Gustaf Hammarsten""]",1,[126277],[43],,,https://sv.wikipedia.org/wiki/Gustaf_Hammarsten,man,Q6581097,1967-09-02,,"[""Sverige""]","[""Q34""]","[""filmskådespelare"",""tv-skådespelare"",""scenskådespelare"",""skådespelare""]","[""Q10800557"",""Q10798782"",""Q2259451"",""Q33999""]"
Q44472493,Hampus Nessvold,"[""Hampus Nessvold""]",1,[2413771],[28],,,https://sv.wikipedia.org/wiki/Hampus_Nessvold,man,Q6581097,1996-05-09,,"[""Sverige""]","[""Q34""]","[""skådespelare"",""manusförfattare"",""artist""]","[""Q33999"",""Q28389"",""Q713200""]"
Q44472576,Andrev Walden,"[""Andrev Walden""]",1,[2397218],[48],,,https://sv.wikipedia.org/wiki/Andrev_Walden,man,Q6581097,1976-05-14,,"[""Sverige""]","[""Q34""]","[""illustratör"",""journalist"",""författare""]","[""Q644687"",""Q1930187"",""Q36180""]"
Q444747,Maria Wetterstrand,"[""Maria Wetterstrand""]",1,[126290],[37],,,https://sv.wikipedia.org/wiki/Maria_Wetterstrand,kvinna,Q6581072,1973-10-02,,"[""Sverige""]","[""Q34""]","[""bloggare"",""föreläsare"",""politiker"",""biolog""]","[""Q8246794"",""Q9379869"",""Q82955"",""Q864503""]"
Q446588,Eva Dahlgren,"[""Eva Dahlgren""]",3,"[126322,414922,558715]","[50,36,31]",,,https://sv.wikipedia.org/wiki/Eva_Dahlgren,kvinna,Q6581072,1960-06-09,,"[""Sverige""]","[""Q34""]","[""författare"",""kompositör"",""sångare"",""musiker"",""låtskrivare"",""barnboksförfattare""]","[""Q36180"",""Q36834"",""Q177220"",""Q639669"",""Q753110"",""Q4853732""]"
Q447207,Jörgen Persson,"[""Jörgen Persson""]",1,[1953001],[56],,,https://sv.wikipedia.org/wiki/J%C3%B6rgen_Persson,man,Q6581097,1966-04-22,,"[""Sverige""]","[""Q34""]","[""bordtennisspelare""]","[""Q13382519""]"
Q44828,Jason ”Timbuktu” Diakité,"[""Jason ”Timbuktu” Diakité""]",2,"[126288,386099]","[36,39]",,,https://sv.wikipedia.org/wiki/Timbuktu_(artist),man,Q6581097,1975-01-11,,"[""Sverige""]","[""Q34""]","[""sångare"",""låtskrivare"",""rappare""]","[""Q177220"",""Q753110"",""Q2252262""]"
Q449563,Efva Attling,"[""Efva Attling""]",1,[359913],[53],,,https://sv.wikipedia.org/wiki/Efva_Attling,kvinna,Q6581072,1952-02-18,,"[""Sverige""]","[""Q34""]","[""sångare"",""silversmed"",""modeskapare"",""smyckesformgivare"",""modell"",""formgivare"",""skådespelare""]","[""Q177220"",""Q2216340"",""Q3501317"",""Q2519376"",""Q4610556"",""Q5322166"",""Q33999""]"
Q44969659,Karin Olofsdotter,"[""Karin Olofsdotter""]",1,[2397531],[58],,,https://sv.wikipedia.org/wiki/Karin_Olofsdotter_(diplomat),kvinna,Q6581072,1966-06-16,,"[""Sverige""]","[""Q34""]","[""diplomat""]","[""Q193391""]"
Q44983538,Yngve Gustafson,"[""Yngve Gustafson""]",1,[1518814],[70],,,https://sv.wikipedia.org/wiki/Yngve_Gustafson,man,Q6581097,1949,,"[""Sverige""]","[""Q34""]","[""läkare"",""forskare""]","[""Q39631"",""Q1650915""]"
Q4501788,Louise Hoffsten,"[""Louise Hoffsten""]",1,[373948],[38],,,https://sv.wikipedia.org/wiki/Louise_Hoffsten,kvinna,Q6581072,1965-09-06,,"[""Sverige""]","[""Q34""]","[""sångare""]","[""Q177220""]"
Q450220,Malin Baryard,"[""Malin Baryard""]",1,[366867],[34],,,https://sv.wikipedia.org/wiki/Malin_Baryard-Johnsson,kvinna,Q6581072,1975-04-10,,"[""Sverige""]","[""Q34""]","[""modell"",""sportchef"",""hoppryttare""]","[""Q4610556"",""Q838476"",""Q24797688""]"
Q4503691,Sven Yrvind fd. Lundin,"[""Sven Yrvind fd. Lundin""]",1,[1149121],[52],,,https://sv.wikipedia.org/wiki/Sven_Yrvind,man,Q6581097,1939-04-22,,"[""Sverige""]","[""Q34""]","[""författare""]","[""Q36180""]"
Q450686,Antje Jackelén,"[""Antje Jackelén""]",2,"[386828,1846888]","[59,66]",,,https://sv.wikipedia.org/wiki/Antje_Jackel%C3%A9n,kvinna,Q6581072,1955-06-04,,"[""Sverige""]","[""Q34""]","[""evangelisk teolog"",""pastor"",""ärkebiskop"",""biskop""]","[""Q98833883"",""Q152002"",""Q49476"",""Q29182""]"
Q452567,Hedvig Lindahl,"[""Hedvig Lindahl""]",1,[1952962],[39],,,https://sv.wikipedia.org/wiki/Hedvig_Lindahl,kvinna,Q6581072,1983-04-29,,"[""Sverige""]","[""Q34""]","[""fotbollsspelare""]","[""Q937857""]"
Q453670,Tina Thörner,"[""Tina Thörner""]",1,[373943],[38],,,https://sv.wikipedia.org/wiki/Tina_Th%C3%B6rner,kvinna,Q6581072,1966-02-24,,"[""Sverige""]","[""Q34""]","[""ingenjör"",""entreprenör"",""racerförare"",""kartläsare""]","[""Q81096"",""Q131524"",""Q378622"",""Q2465611""]"
Q454032,Amanda Ooms,"[""Amanda Ooms""]",2,"[557543,2008647]","[34,31]",,,https://sv.wikipedia.org/wiki/Amanda_Ooms,kvinna,Q6581072,1964-09-05,,"[""Sverige""]","[""Q34""]","[""konstnär"",""filmskådespelare"",""skådespelare""]","[""Q483501"",""Q10800557"",""Q33999""]"
Q454638,Hanne-Vibeke Holst,"[""Hanne-Vibeke Holst""]",1,[373911],[45],,,https://sv.wikipedia.org/wiki/Hanne-Vibeke_Holst,kvinna,Q6581072,1959-02-21,,"[""Konungariket Danmark""]","[""Q756617""]","[""journalist"",""filmregissör"",""författare""]","[""Q1930187"",""Q2526255"",""Q36180""]"
Q454740,Nilla Fischer,"[""Nilla Fischer""]",1,[576700],[30],,,https://sv.wikipedia.org/wiki/Nilla_Fischer,kvinna,Q6581072,1984-08-02,,"[""Sverige""]","[""Q34""]","[""fotbollsspelare""]","[""Q937857""]"
Q455370,Jonas Åkerlund,"[""Jonas Åkerlund""]",1,[373944],[38],,,https://sv.wikipedia.org/wiki/Jonas_%C3%85kerlund,man,Q6581097,1965-11-16,,"[""Sverige""]","[""Q34""]","[""trumslagare"",""exekutiv producent"",""filmskapare"",""filmregissör"",""manusförfattare"",""regissör"",""musikvideoregissör""]","[""Q386854"",""Q1053574"",""Q1414443"",""Q2526255"",""Q28389"",""Q3455803"",""Q2340668""]"
Q455831,Jonas Jerebko,"[""Jonas Jerebko""]",1,[116382],[25],,,https://sv.wikipedia.org/wiki/Jonas_Jerebko,man,Q6581097,1987-03-02,,"[""Sverige"",""USA""]","[""Q34"",""Q30""]","[""basketspelare""]","[""Q3665646""]"
Q455839,Camilla Henemark,"[""Camilla Henemark""]",1,[415915],[27],,,https://sv.wikipedia.org/wiki/Camilla_Henemark,kvinna,Q6581072,1964-10-23,,"[""Sverige""]","[""Q34""]","[""sångare"",""musiker"",""modell"",""skådespelare""]","[""Q177220"",""Q639669"",""Q4610556"",""Q33999""]"
Q4566209,Ylva Eggehorn,"[""Ylva Eggehorn""]",1,[359450],[55],,,https://sv.wikipedia.org/wiki/Ylva_Eggehorn,kvinna,Q6581072,1950-03-06,,"[""Sverige""]","[""Q34""]","[""författare"",""översättare"",""psalmförfattare""]","[""Q36180"",""Q333634"",""Q13424456""]"
Q4567418,Kristian Luuk,"[""Kristian Luuk""]",2,"[367049,420008]","[43,30]",,,https://sv.wikipedia.org/wiki/Kristian_Luuk,man,Q6581097,1966-06-14,,"[""Sverige""]","[""Q34""]","[""TV-programledare""]","[""Q947873""]"
Q4567447,Per Morberg,"[""Per Morberg""]",1,[69405],[50],,,https://sv.wikipedia.org/wiki/Per_Morberg,man,Q6581097,1960-06-23,,"[""Sverige""]","[""Q34""]","[""nyhetsankare"",""kock"",""TV-programledare"",""filmskådespelare"",""skådespelare""]","[""Q270389"",""Q156839"",""Q947873"",""Q10800557"",""Q33999""]"
Q4568100,David Batra,"[""David Batra""]",2,"[370058,562302]","[35,42]",,,https://sv.wikipedia.org/wiki/David_Batra,man,Q6581097,1972-11-29,,"[""Sverige""]","[""Q34""]","[""skådespelare"",""manusförfattare"",""komiker""]","[""Q33999"",""Q28389"",""Q245068""]"
Q4568363,Barbro Alving,"[""Barbro Alving""]",1,[425089],[62],,,https://sv.wikipedia.org/wiki/Barbro_Alving,kvinna,Q6581072,1909-01-12,1987-01-22,"[""Sverige""]","[""Q34""]","[""författare"",""manusförfattare"",""översättare"",""journalist""]","[""Q36180"",""Q28389"",""Q333634"",""Q1930187""]"
Q4568660,Lennart Jähkel,"[""Lennart Jähkel""]",1,[2578977],[68],,,https://sv.wikipedia.org/wiki/Lennart_J%C3%A4hkel,man,Q6581097,1956-09-27,,"[""Sverige""]","[""Q34""]","[""skådespelare""]","[""Q33999""]"
Q4568915,Ellen Jelinek,"[""Ellen Jelinek""]",1,[234551],[39],,,https://sv.wikipedia.org/wiki/Ellen_Jelinek,kvinna,Q6581072,1973-12-05,,"[""Sverige""]","[""Q34""]","[""skådespelare""]","[""Q33999""]"
Q4568942,Morgan Alling,"[""Morgan Alling""]",2,"[131418,367266]","[44,41]",,,https://sv.wikipedia.org/wiki/Morgan_Alling,man,Q6581097,1968-06-08,,"[""Sverige""]","[""Q34""]","[""skådespelare"",""manusförfattare"",""röstskådespelare"",""filmregissör"",""regissör""]","[""Q33999"",""Q28389"",""Q2405480"",""Q2526255"",""Q3455803""]"
Q4569350,Anders Piltz,"[""Anders Piltz""]",1,[597895],[58],,,https://sv.wikipedia.org/wiki/Anders_Piltz,man,Q6581097,1943-03-07,,"[""Sverige""]","[""Q34""]","[""latinist"",""medeltidshistoriker"",""präst"",""historiker"",""universitetslärare"",""språkvetare""]","[""Q17598791"",""Q3332711"",""Q42603"",""Q201788"",""Q1622272"",""Q14467526""]"
Q456987,Frida Hyvönen,"[""Frida Hyvönen""]",1,[367846],[31],,,https://sv.wikipedia.org/wiki/Frida_Hyv%C3%B6nen,kvinna,Q6581072,1977-12-30,,"[""Sverige""]","[""Q34""]","[""sångare"",""musiker"",""låtskrivare"",""kompositör""]","[""Q177220"",""Q639669"",""Q753110"",""Q36834""]"
Q4569882,Philip Zandén,"[""Philip Zandén""]",1,[911980],[46],,,https://sv.wikipedia.org/wiki/Philip_Zand%C3%A9n,man,Q6581097,1954-07-23,,"[""Sverige""]","[""Q34""]","[""skådespelare"",""manusförfattare"",""filmregissör"",""tv-skådespelare""]","[""Q33999"",""Q28389"",""Q2526255"",""Q10798782""]"
Q457009,Kerstin Thorvall,"[""Kerstin Thorvall""]",1,[382814],[77],,,https://sv.wikipedia.org/wiki/Kerstin_Thorvall,kvinna,Q6581072,1925-08-12,2010-04-09,"[""Sverige""]","[""Q34""]","[""illustratör"",""journalist"",""författare"",""poet""]","[""Q644687"",""Q1930187"",""Q36180"",""Q49757""]"
Q4571722,Måns Gahrton,"[""Måns Gahrton""]",1,[911957],[38],,,https://sv.wikipedia.org/wiki/M%C3%A5ns_Gahrton,man,Q6581097,1961,,"[""Sverige""]","[""Q34""]","[""serietecknare"",""serietecknare"",""barnboksförfattare"",""författare""]","[""Q715301"",""Q1114448"",""Q4853732"",""Q36180""]"
Q457656,Tomas Alfredson,"[""Tomas Alfredson""]",1,[359931],[40],,,https://sv.wikipedia.org/wiki/Tomas_Alfredson,man,Q6581097,1965-04-01,,"[""Sverige""]","[""Q34""]","[""filmregissör"",""regissör"",""filmklippare"",""filmskådespelare"",""skådespelare"",""manusförfattare""]","[""Q2526255"",""Q3455803"",""Q7042855"",""Q10800557"",""Q33999"",""Q28389""]"
Q4578917,Marie-Louise Ekman,"[""Marie-Louise Ekman""]",3,"[370324,1518810,2471279]","[63,75,32]",,,https://sv.wikipedia.org/wiki/Marie-Louise_Ekman,kvinna,Q6581072,1944-11-05,,"[""Sverige""]","[""Q34""]","[""dramaturg"",""målare"",""skulptör"",""filmskapare"",""grafiker"",""filmregissör"",""regissör"",""textilkonstnär"",""teaterintendent"",""skådespelare"",""manusförfattare""]","[""Q487596"",""Q1028181"",""Q1281618"",""Q1414443"",""Q1925963"",""Q2526255"",""Q3455803"",""Q10694573"",""Q39020112"",""Q33999"",""Q28389""]"
Q4579599,Pija Lindenbaum,"[""Pija Lindenbaum""]",1,[126328],[55],,,https://sv.wikipedia.org/wiki/Pija_Lindenbaum,kvinna,Q6581072,1955-04-27,,"[""Sverige""]","[""Q34""]","[""illustratör"",""grafiker"",""barnboksförfattare"",""formgivare"",""författare"",""bilderboksförfattare""]","[""Q644687"",""Q1925963"",""Q4853732"",""Q5322166"",""Q36180"",""Q11606860""]"
Q4580159,Joe Labero,"[""Joe Labero""]",1,[366713],[45],,,https://sv.wikipedia.org/wiki/Joe_Labero,man,Q6581097,1963-07-28,,"[""Sverige""]","[""Q34""]","[""illusionist"",""magiker""]","[""Q1658894"",""Q2488257""]"
Q4580910,Olle Adolphson,"[""Olle Adolphson""]",3,"[421623,1569337,1569359]","[59,51,46]",,,https://sv.wikipedia.org/wiki/Olle_Adolphson,man,Q6581097,1934-05-02,2004-03-10,"[""Sverige""]","[""Q34""]","[""skivartist"",""sångare"",""låtskrivare""]","[""Q55960555"",""Q177220"",""Q753110""]"
Q4580955,Ulla Skoog,"[""Ulla Skoog""]",3,"[420717,557632,592631]","[44,38,64]",,,https://sv.wikipedia.org/wiki/Ulla_Skoog,kvinna,Q6581072,1951-02-23,,"[""Sverige""]","[""Q34""]","[""komiker"",""filmskådespelare"",""revyartist"",""ståuppkomiker"",""skådespelare""]","[""Q245068"",""Q10800557"",""Q10651585"",""Q18545066"",""Q33999""]"
Q458135,Torun Bülow-Hübe,"[""Torun Bülow-Hübe""]",1,[1149935],[71],,,https://sv.wikipedia.org/wiki/Torun_B%C3%BClow-H%C3%BCbe,kvinna,Q6581072,1927-12-04,2004-07-03,"[""Sverige""]","[""Q34""]","[""silversmed"",""smyckesformgivare"",""formgivare""]","[""Q2216340"",""Q2519376"",""Q5322166""]"
Q458259,Frida Östberg,"[""Frida Östberg""]",1,[373926],[26],,,https://sv.wikipedia.org/wiki/Frida_%C3%96stberg,kvinna,Q6581072,1977-12-10,,"[""Sverige""]","[""Q34""]","[""fotbollsspelare""]","[""Q937857""]"
Q4582844,Heidi Andersson,"[""Heidi Andersson""]",1,[116701],[31],,,https://sv.wikipedia.org/wiki/Heidi_Andersson,kvinna,Q6581072,1981-02-27,,"[""Sverige""]","[""Q34""]","[""idrottare""]","[""Q2066131""]"
Q4585272,Beate Grimsrud,"[""Beate Grimsrud""]",2,"[126292,911961]","[48,37]",,,https://sv.wikipedia.org/wiki/Beate_Grimsrud,kvinna,Q6581072,1963-04-28,2020-07-01,"[""Norge""]","[""Q20""]","[""filmregissör"",""romanförfattare"",""boxare"",""novellförfattare"",""författare"",""manusförfattare"",""fotbollsspelare""]","[""Q2526255"",""Q6625963"",""Q11338576"",""Q15949613"",""Q36180"",""Q28389"",""Q937857""]"
Q458531,Marit Bergman,"[""Marit Bergman""]",1,[285997],[30],,,https://sv.wikipedia.org/wiki/Marit_Bergman,kvinna,Q6581072,1975-05-21,,"[""Sverige""]","[""Q34""]","[""kompositör""]","[""Q36834""]"
Q4586988,Ingvar Kjellson,"[""Ingvar Kjellson""]",1,[216119],[90],,,https://sv.wikipedia.org/wiki/Ingvar_Kjellson,man,Q6581097,1923-05-20,2014-12-18,"[""Sverige""]","[""Q34""]","[""skådespelare"",""röstskådespelare"",""filmregissör"",""filmskådespelare"",""tv-skådespelare"",""tv-regissör""]","[""Q33999"",""Q2405480"",""Q2526255"",""Q10800557"",""Q10798782"",""Q2059704""]"
Q458752,Ewa Fröling,"[""Ewa Fröling""]",1,[2815547],[73],,,https://sv.wikipedia.org/wiki/Ewa_Fr%C3%B6ling,kvinna,Q6581072,1952-08-09,,"[""Sverige""]","[""Q34""]","[""röstskådespelare"",""filmskådespelare"",""scenskådespelare"",""skådespelare""]","[""Q2405480"",""Q10800557"",""Q2259451"",""Q33999""]"
Q459726,Gellert Tamas,"[""Gellert Tamas""]",1,[364495],[43],,,https://sv.wikipedia.org/wiki/Gellert_Tamas,man,Q6581097,1963-02-17,,"[""Sverige""]","[""Q34""]","[""filmmanusförfattare"",""journalist"",""filmproducent"",""filmregissör"",""publicist"",""dokumentärmakare"",""författare"",""reporter""]","[""Q69423232"",""Q1930187"",""Q3282637"",""Q2526255"",""Q6051619"",""Q11814411"",""Q36180"",""Q42909""]"
Q460392,Johan Olsson,"[""Johan Olsson""]",1,[741033],[36],,,https://sv.wikipedia.org/wiki/Johan_Olsson_(l%C3%A4ngdskid%C3%A5kare),man,Q6581097,1980-03-19,,"[""Sverige""]","[""Q34""]","[""längdskidåkare""]","[""Q13382608""]"
Q460475,Nick Bostrom,"[""Nick Bostrom""]",1,[1298228],[46],,,https://sv.wikipedia.org/wiki/Nick_Bostrom,man,Q6581097,1973-03-10,,"[""Sverige""]","[""Q34""]","[""universitetslärare"",""filosof""]","[""Q1622272"",""Q4964182""]"
Q460491,Ingrid Luterkort,"[""Ingrid Luterkort""]",1,[358672],[95],,,https://sv.wikipedia.org/wiki/Ingrid_Luterkort,kvinna,Q6581072,1910-06-28,2011-08-03,"[""Sverige""]","[""Q34""]","[""musiker"",""pedagog"",""universitetslärare"",""regissör"",""filmskådespelare"",""scenskådespelare"",""skådespelare""]","[""Q639669"",""Q1231865"",""Q1622272"",""Q3455803"",""Q10800557"",""Q2259451"",""Q33999""]"
Q460554,Ia Langhammer,"[""Ia Langhammer""]",1,[2397772],[61],,,https://sv.wikipedia.org/wiki/Ia_Langhammer,kvinna,Q6581072,1962-08-13,,"[""Sverige""]","[""Q34""]","[""skådespelare"",""sångare"",""röstskådespelare"",""filmskådespelare""]","[""Q33999"",""Q177220"",""Q2405480"",""Q10800557""]"
Q460863,Inger Frimansson,"[""Inger Frimansson""]",1,[373917],[59],,,https://sv.wikipedia.org/wiki/Inger_Frimansson,kvinna,Q6581072,1944-11-14,,"[""Sverige""]","[""Q34""]","[""journalist"",""barnboksförfattare"",""romanförfattare"",""författare""]","[""Q1930187"",""Q4853732"",""Q6625963"",""Q36180""]"
Q462283,Anna Jansson,"[""Anna Jansson""]",1,[359897],[47],,,https://sv.wikipedia.org/wiki/Anna_Jansson,kvinna,Q6581072,1958-02-13,,"[""Sverige""]","[""Q34""]","[""författare""]","[""Q36180""]"
Q462827,Barbro Lindgren,"[""Barbro Lindgren""]",2,"[126261,425085]","[74,37]",,,https://sv.wikipedia.org/wiki/Barbro_Lindgren,kvinna,Q6581072,1937-03-18,,"[""Sverige""]","[""Q34""]","[""författare"",""översättare"",""barnboksförfattare""]","[""Q36180"",""Q333634"",""Q4853732""]"
Q463503,Pernilla Stalfelt,"[""Pernilla Stalfelt""]",1,[362947],[44],,,https://sv.wikipedia.org/wiki/Pernilla_Stalfelt,kvinna,Q6581072,1962-02-22,,"[""Sverige""]","[""Q34""]","[""författare"",""bilderboksförfattare"",""illustratör""]","[""Q36180"",""Q11606860"",""Q644687""]"
Q464204,Sofia Jannok,"[""Sofia Jannok""]",1,[323364],[26],,,https://sv.wikipedia.org/wiki/Sofia_Jannok,kvinna,Q6581072,1982-09-15,,"[""Sverige""]","[""Q34""]","[""skådespelare"",""sångare"",""musiker"",""låtskrivare"",""TV-programledare"",""singer-songwriter""]","[""Q33999"",""Q177220"",""Q639669"",""Q753110"",""Q947873"",""Q488205""]"
Q465912,Märta Tikkanen,"[""Märta Tikkanen""]",1,[116720],[77],,,https://sv.wikipedia.org/wiki/M%C3%A4rta_Tikkanen,kvinna,Q6581072,1935-04-03,,"[""Finland""]","[""Q33""]","[""journalist"",""filosof"",""litteraturvetare"",""författare""]","[""Q1930187"",""Q4964182"",""Q17167049"",""Q36180""]"
Q467073,Sanne Salomonsen,"[""Sanne Salomonsen""]",1,[2181789],[67],,,https://sv.wikipedia.org/wiki/Sanne_Salomonsen,kvinna,Q6581072,1955-12-30,,"[""Konungariket Danmark""]","[""Q756617""]","[""skådespelare"",""sångare"",""musiker"",""låtskrivare"",""röstskådespelare""]","[""Q33999"",""Q177220"",""Q639669"",""Q753110"",""Q2405480""]"
Q467434,Gunilla Bergström,"[""Gunilla Bergström""]",1,[419934],[56],,,https://sv.wikipedia.org/wiki/Gunilla_Bergstr%C3%B6m,kvinna,Q6581072,1942-07-03,2021-08-23,"[""Sverige""]","[""Q34""]","[""författare"",""manusförfattare"",""bilderboksförfattare"",""illustratör"",""journalist"",""barnboksförfattare""]","[""Q36180"",""Q28389"",""Q11606860"",""Q644687"",""Q1930187"",""Q4853732""]"
Q4674518,Trita Parsi,"[""Trita Parsi""]",1,[116711],[37],,,https://sv.wikipedia.org/wiki/Trita_Parsi,man,Q6581097,1974-07-21,,"[""Iran""]","[""Q794""]","[""författare"",""statsvetare""]","[""Q36180"",""Q1238570""]"
Q467948,Jonas Gahr Støre,"[""Jonas Gahr Støre""]",1,[366864],[48],,,https://sv.wikipedia.org/wiki/Jonas_Gahr_St%C3%B8re,man,Q6581097,1960-08-25,,"[""Norge""]","[""Q20""]","[""politiker"",""diplomat""]","[""Q82955"",""Q193391""]"
Q468134,Helen Sjöholm,"[""Helen Sjöholm""]",1,[365091],[36],,,https://sv.wikipedia.org/wiki/Helen_Sj%C3%B6holm,kvinna,Q6581072,1970-07-10,,"[""Sverige""]","[""Q34""]","[""sångare"",""musiker"",""skådespelare"",""skivartist"",""dansbandssångare""]","[""Q177220"",""Q639669"",""Q33999"",""Q55960555"",""Q104224740""]"
Q468499,Tuva Novotny,"[""Tuva Novotny""]",1,[324146],[26],,,https://sv.wikipedia.org/wiki/Tuva_Novotny,kvinna,Q6581072,1979-12-21,,"[""Sverige""]","[""Q34""]","[""skådespelare"",""manusförfattare"",""sångare"",""röstskådespelare"",""filmregissör"",""filmskådespelare""]","[""Q33999"",""Q28389"",""Q177220"",""Q2405480"",""Q2526255"",""Q10800557""]"
Q469869,Helena Bergström,"[""Helena Bergström""]",2,"[126279,2815462]","[47,62]",,,https://sv.wikipedia.org/wiki/Helena_Bergstr%C3%B6m,kvinna,Q6581072,1964-02-05,,"[""Sverige""]","[""Q34""]","[""skådespelare"",""manusförfattare"",""filmregissör"",""regissör"",""filmskådespelare""]","[""Q33999"",""Q28389"",""Q2526255"",""Q3455803"",""Q10800557""]"
Q470630,Peter Eriksson,"[""Peter Eriksson""]",1,[359896],[46],,,https://sv.wikipedia.org/wiki/Peter_Eriksson_(politiker),man,Q6581097,1958-08-03,,"[""Sverige""]","[""Q34""]","[""politiker""]","[""Q82955""]"
Q47087278,Gizem Kling Erdogan,"[""Gizem Kling Erdogan""]",1,[1740721],[34],,,https://sv.wikipedia.org/wiki/Gizem_Erdogan,kvinna,Q6581072,1987-04-30,,"[""Sverige"",""Turkiet""]","[""Q34"",""Q43""]","[""filmskådespelare"",""scenskådespelare"",""skådespelare""]","[""Q10800557"",""Q2259451"",""Q33999""]"
Q4717763,Alex Schulman,"[""Alex Schulman""]",1,[367476],[33],,,https://sv.wikipedia.org/wiki/Alex_Schulman,man,Q6581097,1976-02-17,,"[""Sverige""]","[""Q34""]","[""författare"",""journalist"",""bloggare"",""societetsperson""]","[""Q36180"",""Q1930187"",""Q8246794"",""Q512314""]"
Q4720613,Alexandra Charles,"[""Alexandra Charles""]",1,[373934],[57],,,https://sv.wikipedia.org/wiki/Alexandra_Charles,kvinna,Q6581072,1946-11-12,,"[""Sverige""]","[""Q34""]",[],[]
Q4725739,Alice Bah Kuhnke,"[""Alice Bah"",""Alice Bah Kuhnke""]",2,"[126286,449609]","[39,29]",,,https://sv.wikipedia.org/wiki/Alice_Bah_Kuhnke,kvinna,Q6581072,1971-12-21,,"[""Sverige""]","[""Q34""]","[""politiker"",""journalist"",""idrottare"",""TV-programledare""]","[""Q82955"",""Q1930187"",""Q2066131"",""Q947873""]"
Q472801,Leif Silbersky,"[""Leif Silbersky""]",1,[369367],[70],,,https://sv.wikipedia.org/wiki/Leif_Silbersky,man,Q6581097,1938-03-08,2024-12-20,"[""Sverige""]","[""Q34""]","[""jurist"",""försvarsadvokat"",""diktarjurist"",""advokat"",""författare""]","[""Q185351"",""Q512345"",""Q1209498"",""Q17048963"",""Q36180""]"
Q4753727,Anders Berglund,"[""Anders Berglund""]",1,[1077292],[70],,,https://sv.wikipedia.org/wiki/Anders_Berglund,man,Q6581097,1948-07-21,,"[""Sverige""]","[""Q34""]","[""kompositör"",""dirigent"",""pianist""]","[""Q36834"",""Q158852"",""Q486748""]"
Q4753826,Anders Jansson,"[""Anders Jansson""]",2,"[359922,383508]","[37,43]",,,https://sv.wikipedia.org/wiki/Anders_Jansson_(komiker),man,Q6581097,1967-10-09,,"[""Sverige""]","[""Q34""]","[""komiker"",""filmskådespelare"",""programledare"",""tv-skådespelare"",""tv-regissör"",""skådespelare"",""manusförfattare"",""filmmanusförfattare""]","[""Q245068"",""Q10800557"",""Q13590141"",""Q10798782"",""Q2059704"",""Q33999"",""Q28389"",""Q69423232""]"
Q4753889,Anders Olsson,"[""Anders Olsson""]",1,[116376],[46],,,https://sv.wikipedia.org/wiki/Anders_Olsson_(simmare),man,Q6581097,1965-09-15,,"[""Sverige""]","[""Q34""]","[""simmare""]","[""Q10843402""]"
Q4753937,Anders Thornberg,"[""Anders Thornberg""]",1,[1077287],[58],,,https://sv.wikipedia.org/wiki/Anders_Thornberg,man,Q6581097,1959-07-25,,"[""Sverige""]","[""Q34""]","[""ämbetsman""]","[""Q212238""]"
Q4755577,Andreas Norlén,"[""Andreas Norlén""]",1,[2578958],[52],,,https://sv.wikipedia.org/wiki/Andreas_Norl%C3%A9n,man,Q6581097,1973-05-06,,"[""Sverige""]","[""Q34""]","[""politiker"",""jurist"",""universitetslärare""]","[""Q82955"",""Q185351"",""Q1622272""]"
Q4766863,Anna Blomberg,"[""Anna Blomberg""]",1,[216116],[41],,,https://sv.wikipedia.org/wiki/Anna_Blomberg,kvinna,Q6581072,1972-05-20,,"[""Sverige""]","[""Q34""]","[""komiker"",""skådespelare""]","[""Q245068"",""Q33999""]"
Q4767161,Anna Kinberg Batra,"[""Anna Kinberg Batra""]",1,[1735064],[51],,,https://sv.wikipedia.org/wiki/Anna_Kinberg_Batra,kvinna,Q6581072,1970-04-14,,"[""Sverige""]","[""Q34""]","[""politiker"",""nationalekonom""]","[""Q82955"",""Q188094""]"
Q4767277,Anna Mannheimer,"[""Anna Mannheimer""]",1,[562876],[51],,,https://sv.wikipedia.org/wiki/Anna_Mannheimer,kvinna,Q6581072,1963-07-05,,"[""Sverige""]","[""Q34""]","[""komiker"",""journalist"",""TV-programledare""]","[""Q245068"",""Q1930187"",""Q947873""]"
Q4769491,Annika Andersson,"[""Annika Andersson""]",1,[216110],[45],,,https://sv.wikipedia.org/wiki/Annika_Andersson,kvinna,Q6581072,1968-05-08,,"[""Sverige""]","[""Q34""]","[""komiker""]","[""Q245068""]"
Q4794620,Arne Ljungqvist,"[""Arne Ljungqvist""]",1,[1077280],[87],,,https://sv.wikipedia.org/wiki/Arne_Ljungqvist,man,Q6581097,1931-04-23,,"[""Sverige""]","[""Q34""]","[""patolog"",""friidrottare""]","[""Q3368718"",""Q11513337""]"
Q4795114,Jessica Meir,"[""Jessica Meir""]",1,[1740725],[44],,,https://sv.wikipedia.org/wiki/Jessica_Meir,kvinna,Q6581072,1977-07-01,,"[""Sverige"",""USA""]","[""Q34"",""Q30""]","[""rymdfarare"",""universitetslärare"",""pilot"",""marinbiolog"",""upptäcktsresande""]","[""Q11631"",""Q1622272"",""Q2095549"",""Q3640160"",""Q11900058""]"
Q482903,Ana L. Valdés,"[""Ana L. Valdés""]",1,[911950],[46],,,https://sv.wikipedia.org/wiki/Ana_Luisa_Vald%C3%A9s,kvinna,Q6581072,1953-08-08,,"[""Sverige"",""Uruguay""]","[""Q34"",""Q77""]","[""översättare"",""journalist"",""antropolog"",""författare""]","[""Q333634"",""Q1930187"",""Q4773904"",""Q36180""]"
Q4837588,Babben Larsson,"[""Babben Larsson""]",4,"[126262,356084,2180774,2220216]","[54,48,66,35]",,,https://sv.wikipedia.org/wiki/Babben_Larsson,kvinna,Q6581072,1956-10-29,,"[""Sverige""]","[""Q34""]","[""skådespelare"",""filmregissör""]","[""Q33999"",""Q2526255""]"
Q4845203,Maryam Moghaddam,"[""Maryam Moghaddam""]",1,[2578979],[55],,,https://sv.wikipedia.org/wiki/Maryam_Moghaddam,kvinna,Q6581072,1970-02-16,,"[""Iran""]","[""Q794""]","[""filmregissör"",""skådespelare"",""manusförfattare""]","[""Q2526255"",""Q33999"",""Q28389""]"
Q4849406,Bakhtiar Amin,"[""Bakhtiar Amin""]",1,[358368],[null],,,https://en.wikipedia.org/wiki/Bakhtiar_Amin,man,Q6581097,,,"[""Irak""]","[""Q796""]","[""politiker""]","[""Q82955""]"
Q48531448,Ann Henning,"[""Ann Henning""]",1,[370190],[59],,,https://sv.wikipedia.org/wiki/Ann_Henning_Jocelyn,kvinna,Q6581072,1948,,"[""Irland"",""Sverige""]","[""Q27"",""Q34""]","[""manusförfattare"",""översättare"",""dramatiker"",""aristokrat""]","[""Q28389"",""Q333634"",""Q214917"",""Q2478141""]"
Q4859754,Barbro Osher,"[""Barbro Osher""]",1,[56860],[71],,,https://sv.wikipedia.org/wiki/Barbro_Osher,kvinna,Q6581072,1940-05-21,,"[""Sverige""]","[""Q34""]","[""politiker"",""diplomat""]","[""Q82955"",""Q193391""]"
Q48775464,Marcus Gunnarsen,"[""Marcus Gunnarsen""]",1,[2397824],[22],,,https://en.wikipedia.org/wiki/Marcus_Gunnarsen,man,Q6581097,2002-02-21,,"[""Norge""]","[""Q20""]","[""sångare"",""musiker"",""fotbollsspelare"",""låtskrivare""]","[""Q177220"",""Q639669"",""Q937857"",""Q753110""]"
Q4887789,Bengt Feldreich,"[""Bengt Feldreich""]",2,"[373941,425193]","[78,42]",,,https://sv.wikipedia.org/wiki/Bengt_Feldreich,man,Q6581097,1925-09-12,2019-10-21,"[""Sverige""]","[""Q34""]","[""berättarröst"",""journalist"",""TV-programledare""]","[""Q1146822"",""Q1930187"",""Q947873""]"
Q4887802,Bengt Gustafsson,"[""Bengt Gustafsson""]",1,[613169],[57],,,https://sv.wikipedia.org/wiki/Bengt_Gustafsson_(astronom),man,Q6581097,1943,,"[""Sverige""]","[""Q34""]","[""astronom""]","[""Q11063""]"
Q48889254,Lars Schmidt,"[""Lars Schmidt""]",1,[389698],[85],,,https://sv.wikipedia.org/wiki/Lars_Schmidt,man,Q6581097,1917-06-11,2009-10-18,"[""Sverige""]","[""Q34""]","[""filmproducent""]","[""Q3282637""]"
Q4889354,Benjamin Ingrosso,"[""Benjamin Ingrosso""]",1,[1732987],[23],,,https://sv.wikipedia.org/wiki/Benjamin_Ingrosso,man,Q6581097,1997-09-14,,"[""Sverige""]","[""Q34""]","[""skivartist"",""sångare"",""låtskrivare"",""skådespelare""]","[""Q55960555"",""Q177220"",""Q753110"",""Q33999""]"
Q490738,Anders Bagge,"[""Anders Bagge""]",1,[2181636],[55],,,https://sv.wikipedia.org/wiki/Anders_Bagge,man,Q6581097,1968-01-12,,"[""Sverige""]","[""Q34""]","[""sångare"",""musikproducent"",""musiker"",""låtskrivare"",""kompositör""]","[""Q177220"",""Q183945"",""Q639669"",""Q753110"",""Q36834""]"
Q491177,Anders Lundin,"[""Anders Lundin""]",2,"[367674,420010]","[50,36]",,,https://sv.wikipedia.org/wiki/Anders_Lundin,man,Q6581097,1958-09-08,,"[""Sverige""]","[""Q34""]","[""skådespelare"",""TV-programledare""]","[""Q33999"",""Q947873""]"
Q4916301,Birgitta Svendén,"[""Birgitta Svendén""]",1,[116676],[60],,,https://sv.wikipedia.org/wiki/Birgitta_Svend%C3%A9n,kvinna,Q6581072,1952-03-20,,"[""Sverige""]","[""Q34""]","[""sångare"",""musiker"",""operasångare"",""intendent""]","[""Q177220"",""Q639669"",""Q2865819"",""Q6491450""]"
Q4919786,Björn ”Nalle” Wahlroos,"[""Björn ”Nalle” Wahlroos""]",1,[415502],[61],,,https://sv.wikipedia.org/wiki/Bj%C3%B6rn_Wahlroos,man,Q6581097,1952-10-10,,"[""Finland""]","[""Q33""]","[""professor"",""ordförande"",""nationalekonom"",""företagsledare"",""bankman""]","[""Q121594"",""Q140686"",""Q188094"",""Q2961975"",""Q806798""]"
Q4933723,Amelia Adamo,"[""Amelia Adamo""]",3,"[369187,421647,1731527]","[61,39,74]",,,https://sv.wikipedia.org/wiki/Amelia_Adamo,kvinna,Q6581072,1947-02-24,,"[""Sverige""]","[""Q34""]","[""chefredaktör"",""journalist""]","[""Q589298"",""Q1930187""]"
Q4933769,Emma AdBåge,"[""Emma AdBåge""]",1,[1518791],[37],,,https://sv.wikipedia.org/wiki/Emma_Adb%C3%A5ge,kvinna,Q6581072,1982-12-07,,"[""Sverige""]","[""Q34""]","[""illustratör"",""serietecknare"",""författare"",""bilderboksförfattare""]","[""Q644687"",""Q1114448"",""Q36180"",""Q11606860""]"
Q4933853,Karin Adelsköld,"[""Karin Adelsköld""]",1,[234550],[40],,,https://sv.wikipedia.org/wiki/Karin_Adelsk%C3%B6ld,kvinna,Q6581072,1973-07-13,,"[""Sverige""]","[""Q34""]","[""TV-programledare"",""radioprogramledare""]","[""Q947873"",""Q2722764""]"
Q4934449,Monika Ahlberg,"[""Monika Ahlberg""]",2,"[387515,400278]","[48,53]",,,https://sv.wikipedia.org/wiki/Monika_Ahlberg,kvinna,Q6581072,1961-03-25,,"[""Sverige""]","[""Q34""]","[""skådespelare""]","[""Q33999""]"
Q4934519,Tina Ahlin,"[""Tina Ahlin""]",2,"[358466,651333]","[37,33]",,,https://sv.wikipedia.org/wiki/Tina_Ahlin,kvinna,Q6581072,1967-07-06,,"[""Sverige""]","[""Q34""]","[""sångare"",""pianist""]","[""Q177220"",""Q486748""]"
Q4934568,Gabriella Ahlström,"[""Gabriella Ahlström""]",1,[373910],[40],,,https://sv.wikipedia.org/wiki/Gabriella_Ahlstr%C3%B6m,kvinna,Q6581072,1963-10-23,,"[""Sverige""]","[""Q34""]","[""journalist"",""författare""]","[""Q1930187"",""Q36180""]"
Q4934575,Evin Ahmad,"[""Evin Ahmad""]",1,[921586],[27],,,https://sv.wikipedia.org/wiki/Evin_Ahmad,kvinna,Q6581072,1990-06-08,,"[""Sverige""]","[""Q34""]","[""författare"",""filmskådespelare"",""scenskådespelare"",""författare"",""skådespelare""]","[""Q482980"",""Q10800557"",""Q2259451"",""Q36180"",""Q33999""]"
Q4934698,Maria Akraka,"[""Maria Akraka""]",1,[126327],[44],,,https://sv.wikipedia.org/wiki/Maria_Akraka,kvinna,Q6581072,1966-07-07,,"[""Sverige""]","[""Q34""]","[""entreprenör"",""medeldistanslöpare""]","[""Q131524"",""Q13381753""]"
Q4934990,Malin Alfvén,"[""Malin Alfvén""]",1,[362074],[58],,,https://sv.wikipedia.org/wiki/Malin_Alfv%C3%A9n,kvinna,Q6581072,1947,2019-12-11,"[""Sverige""]","[""Q34""]","[""psykolog"",""författare""]","[""Q212980"",""Q36180""]"
Q4935836,Karin Mamma Andersson,"[""Karin Mamma Andersson""]",1,[369520],[46],,,https://sv.wikipedia.org/wiki/Karin_Mamma_Andersson,kvinna,Q6581072,1962-02-28,,"[""Sverige""]","[""Q34""]","[""tecknare"",""målare""]","[""Q15296811"",""Q1028181""]"
Q4935849,Lena Andersson,"[""Lena Andersson""]",5,"[134901,327259,368978,389173,672680]","[41,35,38,32,30]",,,https://sv.wikipedia.org/wiki/Lena_Andersson_(f%C3%B6rfattare),kvinna,Q6581072,1970-04-18,,"[""Sverige""]","[""Q34""]","[""författare"",""journalist"",""litteraturkritiker""]","[""Q36180"",""Q1930187"",""Q4263842""]"
Q4936367,Farnaz Arbabi,"[""Farnaz Arbabi""]",1,[373945],[26],,,https://sv.wikipedia.org/wiki/Farnaz_Arbabi,kvinna,Q6581072,1977-11-08,,"[""Sverige""]","[""Q34""]","[""dramatiker"",""regissör""]","[""Q214917"",""Q3455803""]"
Q4936827,Astrid Assefa,"[""Astrid Assefa""]",1,[359908],[52],,,https://sv.wikipedia.org/wiki/Astrid_Assefa,kvinna,Q6581072,1953-02-07,,"[""Sverige"",""Etiopien""]","[""Q34"",""Q115""]","[""teaterregissör"",""sångare"",""regissör"",""skådespelare""]","[""Q3387717"",""Q177220"",""Q3455803"",""Q33999""]"
Q4937051,Viveca Ax:son Johnson,"[""Viveca Ax:son Johnson""]",1,[389734],[38],,,https://sv.wikipedia.org/wiki/Viveca_Ax:son_Johnson,kvinna,Q6581072,1963-07-18,,"[""Sverige""]","[""Q34""]","[""affärsidkare""]","[""Q43845""]"
Q493733,Lars Berghagen,"[""Lars Berghagen""]",3,"[373923,423196,1436554]","[59,36,35]",,,https://sv.wikipedia.org/wiki/Lasse_Berghagen,man,Q6581097,1945-05-13,2023-10-19,"[""Sverige""]","[""Q34""]","[""författare"",""skådespelare"",""kompositör"",""skivartist"",""sångare"",""låtskrivare"",""TV-programledare""]","[""Q36180"",""Q33999"",""Q36834"",""Q55960555"",""Q177220"",""Q753110"",""Q947873""]"
Q4937449,Channa Bankier,"[""Channa Bankier""]",1,[423490],[33],,,https://sv.wikipedia.org/wiki/Channa_Bankier,kvinna,Q6581072,1947-01-17,,"[""Sverige""]","[""Q34""]","[""målare"",""grafiker"",""tecknare""]","[""Q1028181"",""Q1925963"",""Q15296811""]"
Q4937914,Ann-Marie Begler,"[""Ann-Marie Begler""]",1,[927250],[63],,,https://sv.wikipedia.org/wiki/Ann-Marie_Begler,kvinna,Q6581072,1954-04-21,,"[""Sverige""]","[""Q34""]",[],[]
Q4937967,Rahel Belatchew,"[""Rahel Belatchew""]",1,[1736279],[52],,,https://sv.wikipedia.org/wiki/Rahel_Belatchew,kvinna,Q6581072,1969-01-13,,"[""Sverige""]","[""Q34""]","[""arkitekt""]","[""Q42973""]"
Q4938184,Sissela Benn,"[""Sissela Benn""]",1,[369529],[28],,,https://sv.wikipedia.org/wiki/Sissela_Benn,kvinna,Q6581072,1980-05-14,,"[""Sverige""]","[""Q34""]","[""komiker"",""filmregissör"",""skådespelare"",""manusförfattare""]","[""Q245068"",""Q2526255"",""Q33999"",""Q28389""]"
Q4938478,Malin Berghagen,"[""Malin Berghagen""]",1,[363633],[40],,,https://sv.wikipedia.org/wiki/Malin_Berghagen,kvinna,Q6581072,1966-05-11,,"[""Sverige""]","[""Q34""]","[""författare"",""röstskådespelare"",""yogainstruktör"",""TV-programledare"",""skådespelare""]","[""Q482980"",""Q2405480"",""Q2600526"",""Q947873"",""Q33999""]"
Q4938714,Maj Briht Bergström-Walan,"[""Maj Briht Bergström-Walan""]",1,[369154],[83],,,https://sv.wikipedia.org/wiki/Maj-Briht_Bergstr%C3%B6m-Walan,kvinna,Q6581072,1924-11-17,2014-08-25,"[""Sverige""]","[""Q34""]","[""barnmorska"",""psykolog"",""sexolog""]","[""Q185196"",""Q212980"",""Q2920595""]"
Q4939033,Elsa Billgren,"[""Elsa Billgren""]",1,[116691],[26],,,https://sv.wikipedia.org/wiki/Elsa_Billgren,kvinna,Q6581072,1986-02-01,,"[""Sverige""]","[""Q34""]","[""TV-programledare"",""bloggare"",""radioprogramledare""]","[""Q947873"",""Q8246794"",""Q2722764""]"
Q4939042,Mischa Billing,"[""Mischa Billing""]",2,"[1952958,2510009]","[56,58]",,,https://sv.wikipedia.org/wiki/Mischa_Billing,kvinna,Q6581072,1966-01-30,,"[""Sverige""]","[""Q34""]","[""sommelier"",""lektor""]","[""Q191493"",""Q1553123""]"
Q4939203,Erika Bjerström,"[""Erika Bjerström""]",2,"[366710,2815478]","[47,64]",,,https://sv.wikipedia.org/wiki/Erika_Bjerstr%C3%B6m,kvinna,Q6581072,1962-06-30,,"[""Sverige""]","[""Q34""]","[""Utrikeskorrespondent"",""författare"",""redaktionschef"",""journalist"",""TV-programledare""]","[""Q18190897"",""Q36180"",""Q1068933"",""Q1930187"",""Q947873""]"
Q4939273,Nina Björk,"[""Nina Björk""]",1,[419223],[34],,,https://sv.wikipedia.org/wiki/Nina_Bj%C3%B6rk,kvinna,Q6581072,1967-05-18,,"[""Sverige""]","[""Q34""]","[""anti-transgender activist"",""författare"",""journalist"",""litteraturvetare"",""författare""]","[""Q111597957"",""Q482980"",""Q1930187"",""Q17167049"",""Q36180""]"
Q4939576,Frida Blom,"[""Frida Blom""]",1,[373936],[27],,,https://sv.wikipedia.org/wiki/Frida_Blom,kvinna,Q6581072,1976-12-25,,"[""Sverige""]","[""Q34""]","[""statsvetare""]","[""Q1238570""]"
Q4939858,Karin Bojs,"[""Karin Bojs""]",1,[768837],[57],,,https://sv.wikipedia.org/wiki/Karin_Bojs,kvinna,Q6581072,1959-03-04,,"[""Sverige""]","[""Q34""]","[""redaktör"",""journalist"",""författare""]","[""Q876864"",""Q1930187"",""Q36180""]"
Q4939952,Cay Bond,"[""Cay Bond""]",1,[382818],[60],,,https://sv.wikipedia.org/wiki/Cay_Bond,kvinna,Q6581072,1943-01-26,,"[""Sverige""]","[""Q34""]","[""journalist"",""författare""]","[""Q1930187"",""Q36180""]"
Q4940087,Annika Borg,"[""Annika Borg""]",1,[390126],[37],,,https://sv.wikipedia.org/wiki/Annika_Borg,kvinna,Q6581072,1965-03-29,,"[""Sverige""]","[""Q34""]","[""präst""]","[""Q42603""]"
Q4940135,Victoria Borisova-Ollas,"[""Victoria Borisova-Ollas""]",1,[1077304],[48],,,https://sv.wikipedia.org/wiki/Victoria_Borisova-Ollas,kvinna,Q6581072,1969,,"[""Sverige""]","[""Q34""]","[""kompositör""]","[""Q36834""]"
Q4940150,Gullan Bornemark,"[""Gullan Bornemark""]",1,[927247],[89],,,https://sv.wikipedia.org/wiki/Gullan_Bornemark,kvinna,Q6581072,1927-11-28,,"[""Sverige""]","[""Q34""]","[""sångare"",""låtskrivare"",""kompositör""]","[""Q177220"",""Q753110"",""Q36834""]"
Q4940167,Monica Borrfors,"[""Monica Borrfors""]",1,[1585352],[34],,,https://sv.wikipedia.org/wiki/Monica_Borrfors,kvinna,Q6581072,1954-05-14,,"[""Sverige""]","[""Q34""]","[""sångare""]","[""Q177220""]"
Q4940398,Catti Brandelius,"[""Catti Brandelius""]",1,[597026],[30],,,https://sv.wikipedia.org/wiki/Catti_Brandelius,kvinna,Q6581072,1971-05-01,,"[""Sverige""]","[""Q34""]","[""konstnär"",""filmregissör"",""musikartist"",""manusförfattare""]","[""Q483501"",""Q2526255"",""Q1294626"",""Q28389""]"
Q4940479,Lisen Bratt Fredricson,"[""Lisen Bratt Fredricson""]",1,[1733198],[45],,,https://sv.wikipedia.org/wiki/Lisen_Bratt_Fredricson,kvinna,Q6581072,1976-01-23,,"[""Sverige""]","[""Q34""]","[""ryttare""]","[""Q2730732""]"
Q4940777,Malin Broman,"[""Malin Broman""]",1,[1733202],[46],,,https://sv.wikipedia.org/wiki/Malin_Broman,kvinna,Q6581072,1975-05-24,,"[""Sverige""]","[""Q34""]","[""violinist""]","[""Q1259917""]"
Q4940780,Dorotea Bromberg,"[""Dorotea Bromberg""]",1,[373913],[51],,,https://sv.wikipedia.org/wiki/Dorotea_Bromberg,kvinna,Q6581072,1952-12-07,,"[""Sverige""]","[""Q34""]","[""förläggare"",""affärsidkare""]","[""Q2516866"",""Q43845""]"
Q4940825,Karin Broos,"[""Karin Broos""]",1,[126293],[61],,,https://sv.wikipedia.org/wiki/Karin_Broos,kvinna,Q6581072,1950-07-03,,"[""Sverige""]","[""Q34""]","[""målare"",""tecknare""]","[""Q1028181"",""Q15296811""]"
Q4940944,Anna-Lena Brundin,"[""Anna-Lena Brundin""]",1,[421621],[34],,,https://sv.wikipedia.org/wiki/Anna-Lena_Bergelin,kvinna,Q6581072,1959-04-12,,"[""Sverige""]","[""Q34""]","[""författare"",""skådespelare"",""sångare"",""komiker""]","[""Q36180"",""Q33999"",""Q177220"",""Q245068""]"
Q4941321,Nina Burton,"[""Nina Burton""]",1,[1734354],[74],,,https://sv.wikipedia.org/wiki/Nina_Burton,kvinna,Q6581072,1946-10-05,,"[""Sverige""]","[""Q34""]","[""författare"",""poet""]","[""Q36180"",""Q49757""]"
Q4941838,Ingrid Carlberg,"[""Ingrid Carlberg""]",1,[1732970],[59],,,https://sv.wikipedia.org/wiki/Ingrid_Carlberg,kvinna,Q6581072,1961-11-30,,"[""Sverige""]","[""Q34""]","[""författare"",""universitetslärare"",""journalist""]","[""Q36180"",""Q1622272"",""Q1930187""]"
Q4941876,Gunhild Carling,"[""Gunhild Carling""]",1,[415541],[39],,,https://sv.wikipedia.org/wiki/Gunhild_Carling,kvinna,Q6581072,1975-05-07,,"[""Sverige""]","[""Q34""]","[""sångare"",""trombonist"",""musiker""]","[""Q177220"",""Q544972"",""Q639669""]"
Q4941976,Marika Carlsson,"[""Marika Carlsson""]",2,"[116684,2064411]","[39,49]",,,https://sv.wikipedia.org/wiki/Marika_Carlsson,kvinna,Q6581072,1973-03-19,,"[""Sverige""]","[""Q34""]","[""komiker"",""radioprogramledare""]","[""Q245068"",""Q2722764""]"
Q4942079,Anna Carrfors Bråkenhielm,"[""Anna Carrfors Bråkenhielm""]",1,[126317],[43],,,https://sv.wikipedia.org/wiki/Anna_Br%C3%A5kenhielm,kvinna,Q6581072,1966-07-10,,"[""Sverige""]","[""Q34""]","[""TV-producent"",""affärsidkare""]","[""Q578109"",""Q43845""]"
Q4942350,Malin Cederbladh,"[""Malin Cederbladh""]",1,[921583],[51],,,https://sv.wikipedia.org/wiki/Malin_Cederbladh,kvinna,Q6581072,1966-01-29,,"[""Sverige""]","[""Q34""]","[""röstskådespelare"",""skådespelare""]","[""Q2405480"",""Q33999""]"
Q4942392,Charlotta Cederlöf,"[""Charlotta Cederlöf""]",1,[541321],[32],,,https://sv.wikipedia.org/wiki/Charlotta_Cederl%C3%B6f,kvinna,Q6581072,1965,2015-03-15,"[""Sverige""]","[""Q34""]","[""författare""]","[""Q36180""]"
Q4942506,Andrea Chalupa,"[""Andrea Chalupa""]",1,[373922],[null],,,https://sv.wikipedia.org/wiki/Andrea_Chalupa,kvinna,Q6581072,,,"[""Sverige""]","[""Q34""]","[""journalist""]","[""Q1930187""]"
Q4942900,Rakel Chukri,"[""Rakel Chukri""]",1,[116692],[34],,,https://sv.wikipedia.org/wiki/Rakel_Chukri,kvinna,Q6581072,1978-03-20,,"[""Sverige""]","[""Q34""]","[""författare"",""journalist""]","[""Q36180"",""Q1930187""]"
Q4942950,Sliva Cigerxwin,"[""Sliva Cigerxwin""]",1,[371636],[null],,,https://sv.wikipedia.org/wiki/Sliva_Cigerxwin,kvinna,Q6581072,,,"[""Sverige""]","[""Q34""]","[""journalist""]","[""Q1930187""]"
Q4943630,Terese Cristiansson,"[""Terese Cristiansson""]",2,"[562671,652675]","[40,40]",,,https://sv.wikipedia.org/wiki/Terese_Cristiansson,kvinna,Q6581072,1974,,"[""Sverige""]","[""Q34""]","[""författare"",""journalist""]","[""Q36180"",""Q1930187""]"
Q4943960,Barbro Dahlbom-Hall,"[""Barbro Dahlbom-Hall""]",1,[370591],[65],,,https://sv.wikipedia.org/wiki/Barbro_Dahlbom-Hall,kvinna,Q6581072,1941-07-19,,"[""Sverige""]","[""Q34""]","[""författare""]","[""Q36180""]"
Q4944209,Sara Danius,"[""Sara Danius""]",3,"[223998,476892,1077323]","[51,52,56]",,,https://sv.wikipedia.org/wiki/Sara_Danius,kvinna,Q6581072,1962-04-05,2019-10-12,"[""Sverige""]","[""Q34""]","[""litteraturkritiker"",""filosof"",""litteraturvetare"",""universitetslärare""]","[""Q4263842"",""Q4964182"",""Q17167049"",""Q1622272""]"
Q4944538,Kjerstin Dellert,"[""Kjerstin Dellert""]",1,[126271],[85],,,https://sv.wikipedia.org/wiki/Kjerstin_Dellert,kvinna,Q6581072,1925-11-04,2018-03-05,"[""Sverige""]","[""Q34""]","[""teaterchef"",""röstskådespelare"",""operasångare""]","[""Q1776724"",""Q2405480"",""Q2865819""]"
Q4945358,Yukiko Duke,"[""Yukiko Duke""]",1,[126260],[44],,,https://sv.wikipedia.org/wiki/Yukiko_Duke,kvinna,Q6581072,1966,,"[""Sverige""]","[""Q34""]","[""översättare"",""författare"",""journalist"",""TV-programledare"",""litteraturkritiker""]","[""Q333634"",""Q482980"",""Q1930187"",""Q947873"",""Q4263842""]"
Q4945670,Cecilia Edefalk,"[""Cecilia Edefalk""]",1,[223951],[58],,,https://sv.wikipedia.org/wiki/Cecilia_Edefalk,kvinna,Q6581072,1954-08-28,,"[""Sverige""]","[""Q34""]","[""målare"",""fotograf""]","[""Q1028181"",""Q33231""]"
Q4945777,Britt Edwall,"[""Britt Edwall""]",1,[421622],[58],,,https://sv.wikipedia.org/wiki/Britt_Edwall,kvinna,Q6581072,1935-02-16,2025-07-09,"[""Sverige""]","[""Q34""]","[""författare"",""teaterregissör""]","[""Q36180"",""Q3387717""]"
Q4945830,Birgitta Egerbladh,"[""Birgitta Egerbladh""]",1,[381883],[47],,,https://sv.wikipedia.org/wiki/Birgitta_Egerbladh,kvinna,Q6581072,1956-01-13,,"[""Sverige""]","[""Q34""]","[""kompositör"",""koreograf""]","[""Q36834"",""Q2490358""]"
Q4945945,Elise Einarsdotter,"[""Elise Einarsdotter""]",1,[375338],[49],,,https://sv.wikipedia.org/wiki/Elise_Einarsdotter,kvinna,Q6581072,1955-07-11,,"[""Sverige""]","[""Q34""]","[""pianist""]","[""Q486748""]"
Q4946009,Elin Ek,"[""Elin Ek""]",1,[373931],[27],,,https://sv.wikipedia.org/wiki/Elin_Ek_(programledare),kvinna,Q6581072,1976-12-28,,"[""Sverige""]","[""Q34""]","[""skådespelare"",""TV-programledare""]","[""Q33999"",""Q947873""]"
Q4946048,Lina Ekdahl,"[""Lina Ekdahl""]",1,[601901],[37],,,https://sv.wikipedia.org/wiki/Lina_Ekdahl,kvinna,Q6581072,1964-03-20,,"[""Sverige""]","[""Q34""]","[""författare"",""poet""]","[""Q36180"",""Q49757""]"
Q4946105,Anne-Marie Eklund Löwinder,"[""Anne-Marie Eklund Löwinder""]",1,[1952981],[64],,,https://sv.wikipedia.org/wiki/Anne-Marie_Eklund_L%C3%B6winder,kvinna,Q6581072,1957-09-26,,"[""Sverige""]","[""Q34""]","[""datavetare""]","[""Q82594""]"
Q4946168,Agneta Ekmanner,"[""Agneta Ekmanner""]",1,[363529],[67],,,https://sv.wikipedia.org/wiki/Agneta_Ekmanner,kvinna,Q6581072,1938-12-04,,"[""Sverige""]","[""Q34""]","[""skådespelare"",""modell""]","[""Q33999"",""Q4610556""]"
Q4946251,Nour El-Refai,"[""Nour El-Refai""]",1,[366865],[21],,,https://sv.wikipedia.org/wiki/Nour_El_Refai,kvinna,Q6581072,1987-11-14,,"[""Sverige""]","[""Q34""]","[""programledare"",""filmmanusförfattare"",""komiker"",""röstskådespelare"",""filmskådespelare"",""tv-skådespelare"",""skådespelare""]","[""Q94498772"",""Q69423232"",""Q245068"",""Q2405480"",""Q10800557"",""Q10798782"",""Q33999""]"
Q4946256,Ingrid Elam,"[""Ingrid Elam""]",1,[911947],[48],,,https://sv.wikipedia.org/wiki/Ingrid_Elam,kvinna,Q6581072,1951-12-03,,"[""Sverige""]","[""Q34""]","[""litteraturkritiker"",""litteraturvetare"",""journalist""]","[""Q4263842"",""Q17167049"",""Q1930187""]"
Q4946262,Anna-Karin Elde,"[""Anna-Karin Elde""]",1,[911974],[36],,,https://sv.wikipedia.org/wiki/Anna-Karin_Elde,kvinna,Q6581072,1963-10-05,,"[""Sverige""]","[""Q34""]","[""författare""]","[""Q36180""]"
Q4946494,Kajsa Ellegård,"[""Kajsa Ellegård""]",1,[911963],[48],,,https://sv.wikipedia.org/wiki/Kajsa_Elleg%C3%A5rd,kvinna,Q6581072,1951,,"[""Sverige""]","[""Q34""]","[""geograf"",""universitetslärare""]","[""Q901402"",""Q1622272""]"
Q4946598,Cissi Elwin,"[""Cissi Elwin""]",1,[382827],[38],,,https://sv.wikipedia.org/wiki/Cissi_Elwin,kvinna,Q6581072,1965-06-01,,"[""Sverige""]","[""Q34""]","[""journalist"",""TV-programledare""]","[""Q1930187"",""Q947873""]"
Q4946945,Sara-Vide Ericson,"[""Sara-Vide Ericson""]",1,[2815548],[42],,,https://sv.wikipedia.org/wiki/Sara-Vide_Ericson,kvinna,Q6581072,1983,,"[""Sverige""]","[""Q34""]","[""konstnär""]","[""Q483501""]"
Q4947067,Sussie Eriksson,"[""Sussie Eriksson""]",1,[2180720],[60],,,https://sv.wikipedia.org/wiki/Sussie_Eriksson,kvinna,Q6581072,1963-01-02,,"[""Sverige""]","[""Q34""]","[""skådespelare"",""sångare"",""röstskådespelare""]","[""Q33999"",""Q177220"",""Q2405480""]"
Q4947462,Sofi Fahrman,"[""Sofi Fahrman""]",1,[387517],[30],,,https://sv.wikipedia.org/wiki/Sofi_Fahrman,kvinna,Q6581072,1979-07-20,,"[""Sverige""]","[""Q34""]","[""journalist"",""TV-programledare""]","[""Q1930187"",""Q947873""]"
Q4948186,Fiona FitzPatrick,"[""Fiona FitzPatrick""]",1,[1077313],[32],,,https://sv.wikipedia.org/wiki/Fiona_FitzPatrick,kvinna,Q6581072,1986-01-14,,"[""Sverige""]","[""Q34""]","[""musikproducent"",""diskjockey""]","[""Q183945"",""Q130857""]"
Q4948570,Cecilia Forss,"[""Cecilia Forss""]",1,[126254],[26],,,https://sv.wikipedia.org/wiki/Cecilia_von_der_Esch,kvinna,Q6581072,1985-06-12,,"[""Sverige""]","[""Q34""]","[""skådespelare""]","[""Q33999""]"
Q4948961,Hédi Fried,"[""Hédi Fried""]",1,[571823],[91],,,https://sv.wikipedia.org/wiki/H%C3%A9di_Fried,kvinna,Q6581072,1924-06-15,2022-11-19,"[""Ungern"",""Kungariket Rumänien"",""Sverige"",""Rumänien""]","[""Q28"",""Q203493"",""Q34"",""Q218""]","[""psykolog"",""illustratör"",""författare""]","[""Q212980"",""Q644687"",""Q36180""]"
Q4949043,Cecilia Frode,"[""Cecilia Frode""]",2,"[366860,390121]","[38,31]",,,https://sv.wikipedia.org/wiki/Cecilia_Frode,kvinna,Q6581072,1970-08-14,,"[""Sverige""]","[""Q34""]","[""filmskådespelare"",""skådespelare""]","[""Q10800557"",""Q33999""]"
Q4949109,Carolina Frände,"[""Carolina Frände""]",1,[382406],[30],,,https://sv.wikipedia.org/wiki/Carolina_Fr%C3%A4nde,kvinna,Q6581072,1973-07-06,,"[""Sverige""]","[""Q34""]","[""regissör""]","[""Q3455803""]"
Q4949111,Johanna Frändén,"[""Johanna Frändén""]",1,[223947],[31],,,https://sv.wikipedia.org/wiki/Johanna_Fr%C3%A4nd%C3%A9n,kvinna,Q6581072,1981-08-31,,"[""Sverige""]","[""Q34""]","[""journalist""]","[""Q1930187""]"
Q4949335,Lisa Förare Winbladh,"[""Lisa Förare Winbladh""]",1,[378051],[38],,,https://sv.wikipedia.org/wiki/Lisa_F%C3%B6rare_Winbladh,kvinna,Q6581072,1966-02-16,,"[""Sverige""]","[""Q34""]","[""författare""]","[""Q36180""]"
Q4949406,Claudia Galli,"[""Claudia Galli""]",1,[126326],[32],,,https://sv.wikipedia.org/wiki/Claudia_Galli_Concha,kvinna,Q6581072,1978-08-03,,"[""Sverige""]","[""Q34""]","[""filmskådespelare"",""skådespelare""]","[""Q10800557"",""Q33999""]"
Q4949703,Jessika Gedin,"[""Jessika Gedin""]",1,[370592],[37],,,https://sv.wikipedia.org/wiki/Jessika_Gedin,kvinna,Q6581072,1970-04-12,,"[""Sverige""]","[""Q34""]","[""programledare"",""krönikör"",""förläggare""]","[""Q94498772"",""Q1086863"",""Q2516866""]"
Q4949710,Katja Geiger,"[""Katja Geiger""]",1,[369506],[88],,,https://sv.wikipedia.org/wiki/Katja_Geiger,kvinna,Q6581072,1920-01-12,2017-01-25,"[""Sverige""]","[""Q34""]","[""modeskapare""]","[""Q3501317""]"
Q4949726,Brita af Geijerstam,"[""Brita af Geijerstam""]",1,[390090],[100],,,https://sv.wikipedia.org/wiki/Brita_af_Geijerstam,kvinna,Q6581072,1902-03-20,2003-09-09,"[""Sverige""]","[""Q34""]","[""författare"",""översättare"",""pedagog"",""dansare""]","[""Q36180"",""Q333634"",""Q1231865"",""Q5716684""]"
Q4949879,Magdalena Gerger,"[""Magdalena Gerger""]",1,[586497],[50],,,https://sv.wikipedia.org/wiki/Magdalena_Gerger,kvinna,Q6581072,1964,,"[""Sverige""]","[""Q34""]","[""affärsidkare""]","[""Q43845""]"
Q4950218,Pernilla Glaser,"[""Pernilla Glaser""]",1,[911943],[28],,,https://sv.wikipedia.org/wiki/Pernilla_Glaser,kvinna,Q6581072,1972-01-20,,"[""Sverige""]","[""Q34""]","[""teaterregissör"",""skådespelare"",""manusförfattare"",""ungdomsförfattare"",""filmmanusförfattare"",""röstskådespelare"",""filmskådespelare"",""tv-skådespelare""]","[""Q3387717"",""Q33999"",""Q28389"",""Q62083492"",""Q69423232"",""Q2405480"",""Q10800557"",""Q10798782""]"
Q4951099,Catharina Grünbaum,"[""Catharina Grünbaum""]",1,[597896],[56],,,https://sv.wikipedia.org/wiki/Catharina_Gr%C3%BCnbaum,kvinna,Q6581072,1944,,"[""Sverige""]","[""Q34""]","[""språkvetare""]","[""Q14467526""]"
Q4951346,Elizabeth Kuylenstierna f.d. Gummesson,"[""Elizabeth Kuylenstierna f.d. Gummesson""]",1,[366911],[39],,,https://sv.wikipedia.org/wiki/Elizabeth_Wiborg,kvinna,Q6581072,1969,,"[""Sverige""]","[""Q34""]","[""konsult"",""författare"",""journalist"",""föreläsare""]","[""Q15978655"",""Q36180"",""Q1930187"",""Q9379869""]"
Q4951787,Carin Götblad,"[""Carin Götblad""]",2,"[370189,2295381]","[52,67]",,,https://sv.wikipedia.org/wiki/Carin_G%C3%B6tblad,kvinna,Q6581072,1956-01-01,,"[""Sverige""]","[""Q34""]","[""ämbetsman"",""jurist""]","[""Q212238"",""Q185351""]"
Q4951940,Maja Hagerman,"[""Maja Hagerman""]",2,"[760410,765388]","[37,56]",,,https://sv.wikipedia.org/wiki/Maja_Hagerman,kvinna,Q6581072,1960-02-03,,"[""Sverige""]","[""Q34""]","[""historiker"",""författare"",""dokumentärfilmare"",""journalist"",""vetenskapsjournalist"",""TV-producent"",""författare""]","[""Q201788"",""Q482980"",""Q1235146"",""Q1930187"",""Q17433421"",""Q578109"",""Q36180""]"
Q4952002,Annika Hagström,"[""Annika Hagström""]",3,"[216099,421655,449611]","[70,42,43]",,,https://sv.wikipedia.org/wiki/Annika_Hagstr%C3%B6m,kvinna,Q6581072,1942-10-11,,"[""Sverige""]","[""Q34""]","[""författare"",""journalist"",""filmregissör"",""TV-programledare""]","[""Q36180"",""Q1930187"",""Q2526255"",""Q947873""]"
Q4952290,Emma Hamberg,"[""Emma Hamberg""]",2,"[651336,1952951]","[30,51]",,,https://sv.wikipedia.org/wiki/Emma_Hamberg,kvinna,Q6581072,1971-02-18,,"[""Sverige""]","[""Q34""]","[""författare"",""filmmanusförfattare"",""serietecknare"",""illustratör"",""serietecknare"",""redaktör""]","[""Q36180"",""Q69423232"",""Q715301"",""Q644687"",""Q1114448"",""Q876864""]"
Q4953055,Ann Heberlein,"[""Ann Heberlein""]",2,"[366909,2815475]","[39,56]",,,https://sv.wikipedia.org/wiki/Ann_Heberlein,kvinna,Q6581072,1970-06-22,,"[""Sverige""]","[""Q34""]","[""författare"",""teolog"",""universitetslärare"",""journalist"",""filosof""]","[""Q36180"",""Q1234713"",""Q1622272"",""Q1930187"",""Q4964182""]"
Q4953180,Barbro Hedvall,"[""Barbro Hedvall""]",1,[359898],[61],,,https://sv.wikipedia.org/wiki/Barbro_Hedvall,kvinna,Q6581072,1944-02-08,,"[""Sverige""]","[""Q34""]","[""journalist""]","[""Q1930187""]"
Q4953550,Merit Hemmingson,"[""Merit Hemmingson""]",1,[1733206],[80],,,https://sv.wikipedia.org/wiki/Merit_Hemmingson,kvinna,Q6581072,1940-08-30,,"[""Sverige""]","[""Q34""]","[""sångare""]","[""Q177220""]"
Q4953559,Nina Hemmingsson,"[""Nina Hemmingsson""]",1,[571821],[43],,,https://sv.wikipedia.org/wiki/Nina_Hemmingsson,kvinna,Q6581072,1971-11-30,,"[""Sverige""]","[""Q34""]","[""serietecknare"",""serietecknare"",""tecknare""]","[""Q715301"",""Q1114448"",""Q15296811""]"
Q4953734,Karin ”Kakan” Hermansson,"[""Karin ”Kakan” Hermansson""]",1,[415619],[33],,,https://sv.wikipedia.org/wiki/Kakan_Hermansson,kvinna,Q6581072,1981-08-07,,"[""Sverige""]","[""Q34""]","[""komiker"",""TV-programledare"",""radioprogramledare""]","[""Q245068"",""Q947873"",""Q2722764""]"
Q4953771,Moa Herngren,"[""Moa Herngren""]",1,[921579],[48],,,https://sv.wikipedia.org/wiki/Moa_Herngren,kvinna,Q6581072,1969-05-01,,"[""Sverige""]","[""Q34""]","[""författare"",""TV-producent"",""chefredaktör"",""journalist"",""filmmanusförfattare"",""TV-författare""]","[""Q36180"",""Q578109"",""Q589298"",""Q1930187"",""Q69423232"",""Q73306227""]"
Q4953856,Kerstin Hessius,"[""Kerstin Hessius""]",1,[367193],[50],,,https://sv.wikipedia.org/wiki/Kerstin_Hessius,kvinna,Q6581072,1958,,"[""Sverige""]","[""Q34""]","[""affärsidkare"",""nationalekonom""]","[""Q43845"",""Q188094""]"
Q4953953,Johanne Hildebrandt,"[""Johanne Hildebrandt""]",1,[390112],[38],,,https://sv.wikipedia.org/wiki/Johanne_Hildebrandt,kvinna,Q6581072,1964-04-15,,"[""Sverige""]","[""Q34""]","[""författare"",""journalist""]","[""Q36180"",""Q1930187""]"
Q4955639,Magdalena Johannesson,"[""Magdalena Johannesson""]",1,[381776],[38],,,https://sv.wikipedia.org/wiki/Magdalena_In_de_Betou,kvinna,Q6581072,1964-09-23,,"[""Sverige""]","[""Q34""]","[""komiker"",""filmskådespelare"",""skådespelare"",""manusförfattare""]","[""Q245068"",""Q10800557"",""Q33999"",""Q28389""]"
Q4955743,Kajsa Ingemarsson,"[""Kajsa Ingemarsson""]",1,[651339],[35],,,https://sv.wikipedia.org/wiki/Kajsa_Ingemarsson,kvinna,Q6581072,1965-12-25,,"[""Sverige""]","[""Q34""]","[""översättare"",""TV-programledare"",""skådespelare"",""manusförfattare""]","[""Q333634"",""Q947873"",""Q33999"",""Q28389""]"
Q4955780,Cilla Ingvar,"[""Cilla Ingvar""]",1,[425090],[40],,,https://sv.wikipedia.org/wiki/Cilla_Ingvar,kvinna,Q6581072,1931-04-10,1998-07-28,"[""Sverige""]","[""Q34""]","[""skådespelare""]","[""Q33999""]"
Q4956025,Malena Ivarsson,"[""Malena Ivarsson""]",1,[2397142],[74],,,https://sv.wikipedia.org/wiki/Malena_Ivarsson,kvinna,Q6581072,1949-10-03,,"[""Sverige""]","[""Q34""]","[""TV-programledare""]","[""Q947873""]"
Q4956712,Josefine Jinder,"[""Josefine Jinder""]",1,[2397444],[36],,,https://sv.wikipedia.org/wiki/Little_Jinder,kvinna,Q6581072,1988-02-20,,"[""Sverige""]","[""Q34""]","[""sångare"",""musikproducent""]","[""Q177220"",""Q183945""]"
Q4956714,Åsa Jinder,"[""Åsa Jinder""]",1,[586342],[51],,,https://sv.wikipedia.org/wiki/%C3%85sa_Jinder,kvinna,Q6581072,1963-10-09,,"[""Sverige""]","[""Q34""]","[""skivartist"",""folkmusiker"",""nyckelharpist"",""låtskrivare"",""författare"",""kompositör""]","[""Q55960555"",""Q101084010"",""Q106604158"",""Q753110"",""Q36180"",""Q36834""]"
Q4956830,Karin Johannisson,"[""Karin Johannisson""]",2,"[112127,1782845]","[65,54]",,,https://sv.wikipedia.org/wiki/Karin_Johannisson,kvinna,Q6581072,1944-10-11,2016-11-23,"[""Sverige""]","[""Q34""]","[""historiker"",""författare""]","[""Q201788"",""Q482980""]"
Q4956959,Elsie Johansson,"[""Elsie Johansson""]",2,"[327823,387516]","[70,78]",,,https://sv.wikipedia.org/wiki/Elsie_Johansson,kvinna,Q6581072,1931-05-01,2025-02-15,"[""Sverige""]","[""Q34""]","[""barnboksförfattare"",""författare""]","[""Q4853732"",""Q36180""]"
Q4957031,Linna Johansson,"[""Linna Johansson""]",1,[597102],[23],,,https://sv.wikipedia.org/wiki/Linna_Johansson,kvinna,Q6581072,1978-06-23,,"[""Sverige""]","[""Q34""]","[""journalist""]","[""Q1930187""]"
Q4957429,Ingela Josefson,"[""Ingela Josefson""]",1,[390086],[58],,,https://sv.wikipedia.org/wiki/Ingela_Josefson,kvinna,Q6581072,1943,,"[""Sverige""]","[""Q34""]","[""rektor""]","[""Q7245047""]"
Q4957634,Jenny Jägerfeld,"[""Jenny Jägerfeld""]",1,[116700],[38],,,https://sv.wikipedia.org/wiki/Jenny_J%C3%A4gerfeld,kvinna,Q6581072,1974-04-06,,"[""Sverige""]","[""Q34""]","[""psykolog"",""författare""]","[""Q212980"",""Q36180""]"
Q4957694,Bodil Jönsson,"[""Bodil Jönsson""]",6,"[291184,387518,434218,435143,439195,2510033]","[71,67,53,49,48,82]",,,https://sv.wikipedia.org/wiki/Bodil_J%C3%B6nsson,kvinna,Q6581072,1942-09-12,,"[""Sverige""]","[""Q34""]","[""fysiker""]","[""Q169470""]"
Q4957735,Anna Jörgensdotter,"[""Anna Jörgensdotter""]",1,[382825],[29],,,https://sv.wikipedia.org/wiki/Anna_J%C3%B6rgensdotter,kvinna,Q6581072,1973,,"[""Sverige""]","[""Q34""]","[""författare"",""kompositör""]","[""Q36180"",""Q36834""]"
Q4957788,Sara Kadefors,"[""Sara Kadefors""]",1,[389622],[36],,,https://sv.wikipedia.org/wiki/Sara_Kadefors,kvinna,Q6581072,1965-09-19,,"[""Sverige""]","[""Q34""]","[""författare"",""manusförfattare"",""journalist"",""filmregissör"",""regissör"",""TV-programledare""]","[""Q36180"",""Q28389"",""Q1930187"",""Q2526255"",""Q3455803"",""Q947873""]"
Q4957801,Sigrid Kahle,"[""Sigrid Kahle""]",1,[382813],[74],,,https://sv.wikipedia.org/wiki/Sigrid_Kahle,kvinna,Q6581072,1928-11-18,2013-12-31,"[""Sverige"",""Tyskland""]","[""Q34"",""Q183""]","[""författare"",""författare"",""journalist""]","[""Q36180"",""Q482980"",""Q1930187""]"
Q4957983,Kristina Kappelin,"[""Kristina Kappelin""]",1,[1569339],[40],,,https://sv.wikipedia.org/wiki/Kristina_Kappelin,kvinna,Q6581072,1958-04-13,,"[""Sverige""]","[""Q34""]","[""författare"",""författare"",""journalist""]","[""Q36180"",""Q482980"",""Q1930187""]"
Q4958722,Katrine Marçal,"[""Katrine Kielos"",""Katrine Marçal""]",2,"[234552,1952988]","[29,38]",,,https://sv.wikipedia.org/wiki/Katrine_Kielos,kvinna,Q6581072,1983-10-24,,"[""Sverige""]","[""Q34""]","[""författare"",""krönikör"",""journalist"",""författare""]","[""Q482980"",""Q1086863"",""Q1930187"",""Q36180""]"
Q4958827,Gunilla Kindstrand,"[""Gunilla Kindstrand""]",1,[1319502],[62],,,https://sv.wikipedia.org/wiki/Gunilla_Kindstrand,kvinna,Q6581072,1957-03-29,,"[""Sverige""]","[""Q34""]","[""journalist""]","[""Q1930187""]"
Q4959068,Helle Klein,"[""Helle Klein""]",1,[370590],[40],,,https://sv.wikipedia.org/wiki/Helle_Klein,kvinna,Q6581072,1966-07-09,,"[""Sverige""]","[""Q34""]","[""journalist"",""bloggare"",""luthersk pastor""]","[""Q1930187"",""Q8246794"",""Q96236305""]"
Q4959117,Elin Kling,"[""Elin Kling""]",1,[223944],[30],,,https://sv.wikipedia.org/wiki/Elin_Kling,kvinna,Q6581072,1983-02-17,,"[""Sverige""]","[""Q34""]","[""journalist"",""bloggare""]","[""Q1930187"",""Q8246794""]"
Q4959133,Agneta Klingspor,"[""Agneta Klingspor""]",1,[381774],[57],,,https://sv.wikipedia.org/wiki/Agneta_Klingspor,kvinna,Q6581072,1946-01-04,2022-06-02,"[""Sverige""]","[""Q34""]","[""författare""]","[""Q36180""]"
Q4959406,Johanna Koljonen,"[""Johanna Koljonen""]",1,[126330],[32],,,https://sv.wikipedia.org/wiki/Johanna_Koljonen,kvinna,Q6581072,1978-06-17,,"[""Finland"",""Sverige""]","[""Q33"",""Q34""]","[""serietecknare"",""journalist"",""TV-programledare""]","[""Q1114448"",""Q1930187"",""Q947873""]"
Q4959723,Danica Kragić Jensfelt,"[""Danica Kragić Jensfelt""]",1,[741176],[44],,,https://sv.wikipedia.org/wiki/Danica_Kragi%C4%87,kvinna,Q6581072,1971-08-10,,"[""Sverige""]","[""Q34""]","[""datavetare"",""forskare""]","[""Q82594"",""Q1650915""]"
Q4960104,Annette Kullenberg,"[""Annette Kullenberg""]",1,[416866],[57],,,https://sv.wikipedia.org/wiki/Annette_Kullenberg,kvinna,Q6581072,1939-01-09,2021-01-28,"[""Sverige""]","[""Q34""]","[""författare"",""journalist""]","[""Q482980"",""Q1930187""]"
Q4960241,Maria Küchen,"[""Maria Küchen""]",1,[390123],[41],,,https://sv.wikipedia.org/wiki/Maria_K%C3%BCchen,kvinna,Q6581072,1961-03-26,,"[""Sverige""]","[""Q34""]","[""författare"",""ungdomsförfattare"",""journalist"",""litteraturkritiker""]","[""Q36180"",""Q62083492"",""Q1930187"",""Q4263842""]"
Q4960347,Anna Kåver,"[""Anna Kåver""]",1,[126265],[58],,,https://sv.wikipedia.org/wiki/Anna_K%C3%A5ver,kvinna,Q6581072,1952,,"[""Sverige""]","[""Q34""]","[""psykiater"",""psykolog"",""psykoterapeut""]","[""Q211346"",""Q212980"",""Q1900167""]"
Q4960694,Vicky von der Lancken,"[""Vicky von der Lancken""]",1,[126256],[69],,,https://sv.wikipedia.org/wiki/Vicky_von_der_Lancken,kvinna,Q6581072,1942-07-04,,"[""Sverige""]","[""Q34""]","[""teaterchef""]","[""Q1776724""]"
Q4960877,Annika Lantz,"[""Annika Lantz""]",1,[754615],[48],,,https://sv.wikipedia.org/wiki/Annika_Lantz,kvinna,Q6581072,1968-03-09,,"[""Sverige""]","[""Q34""]","[""radioprogramledare"",""TV-programledare""]","[""Q2722764"",""Q947873""]"
Q4961100,Lena Larsson,"[""Lena Larsson""]",1,[421775],[62],,,https://sv.wikipedia.org/wiki/Lena_Larsson,kvinna,Q6581072,1919-07-31,2000-04-08,"[""Sverige""]","[""Q34""]","[""pedagog"",""författare"",""arkitekt""]","[""Q1231865"",""Q36180"",""Q42973""]"
Q4961250,Anna-Lena Laurén,"[""Anna-Lena Laurén""]",2,"[1732861,2295117]","[45,47]",,,https://sv.wikipedia.org/wiki/Anna-Lena_Laur%C3%A9n,kvinna,Q6581072,1976-04-04,,"[""Finland""]","[""Q33""]","[""författare"",""journalist""]","[""Q482980"",""Q1930187""]"
Q4962032,Clara Lidström,"[""Clara Lidström""]",2,"[357301,2064633]","[25,36]",,,https://sv.wikipedia.org/wiki/Clara_Lidstr%C3%B6m,kvinna,Q6581072,1986-04-20,,"[""Sverige""]","[""Q34""]","[""författare"",""bloggare""]","[""Q36180"",""Q8246794""]"
Q4962253,Ginna Lindberg,"[""Ginna Lindberg""]",1,[2815470],[59],,,https://sv.wikipedia.org/wiki/Ginna_Lindberg,kvinna,Q6581072,1966-08-29,,"[""Sverige""]","[""Q34""]","[""journalist"",""Utrikeskorrespondent""]","[""Q1930187"",""Q18190897""]"
Q4962353,Marianne Lindberg De Geer,"[""Marianne Lindberg De Geer""]",2,"[744617,765535]","[49,69]",,,https://sv.wikipedia.org/wiki/Marianne_Lindberg_De_Geer,kvinna,Q6581072,1946,,"[""Sverige""]","[""Q34""]","[""teaterregissör"",""dramatiker"",""konstnär"",""skulptör"",""författare""]","[""Q3387717"",""Q214917"",""Q483501"",""Q1281618"",""Q36180""]"
Q4962525,Annika Linde,"[""Annika Linde""]",1,[362167],[62],,,https://sv.wikipedia.org/wiki/Annika_Linde,kvinna,Q6581072,1948-02-26,,"[""Sverige""]","[""Q34""]","[""virolog"",""läkare"",""forskare""]","[""Q15634281"",""Q39631"",""Q1650915""]"
Q4962834,Leila Lindholm,"[""Leila Lindholm""]",1,[576703],[40],,,https://sv.wikipedia.org/wiki/Leila_Lindholm,kvinna,Q6581072,1975-06-21,,"[""Sverige""]","[""Q34""]","[""kock"",""TV-programledare"",""författare""]","[""Q3499072"",""Q947873"",""Q36180""]"
Q4962861,Anna Lindmarker,"[""Anna Lindmarker""]",1,[2397014],[63],,,https://sv.wikipedia.org/wiki/Anna_Lindmarker,kvinna,Q6581072,1961-01-05,,"[""Sverige""]","[""Q34""]","[""nyhetsankare"",""journalist""]","[""Q270389"",""Q1930187""]"
Q4963031,Ebba Lindsö,"[""Ebba Lindsö""]",1,[373925],[48],,,https://sv.wikipedia.org/wiki/Ebba_Linds%C3%B6,kvinna,Q6581072,1955-06-30,,"[""Sverige""]","[""Q34""]","[""journalist"",""affärsidkare""]","[""Q1930187"",""Q43845""]"
Q4963277,Susanne Ljung,"[""Susanne Ljung""]",1,[359932],[44],,,https://sv.wikipedia.org/wiki/Susanne_Ljung,kvinna,Q6581072,1961-03-18,,"[""Sverige""]","[""Q34""]","[""journalist""]","[""Q1930187""]"
Q4963405,Mian Lodalen,"[""Mian Lodalen""]",2,"[420007,1952979]","[33,59]",,,https://sv.wikipedia.org/wiki/Mian_Lodalen,kvinna,Q6581072,1962-10-01,,"[""Sverige""]","[""Q34""]","[""författare"",""journalist""]","[""Q482980"",""Q1930187""]"
Q4963739,Martina Lowden,"[""Martina Lowden""]",1,[369517],[25],,,https://sv.wikipedia.org/wiki/Martina_Lowden,kvinna,Q6581072,1983-05-26,,"[""Sverige""]","[""Q34""]","[""journalist"",""litteraturkritiker"",""författare""]","[""Q1930187"",""Q4263842"",""Q36180""]"
Q4963919,Regina Lund,"[""Regina Lund""]",1,[373947],[37],,,https://sv.wikipedia.org/wiki/Regina_Lund,kvinna,Q6581072,1967-07-17,,"[""Sverige""]","[""Q34""]","[""författare"",""skådespelare"",""poet"",""sångare""]","[""Q36180"",""Q33999"",""Q49757"",""Q177220""]"
Q4963945,Anne Lundberg,"[""Anne Lundberg""]",1,[373919],[38],,,https://sv.wikipedia.org/wiki/Anne_Lundberg,kvinna,Q6581072,1966-03-29,,"[""Sverige""]","[""Q34""]","[""journalist"",""TV-programledare""]","[""Q1930187"",""Q947873""]"
Q4963949,Camilla Lundberg,"[""Camilla Lundberg""]",1,[597113],[51],,,https://sv.wikipedia.org/wiki/Camilla_Lundberg,kvinna,Q6581072,1950-05-27,,"[""Sverige""]","[""Q34""]","[""journalist""]","[""Q1930187""]"
Q4964047,Sanna Lundell,"[""Sanna Lundell""]",2,"[576705,655971]","[36,37]",,,https://sv.wikipedia.org/wiki/Sanna_Lundell,kvinna,Q6581072,1978-11-06,,"[""Sverige""]","[""Q34""]","[""journalist"",""TV-programledare""]","[""Q1930187"",""Q947873""]"
Q4964104,Lotta Lundgren,"[""Lotta Lundgren""]",1,[116374],[41],,,https://sv.wikipedia.org/wiki/Lotta_Lundgren,kvinna,Q6581072,1971-01-26,,"[""Sverige""]","[""Q34""]","[""matskribent"",""manusförfattare"",""copywriter"",""TV-programledare""]","[""Q11500768"",""Q28389"",""Q96045115"",""Q947873""]"
Q4964829,Sakine Madon,"[""Sakine Madon""]",2,"[747878,826163]","[36,36]",,,https://sv.wikipedia.org/wiki/Sakine_Madon,kvinna,Q6581072,1980-02-23,,"[""Sverige""]","[""Q34""]","[""statsvetare"",""journalist""]","[""Q1238570"",""Q1930187""]"
Q4964931,Carola Magnusson,"[""Carola Magnusson""]",1,[596815],[38],,,https://sv.wikipedia.org/wiki/Carola_Magnusson,kvinna,Q6581072,1962-09-07,,"[""Sverige""]","[""Q34""]","[""affärsidkare""]","[""Q43845""]"
Q4964958,Jane Magnusson,"[""Jane Magnusson""]",1,[911952],[32],,,https://sv.wikipedia.org/wiki/Jane_Magnusson,kvinna,Q6581072,1968-04-06,,"[""Sverige""]","[""Q34""]","[""filmregissör"",""filmkritiker""]","[""Q2526255"",""Q4220892""]"
Q4964985,Brian Palmer,"[""Brian Palmer""]",1,[373932],[39],,,https://sv.wikipedia.org/wiki/Brian_Palmer,man,Q6581097,1964-10-04,,"[""USA""]","[""Q30""]","[""antropolog""]","[""Q4773904""]"
Q4965047,Majda Raad,"[""Majda Raad""]",1,[324409],[62],,,https://sv.wikipedia.org/wiki/Majda_Ra%27ad,kvinna,Q6581072,1942-09-05,2025-01-03,"[""Sverige"",""Jordanien""]","[""Q34"",""Q810""]","[""social aktivist"",""aristokrat""]","[""Q8359428"",""Q2478141""]"
Q4965337,Edda Manga,"[""Edda Manga""]",1,[373912],[34],,,https://sv.wikipedia.org/wiki/Edda_Manga,kvinna,Q6581072,1969-09-11,,"[""Colombia"",""Sverige""]","[""Q739"",""Q34""]","[""historiker""]","[""Q201788""]"
Q4965499,Britta Marakatt-Labba,"[""Britta Marakatt-Labba""]",1,[1319509],[67],,,https://sv.wikipedia.org/wiki/Britta_Marakatt-Labba,kvinna,Q6581072,1951-09-18,,"[""Sverige""]","[""Q34""]","[""konstnär"",""textilkonstnär""]","[""Q483501"",""Q10694573""]"
Q496604,Andreas Carlgren,"[""Andreas Carlgren""]",1,[911972],[42],,,https://sv.wikipedia.org/wiki/Andreas_Carlgren,man,Q6581097,1958-07-08,,"[""Sverige""]","[""Q34""]","[""politiker"",""lärare""]","[""Q82955"",""Q37226""]"
Q4966744,Paula McManus,"[""Paula McManus""]",1,[381780],[34],,,https://sv.wikipedia.org/wiki/Paula_McManus,kvinna,Q6581072,1968-09-12,,"[""Sverige""]","[""Q34""]","[""TV-programledare"",""skådespelare""]","[""Q947873"",""Q33999""]"
Q4966976,Christine Meltzer,"[""Christine Meltzer""]",1,[126308],[35],,,https://sv.wikipedia.org/wiki/Christine_Meltzer,kvinna,Q6581072,1974-12-04,,"[""Sverige""]","[""Q34""]","[""skådespelare"",""komiker"",""TV-programledare""]","[""Q33999"",""Q245068"",""Q947873""]"
Q4967767,Sara Mohammad,"[""Sara Mohammad""]",1,[751866],[48],,,https://sv.wikipedia.org/wiki/Sara_Mohammad,kvinna,Q6581072,1967,,"[""Sverige""]","[""Q34""]","[""människorättsförsvarare""]","[""Q1476215""]"
Q4967789,Rachel Mohlin,"[""Rachel Mohlin""]",1,[382822],[30],,,https://sv.wikipedia.org/wiki/Rachel_Mohlin,kvinna,Q6581072,1973-05-29,,"[""Sverige""]","[""Q34""]","[""skådespelare"",""manusförfattare"",""komiker"",""filmregissör""]","[""Q33999"",""Q28389"",""Q245068"",""Q2526255""]"
Q4967815,Evelyn Mok,"[""Evelyn Mok""]",1,[2815484],[38],,,https://sv.wikipedia.org/wiki/Evelyn_Mok,kvinna,Q6581072,1987-11-29,,"[""Sverige""]","[""Q34""]","[""manusförfattare"",""komiker""]","[""Q28389"",""Q245068""]"
Q49678265,Anis Don Demina,"[""Anis Don Demina""]",1,[1952980],[29],,,https://sv.wikipedia.org/wiki/Anis_Don_Demina,man,Q6581097,1993-04-25,,"[""Sverige""]","[""Q34""]","[""musiker""]","[""Q639669""]"
Q4967859,Emma Molin,"[""Emma Molin""]",1,[1077317],[39],,,https://sv.wikipedia.org/wiki/Emma_Molin,kvinna,Q6581072,1979-05-16,,"[""Sverige""]","[""Q34""]","[""komiker"",""filmregissör"",""skådespelare"",""manusförfattare""]","[""Q245068"",""Q2526255"",""Q33999"",""Q28389""]"
Q4967977,Martina Montelius,"[""Martina Montelius""]",1,[400239],[38],,,https://sv.wikipedia.org/wiki/Martina_Montelius,kvinna,Q6581072,1975-07-19,,"[""Sverige""]","[""Q34""]","[""författare"",""dramatiker"",""regissör""]","[""Q36180"",""Q214917"",""Q3455803""]"
Q4968199,Ingalill Mosander,"[""Ingalill Mosander""]",1,[386831],[70],,,https://sv.wikipedia.org/wiki/Ingalill_Mosander,kvinna,Q6581072,1943-07-17,,"[""Sverige""]","[""Q34""]","[""journalist""]","[""Q1930187""]"
Q4968221,Jila Mossaed,"[""Jila Mossaed""]",1,[2181915],[75],,,https://sv.wikipedia.org/wiki/Jila_Mossaed,kvinna,Q6581072,1948-04-04,,"[""Iran""]","[""Q794""]","[""författare"",""poet""]","[""Q36180"",""Q49757""]"
Q4968484,Ubah Musse,"[""Ubah Musse""]",1,[56607],[28],,,https://sv.wikipedia.org/wiki/Ubah_Musse,kvinna,Q6581072,1982,,"[""Sverige"",""Somalia""]","[""Q34"",""Q1045""]","[""skådespelare""]","[""Q33999""]"
Q4968771,Maria Möller,"[""Maria Möller""]",1,[363426],[40],,,https://sv.wikipedia.org/wiki/Maria_M%C3%B6ller,kvinna,Q6581072,1965-10-29,,"[""Sverige""]","[""Q34""]","[""sångare"",""komiker"",""imitatör"",""skådespelare""]","[""Q177220"",""Q245068"",""Q1148872"",""Q33999""]"
Q4968796,Marianne Mörck,"[""Marianne Mörck""]",1,[571825],[65],,,https://sv.wikipedia.org/wiki/Marianne_M%C3%B6rck,kvinna,Q6581072,1949-09-02,,"[""Sverige""]","[""Q34""]","[""sångare"",""filmregissör"",""regissör"",""skådespelare""]","[""Q177220"",""Q2526255"",""Q3455803"",""Q33999""]"
Q4969283,Carolina Neurath,"[""Carolina Neurath""]",1,[216115],[27],,,https://sv.wikipedia.org/wiki/Carolina_Neurath,kvinna,Q6581072,1985-11-17,,"[""Sverige""]","[""Q34""]","[""författare"",""journalist""]","[""Q36180"",""Q1930187""]"
Q4969291,Lena Nevander Friström,"[""Lena Nevander Friström""]",1,[370981],[52],,,https://sv.wikipedia.org/wiki/Lena_Nevander_Fristr%C3%B6m,kvinna,Q6581072,1954,2008,"[""Sverige""]","[""Q34""]","[""psykoterapeut""]","[""Q1900167""]"
Q4969343,Shima Niavarani,"[""Shima Niavarani""]",2,"[116381,1516013]","[27,34]",,,https://sv.wikipedia.org/wiki/Shima_Niavarani,kvinna,Q6581072,1985-07-07,,"[""Sverige""]","[""Q34""]","[""skådespelare"",""sångare""]","[""Q33999"",""Q177220""]"
Q4969526,Åsa Nilsonne,"[""Åsa Nilsonne""]",1,[369370],[59],,,https://sv.wikipedia.org/wiki/%C3%85sa_Nilsonne,kvinna,Q6581072,1949-01-25,,"[""Sverige""]","[""Q34""]","[""läkarförfattare""]","[""Q551835""]"
Q4969536,Marie Nilsson Lind,"[""Marie Nilsson Lind""]",1,[1319482],[57],,,https://sv.wikipedia.org/wiki/Marie_Nilsson_Lind,kvinna,Q6581072,1961-12-13,2024-01-04,"[""Sverige""]","[""Q34""]","[""sångare"",""låtskrivare"",""sångtextförfattare"",""skådespelare"",""kompositör""]","[""Q177220"",""Q753110"",""Q822146"",""Q33999"",""Q36834""]"
Q4970458,Fatima Nur,"[""Fatima Nur""]",1,[373933],[43],,,https://sv.wikipedia.org/wiki/Fatima_Nur,kvinna,Q6581072,1960-07-19,,"[""Sverige""]","[""Q34""]","[""politiker""]","[""Q82955""]"
Q4970515,Renée Nyberg,"[""Renée Nyberg""]",1,[2180709],[57],,,https://sv.wikipedia.org/wiki/Ren%C3%A9e_Nyberg,kvinna,Q6581072,1966-05-17,,"[""Sverige""]","[""Q34""]","[""programledare"",""journalist"",""TV-programledare""]","[""Q13590141"",""Q1930187"",""Q947873""]"
Q4970768,Anna Odell,"[""Anna Odell""]",1,[68807],[36],,,https://sv.wikipedia.org/wiki/Anna_Odell,kvinna,Q6581072,1973-10-03,,"[""Sverige""]","[""Q34""]","[""konstnär"",""filmregissör"",""skådespelare"",""manusförfattare""]","[""Q483501"",""Q2526255"",""Q33999"",""Q28389""]"
Q4970833,Elisabeth Ohlson,"[""Elisabeth Ohlson""]",1,[2274039],[38],,,https://sv.wikipedia.org/wiki/Elisabeth_Ohlson,kvinna,Q6581072,1961-05-28,2024-10-30,"[""Sverige""]","[""Q34""]","[""konstnär"",""teaterregissör"",""fotograf""]","[""Q483501"",""Q3387717"",""Q33231""]"
Q4971140,Ingela Olsson,"[""Ingela Olsson""]",1,[358463],[47],,,https://sv.wikipedia.org/wiki/Ingela_Olsson,kvinna,Q6581072,1958-02-28,,"[""Sverige""]","[""Q34""]","[""skådespelare"",""röstskådespelare""]","[""Q33999"",""Q2405480""]"
Q4971258,Madeleine Onne,"[""Madeleine Onne""]",1,[910760],[56],,,https://sv.wikipedia.org/wiki/Madeleine_Onne,kvinna,Q6581072,1960-09-09,,"[""Sverige""]","[""Q34""]","[""barnskådespelare"",""balettdansare"",""koreograf"",""ballerina"",""balettlärare""]","[""Q970153"",""Q805221"",""Q2490358"",""Q4070300"",""Q55092822""]"
Q4971280,Aliette Opheim,"[""Aliette Opheim""]",1,[1952976],[37],,,https://sv.wikipedia.org/wiki/Aliette_Opheim,kvinna,Q6581072,1985-07-21,,"[""Sverige""]","[""Q34""]","[""modell"",""filmskådespelare"",""skådespelare""]","[""Q4610556"",""Q10800557"",""Q33999""]"
Q4971606,Sara Paborn,"[""Sara Paborn""]",1,[366899],[37],,,https://sv.wikipedia.org/wiki/Sara_Paborn,kvinna,Q6581072,1972-03-18,,"[""Sverige""]","[""Q34""]","[""författare""]","[""Q36180""]"
Q4971713,Anna-Karin Palm,"[""Anna-Karin Palm""]",1,[1952993],[61],,,https://sv.wikipedia.org/wiki/Anna-Karin_Palm,kvinna,Q6581072,1961-03-17,,"[""Sverige""]","[""Q34""]","[""författare""]","[""Q36180""]"
Q4972443,Malin Persson Giolito,"[""Malin Persson Giolito""]",2,"[914978,2063793]","[47,53]",,,https://sv.wikipedia.org/wiki/Malin_Persson_Giolito,kvinna,Q6581072,1969-09-25,,"[""Sverige""]","[""Q34""]","[""advokat"",""författare"",""jurist"",""författare""]","[""Q17048963"",""Q36180"",""Q185351"",""Q482980""]"
Q4972961,Karin Pilsäter,"[""Karin Pilsäter""]",1,[953087],[40],,,https://sv.wikipedia.org/wiki/Karin_Pils%C3%A4ter,kvinna,Q6581072,1960-06-24,,"[""Sverige""]","[""Q34""]","[""politiker""]","[""Q82955""]"
Q4973084,Gunilla von Platen,"[""Gunilla von Platen""]",2,"[371178,1518789]","[35,48]",,,https://sv.wikipedia.org/wiki/Gunilla_von_Platen,kvinna,Q6581072,1972-01-03,,"[""Sverige""]","[""Q34""]","[""affärsidkare""]","[""Q43845""]"
Q4973237,Gunilla Pontén,"[""Gunilla Pontén""]",1,[359924],[76],,,https://sv.wikipedia.org/wiki/Gunilla_Pont%C3%A9n,kvinna,Q6581072,1929-06-14,2019-06-29,"[""Sverige""]","[""Q34""]","[""modeskapare"",""modell""]","[""Q3501317"",""Q4610556""]"
Q4973270,Susanna Popova,"[""Susanna Popova""]",1,[911949],[43],,,https://sv.wikipedia.org/wiki/Susanna_Popova,kvinna,Q6581072,1956,,"[""Sverige""]","[""Q34""]","[""författare""]","[""Q36180""]"
Q4973573,Kjell ”Brolle Jr” Wallmark,"[""Kjell ”Brolle Jr” Wallmark""]",1,[373952],[22],,,https://sv.wikipedia.org/wiki/Brolle,man,Q6581097,1981-11-10,,"[""Sverige""]","[""Q34""]","[""sångare"",""skivartist""]","[""Q177220"",""Q55960555""]"
Q4973647,Bi Puranen,"[""Bi Puranen""]",3,"[412742,1847181,1869946]","[63,70,37]",,,https://sv.wikipedia.org/wiki/Bi_Puranen,kvinna,Q6581072,1951-02-04,,"[""Sverige""]","[""Q34""]","[""nationalekonom""]","[""Q188094""]"
Q4973948,Anne Ramberg,"[""Anne Ramberg""]",1,[1319481],[66],,,https://sv.wikipedia.org/wiki/Anne_Ramberg,kvinna,Q6581072,1952-08-26,,"[""Sverige""]","[""Q34""]","[""advokat""]","[""Q17048963""]"
Q4973992,Karolina Ramqvist,"[""Karolina Ramqvist""]",2,"[573022,2578984]","[22,48]",,,https://sv.wikipedia.org/wiki/Karolina_Ramqvist,kvinna,Q6581072,1976-11-08,,"[""Sverige""]","[""Q34""]","[""författare"",""manusförfattare"",""journalist""]","[""Q36180"",""Q28389"",""Q1930187""]"
Q4974005,Nino Ramsby,"[""Nino Ramsby""]",1,[2180990],[51],,,https://sv.wikipedia.org/wiki/Nino_Ramsby,transman,Q2449503,1972-07-21,,"[""Sverige""]","[""Q34""]","[""skivartist"",""sångare""]","[""Q55960555"",""Q177220""]"
Q4974190,Sigrid Rausing,"[""Sigrid Rausing""]",1,[364158],[44],,,https://sv.wikipedia.org/wiki/Sigrid_Rausing,kvinna,Q6581072,1962-01-29,,"[""Sverige""]","[""Q34""]","[""förläggare"",""antropolog"",""författare"",""affärsidkare""]","[""Q2516866"",""Q4773904"",""Q36180"",""Q43845""]"
Q4974564,Maud Reuterswärd,"[""Maud Reuterswärd""]",1,[424833],[58],,,https://sv.wikipedia.org/wiki/Maud_Reutersw%C3%A4rd,kvinna,Q6581072,1920-02-19,1980-08-25,"[""Sverige""]","[""Q34""]","[""författare""]","[""Q36180""]"
Q4974651,Magdalena Ribbing,"[""Magdalena Ribbing""]",1,[419235],[59],,,https://sv.wikipedia.org/wiki/Magdalena_Ribbing,kvinna,Q6581072,1940-07-30,2017-09-29,"[""Sverige""]","[""Q34""]","[""journalist"",""författare""]","[""Q1930187"",""Q36180""]"
Q4975164,Carin Rodebjer,"[""Carin Rodebjer""]",1,[1319487],[49],,,https://sv.wikipedia.org/wiki/Carin_Rodebjer,kvinna,Q6581072,1970-04-27,,"[""Sverige""]","[""Q34""]","[""modeskapare""]","[""Q3501317""]"
Q4975478,Vanna Rosenberg,"[""Vanna Rosenberg""]",1,[126303],[37],,,https://sv.wikipedia.org/wiki/Vanna_Rosenberg,kvinna,Q6581072,1973-04-03,,"[""Sverige""]","[""Q34""]","[""skådespelare"",""manusförfattare"",""sångare"",""komiker"",""röstskådespelare""]","[""Q33999"",""Q28389"",""Q177220"",""Q245068"",""Q2405480""]"
Q4975763,Joanna Rubin Dranger,"[""Joanna Rubin Dranger""]",1,[390125],[32],,,https://sv.wikipedia.org/wiki/Joanna_Rubin_Dranger,kvinna,Q6581072,1970-03-01,,"[""Sverige""]","[""Q34""]","[""serieskapare"",""serietecknare"",""illustratör"",""serietecknare"",""serieförfattare"",""författare""]","[""Q109517242"",""Q715301"",""Q644687"",""Q17098559"",""Q11892507"",""Q36180""]"
Q4975799,Denise Rudberg,"[""Denise Rudberg""]",2,"[1732888,2700813]","[50,54]",,,https://sv.wikipedia.org/wiki/Denise_Rudberg,kvinna,Q6581072,1971-06-19,,"[""Sverige""]","[""Q34""]","[""författare"",""TV-programledare"",""författare""]","[""Q482980"",""Q947873"",""Q36180""]"
Q4976057,Carina Rydberg,"[""Carina Rydberg""]",1,[420004],[34],,,https://sv.wikipedia.org/wiki/Carina_Rydberg,kvinna,Q6581072,1962-07-18,,"[""Sverige""]","[""Q34""]","[""romanförfattare"",""författare"",""manusförfattare""]","[""Q6625963"",""Q36180"",""Q28389""]"
Q4976061,Eva Rydberg,"[""Eva Rydberg""]",1,[1106304],[75],,,https://sv.wikipedia.org/wiki/Eva_Rydberg,kvinna,Q6581072,1943-06-20,,"[""Sverige""]","[""Q34""]","[""skådespelare"",""sångare"",""röstskådespelare"",""cirkusartist""]","[""Q33999"",""Q177220"",""Q2405480"",""Q17307272""]"
Q4976193,Elisabeth Rynell,"[""Elisabeth Rynell""]",1,[374013],[50],,,https://sv.wikipedia.org/wiki/Elisabeth_Rynell,kvinna,Q6581072,1954-05-07,,"[""Sverige""]","[""Q34""]","[""författare"",""manusförfattare"",""poet""]","[""Q36180"",""Q28389"",""Q49757""]"
Q4976254,Marie Rådbo,"[""Marie Rådbo""]",1,[324413],[59],,,https://sv.wikipedia.org/wiki/Marie_R%C3%A5dbo,kvinna,Q6581072,1946-06-19,,"[""Sverige""]","[""Q34""]","[""astronom""]","[""Q11063""]"
Q4976371,Gunilla Röör,"[""Gunilla Röör""]",2,"[559374,579036]","[33,55]",,,https://sv.wikipedia.org/wiki/Gunilla_R%C3%B6%C3%B6r,kvinna,Q6581072,1959-08-16,,"[""Sverige""]","[""Q34""]","[""teaterregissör"",""skådespelare""]","[""Q3387717"",""Q33999""]"
Q4976802,Kristina Sandberg,"[""Kristina Sandberg""]",1,[583005],[43],,,https://sv.wikipedia.org/wiki/Kristina_Sandberg,kvinna,Q6581072,1971-12-03,,"[""Sverige""]","[""Q34""]","[""författare"",""kritiker""]","[""Q36180"",""Q6430706""]"
Q4977052,Sofie Sarenbrant,"[""Sofie Sarenbrant""]",1,[1518768],[41],,,https://sv.wikipedia.org/wiki/Sofie_Sarenbrant,kvinna,Q6581072,1978,,"[""Sverige""]","[""Q34""]","[""fotograf"",""författare"",""författare"",""journalist""]","[""Q33231"",""Q36180"",""Q482980"",""Q1930187""]"
Q4977404,Agneta von Schinkel,"[""Agneta von Schinkel""]",1,[1394851],[50],,,https://sv.wikipedia.org/wiki/Agneta_von_Schinkel,kvinna,Q6581072,1941-06-20,,"[""Sverige""]","[""Q34""]","[""journalist""]","[""Q1930187""]"
Q4977607,Titti Schultz,"[""Titti Schultz""]",1,[2397483],[52],,,https://sv.wikipedia.org/wiki/Titti_Schultz,kvinna,Q6581072,1972-05-25,,"[""Sverige""]","[""Q34""]","[""radioprogramledare""]","[""Q2722764""]"
Q4977696,Bea Uusma,"[""Bea Uusma""]",2,"[407837,419838]","[48,32]",,,https://sv.wikipedia.org/wiki/Bea_Uusma,kvinna,Q6581072,1966-03-20,,"[""Sverige""]","[""Q34""]","[""illustratör"",""barnboksförfattare"",""författare"",""läkare""]","[""Q644687"",""Q4853732"",""Q36180"",""Q39631""]"
Q4977953,Marie Selander,"[""Marie Selander""]",1,[425083],[26],,,https://sv.wikipedia.org/wiki/Marie_Selander,kvinna,Q6581072,1947-12-01,,"[""Sverige""]","[""Q34""]","[""sångare"",""musiker""]","[""Q177220"",""Q639669""]"
Q4978077,Anna Serner,"[""Anna Serner""]",1,[1106297],[53],,,https://sv.wikipedia.org/wiki/Anna_Serner,kvinna,Q6581072,1964-10-11,,"[""Sverige""]","[""Q34""]","[""jurist"",""filmvetare""]","[""Q185351"",""Q4220878""]"
Q4978179,Iman Shakarchi,"[""Iman Shakarchi""]",1,[419226],[44],,,https://sv.wikipedia.org/wiki/Iman_Shakarchi,kvinna,Q6581072,1956-05-31,2007,[],[],[],[]
Q4978790,Malou von Sivers,"[""Malou von Sivers""]",2,"[743365,760412]","[63,41]",,,https://sv.wikipedia.org/wiki/Malou_von_Sivers,kvinna,Q6581072,1953-01-15,,"[""Sverige""]","[""Q34""]","[""journalist"",""TV-programledare""]","[""Q1930187"",""Q947873""]"
Q4978883,Lina Sjöberg,"[""Lina Sjöberg""]",1,[370595],[33],,,https://sv.wikipedia.org/wiki/Lina_Sj%C3%B6berg,kvinna,Q6581072,1973-08-14,,"[""Sverige""]","[""Q34""]","[""författare"",""kulturskribent"",""teolog""]","[""Q36180"",""Q99902913"",""Q1234713""]"
Q4978907,Gudrun Sjödén,"[""Gudrun Sjödén""]",1,[116703],[71],,,https://sv.wikipedia.org/wiki/Gudrun_Sj%C3%B6d%C3%A9n,kvinna,Q6581072,1941-06-05,,"[""Sverige""]","[""Q34""]","[""affärsidkare"",""modeskapare"",""formgivare""]","[""Q43845"",""Q3501317"",""Q5322166""]"
Q4979206,Mia Skäringer Lázár,"[""Mia Skäringer"",""Mia Skäringer Lázár""]",3,"[134898,353531,994517]","[35,31,41]",,,https://sv.wikipedia.org/wiki/Mia_Sk%C3%A4ringer,kvinna,Q6581072,1976-10-04,,"[""Sverige""]","[""Q34""]","[""författare"",""skådespelare"",""komiker"",""röstskådespelare"",""TV-programledare"",""filmskådespelare"",""tv-skådespelare""]","[""Q36180"",""Q33999"",""Q245068"",""Q2405480"",""Q947873"",""Q10800557"",""Q10798782""]"
Q4979631,Ingrid Sommar,"[""Ingrid Sommar""]",1,[359915],[60],,,https://sv.wikipedia.org/wiki/Ingrid_Sommar,kvinna,Q6581072,1945-07-08,,"[""Sverige""]","[""Q34""]","[""journalist"",""författare""]","[""Q1930187"",""Q36180""]"
Q4980239,Birgitta Stenberg,"[""Birgitta Stenberg""]",3,"[126325,429601,432965]","[78,61,58]",,,https://sv.wikipedia.org/wiki/Birgitta_Stenberg,kvinna,Q6581072,1932-04-26,2014-08-23,"[""Sverige""]","[""Q34""]","[""översättare"",""illustratör"",""journalist"",""barnboksförfattare"",""författare"",""skådespelare"",""manusförfattare""]","[""Q333634"",""Q644687"",""Q1930187"",""Q4853732"",""Q36180"",""Q33999"",""Q28389""]"
Q4980339,Yrsa Stenius,"[""Yrsa Stenius""]",1,[381016],[58],,,https://sv.wikipedia.org/wiki/Yrsa_Stenius,kvinna,Q6581072,1945-01-07,2018-05-18,"[""Finland"",""Sverige""]","[""Q33"",""Q34""]","[""författare"",""journalist""]","[""Q36180"",""Q1930187""]"
Q4980511,Hedda Stiernstedt,"[""Hedda Stiernstedt""]",1,[1524014],[32],,,https://sv.wikipedia.org/wiki/Hedda_Stiernstedt,kvinna,Q6581072,1987-12-03,,"[""Sverige""]","[""Q34""]","[""skådespelare""]","[""Q33999""]"
Q4980889,Annika Ström Melin,"[""Annika Ström Melin""]",1,[362075],[50],,,https://sv.wikipedia.org/wiki/Annika_Str%C3%B6m_Melin,kvinna,Q6581072,1956-05-19,,"[""Sverige""]","[""Q34""]","[""journalist""]","[""Q1930187""]"
Q4980946,Johanna Strömberg,"[""Johanna Strömberg""]",1,[389084],[15],,,https://sv.wikipedia.org/wiki/Johanna_Str%C3%B6mberg,kvinna,Q6581072,1987-02-11,,"[""Sverige""]","[""Q34""]","[""skådespelare""]","[""Q33999""]"
Q4980983,Maria Strømme,"[""Maria Strømme""]",1,[592483],[45],,,https://sv.wikipedia.org/wiki/Maria_Str%C3%B8mme,kvinna,Q6581072,1970-04-07,,"[""Norge"",""Sverige""]","[""Q20"",""Q34""]","[""fysiker"",""universitetslärare""]","[""Q169470"",""Q1622272""]"
Q4980986,Liv Strömquist,"[""Liv Strömquist""]",1,[203028],[35],,,https://sv.wikipedia.org/wiki/Liv_Str%C3%B6mquist,kvinna,Q6581072,1978-02-03,,"[""Sverige""]","[""Q34""]","[""serietecknare"",""illustratör"",""radioprogramledare""]","[""Q715301"",""Q644687"",""Q2722764""]"
Q4981000,Jenny Strömstedt,"[""Jenny Strömstedt""]",2,"[214748,2063708]","[40,50]",,,https://sv.wikipedia.org/wiki/Jenny_Str%C3%B6mstedt,kvinna,Q6581072,1972-08-02,,"[""Sverige""]","[""Q34""]","[""författare"",""journalist"",""TV-programledare"",""programledare""]","[""Q482980"",""Q1930187"",""Q947873"",""Q13590141""]"
Q4981282,Lena Sundström,"[""Lena Sundström""]",1,[383509],[38],,,https://sv.wikipedia.org/wiki/Lena_Sundstr%C3%B6m,kvinna,Q6581072,1972-03-08,,"[""Sverige""]","[""Q34""]","[""journalist"",""TV-programledare""]","[""Q1930187"",""Q947873""]"
Q4981300,Erika Sunnegårdh,"[""Erika Sunnegårdh""]",1,[363616],[40],,,https://sv.wikipedia.org/wiki/Erika_Sunneg%C3%A5rdh,kvinna,Q6581072,1966-03-11,,"[""Sverige""]","[""Q34""]","[""operasångare""]","[""Q2865819""]"
Q4981437,Maria Sveland,"[""Maria Sveland""]",1,[216120],[38],,,https://sv.wikipedia.org/wiki/Maria_Sveland,kvinna,Q6581072,1974-11-26,,"[""Sverige""]","[""Q34""]","[""författare"",""journalist""]","[""Q482980"",""Q1930187""]"
Q4981481,Amanda Svensson,"[""Amanda Svensson""]",1,[116727],[25],,,https://sv.wikipedia.org/wiki/Amanda_Svensson,kvinna,Q6581072,1987-06-05,,"[""Sverige""]","[""Q34""]","[""journalist"",""författare""]","[""Q1930187"",""Q36180""]"
Q4981523,Kristina Svensson,"[""Kristina Svensson""]",1,[390078],[61],,,https://sv.wikipedia.org/wiki/Kristina_Svensson,kvinna,Q6581072,1940-11-08,,"[""Sverige""]","[""Q34""]","[""politiker""]","[""Q82955""]"
Q4981617,Eva Swartz Grimaldi,"[""Eva Swartz Grimaldi""]",1,[369503],[52],,,https://sv.wikipedia.org/wiki/Eva_Swartz,kvinna,Q6581072,1956-04-15,2024-07-20,"[""Sverige""]","[""Q34""]","[""filmproducent"",""affärsidkare""]","[""Q3282637"",""Q43845""]"
Q4981706,Bea Szenfeld,"[""Bea Szenfeld""]",1,[412703],[41],,,https://sv.wikipedia.org/wiki/Bea_Szenfeld,kvinna,Q6581072,1972-12-23,,"[""Sverige""]","[""Q34""]","[""modeskapare"",""mode""]","[""Q3501317"",""Q12684""]"
Q4981757,Annika Söder,"[""Annika Söder""]",1,[369512],[52],,,https://sv.wikipedia.org/wiki/Annika_S%C3%B6der,kvinna,Q6581072,1955,,"[""Sverige""]","[""Q34""]","[""politiker""]","[""Q82955""]"
Q4981827,Therése Söderlind,"[""Therése Söderlind""]",1,[400083],[48],,,https://sv.wikipedia.org/wiki/Ther%C3%A9se_S%C3%B6derlind,kvinna,Q6581072,1965,,"[""Sverige""]","[""Q34""]","[""författare""]","[""Q36180""]"
Q4981944,Rosa Taikon,"[""Rosa Taikon""]",1,[1782848],[57],,,https://sv.wikipedia.org/wiki/Rosa_Taikon,kvinna,Q6581072,1926-07-30,2017-06-01,"[""Sverige""]","[""Q34""]","[""silversmed"",""smyckesformgivare"",""dansare"",""skådespelare""]","[""Q2216340"",""Q2519376"",""Q5716684"",""Q33999""]"
Q4981961,Anna Takanen,"[""Anna Takanen""]",2,"[364617,1518803]","[37,51]",,,https://sv.wikipedia.org/wiki/Anna_Takanen,kvinna,Q6581072,1968-12-21,,"[""Sverige""]","[""Q34""]","[""regissör"",""författare"",""skådespelare""]","[""Q3455803"",""Q36180"",""Q33999""]"
Q4982762,Johanna Thydell,"[""Johanna Thydell""]",1,[373921],[23],,,https://sv.wikipedia.org/wiki/Johanna_Thydell,kvinna,Q6581072,1980-11-14,,"[""Sverige""]","[""Q34""]","[""recensent"",""författare"",""docent"",""krönikör"",""barnboksförfattare""]","[""Q10650082"",""Q36180"",""Q462390"",""Q1086863"",""Q4853732""]"
Q4983766,Mia Törnblom,"[""Mia Törnblom""]",1,[323841],[40],,,https://sv.wikipedia.org/wiki/Mia_T%C3%B6rnblom,kvinna,Q6581072,1967-05-10,,"[""Sverige""]","[""Q34""]","[""docent"",""TV-programledare"",""författare""]","[""Q462390"",""Q947873"",""Q36180""]"
Q4983828,Cecilia Uddén,"[""Cecilia Uddén""]",2,"[126250,2397064]","[50,63]",,,https://sv.wikipedia.org/wiki/Cecilia_Udd%C3%A9n,kvinna,Q6581072,1960-10-28,,"[""Sverige""]","[""Q34""]","[""journalist""]","[""Q1930187""]"
Q4984043,Mirja Unge,"[""Mirja Unge""]",1,[651335],[27],,,https://sv.wikipedia.org/wiki/Mirja_Unge,kvinna,Q6581072,1973,,"[""Sverige""]","[""Q34""]","[""författare""]","[""Q36180""]"
Q4984386,Meta Velander,"[""Meta Velander""]",1,[126313],[85],,,https://sv.wikipedia.org/wiki/Meta_Velander,kvinna,Q6581072,1924-08-13,2025-05-16,"[""Sverige""]","[""Q34""]","[""skådespelare""]","[""Q33999""]"
Q4984760,Vera Vitali,"[""Vera Vitali""]",1,[1319508],[37],,,https://sv.wikipedia.org/wiki/Vera_Vitali,kvinna,Q6581072,1981-10-03,,"[""Sverige""]","[""Q34""]","[""skådespelare"",""dramatiker""]","[""Q33999"",""Q214917""]"
Q4984788,Anna Vnuk,"[""Anna Vnuk""]",1,[373951],[30],,,https://sv.wikipedia.org/wiki/Anna_Vnuk,kvinna,Q6581072,1974-03-12,,"[""Sverige""]","[""Q34""]","[""dramatiker"",""koreograf"",""regissör"",""dansare""]","[""Q214917"",""Q2490358"",""Q3455803"",""Q5716684""]"
Q498599,Andreas Johnson,"[""Andreas Johnson""]",1,[364037],[36],,,https://sv.wikipedia.org/wiki/Andreas_Johnson,man,Q6581097,1970-03-22,,"[""Sverige""]","[""Q34""]","[""sångare"",""musiker"",""sångtextförfattare"",""kompositör""]","[""Q177220"",""Q639669"",""Q822146"",""Q36834""]"
Q4987430,Karin Berglund,"[""Karin Berglund""]",1,[390082],[64],,,https://sv.wikipedia.org/wiki/Karin_Berglund,kvinna,Q6581072,1937-10-19,,"[""Sverige""]","[""Q34""]","[""journalist"",""fotograf"",""författare""]","[""Q1930187"",""Q33231"",""Q36180""]"
Q4987537,Tilde Björfors,"[""Tilde Björfors""]",1,[594502],[30],,,https://sv.wikipedia.org/wiki/Tilde_Bj%C3%B6rfors,kvinna,Q6581072,1971-01-13,,"[""Sverige""]","[""Q34""]",[],[]
Q4987956,Siw Carlsson,"[""Siw Carlsson""]",2,"[758116,782849]","[66,41]",,,https://sv.wikipedia.org/wiki/Siw_Carlsson,kvinna,Q6581072,1949-10-01,,"[""Sverige""]","[""Q34""]","[""skådespelare"",""röstskådespelare""]","[""Q33999"",""Q2405480""]"
Q4988512,Elisabeth Massi Fritz,"[""Elisabeth Massi Fritz""]",1,[369186],[40],,,https://sv.wikipedia.org/wiki/Elisabeth_Massi_Fritz,kvinna,Q6581072,1967-07-24,,"[""Sverige""]","[""Q34""]","[""advokat""]","[""Q17048963""]"
Q4988718,Eija Hetekivi Olsson,"[""Eija Hetekivi Olsson""]",1,[1319493],[46],,,https://sv.wikipedia.org/wiki/Eija_Hetekivi_Olsson,kvinna,Q6581072,1973-03-03,,"[""Sverige""]","[""Q34""]","[""författare"",""lärare""]","[""Q36180"",""Q37226""]"
Q4989117,Stina Dabrowski,"[""Stina Dabrowski""]",1,[420718],[43],,,https://sv.wikipedia.org/wiki/Stina_Lundberg_Dabrowski,kvinna,Q6581072,1950-12-03,,"[""Sverige""]","[""Q34""]","[""journalist"",""TV-programledare""]","[""Q1930187"",""Q947873""]"
Q4989327,Cilla Naumann,"[""Cilla Naumann""]",1,[622289],[40],,,https://sv.wikipedia.org/wiki/Cilla_Naumann,kvinna,Q6581072,1960-07-16,,"[""Sverige""]","[""Q34""]","[""journalist"",""författare""]","[""Q1930187"",""Q36180""]"
Q4989413,Lena Olving,"[""Lena Olving""]",1,[69106],[53],,,https://sv.wikipedia.org/wiki/Lena_Olving,kvinna,Q6581072,1956,,"[""Sverige""]","[""Q34""]","[""affärsidkare"",""maskiningenjör""]","[""Q43845"",""Q1906857""]"
Q4989941,Patricia Tudor-Sandahl,"[""Patricia Tudor-Sandahl""]",3,"[383510,911970,1631150]","[70,60,80]",,,https://sv.wikipedia.org/wiki/Patricia_Tudor_Sandahl,kvinna,Q6581072,1940-07-19,,"[""Sverige""]","[""Q34""]","[""psykolog"",""författare""]","[""Q212980"",""Q36180""]"
Q4990088,Laila Bagge,"[""Laila Bagge""]",1,[368564],[36],,,https://sv.wikipedia.org/wiki/Laila_Bagge,kvinna,Q6581072,1972-12-15,,"[""Sverige""]","[""Q34""]","[""sångare"",""musikproducent"",""låtskrivare""]","[""Q177220"",""Q183945"",""Q753110""]"
Q4990091,Bianca Ingrosso,"[""Bianca Ingrosso""]",1,[1106394],[23],,,https://sv.wikipedia.org/wiki/Bianca_Ingrosso,kvinna,Q6581072,1994-12-30,,"[""Sverige""]","[""Q34""]","[""sångare"",""influerare"",""TV-programledare""]","[""Q177220"",""Q2906862"",""Q947873""]"
Q4990125,Yrsa Walldén,"[""Yrsa Walldén""]",1,[322801],[19],,,https://sv.wikipedia.org/wiki/Yrsa_Walld%C3%A9n,kvinna,Q6581072,1989-02-27,,[],[],[],[]
Q4990242,Annie Wegelius,"[""Annie Wegelius""]",1,[412780],[55],,,https://sv.wikipedia.org/wiki/Annie_Wegelius,kvinna,Q6581072,1959-03-10,2017-09-25,"[""Sverige""]","[""Q34""]","[""TV-producent""]","[""Q578109""]"
Q4990307,Katarina Wennstam,"[""Katarina Wennstam""]",2,"[1106372,1205645]","[44,45]",,,https://sv.wikipedia.org/wiki/Katarina_Wennstam,kvinna,Q6581072,1973-08-09,,"[""Sverige""]","[""Q34""]","[""författare"",""journalist""]","[""Q36180"",""Q1930187""]"
Q4990358,Maria ”Vildhjärta” Westerberg,"[""Maria ”Vildhjärta” Westerberg""]",1,[1077291],[50],,,https://sv.wikipedia.org/wiki/Maria_Westerberg_(konstn%C3%A4r),kvinna,Q6581072,1968-05-21,,"[""Sverige""]","[""Q34""]","[""skulptör"",""författare""]","[""Q1281618"",""Q36180""]"
Q4990368,Meg Westergren,"[""Meg Westergren""]",1,[381746],[71],,,https://sv.wikipedia.org/wiki/Meg_Westergren,kvinna,Q6581072,1932-05-16,,"[""Sverige""]","[""Q34""]","[""skådespelare""]","[""Q33999""]"
Q4990390,Madeleine Westin,"[""Madeleine Westin""]",1,[367172],[43],,,https://sv.wikipedia.org/wiki/Madeleine_Westin,kvinna,Q6581072,1965-12-09,,"[""Sverige""]","[""Q34""]","[""författare"",""meteorolog"",""TV-programledare""]","[""Q482980"",""Q2310145"",""Q947873""]"
Q4990514,Linnea Wikblad,"[""Linnea Wikblad""]",1,[2578794],[39],,,https://sv.wikipedia.org/wiki/Linn%C3%A9a_Wikblad,kvinna,Q6581072,1986-02-24,,"[""Sverige""]","[""Q34""]","[""radioprogramledare"",""journalist""]","[""Q2722764"",""Q1930187""]"
Q4990683,Agnes Wold,"[""Agnes Wold""]",2,"[414728,479149]","[59,59]",,,https://sv.wikipedia.org/wiki/Agnes_Wold,kvinna,Q6581072,1955-01-07,,"[""Sverige""]","[""Q34""]","[""bakteriolog"",""läkare"",""universitetslärare""]","[""Q15816836"",""Q39631"",""Q1622272""]"
Q4990692,Lina Wolff,"[""Lina Wolff""]",1,[2180689],[49],,,https://sv.wikipedia.org/wiki/Lina_Wolff,kvinna,Q6581072,1973,,"[""Sverige""]","[""Q34""]","[""författare"",""översättare""]","[""Q36180"",""Q333634""]"
Q4990701,Stina Wollter,"[""Stina Wollter""]",2,"[1319468,1416527]","[55,55]",,,https://sv.wikipedia.org/wiki/Stina_Wollter,kvinna,Q6581072,1964-05-24,,"[""Sverige""]","[""Q34""]","[""sångare"",""målare"",""programledare""]","[""Q177220"",""Q1028181"",""Q13590141""]"
Q4990746,Melinda Wrede,"[""Melinda Wrede""]",1,[389897],[25],,,https://sv.wikipedia.org/wiki/Melinda_Wrede,kvinna,Q6581072,1977-03-30,,"[""Sverige""]","[""Q34""]","[""programledare"",""artist"",""journalist""]","[""Q13590141"",""Q713200"",""Q1930187""]"
Q4990855,Nina Yunkers,"[""Nina Yunkers""]",1,[359944],[66],,,https://sv.wikipedia.org/wiki/Nina_Yunkers,kvinna,Q6581072,1939-07-29,,"[""Sverige""]","[""Q34""]","[""författare""]","[""Q36180""]"
Q4990872,Amanda Zahui,"[""Amanda Zahui""]",1,[1319486],[25],,,https://sv.wikipedia.org/wiki/Amanda_Zahui,kvinna,Q6581072,1993-09-08,,"[""Sverige""]","[""Q34""]","[""basketspelare""]","[""Q3665646""]"
Q4990946,Klara Zimmergren,"[""Klara Zimmergren""]",3,"[116713,353531,1527004]","[45,41,53]",,,https://sv.wikipedia.org/wiki/Klara_Zimmergren,kvinna,Q6581072,1967-02-16,,"[""Sverige""]","[""Q34""]","[""komiker"",""röstskådespelare"",""TV-programledare"",""filmskådespelare"",""tv-skådespelare"",""radioprogramledare"",""skådespelare""]","[""Q245068"",""Q2405480"",""Q947873"",""Q10800557"",""Q10798782"",""Q2722764"",""Q33999""]"
Q4990961,Kenza Zouiten Subosic,"[""Kenza Zouiten Subosic""]",1,[2397583],[33],,,https://sv.wikipedia.org/wiki/Kenza_Zouiten,kvinna,Q6581072,1991-04-21,,"[""Marocko"",""Sverige""]","[""Q1028"",""Q34""]","[""TV-programledare"",""modell"",""bloggare"",""TV-producent""]","[""Q947873"",""Q4610556"",""Q8246794"",""Q578109""]"
Q4990974,Helena von Zweigbergk,"[""Helena von Zweigbergk""]",1,[363644],[50],,,https://sv.wikipedia.org/wiki/Helena_von_Zweigbergk,kvinna,Q6581072,1959-02-18,,"[""Sverige""]","[""Q34""]","[""journalist"",""TV-programledare"",""filmkritiker"",""radioprogramledare"",""författare""]","[""Q1930187"",""Q947873"",""Q4220892"",""Q2722764"",""Q36180""]"
Q4991027,Annika Åhnberg,"[""Annika Åhnberg""]",1,[953086],[50],,,https://sv.wikipedia.org/wiki/Annika_%C3%85hnberg,kvinna,Q6581072,1949-11-07,2025-06-18,"[""Sverige""]","[""Q34""]","[""politiker"",""socionomexamen""]","[""Q82955"",""Q913603""]"
Q4991050,CajsaStina Åkerström,"[""CajsaStina Åkerström""]",1,[383504],[43],,,https://sv.wikipedia.org/wiki/Cajsa_Stina_%C3%85kerstr%C3%B6m,kvinna,Q6581072,1967-08-16,,"[""Sverige""]","[""Q34""]","[""skivartist"",""sångare""]","[""Q55960555"",""Q177220""]"
Q4991075,Elisabeth Åsbrink,"[""Elisabeth Åsbrink""]",1,[104757],[45],,,https://sv.wikipedia.org/wiki/Elisabeth_%C3%85sbrink,kvinna,Q6581072,1965-04-29,,"[""Sverige""]","[""Q34""]","[""författare"",""redaktör"",""journalist"",""författare""]","[""Q482980"",""Q876864"",""Q1930187"",""Q36180""]"
Q4991137,Christina Lampe-Önnerud,"[""Christina Lampe-Önnerud""]",1,[116717],[45],,,https://sv.wikipedia.org/wiki/Christina_Lampe_%C3%96nnerud,kvinna,Q6581072,1967-02-04,,"[""Sverige""]","[""Q34""]","[""apotekare"",""kemist""]","[""Q105186"",""Q593644""]"
Q4993279,Christian Falk,"[""Christian Falk""]",1,[404139],[null],,,https://sv.wikipedia.org/wiki/Christian_Falk,man,Q6581097,1962-04-25,2014-07-24,"[""Sverige""]","[""Q34""]","[""musikproducent"",""musiker""]","[""Q183945"",""Q639669""]"
Q499364,Andreas Lundstedt,"[""Andreas Lundstedt""]",1,[126329],[38],,,https://sv.wikipedia.org/wiki/Andreas_Lundstedt,man,Q6581097,1972-05-20,,"[""Sverige""]","[""Q34""]","[""sångare"",""konstnär"",""musiker"",""koreograf""]","[""Q177220"",""Q483501"",""Q639669"",""Q2490358""]"
Q501007,Andreas Dregen,"[""Andreas Dregen""]",1,[391970],[41],,,https://sv.wikipedia.org/wiki/Dregen,man,Q6581097,1973-06-12,,"[""Sverige""]","[""Q34""]","[""kompositör"",""sångare"",""musiker"",""gitarrist"",""låtskrivare""]","[""Q36834"",""Q177220"",""Q639669"",""Q855091"",""Q753110""]"
Q503143,Alexander Stubb,"[""Alexander Stubb""]",1,[363645],[41],,,https://sv.wikipedia.org/wiki/Alexander_Stubb,man,Q6581097,1968-04-01,,"[""Finland""]","[""Q33""]","[""politiker"",""diplomat"",""statsvetare"",""universitetslärare"",""idrottare"",""regeringschef"",""utrikesminister"",""författare""]","[""Q82955"",""Q193391"",""Q1238570"",""Q1622272"",""Q2066131"",""Q2285706"",""Q7330070"",""Q36180""]"
Q5039756,Carl-Einar Häckner,"[""Carl-Einar Häckner""]",1,[390096],[32],,,https://sv.wikipedia.org/wiki/Carl-Einar_H%C3%A4ckner,man,Q6581097,1969-10-08,,"[""Sverige""]","[""Q34""]","[""komiker"",""filmskådespelare"",""scenmagiker""]","[""Q245068"",""Q10800557"",""Q15855449""]"
Q5040382,Carl Johan De Geer,"[""Carl Johan De Geer""]",1,[419238],[61],,,https://sv.wikipedia.org/wiki/Carl_Johan_De_Geer,man,Q6581097,1938-07-13,,"[""Sverige""]","[""Q34""]","[""fotograf"",""författare"",""skådespelare"",""konstnär"",""musiker"",""målare"",""filmskapare"",""filmregissör"",""regissör"",""formgivare""]","[""Q33231"",""Q36180"",""Q33999"",""Q483501"",""Q639669"",""Q1028181"",""Q1414443"",""Q2526255"",""Q3455803"",""Q5322166""]"
Q508722,Gustaf Skarsgård,"[""Gustaf Skarsgård""]",1,[322570],[26],,,https://sv.wikipedia.org/wiki/Gustaf_Skarsg%C3%A5rd,man,Q6581097,1980-11-12,,"[""Sverige""]","[""Q34""]","[""filmregissör"",""filmskådespelare"",""tv-skådespelare"",""skådespelare"",""manusförfattare""]","[""Q2526255"",""Q10800557"",""Q10798782"",""Q33999"",""Q28389""]"
Q508739,Thure Lindhardt,"[""Thure Lindhardt""]",1,[1077319],[43],,,https://sv.wikipedia.org/wiki/Thure_Lindhardt,man,Q6581097,1974-12-24,,"[""Konungariket Danmark""]","[""Q756617""]","[""röstskådespelare"",""filmskådespelare"",""skådespelare""]","[""Q2405480"",""Q10800557"",""Q33999""]"
Q510457,Antonia Ax:son Johnson,"[""Antonia Ax:son Johnson""]",1,[369374],[64],,,https://sv.wikipedia.org/wiki/Antonia_Ax:son_Johnson,kvinna,Q6581072,1943-09-06,,"[""Sverige""]","[""Q34""]","[""politiker"",""entreprenör""]","[""Q82955"",""Q131524""]"
Q5109196,Christer Lindarw,"[""Christer Lindarw""]",1,[358376],[52],,,https://sv.wikipedia.org/wiki/Christer_Lindarw,man,Q6581097,1953-03-03,,"[""Sverige""]","[""Q34""]","[""skådespelare"",""filmskådespelare""]","[""Q33999"",""Q10800557""]"
Q511661,Eva Röse,"[""Eva Röse""]",1,[2578963],[51],,,https://sv.wikipedia.org/wiki/Eva_R%C3%B6se,kvinna,Q6581072,1973-10-16,,"[""Sverige""]","[""Q34""]","[""TV-programledare"",""skådespelare""]","[""Q947873"",""Q33999""]"
Q5124996,Claes Dahlbäck,"[""Claes Dahlbäck""]",1,[116677],[65],,,https://sv.wikipedia.org/wiki/Claes_Dahlb%C3%A4ck,man,Q6581097,1947-06-06,,"[""Sverige""]","[""Q34""]","[""affärsidkare"",""verkställande direktör""]","[""Q43845"",""Q484876""]"
Q5124998,Claes Elfsberg,"[""Claes Elfsberg""]",2,"[358464,1631105]","[56,72]",,,https://sv.wikipedia.org/wiki/Claes_Elfsberg,man,Q6581097,1948-11-26,,"[""Sverige""]","[""Q34""]","[""journalist"",""TV-programledare""]","[""Q1930187"",""Q947873""]"
Q5125020,Claes af Geijerstam,"[""Claes af Geijerstam""]",1,[390088],[56],,,https://sv.wikipedia.org/wiki/Claes_af_Geijerstam,man,Q6581097,1946-02-06,,"[""Sverige""]","[""Q34""]","[""diskjockey"",""radioprogramledare"",""kompositör""]","[""Q130857"",""Q2722764"",""Q36834""]"
Q512616,Marie Hermanson,"[""Marie Hermanson""]",1,[622288],[45],,,https://sv.wikipedia.org/wiki/Marie_Hermanson,kvinna,Q6581072,1956-05-09,,"[""Sverige""]","[""Q34""]","[""författare"",""journalist"",""romanförfattare""]","[""Q36180"",""Q1930187"",""Q6625963""]"
Q512628,Linnea Henriksson,"[""Linnea Henriksson""]",2,"[1959686,2700790]","[35,39]",,,https://sv.wikipedia.org/wiki/Linnea_Henriksson,kvinna,Q6581072,1986-11-09,,"[""Sverige""]","[""Q34""]","[""sångare"",""låtskrivare""]","[""Q177220"",""Q753110""]"
Q512721,Katarina Ewerlöf,"[""Katarina Ewerlöf""]",1,[373929],[44],,,https://sv.wikipedia.org/wiki/Katarina_Ewerl%C3%B6f,kvinna,Q6581072,1959-12-28,,"[""Sverige""]","[""Q34""]","[""skådespelare"",""röstskådespelare"",""filmskådespelare""]","[""Q33999"",""Q2405480"",""Q10800557""]"
Q513212,Ville Virtanen,"[""Ville Virtanen""]",1,[126282],[49],,,https://sv.wikipedia.org/wiki/Ville_Virtanen,man,Q6581097,1961-08-19,,"[""Finland""]","[""Q33""]","[""författare"",""skådespelare"",""manusförfattare"",""filmregissör"",""filmskådespelare""]","[""Q36180"",""Q33999"",""Q28389"",""Q2526255"",""Q10800557""]"
Q513281,Georg Klein,"[""Georg Klein""]",1,[390117],[77],,,https://sv.wikipedia.org/wiki/Georg_Klein,man,Q6581097,1925-07-28,2016-12-10,"[""Ungern"",""Sverige""]","[""Q28"",""Q34""]","[""författare"",""läkare"",""universitetslärare"",""mikrobiolog"",""filmskådespelare"",""immunolog"",""essäist""]","[""Q36180"",""Q39631"",""Q1622272"",""Q3779582"",""Q10800557"",""Q12119633"",""Q11774202""]"
Q513640,Susanna Alakoski,"[""Susanna Alakoski""]",1,[371476],[45],,,https://sv.wikipedia.org/wiki/Susanna_Alakoski,kvinna,Q6581072,1962-05-16,,"[""Sverige""]","[""Q34""]","[""författare"",""journalist"",""romanförfattare""]","[""Q36180"",""Q1930187"",""Q6625963""]"
Q514152,Yvonne Hirdman,"[""Yvonne Hirdman""]",1,[2578971],[82],,,https://sv.wikipedia.org/wiki/Yvonne_Hirdman,kvinna,Q6581072,1943-01-18,,"[""Sverige""]","[""Q34""]","[""historiker"",""universitetslärare"",""feminist""]","[""Q201788"",""Q1622272"",""Q34074720""]"
Q51756992,Goran Kapetanović,"[""Goran Kapetanović""]",1,[1732933],[46],,,https://sv.wikipedia.org/wiki/Goran_Kapetanovi%C4%87,man,Q6581097,1974-12-12,,"[""Sverige""]","[""Q34""]","[""filmproducent"",""filmregissör"",""manusförfattare""]","[""Q3282637"",""Q2526255"",""Q28389""]"
Q5177069,Marianne Bernadotte,"[""Marianne Bernadotte""]",1,[400121],[90],,,https://sv.wikipedia.org/wiki/Marianne_Bernadotte,kvinna,Q6581072,1924-07-15,2025-05-16,"[""Sverige""]","[""Q34""]","[""talesperson"",""aristokrat"",""filmskådespelare"",""filantrop"",""memoarförfattare"",""scenskådespelare"",""mecenat""]","[""Q17221"",""Q2478141"",""Q10800557"",""Q12362622"",""Q11774156"",""Q2259451"",""Q15472169""]"
Q520223,Maria Borelius,"[""Maria Borelius""]",1,[1319496],[59],,,https://sv.wikipedia.org/wiki/Maria_Borelius,kvinna,Q6581072,1960-07-06,,"[""Sverige""]","[""Q34""]","[""författare"",""affärsidkare"",""politiker"",""entreprenör"",""biolog"",""journalist"",""TV-programledare""]","[""Q36180"",""Q43845"",""Q82955"",""Q131524"",""Q864503"",""Q1930187"",""Q947873""]"
Q5213864,Dan Laurin,"[""Dan Laurin""]",1,[390080],[42],,,https://sv.wikipedia.org/wiki/Dan_Laurin,man,Q6581097,1960-01-19,,"[""Sverige""]","[""Q34""]","[""musiker"",""blockflöjtist"",""kompositör""]","[""Q639669"",""Q3074722"",""Q36834""]"
Q5216357,Daniel Adams-Ray,"[""Daniel Adams-Ray""]",1,[126253],[27],,,https://sv.wikipedia.org/wiki/Daniel_Adams-Ray,man,Q6581097,1983-08-18,,"[""Sverige""]","[""Q34""]","[""sångare"",""musikproducent"",""låtskrivare"",""rappare"",""formgivare""]","[""Q177220"",""Q183945"",""Q753110"",""Q2252262"",""Q5322166""]"
Q5218777,Daniel Sjölin,"[""Daniel Sjölin""]",1,[116704],[34],,,https://sv.wikipedia.org/wiki/Daniel_Sj%C3%B6lin,man,Q6581097,1977,,"[""Sverige""]","[""Q34""]","[""TV-programledare"",""författare""]","[""Q947873"",""Q36180""]"
Q522944,Marcus Samuelsson,"[""Marcus Samuelsson""]",1,[324415],[34],,,https://sv.wikipedia.org/wiki/Marcus_Samuelsson,man,Q6581097,1970-11-06,,"[""Sverige""]","[""Q34""]","[""universitetslärare"",""kock"",""krögare"",""möbelarkitekt"",""tv-skådespelare""]","[""Q1622272"",""Q3499072"",""Q3427922"",""Q11455387"",""Q10798782""]"
Q5234881,David Hellenius,"[""David Hellenius""]",1,[116719],[38],,,https://sv.wikipedia.org/wiki/David_Hellenius,man,Q6581097,1974-02-28,,"[""Sverige""]","[""Q34""]","[""komiker"",""TV-programledare"",""programledare"",""skådespelare"",""manusförfattare""]","[""Q245068"",""Q947873"",""Q13590141"",""Q33999"",""Q28389""]"
Q5236464,David Lega,"[""David Lega""]",1,[419228],[26],,,https://sv.wikipedia.org/wiki/David_Lega,man,Q6581097,1973-10-12,,"[""Sverige""]","[""Q34""]","[""affärsidkare"",""politiker"",""simmare""]","[""Q43845"",""Q82955"",""Q10843402""]"
Q524499,Rigmor Gustafsson,"[""Rigmor Gustafsson""]",1,[371177],[41],,,https://sv.wikipedia.org/wiki/Rigmor_Gustafsson,kvinna,Q6581072,1966-04-12,,"[""Sverige""]","[""Q34""]","[""sångare"",""musiker"",""jazzsångare"",""kompositör""]","[""Q177220"",""Q639669"",""Q66314404"",""Q36834""]"
Q525152,Salem Al Fakir,"[""Salem Al Fakir""]",1,[371269],[25],,,https://sv.wikipedia.org/wiki/Salem_Al_Fakir,man,Q6581097,1981-10-27,,"[""Sverige""]","[""Q34""]","[""sångare"",""musikproducent"",""låtskrivare"",""sångtextförfattare"",""singer-songwriter"",""kompositör""]","[""Q177220"",""Q183945"",""Q753110"",""Q822146"",""Q488205"",""Q36834""]"
Q525967,Kjell Westö,"[""Kjell Westö""]",2,"[396903,412381]","[52,39]",,,https://sv.wikipedia.org/wiki/Kjell_West%C3%B6,man,Q6581097,1961-08-06,,"[""Finland""]","[""Q33""]","[""journalist"",""romanförfattare"",""novellförfattare"",""författare"",""poet""]","[""Q1930187"",""Q6625963"",""Q15949613"",""Q36180"",""Q49757""]"
Q526431,Suzanne Osten,"[""Suzanne Osten""]",2,"[722591,2397811]","[56,80]",,,https://sv.wikipedia.org/wiki/Suzanne_Osten,kvinna,Q6581072,1944-06-20,2024-10-28,"[""Sverige""]","[""Q34""]","[""författare"",""manusförfattare"",""dramatiker"",""teaterchef"",""filmregissör"",""regissör""]","[""Q36180"",""Q28389"",""Q214917"",""Q1776724"",""Q2526255"",""Q3455803""]"
Q5265169,Per Hallberg,"[""Per Hallberg""]",1,[369530],[49],,,https://sv.wikipedia.org/wiki/Per_Hallberg,man,Q6581097,1958-12-30,,"[""Sverige""]","[""Q34""]","[""filmklippare"",""ljudingenjör""]","[""Q7042855"",""Q128124""]"
Q5288346,Douglas ”Dogge Doggelito” León,"[""Douglas ”Dogge Doggelito” León""]",1,[910666],[41],,,https://sv.wikipedia.org/wiki/Dogge_Doggelito,man,Q6581097,1975-07-24,,"[""Sverige""]","[""Q34""]","[""skådespelare"",""författare"",""låtskrivare"",""rappare"",""orator""]","[""Q33999"",""Q482980"",""Q753110"",""Q2252262"",""Q12859263""]"
Q52920,Fredrik Reinfeldt,"[""Fredrik Reinfeldt""]",2,"[373927,592566]","[38,50]",,,https://sv.wikipedia.org/wiki/Fredrik_Reinfeldt,man,Q6581097,1965-08-04,,"[""Sverige""]","[""Q34""]","[""politiker"",""nationalekonom""]","[""Q82955"",""Q188094""]"
Q52922,Carl Bildt,"[""Carl Bildt""]",4,"[126272,556585,556586,2398425]","[62,49,46,74]",,,https://sv.wikipedia.org/wiki/Carl_Bildt,man,Q6581097,1949-07-15,,"[""Sverige""]","[""Q34""]","[""politiker"",""diplomat"",""regeringschef"",""utrikesminister"",""bloggare"",""författare""]","[""Q82955"",""Q193391"",""Q2285706"",""Q7330070"",""Q8246794"",""Q36180""]"
Q531113,Johanna Billing,"[""Johanna Billing""]",1,[382824],[29],,,https://sv.wikipedia.org/wiki/Johanna_Billing,kvinna,Q6581072,1973,,"[""Sverige""]","[""Q34""]","[""konstnär"",""filmregissör"",""bildkonstnär"",""videokonstnär"",""TV-producent"",""fotograf""]","[""Q483501"",""Q2526255"",""Q3391743"",""Q18216771"",""Q578109"",""Q33231""]"
Q533014,Emma Eliasson,"[""Emma Eliasson""]",1,[1518812],[31],,,https://sv.wikipedia.org/wiki/Emma_Eliasson,kvinna,Q6581072,1989-06-12,,"[""Sverige""]","[""Q34""]","[""ishockeyspelare""]","[""Q11774891""]"
Q5331556,Ebbot Lundberg,"[""Ebbot Lundberg""]",1,[116678],[46],,,https://sv.wikipedia.org/wiki/Ebbot_Lundberg,man,Q6581097,1966-02-26,,"[""Sverige""]","[""Q34""]","[""sångare"",""musikproducent"",""musiker"",""kompositör""]","[""Q177220"",""Q183945"",""Q639669"",""Q36834""]"
Q5341373,Edvard Moser,"[""Edvard Moser""]",1,[571820],[53],,,https://sv.wikipedia.org/wiki/Edvard_Moser,man,Q6581097,1962-04-27,,"[""Norge""]","[""Q20""]","[""neuroforskare"",""psykolog"",""forskare"",""universitetslärare""]","[""Q6337803"",""Q212980"",""Q1650915"",""Q1622272""]"
Q5346042,Edward af Sillén,"[""Edward af Sillén""]",1,[2578955],[42],,,https://sv.wikipedia.org/wiki/Edward_af_Sill%C3%A9n,man,Q6581097,1982-09-25,,"[""Sverige""]","[""Q34""]","[""musikdirektör"",""filmregissör"",""skådespelare"",""manusförfattare""]","[""Q1198887"",""Q2526255"",""Q33999"",""Q28389""]"
Q53538450,Christina Nilsson,"[""Christina Nilsson""]",1,[2578972],[34],,,https://sv.wikipedia.org/wiki/Christina_Nilsson_(operas%C3%A5ngerska),kvinna,Q6581072,1990,,"[""Sverige""]","[""Q34""]","[""operasångare""]","[""Q2865819""]"
Q5357323,Paul Hansen,"[""Paul Hansen""]",1,[1077300],[54],,,https://sv.wikipedia.org/wiki/Paul_Hansen,man,Q6581097,1964-04-25,,"[""Sverige""]","[""Q34""]","[""pressfotograf"",""fotograf""]","[""Q957729"",""Q33231""]"
Q5371300,Emil Jensen,"[""Emil Jensen""]",3,"[747743,826080,994703]","[41,41,42]",,,https://sv.wikipedia.org/wiki/Emil_Jensen,man,Q6581097,1974,,"[""Sverige""]","[""Q34""]","[""författare"",""poet"",""sångare"",""låtskrivare""]","[""Q36180"",""Q49757"",""Q177220"",""Q753110""]"
Q53740,Ingvar Carlsson,"[""Ingvar Carlsson""]",1,[741270],[81],,,https://sv.wikipedia.org/wiki/Ingvar_Carlsson,man,Q6581097,1934-11-09,,"[""Sverige""]","[""Q34""]","[""politiker""]","[""Q82955""]"
Q53747,Göran Persson,"[""Göran Persson""]",1,[1395966],[48],,,https://sv.wikipedia.org/wiki/G%C3%B6ran_Persson,man,Q6581097,1949-01-20,,"[""Sverige""]","[""Q34""]","[""politiker""]","[""Q82955""]"
Q540344,Klas Östergren,"[""Klas Östergren""]",4,"[363417,760409,768884,782851]","[51,26,61,25]",,,https://sv.wikipedia.org/wiki/Klas_%C3%96stergren,man,Q6581097,1955-02-20,,"[""Sverige""]","[""Q34""]","[""översättare"",""författare"",""manusförfattare""]","[""Q333634"",""Q36180"",""Q28389""]"
Q54357947,Claudia Olsson,"[""Claudia Olsson""]",1,[1735062],[37],,,https://sv.wikipedia.org/wiki/Claudia_Olsson,kvinna,Q6581072,1983-12-27,,[],[],"[""affärsidkare""]","[""Q43845""]"
Q5442231,Felix Herngren,"[""Felix Herngren""]",1,[373930],[37],,,https://sv.wikipedia.org/wiki/Felix_Herngren,man,Q6581097,1967-02-04,,"[""Sverige""]","[""Q34""]","[""skådespelare"",""manusförfattare"",""komiker"",""filmregissör"",""regissör"",""filmklippare""]","[""Q33999"",""Q28389"",""Q245068"",""Q2526255"",""Q3455803"",""Q7042855""]"
Q546002,Jujja Wieslander,"[""Jujja Wieslander""]",1,[723002],[45],,,https://sv.wikipedia.org/wiki/Jujja_Wieslander,kvinna,Q6581072,1944-06-12,,"[""Sverige""]","[""Q34""]","[""författare"",""manusförfattare"",""barnboksförfattare""]","[""Q36180"",""Q28389"",""Q4853732""]"
Q546336,Natasha Illum Berg,"[""Natasha Illum Berg""]",1,[111823],[39],,,https://sv.wikipedia.org/wiki/Natasha_Illum_Berg,kvinna,Q6581072,1971-04-21,,"[""Sverige""]","[""Q34""]","[""jägare"",""självbiograf"",""författare""]","[""Q1714828"",""Q18814623"",""Q36180""]"
Q54836,Molly Sandén,"[""Molly Sandén""]",1,[1319470],[27],,,https://sv.wikipedia.org/wiki/Molly_Sand%C3%A9n,kvinna,Q6581072,1992-07-03,,"[""Sverige""]","[""Q34""]","[""låtskrivare"",""röstskådespelare"",""TV-programledare"",""popsångare"",""skådespelare"",""sångare""]","[""Q753110"",""Q2405480"",""Q947873"",""Q60723829"",""Q33999"",""Q177220""]"
Q54925917,Sara Parkman,"[""Sara Parkman""]",1,[1077321],[29],,,https://sv.wikipedia.org/wiki/Sara_Parkman,kvinna,Q6581072,1989-05-07,,"[""Sverige""]","[""Q34""]","[""fiolspelman""]","[""Q3560496""]"
Q5496814,Freddie Wadling,"[""Freddie Wadling""]",1,[126280],[59],,,https://sv.wikipedia.org/wiki/Freddie_Wadling,man,Q6581097,1951-08-02,2016-06-02,"[""Sverige""]","[""Q34""]","[""sångare"",""musiker"",""serietecknare"",""rockmusiker"",""skådespelare""]","[""Q177220"",""Q639669"",""Q1114448"",""Q12374149"",""Q33999""]"
Q5499462,Fredrik Gertten,"[""Fredrik Gertten""]",1,[126263],[55],,,https://sv.wikipedia.org/wiki/Fredrik_Gertten,man,Q6581097,1956-04-03,,"[""Sverige""]","[""Q34""]","[""manusförfattare"",""dokumentärfilmare"",""journalist"",""filmproducent""]","[""Q28389"",""Q1235146"",""Q1930187"",""Q3282637""]"
Q549955,Jan Eliasson,"[""Jan Eliasson""]",3,"[223949,352859,2503995]","[72,64,84]",,,https://sv.wikipedia.org/wiki/Jan_Eliasson,man,Q6581097,1940-09-17,,"[""Sverige""]","[""Q34""]","[""politiker"",""diplomat"",""utrikesminister""]","[""Q82955"",""Q193391"",""Q7330070""]"
Q55178468,Suad Ali,"[""Suad Ali""]",1,[1077320],[27],,,https://sv.wikipedia.org/wiki/Suad_Ali,kvinna,Q6581072,1990,,[],[],"[""statsvetare""]","[""Q1238570""]"
Q55178471,Samantha Ohlanders,"[""Samantha Ohlanders""]",1,[1077321],[28],,,https://sv.wikipedia.org/wiki/Samantha_Ohlanders,kvinna,Q6581072,1989-09-11,,"[""Sverige""]","[""Q34""]","[""fiolspelman""]","[""Q3560496""]"
Q55178473,Tauba Katzenstein,"[""Tauba Katzenstein""]",1,[1077303],[92],,,https://sv.wikipedia.org/wiki/Tauba_Katzenstein,kvinna,Q6581072,1925-12-25,2020-03-28,"[""Polen""]","[""Q36""]",[],[]
Q55178475,Anna Throne-Holst,"[""Anna Throne-Holst""]",1,[1106299],[57],,,https://sv.wikipedia.org/wiki/Anna_Throne-Holst,kvinna,Q6581072,1960,,[],[],"[""entreprenör""]","[""Q131524""]"
Q55179390,Kent Wisti,"[""Kent Wisti""]",1,[1106370],[46],,,https://sv.wikipedia.org/wiki/Kent_Wisti,man,Q6581097,1971-11-08,,"[""Sverige""]","[""Q34""]","[""målare"",""tecknare"",""präst""]","[""Q1028181"",""Q15296811"",""Q42603""]"
Q55179409,Ahmed Abdirahman,"[""Ahmed Abdirahman""]",1,[1106305],[32],,,https://sv.wikipedia.org/wiki/Ahmed_Abdirahman,man,Q6581097,1986-04-04,,"[""Sverige""]","[""Q34""]",[],[]
Q552904,Michael Treschow,"[""Michael Treschow""]",1,[370886],[64],,,https://sv.wikipedia.org/wiki/Michael_Treschow,man,Q6581097,1943-04-22,,"[""Sverige""]","[""Q34""]","[""affärsidkare"",""ingenjör""]","[""Q43845"",""Q81096""]"
Q553833,Niklas Rådström,"[""Niklas Rådström""]",1,[126295],[57],,,https://sv.wikipedia.org/wiki/Niklas_R%C3%A5dstr%C3%B6m,man,Q6581097,1953-04-12,,"[""Sverige""]","[""Q34""]","[""författare"",""manusförfattare"",""poet"",""dramatiker"",""filmregissör"",""romanförfattare""]","[""Q36180"",""Q28389"",""Q49757"",""Q214917"",""Q2526255"",""Q6625963""]"
Q5540675,Lars-Eric Aaro,"[""Lars-Eric Aaro""]",1,[126274],[55],,,https://sv.wikipedia.org/wiki/Lars-Eric_Aaro,man,Q6581097,1956-06-26,,"[""Sverige""]","[""Q34""]",[],[]
Q5541028,Magdi Abdelhadi,"[""Magdi Abdelhadi""]",2,"[116696,355576]","[null,null]",,,https://sv.wikipedia.org/wiki/Magdi_Abdelhadi,man,Q6581097,,,[],[],"[""journalist""]","[""Q1930187""]"
Q5542234,Zanyar Adami,"[""Zanyar Adami""]",1,[363134],[24],,,https://sv.wikipedia.org/wiki/Zanyar_Adami,man,Q6581097,1981-10-16,,"[""Sverige""]","[""Q34""]","[""författare"",""journalist"",""filmregissör""]","[""Q36180"",""Q1930187"",""Q2526255""]"
Q5544037,Raymond Ahlgren,"[""Raymond Ahlgren""]",2,"[369505,415364]","[41,34]",,,https://sv.wikipedia.org/wiki/Raymond_Ahlgren,man,Q6581097,1967-05-06,,"[""Sverige""]","[""Q34""]","[""författare""]","[""Q36180""]"
Q5544987,Kodjo Akolor,"[""Kodjo Akolor""]",2,"[1319485,2295382]","[48,52]",,,https://sv.wikipedia.org/wiki/Kodjo_Akolor,man,Q6581097,1971-06-15,,"[""Sverige""]","[""Q34""]","[""TV-programledare"",""radioprogramledare""]","[""Q947873"",""Q2722764""]"
Q5545280,Tom Alandh,"[""Tom Alandh""]",1,[571815],[71],,,https://sv.wikipedia.org/wiki/Tom_Alandh,man,Q6581097,1944-06-13,,"[""Sverige""]","[""Q34""]","[""dokumentärfilmare"",""journalist""]","[""Q1235146"",""Q1930187""]"
Q554657,Kristian Matsson,"[""Kristian Matsson""]",1,[2397558],[41],,,https://sv.wikipedia.org/wiki/The_Tallest_Man_on_Earth,man,Q6581097,1983-04-30,,"[""Sverige""]","[""Q34""]","[""sångare"",""musiker"",""singer-songwriter"",""kompositör""]","[""Q177220"",""Q639669"",""Q488205"",""Q36834""]"
Q5546699,Kjell Alinge,"[""Kjell Alinge""]",1,[424704],[35],,,https://sv.wikipedia.org/wiki/Kjell_Alinge,man,Q6581097,1943-08-16,2016-01-17,"[""Sverige""]","[""Q34""]","[""journalist"",""radioprogramledare""]","[""Q1930187"",""Q2722764""]"
Q5554238,Bosse ”Bildoktorn” Andersson,"[""Bosse ”Bildoktorn” Andersson""]",1,[373940],[51],,,https://sv.wikipedia.org/wiki/Bosse_%22Bildoktorn%22_Andersson,man,Q6581097,1953-04-03,,"[""Sverige""]","[""Q34""]","[""TV-programledare"",""författare""]","[""Q947873"",""Q36180""]"
Q5554749,Hasse ”Kvinnaböske” Andersson,"[""Hasse ”Kvinnaböske” Andersson""]",1,[1518769],[72],,,https://sv.wikipedia.org/wiki/Hasse_Andersson,man,Q6581097,1948-01-28,,"[""Sverige""]","[""Q34""]","[""skivartist"",""sångare"",""låtskrivare"",""röstskådespelare"",""TV-programledare"",""countrysångare"",""countrymusiker""]","[""Q55960555"",""Q177220"",""Q753110"",""Q2405480"",""Q947873"",""Q66763708"",""Q66763670""]"
Q5555476,Mattias Andersson,"[""Mattias Andersson""]",1,[2181974],[53],,,https://sv.wikipedia.org/wiki/Mattias_Andersson_(dramatiker_och_regiss%C3%B6r),man,Q6581097,1969-09-13,,"[""Sverige""]","[""Q34""]","[""skådespelare"",""manusförfattare"",""regissör""]","[""Q33999"",""Q28389"",""Q3455803""]"
Q5555780,Per Andersson,"[""Per Andersson""]",1,[768788],[39],,,https://sv.wikipedia.org/wiki/Per_Andersson_(sk%C3%A5despelare),man,Q6581097,1976-11-17,,"[""Sverige""]","[""Q34""]","[""skådespelare"",""manusförfattare"",""regissör""]","[""Q33999"",""Q28389"",""Q3455803""]"
Q5555953,Rune Andersson,"[""Rune Andersson""]",1,[916616],[72],,,https://sv.wikipedia.org/wiki/Rune_Andersson,man,Q6581097,1944-10-14,,"[""Sverige""]","[""Q34""]","[""väg- och vattenbyggnadsingenjör"",""affärsidkare""]","[""Q13582652"",""Q43845""]"
Q5558105,Peter Apelgren,"[""Peter Apelgren""]",1,[562876],[56],,,https://sv.wikipedia.org/wiki/Peter_Apelgren,man,Q6581097,1959-02-13,,"[""Sverige""]","[""Q34""]","[""konstnär"",""skådespelare""]","[""Q483501"",""Q33999""]"
Q5560697,Arkan Asaad,"[""Arkan Asaad""]",1,[579037],[34],,,https://sv.wikipedia.org/wiki/Arkan_Asaad,man,Q6581097,1980-12-01,,"[""Sverige""]","[""Q34""]","[""författare""]","[""Q36180""]"
Q5563066,Svante Axelsson,"[""Svante Axelsson""]",1,[369523],[51],,,https://sv.wikipedia.org/wiki/Svante_Axelsson,man,Q6581097,1957-04-15,,"[""Sverige""]","[""Q34""]","[""agronom""]","[""Q1781198""]"
Q5563256,Christian Azar,"[""Christian Azar""]",1,[381773],[34],,,https://sv.wikipedia.org/wiki/Christian_Azar,man,Q6581097,1969-01-28,,"[""Sverige""]","[""Q34""]","[""fysiker""]","[""Q169470""]"
Q5564563,Kurdo Baksi,"[""Kurdo Baksi""]",1,[911944],[35],,,https://sv.wikipedia.org/wiki/Kurdo_Baksi,man,Q6581097,1965-06-05,,"[""Sverige""]","[""Q34""]","[""journalist"",""författare""]","[""Q1930187"",""Q36180""]"
Q5565531,Anders Bárány,"[""Anders Bárány""]",1,[391830],[71],,,https://sv.wikipedia.org/wiki/Anders_B%C3%A1r%C3%A1ny,man,Q6581097,1942-07-13,2025-10-14,"[""Sverige""]","[""Q34""]","[""fysiker""]","[""Q169470""]"
Q5570206,Hans-Uno Bengtsson,"[""Hans-Uno Bengtsson""]",1,[415913],[46],,,https://sv.wikipedia.org/wiki/Hans-Uno_Bengtsson,man,Q6581097,1953-05-12,2007-05-18,[],[],"[""fysiker""]","[""Q169470""]"
Q5571286,Lasse Berg,"[""Lasse Berg""]",4,"[325704,325706,367177,2396946]","[59,56,65,80]",,,https://sv.wikipedia.org/wiki/Lasse_Berg,man,Q6581097,1943,,"[""Sverige""]","[""Q34""]","[""författare"",""journalist""]","[""Q36180"",""Q1930187""]"
Q5571447,Gloria Ray Karlmark,"[""Gloria Ray Karlmark""]",1,[743479],[73],,,https://sv.wikipedia.org/wiki/Gloria_Ray_Karlmark,kvinna,Q6581072,1942-09-26,,"[""USA""]","[""Q30""]","[""datavetare"",""chefredaktör"",""teknisk skribent""]","[""Q82594"",""Q589298"",""Q1568338""]"
Q5571781,Simon J Berger,"[""Simon J Berger""]",1,[1518801],[41],,,https://sv.wikipedia.org/wiki/Simon_J._Berger,man,Q6581097,1979-06-01,,"[""Sverige""]","[""Q34""]","[""dramaturg"",""skådespelare""]","[""Q487596"",""Q33999""]"
Q5572456,Pelle Berglund,"[""Pelle Berglund""]",1,[421776],[43],,,https://sv.wikipedia.org/wiki/Pelle_Berglund,man,Q6581097,1939-02-28,,"[""Sverige""]","[""Q34""]","[""manusförfattare"",""filmproducent"",""filmregissör"",""regissör""]","[""Q28389"",""Q3282637"",""Q2526255"",""Q3455803""]"
Q5572950,Lars Bergquist,"[""Lars Bergquist""]",1,[358962],[75],,,https://sv.wikipedia.org/wiki/Lars_Bergquist,man,Q6581097,1930-06-06,2022-09-25,"[""Sverige""]","[""Q34""]","[""författare"",""diplomat""]","[""Q36180"",""Q193391""]"
Q5573449,K-G Bergström,"[""K-G Bergström""]",1,[383505],[65],,,https://sv.wikipedia.org/wiki/K.-G._Bergstr%C3%B6m,man,Q6581097,1945-07-15,,"[""Sverige""]","[""Q34""]","[""journalist""]","[""Q1930187""]"
Q5573923,Joachim Berner,"[""Joachim Berner""]",1,[1321251],[35],,,https://sv.wikipedia.org/wiki/Joachim_Berner,man,Q6581097,1962-11-26,,"[""Sverige""]","[""Q34""]","[""journalist""]","[""Q1930187""]"
Q5576295,Micael Bindefeld,"[""Micael Bindefeld""]",1,[126314],[50],,,https://sv.wikipedia.org/wiki/Micael_Bindefeld,man,Q6581097,1959-09-20,,"[""Sverige""]","[""Q34""]","[""frisör"",""organisatör""]","[""Q55187"",""Q1419997""]"
Q55767,Astrid Lindgren,"[""Astrid Lindgren""]",1,[404163],[85],,,https://sv.wikipedia.org/wiki/Astrid_Lindgren,kvinna,Q6581072,1907-11-14,2002-01-28,"[""Sverige""]","[""Q34""]","[""ungdomsförfattare"",""barnboksförfattare"",""romanförfattare"",""författare"",""manusförfattare""]","[""Q62083492"",""Q4853732"",""Q6625963"",""Q36180"",""Q28389""]"
Q5577132,Michael Bjerkhagen,"[""Michael Bjerkhagen""]",1,[1569349],[29],,,https://sv.wikipedia.org/wiki/Michael_Bjerkhagen,man,Q6581097,1966-11-28,,"[""Sverige""]","[""Q34""]","[""luthersk pastor"",""skådespelare"",""röstskådespelare""]","[""Q96236305"",""Q33999"",""Q2405480""]"
Q5582099,Leif Boork,"[""Leif Boork""]",1,[953125],[46],,,https://sv.wikipedia.org/wiki/Leif_Boork,man,Q6581097,1949-07-03,,"[""Sverige""]","[""Q34""]","[""ishockeytränare""]","[""Q5137576""]"
Q5583286,Tomas Boström,"[""Tomas Boström""]",1,[597461],[48],,,https://sv.wikipedia.org/wiki/Tomas_Bostr%C3%B6m,man,Q6581097,1953-01-28,,"[""Sverige""]","[""Q34""]","[""författare"",""präst"",""kompositör""]","[""Q36180"",""Q42603"",""Q36834""]"
Q5584076,Daniel Boyacioglü,"[""Daniel Boyacioglü""]",1,[381884],[21],,,https://sv.wikipedia.org/wiki/Daniel_Boyacioglu,man,Q6581097,1981-10-07,,"[""Sverige""]","[""Q34""]","[""poet""]","[""Q49757""]"
Q5584758,Uje Brandelius,"[""Uje Brandelius""]",1,[1077286],[46],,,https://sv.wikipedia.org/wiki/Uje_Brandelius,man,Q6581097,1971-07-24,,"[""Sverige""]","[""Q34""]","[""sångare"",""musiker"",""journalist"",""TV-programledare"",""barnboksförfattare"",""skådespelare"",""manusförfattare""]","[""Q177220"",""Q639669"",""Q1930187"",""Q947873"",""Q4853732"",""Q33999"",""Q28389""]"
Q5586441,Hassan Brijany,"[""Hassan Brijany""]",1,[370230],[47],,,https://sv.wikipedia.org/wiki/Hassan_Brijany,man,Q6581097,1961-04-12,2020-07-23,"[""Sverige""]","[""Q34""]","[""skådespelare""]","[""Q33999""]"
Q5587565,Johannes Brost,"[""Johannes Brost""]",2,"[116378,415920]","[65,34]",,,https://sv.wikipedia.org/wiki/Johannes_Brost,man,Q6581097,1946-09-25,2018-01-04,"[""Sverige""]","[""Q34""]","[""skådespelare"",""tv-skådespelare""]","[""Q33999"",""Q10798782""]"
Q558837,Lars Norén,"[""Lars Norén""]",1,[377277],[61],,,https://sv.wikipedia.org/wiki/Lars_Nor%C3%A9n,man,Q6581097,1944-05-09,2021-01-26,"[""Sverige""]","[""Q34""]","[""dramatiker"",""filmregissör"",""regissör"",""romanförfattare"",""prosaist"",""teaterregissör"",""författare"",""manusförfattare"",""poet""]","[""Q214917"",""Q2526255"",""Q3455803"",""Q6625963"",""Q12144794"",""Q3387717"",""Q36180"",""Q28389"",""Q49757""]"
Q5588378,Ulf Brunnberg,"[""Ulf Brunnberg""]",1,[126269],[64],,,https://sv.wikipedia.org/wiki/Ulf_Brunnberg,man,Q6581097,1947-04-07,,"[""Sverige""]","[""Q34""]","[""skådespelare""]","[""Q33999""]"
Q5599519,Hans Henrik Brummer,"[""Hans Henrik Brummer""]",1,[381872],[66],,,https://sv.wikipedia.org/wiki/Hans_Henrik_Brummer,man,Q6581097,1937-07-02,,"[""Sverige""]","[""Q34""]","[""konsthistoriker""]","[""Q1792450""]"
Q5603329,Olle Carlsson,"[""Olle Carlsson""]",1,[369284],[53],,,https://sv.wikipedia.org/wiki/Olle_Carlsson,man,Q6581097,1955-05-06,,"[""Sverige""]","[""Q34""]","[""författare"",""präst""]","[""Q36180"",""Q42603""]"
Q5603353,Peter Carlsson,"[""Peter Carlsson""]",1,[395610],[47],,,https://sv.wikipedia.org/wiki/Peter_Carlsson_(musiker),man,Q6581097,1952-04-17,,"[""Sverige""]","[""Q34""]","[""sångare"",""musiker"",""skådespelare""]","[""Q177220"",""Q639669"",""Q33999""]"
Q5604968,Alessandro Catenacci,"[""Alessandro Catenacci""]",1,[370531],[48],,,https://sv.wikipedia.org/wiki/Alessandro_Catenacci,man,Q6581097,1958-12-03,,[],[],"[""entreprenör""]","[""Q131524""]"
Q5605177,Hans Cavalli-Björkman,"[""Hans Cavalli-Björkman""]",1,[1570317],[61],,,https://sv.wikipedia.org/wiki/Hans_Cavalli-Bj%C3%B6rkman,man,Q6581097,1928-06-29,2020-08-18,"[""Sverige""]","[""Q34""]","[""bankman""]","[""Q806798""]"
Q5605437,Jörgen Cederberg,"[""Jörgen Cederberg""]",1,[425278],[28],,,https://sv.wikipedia.org/wiki/J%C3%B6rgen_Cederberg,man,Q6581097,1931-08-24,2008-09-14,"[""Sverige""]","[""Q34""]","[""radioprogramledare""]","[""Q2722764""]"
Q5606066,Andreas Cervenka,"[""Andreas Cervenka""]",1,[2180356],[49],,,https://sv.wikipedia.org/wiki/Andreas_Cervenka,man,Q6581097,1974-04-01,,"[""Sverige""]","[""Q34""]","[""journalist""]","[""Q1930187""]"
Q56063445,Gunhild ”Ninis” Rosqvist,"[""Gunhild ”Ninis” Rosqvist""]",1,[1732935],[61],,,https://sv.wikipedia.org/wiki/Gunhild_Rosqvist,kvinna,Q6581072,1960-07-06,,[],[],[],[]
Q5606363,Bicky Chakraborty,"[""Bicky Chakraborty""]",1,[371635],[63],,,https://sv.wikipedia.org/wiki/Bicky_Chakraborty,man,Q6581097,1943-08-28,2022-08-26,"[""Sverige""]","[""Q34""]","[""hotelldirektör"",""affärsidkare""]","[""Q1631120"",""Q43845""]"
Q56072677,Tom Xiong,"[""Tom Xiong""]",1,[1077295],[31],,,https://sv.wikipedia.org/wiki/Tom_Xiong,man,Q6581097,1986,,[],[],"[""verkställande direktör""]","[""Q484876""]"
Q56072751,Olof Röhlander,"[""Olof Röhlander""]",2,"[1077322,1209191]","[42,42]",,,https://sv.wikipedia.org/wiki/Olof_R%C3%B6hlander,man,Q6581097,1976-03-15,,"[""Sverige""]","[""Q34""]","[""orator"",""författare""]","[""Q12859263"",""Q36180""]"
Q56088182,Sara Bäckmo,"[""Sara Bäckmo""]",1,[1518777],[41],,,https://sv.wikipedia.org/wiki/Sara_B%C3%A4ckmo,kvinna,Q6581072,1978-08-10,,"[""Sverige""]","[""Q34""]","[""författare"",""journalist"",""bloggare""]","[""Q36180"",""Q1930187"",""Q8246794""]"
Q56088242,Ingrid Wall,"[""Ingrid Wall""]",1,[1077315],[62],,,https://sv.wikipedia.org/wiki/Ingrid_Wall,kvinna,Q6581072,1956-01-05,,"[""Sverige""]","[""Q34""]","[""författare"",""journalist""]","[""Q482980"",""Q1930187""]"
Q5612926,Wille Crafoord,"[""Wille Crafoord""]",1,[1436497],[30],,,https://sv.wikipedia.org/wiki/Wille_Crafoord,man,Q6581097,1966-02-08,,"[""Sverige""]","[""Q34""]","[""kompositör"",""sångare""]","[""Q36834"",""Q177220""]"
Q5613449,Johan Croneman,"[""Johan Croneman""]",1,[386827],[59],,,https://sv.wikipedia.org/wiki/Johan_Croneman,man,Q6581097,1955-02-25,,"[""Sverige""]","[""Q34""]","[""journalist"",""författare""]","[""Q1930187"",""Q36180""]"
Q5615074,Peter Dahl,"[""Peter Dahl""]",1,[1304462],[56],,,https://sv.wikipedia.org/wiki/Peter_Dahl,man,Q6581097,1934-02-16,2019-05-17,"[""Sverige""]","[""Q34""]","[""konstnär"",""målare"",""skulptör"",""akvarellist"",""tecknare""]","[""Q483501"",""Q1028181"",""Q1281618"",""Q10373653"",""Q15296811""]"
Q5615509,Mathias Dahlgren,"[""Mathias Dahlgren""]",1,[367472],[40],,,https://sv.wikipedia.org/wiki/Mathias_Dahlgren,man,Q6581097,1969-03-10,,"[""Sverige""]","[""Q34""]","[""kock"",""kock""]","[""Q156839"",""Q3499072""]"
Q5616905,Ulf Danielsson,"[""Ulf Danielsson""]",2,"[108959,1622519]","[46,56]",,,https://sv.wikipedia.org/wiki/Ulf_Danielsson,man,Q6581097,1964-04-06,,"[""Sverige""]","[""Q34""]","[""fysiker""]","[""Q169470""]"
Q5619180,Carlos Decker-Molina,"[""Carlos Decker-Molina""]",1,[364856],[67],,,https://sv.wikipedia.org/wiki/Carlos_Decker-Molina,man,Q6581097,1939-06-30,,[],[],"[""journalist""]","[""Q1930187""]"
Q5621329,Diabaté Dialy Mory,"[""Diabaté Dialy Mory""]",1,[595596],[58],,,https://sv.wikipedia.org/wiki/Dialy_Mory_Diabat%C3%A9,man,Q6581097,1942-08-27,,[],[],"[""idrottsledare""]","[""Q26481809""]"
Q5621795,Lamine Dieng,"[""Lamine Dieng""]",1,[418138],[58],,,https://sv.wikipedia.org/wiki/Lamine_Dieng,man,Q6581097,1950-10-30,2025-03-05,"[""Sverige""]","[""Q34""]","[""skådespelare"",""musiker""]","[""Q33999"",""Q639669""]"
Q5623988,Henrik Dorsin,"[""Henrik Dorsin""]",1,[97794],[34],,,https://sv.wikipedia.org/wiki/Henrik_Dorsin,man,Q6581097,1977-11-20,,"[""Sverige""]","[""Q34""]","[""sångare"",""komiker"",""röstskådespelare"",""skådespelare"",""manusförfattare""]","[""Q177220"",""Q245068"",""Q2405480"",""Q33999"",""Q28389""]"
Q5624976,Micke ”Svullo” Dubois,"[""Micke ”Svullo” Dubois""]",1,[403632],[32],,,https://sv.wikipedia.org/wiki/Micke_Dubois,man,Q6581097,1959-02-25,2005-11-30,"[""Sverige""]","[""Q34""]","[""komiker"",""tv-skådespelare"",""skådespelare""]","[""Q245068"",""Q10798782"",""Q33999""]"
Q5626661,David Eberhard,"[""David Eberhard""]",2,"[1106368,1205708]","[51,52]",,,https://sv.wikipedia.org/wiki/David_Eberhard,man,Q6581097,1966-12-19,,"[""Sverige""]","[""Q34""]","[""psykiater"",""författare""]","[""Q211346"",""Q36180""]"
Q5627457,Per Edström,"[""Per Edström""]",1,[382591],[74],,,https://sv.wikipedia.org/wiki/Per_Simon_Edstr%C3%B6m,man,Q6581097,1929-02-01,,"[""Sverige""]","[""Q34""]","[""översättare"",""dramatiker"",""regissör"",""teaterregissör"",""författare""]","[""Q333634"",""Q214917"",""Q3455803"",""Q3387717"",""Q36180""]"
Q5628212,Torsten Ehrenmark,"[""Torsten Ehrenmark""]",7,"[406238,406239,1782862,1913487,1913488,1913491,1913494]","[44,61,46,47,62,64,65]",,,https://sv.wikipedia.org/wiki/Torsten_Ehrenmark,man,Q6581097,1919-04-22,1985-03-10,"[""Sverige""]","[""Q34""]","[""översättare"",""journalist""]","[""Q333634"",""Q1930187""]"
Q5629011,Stefan Einhorn,"[""Stefan Einhorn""]",2,"[386292,386428]","[46,54]",,,https://sv.wikipedia.org/wiki/Stefan_Einhorn,man,Q6581097,1955-10-26,,"[""Sverige""]","[""Q34""]","[""universitetslärare"",""onkolog"",""författare"",""läkare""]","[""Q1622272"",""Q16062369"",""Q36180"",""Q39631""]"
Q56300900,Johan Eriksson,"[""Johan Eriksson""]",1,[2815472],[62],,,https://sv.wikipedia.org/wiki/Johan_Eriksson_(advokat),man,Q6581097,1964-04-29,,"[""Sverige""]","[""Q34""]","[""försvarsadvokat"",""advokat""]","[""Q512345"",""Q17048963""]"
Q56301236,David Cairns,"[""David Cairns""]",1,[1077299],[49],,,https://sv.wikipedia.org/wiki/David_Cairns_(ambassad%C3%B6r),man,Q6581097,1969-04-17,,"[""Storbritannien""]","[""Q145""]","[""diplomat""]","[""Q193391""]"
Q5630496,Bo Ekman,"[""Bo Ekman""]",2,"[911951,2578987]","[63,88]",,,https://sv.wikipedia.org/wiki/Bo_Ekman,man,Q6581097,1937-06-23,,"[""Sverige""]","[""Q34""]","[""affärsidkare""]","[""Q43845""]"
Q5630588,Henrik Ekman,"[""Henrik Ekman""]",2,"[383511,1732889]","[59,70]",,,https://sv.wikipedia.org/wiki/Henrik_Ekman,man,Q6581097,1951-06-22,,"[""Sverige""]","[""Q34""]","[""TV-producent"",""fotograf"",""författare"",""författare"",""biolog"",""journalist"",""TV-programledare""]","[""Q578109"",""Q33231"",""Q36180"",""Q482980"",""Q864503"",""Q1930187"",""Q947873""]"
Q563744,Anna von Bayern,"[""Anna von Bayern""]",1,[407648],[36],,,https://sv.wikipedia.org/wiki/Anna_von_Bayern,kvinna,Q6581072,1978-03-15,,"[""Tyskland""]","[""Q183""]","[""journalist"",""författare""]","[""Q1930187"",""Q36180""]"
Q564226,Lennart Bernadotte,"[""Lennart Bernadotte""]",1,[1782860],[89],,,https://sv.wikipedia.org/wiki/Lennart_Bernadotte,man,Q6581097,1909-05-08,2004-12-21,"[""Sverige""]","[""Q34""]","[""trädgårdsmästare"",""filmproducent"",""fotograf"",""författare""]","[""Q758780"",""Q3282637"",""Q33231"",""Q36180""]"
Q56434717,Greta Thunberg,"[""Greta Thunberg""]",1,[1515988],[17],,,https://sv.wikipedia.org/wiki/Greta_Thunberg,kvinna,Q6581072,2003-01-03,,"[""Sverige""]","[""Q34""]","[""miljöaktivist""]","[""Q3578589""]"
Q5649107,Hannes Holm,"[""Hannes Holm""]",3,"[116681,415909,415910]","[49,25,24]",,,https://sv.wikipedia.org/wiki/Hannes_Holm,man,Q6581097,1962-11-26,,"[""Sverige""]","[""Q34""]","[""filmregissör"",""regissör"",""författare"",""manusförfattare""]","[""Q2526255"",""Q3455803"",""Q36180"",""Q28389""]"
Q5650501,Hans Mosesson,"[""Hans Mosesson""]",1,[582965],[70],,,https://sv.wikipedia.org/wiki/Hans_Mosesson,man,Q6581097,1944-08-01,2023-10-25,"[""Sverige""]","[""Q34""]","[""teaterregissör"",""skådespelare"",""musiker""]","[""Q3387717"",""Q33999"",""Q639669""]"
Q56527480,Tuomo Haapala,"[""Tuomo Haapala""]",1,[911977],[54],,,https://sv.wikipedia.org/wiki/Tuomo_Haapala,man,Q6581097,1945,,[],[],"[""kompositör""]","[""Q36834""]"
Q5701514,Peter Dalle,"[""Peter Dalle""]",1,[386290],[45],,,https://sv.wikipedia.org/wiki/Peter_Dalle,man,Q6581097,1956-12-05,,"[""Sverige""]","[""Q34""]","[""filmregissör"",""regissör"",""skådespelare"",""manusförfattare""]","[""Q2526255"",""Q3455803"",""Q33999"",""Q28389""]"
Q5707101,Sigge Eklund,"[""Sigge Eklund""]",1,[2397129],[50],,,https://sv.wikipedia.org/wiki/Sigge_Eklund,man,Q6581097,1974-04-21,,"[""Sverige""]","[""Q34""]","[""filmregissör"",""bloggare"",""programledare"",""poddradioproducent"",""författare"",""manusförfattare""]","[""Q2526255"",""Q8246794"",""Q13590141"",""Q15077007"",""Q36180"",""Q28389""]"
Q5707394,Niklas Ekstedt,"[""Niklas Ekstedt""]",1,[2397458],[45],,,https://sv.wikipedia.org/wiki/Niklas_Ekstedt,man,Q6581097,1978-11-28,,"[""Sverige""]","[""Q34""]","[""kock"",""TV-programledare"",""författare""]","[""Q156839"",""Q947873"",""Q36180""]"
Q5708089,Anders Eldeman,"[""Anders Eldeman""]",1,[2180734],[62],,,https://sv.wikipedia.org/wiki/Anders_Eldeman,man,Q6581097,1960-12-25,,"[""Sverige""]","[""Q34""]","[""radioprogramledare""]","[""Q2722764""]"
Q5708747,Georg ”Tuppen” Eliasson,"[""Georg ”Tuppen” Eliasson""]",1,[2550211],[55],,,https://sv.wikipedia.org/wiki/Georg_Eliasson,man,Q6581097,1905-03-05,1973-02-16,"[""Sverige""]","[""Q34""]","[""manusförfattare""]","[""Q28389""]"
Q5708784,Ingemar Eliasson,"[""Ingemar Eliasson""]",1,[216109],[74],,,https://sv.wikipedia.org/wiki/Ingemar_Eliasson,man,Q6581097,1939-03-30,,"[""Sverige""]","[""Q34""]","[""ämbetsman"",""politiker"",""statssekreterare""]","[""Q212238"",""Q82955"",""Q736559""]"
Q5709312,Ulf Ellervik,"[""Ulf Ellervik""]",2,"[116712,2700835]","[42,56]",,,https://sv.wikipedia.org/wiki/Ulf_Ellervik,man,Q6581097,1969-12-07,,"[""Sverige""]","[""Q34""]","[""forskare"",""akademiker""]","[""Q1650915"",""Q3400985""]"
Q5713344,Kjell Enhager,"[""Kjell Enhager""]",2,"[571822,652720]","[57,57]",,,https://sv.wikipedia.org/wiki/Kjell_Enhager,man,Q6581097,1958-01-03,,"[""Sverige""]","[""Q34""]","[""golfspelare"",""motivationstalare""]","[""Q11303721"",""Q15982858""]"
Q5715051,Christer Ericsson,"[""Christer Ericsson""]",1,[363044],[64],,,https://sv.wikipedia.org/wiki/Christer_Ericsson,man,Q6581097,1942-03-27,2016-06-28,"[""Sverige""]","[""Q34""]","[""affärsidkare""]","[""Q43845""]"
Q5716792,Kjell Eriksson,"[""Kjell Eriksson""]",1,[385276],[28],,,https://sv.wikipedia.org/wiki/Kjell_Eriksson_(radioman),man,Q6581097,1975-12-27,,"[""Sverige""]","[""Q34""]","[""journalist"",""bloggare"",""självbiograf""]","[""Q1930187"",""Q8246794"",""Q18814623""]"
Q5717304,Ronny Eriksson,"[""Ronny Eriksson""]",1,[390084],[48],,,https://sv.wikipedia.org/wiki/Ronny_Eriksson,man,Q6581097,1953,,"[""Sverige""]","[""Q34""]","[""komiker"",""musiker"",""författare""]","[""Q245068"",""Q639669"",""Q36180""]"
Q5718727,Peter Esaiasson,"[""Peter Esaiasson""]",1,[911971],[42],,,https://sv.wikipedia.org/wiki/Peter_Esaiasson,man,Q6581097,1957,,"[""Sverige""]","[""Q34""]","[""statsvetare"",""forskare""]","[""Q1238570"",""Q1650915""]"
Q5720782,Per Gunnar Evander,"[""Per Gunnar Evander""]",3,"[415844,415851,415871]","[53,66,63]",,,https://sv.wikipedia.org/wiki/Per_Gunnar_Evander,man,Q6581097,1933-04-25,2022-05-17,"[""Sverige""]","[""Q34""]","[""författare"",""manusförfattare"",""filmregissör"",""regissör""]","[""Q36180"",""Q28389"",""Q2526255"",""Q3455803""]"
Q5721240,Göran Everdahl,"[""Göran Everdahl""]",1,[389623],[37],,,https://sv.wikipedia.org/wiki/G%C3%B6ran_Everdahl,man,Q6581097,1964-11-11,,"[""Sverige""]","[""Q34""]","[""journalist"",""filmkritiker"",""författare""]","[""Q1930187"",""Q4220892"",""Q36180""]"
Q57246010,Maria Maunsbach,"[""Maria Maunsbach""]",1,[2815526],[35],,,https://sv.wikipedia.org/wiki/Maria_Maunsbach,kvinna,Q6581072,1990,,"[""Sverige""]","[""Q34""]","[""författare""]","[""Q36180""]"
Q5724629,Loa Falkman,"[""Loa Falkman""]",1,[414681],[66],,,https://sv.wikipedia.org/wiki/Loa_Falkman,man,Q6581097,1947,,"[""Sverige""]","[""Q34""]","[""skådespelare"",""artist"",""operasångare"",""cirkusartist""]","[""Q33999"",""Q713200"",""Q2865819"",""Q17307272""]"
Q5726689,Mohammad Fazlhashemi,"[""Mohammad Fazlhashemi""]",1,[359942],[44],,,https://sv.wikipedia.org/wiki/Mohammad_Fazlhashemi,man,Q6581097,1961-10-21,,"[""Iran""]","[""Q794""]","[""historiker""]","[""Q201788""]"
Q5735344,Carl Folke,"[""Carl Folke""]",1,[2578975],[70],,,https://sv.wikipedia.org/wiki/Carl_Folke,man,Q6581097,1955-06-26,,"[""Sverige""]","[""Q34""]","[""professor"",""nationalekonom"",""ekolog""]","[""Q121594"",""Q188094"",""Q15839134""]"
Q5741679,Peder Fredricson,"[""Peder Fredricson""]",1,[1077290],[46],,,https://sv.wikipedia.org/wiki/Peder_Fredricson,man,Q6581097,1972-01-30,,"[""Sverige""]","[""Q34""]","[""hoppryttare"",""fälttävlansryttare""]","[""Q24797688"",""Q26384038""]"
Q5745325,Per Fritzell,"[""Per Fritzell""]",1,[404004],[58],,,https://sv.wikipedia.org/wiki/Per_Fritzell,man,Q6581097,1955-10-02,,"[""Sverige""]","[""Q34""]","[""skådespelare"",""sångare""]","[""Q33999"",""Q177220""]"
Q5747838,Robert Fux,"[""Robert Fux""]",1,[2181887],[44],,,https://sv.wikipedia.org/wiki/Robert_Fux,man,Q6581097,1979-05-15,,"[""Sverige""]","[""Q34""]","[""skådespelare"",""manusförfattare""]","[""Q33999"",""Q28389""]"
Q5755634,Ingemar Gens,"[""Ingemar Gens""]",1,[390124],[52],,,https://sv.wikipedia.org/wiki/Ingemar_Gens,man,Q6581097,1950-02-01,,"[""Sverige""]","[""Q34""]","[""författare""]","[""Q36180""]"
Q5756942,Anders Gernandt,"[""Anders Gernandt""]",1,[425086],[54],,,https://sv.wikipedia.org/wiki/Anders_Gernandt,man,Q6581097,1920-04-30,2000-11-02,"[""Sverige""]","[""Q34""]","[""ryttare"",""sportkommentator""]","[""Q2730732"",""Q2986228""]"
Q5761038,Ison Glasgow,"[""Ison Glasgow""]",1,[116373],[31],,,https://sv.wikipedia.org/wiki/Ison_Glasgow,man,Q6581097,1980-10-08,,"[""Sverige""]","[""Q34""]","[""musiker"",""rappare""]","[""Q639669"",""Q2252262""]"
Q5764733,Axel Gordh Humlesjö,"[""Axel Gordh Humlesjö""]",1,[2180326],[37],,,https://sv.wikipedia.org/wiki/Axel_Gordh_Humlesj%C3%B6,man,Q6581097,1986-02-11,,"[""Sverige""]","[""Q34""]","[""journalist"",""TV-programledare""]","[""Q1930187"",""Q947873""]"
Q57665,Jens Stoltenberg,"[""Jens Stoltenberg""]",2,"[373918,1734371]","[45,62]",,,https://sv.wikipedia.org/wiki/Jens_Stoltenberg,man,Q6581097,1959-03-16,,"[""Norge""]","[""Q20""]","[""politiker"",""nationalekonom""]","[""Q82955"",""Q188094""]"
Q5768549,Carl Jan Granqvist,"[""Carl Jan Granqvist""]",1,[374028],[57],,,https://sv.wikipedia.org/wiki/Carl_Jan_Granqvist,man,Q6581097,1946,,"[""Sverige""]","[""Q34""]","[""akademiker""]","[""Q3400985""]"
Q5771646,Boris Grigorjev,"[""Boris Grigorjev""]",1,[370057],[65],,,https://sv.wikipedia.org/wiki/Boris_Grigorjev_(milit%C3%A4r),man,Q6581097,1942,,"[""Ryssland""]","[""Q159""]","[""historiker"",""officer"",""författare""]","[""Q201788"",""Q189290"",""Q36180""]"
Q5771847,Salvatore Grimaldi,"[""Salvatore Grimaldi""]",1,[389621],[57],,,https://sv.wikipedia.org/wiki/Salvatore_Grimaldi,man,Q6581097,1945-05-25,,[],[],"[""affärsidkare""]","[""Q43845""]"
Q5774673,Lars O Grönstedt,"[""Lars O Grönstedt""]",1,[390097],[47],,,https://sv.wikipedia.org/wiki/Lars_O._Gr%C3%B6nstedt,man,Q6581097,1954,,"[""Sverige""]","[""Q34""]","[""affärsidkare""]","[""Q43845""]"
Q5780408,Mattias Göransson,"[""Mattias Göransson""]",1,[911946],[28],,,https://sv.wikipedia.org/wiki/Mattias_G%C3%B6ransson,man,Q6581097,1972-04-13,,"[""Sverige""]","[""Q34""]","[""journalist""]","[""Q1930187""]"
Q5780714,Staffan Göthe,"[""Staffan Göthe""]",2,"[2180908,2217788]","[78,44]",,,https://sv.wikipedia.org/wiki/Staffan_G%C3%B6the,man,Q6581097,1944-12-20,,"[""Sverige""]","[""Q34""]","[""dramatiker"",""universitetslärare"",""regissör"",""skådespelare""]","[""Q214917"",""Q1622272"",""Q3455803"",""Q33999""]"
Q5780864,Erik Haag,"[""Erik Haag""]",1,[223999],[45],,,https://sv.wikipedia.org/wiki/Erik_Haag,man,Q6581097,1967-08-28,,"[""Sverige""]","[""Q34""]","[""komiker"",""författare"",""tv-regissör"",""TV-producent"",""manusförfattare"",""programledare""]","[""Q245068"",""Q482980"",""Q2059704"",""Q578109"",""Q28389"",""Q94498772""]"
Q5782854,Sven Hagströmer,"[""Sven Hagströmer""]",2,"[751731,2815529]","[72,82]",,,https://sv.wikipedia.org/wiki/Sven_Hagstr%C3%B6mer_(finansman),man,Q6581097,1943-11-30,,"[""Sverige""]","[""Q34""]","[""affärsidkare"",""entreprenör""]","[""Q43845"",""Q131524""]"
Q5783365,Johan Hakelius,"[""Johan Hakelius""]",1,[910713],[49],,,https://sv.wikipedia.org/wiki/Johan_Hakelius,man,Q6581097,1967-12-28,,"[""Sverige""]","[""Q34""]","[""författare"",""journalist"",""publicist""]","[""Q36180"",""Q1930187"",""Q6051619""]"
Q5784282,Messiah Hallberg,"[""Messiah Hallberg""]",1,[2578952],[41],,,https://sv.wikipedia.org/wiki/Messiah_Hallberg,man,Q6581097,1984-01-18,,"[""Sverige""]","[""Q34""]","[""komiker"",""TV-programledare"",""radioprogramledare"",""skådespelare""]","[""Q245068"",""Q947873"",""Q2722764"",""Q33999""]"
Q5785587,Per-Martin Hamberg,"[""Per-Martin Hamberg""]",1,[2554266],[51],,,https://sv.wikipedia.org/wiki/Per-Martin_Hamberg,man,Q6581097,1912-07-14,1974-12-11,"[""Sverige""]","[""Q34""]","[""regissör"",""manusförfattare"",""kompositör""]","[""Q3455803"",""Q28389"",""Q36834""]"
Q5789023,Bob Hansson,"[""Bob Hansson""]",1,[382817],[32],,,https://sv.wikipedia.org/wiki/Bob_Hansson,man,Q6581097,1970,,"[""Sverige""]","[""Q34""]","[""poet""]","[""Q49757""]"
Q5790831,Anderz Harning,"[""Anderz Harning""]",1,[421646],[50],,,https://sv.wikipedia.org/wiki/Anderz_Harning,man,Q6581097,1938-04-04,1992-04-23,"[""Sverige""]","[""Q34""]","[""författare"",""journalist""]","[""Q36180"",""Q1930187""]"
Q5797026,Arne Hegerfors,"[""Arne Hegerfors""]",1,[420006],[54],,,https://sv.wikipedia.org/wiki/Arne_Hegerfors,man,Q6581097,1942-07-04,2024-01-29,"[""Sverige""]","[""Q34""]","[""TV-programledare"",""sportskribent""]","[""Q947873"",""Q11313148""]"
Q5797807,Staffan Heimerson,"[""Staffan Heimerson""]",1,[773578],[55],,,https://sv.wikipedia.org/wiki/Staffan_Heimerson,man,Q6581097,1935-11-07,,"[""Sverige""]","[""Q34""]","[""journalist"",""TV-programledare""]","[""Q1930187"",""Q947873""]"
Q5798906,Nisse Hellberg,"[""Nisse Hellberg""]",1,[578922],[56],,,https://sv.wikipedia.org/wiki/Nisse_Hellberg,man,Q6581097,1959-04-02,,"[""Sverige""]","[""Q34""]","[""sångare"",""gitarrist"",""låtskrivare""]","[""Q177220"",""Q855091"",""Q753110""]"
Q580262,Annalisa Ericson-Schildt,"[""Annalisa Ericson-Schildt""]",1,[386419],[88],,,https://sv.wikipedia.org/wiki/Annalisa_Ericson,kvinna,Q6581072,1913-09-14,2011,"[""Sverige""]","[""Q34""]","[""skådespelare""]","[""Q33999""]"
Q5807480,Henrik Hjelt,"[""Henrik Hjelt""]",1,[126297],[42],,,https://sv.wikipedia.org/wiki/Henrik_Hjelt,man,Q6581097,1968-03-06,,"[""Sverige""]","[""Q34""]","[""skådespelare""]","[""Q33999""]"
Q5808019,Leif Hjärre,"[""Leif Hjärre""]",1,[382821],[63],,,https://sv.wikipedia.org/wiki/Leif_Hj%C3%A4rre,man,Q6581097,1940-01-03,,"[""Sverige""]","[""Q34""]","[""författare""]","[""Q36180""]"
Q5809907,Per Holknekt,"[""Per Holknekt""]",1,[126321],[50],,,https://sv.wikipedia.org/wiki/Per_Holknekt,man,Q6581097,1960-04-27,,"[""Sverige""]","[""Q34""]","[""konsult"",""skateboardåkare"",""affärsidkare"",""entreprenör"",""chefredaktör"",""modeskapare"",""föreläsare""]","[""Q15978655"",""Q17502714"",""Q43845"",""Q131524"",""Q589298"",""Q3501317"",""Q9379869""]"
Q5811000,Pelle Holmberg,"[""Pelle Holmberg""]",1,[215788],[64],,,https://sv.wikipedia.org/wiki/Pelle_Holmberg,man,Q6581097,1948,2020-05-18,"[""Sverige""]","[""Q34""]","[""biolog"",""författare""]","[""Q864503"",""Q36180""]"
Q5811605,Pär Holmgren,"[""Pär Holmgren""]",1,[363530],[41],,,https://sv.wikipedia.org/wiki/P%C3%A4r_Holmgren,man,Q6581097,1964-10-24,,"[""Sverige""]","[""Q34""]","[""författare"",""politiker"",""meteorolog""]","[""Q36180"",""Q82955"",""Q2310145""]"
Q5812231,Johan Holmsäter,"[""Johan Holmsäter""]",1,[757615],[68],,,https://sv.wikipedia.org/wiki/Johan_Holms%C3%A4ter,man,Q6581097,1947-10-27,,"[""Sverige""]","[""Q34""]","[""idrottsledare""]","[""Q26481809""]"
Q5816746,Claes Hultling,"[""Claes Hultling""]",1,[126252],[58],,,https://sv.wikipedia.org/wiki/Claes_Hultling,man,Q6581097,1953-03-24,,"[""Sverige""]","[""Q34""]","[""läkare"",""seglare""]","[""Q39631"",""Q476246""]"
Q5819070,Olle Häger,"[""Olle Häger""]",1,[596449],[64],,,https://sv.wikipedia.org/wiki/Olle_H%C3%A4ger,man,Q6581097,1935-09-19,2014-11-01,"[""Sverige""]","[""Q34""]","[""historiker"",""författare"",""dokumentärfilmare"",""journalist""]","[""Q201788"",""Q482980"",""Q1235146"",""Q1930187""]"
Q5819726,Fredrik Härén,"[""Fredrik Härén""]",1,[369062],[39],,,https://sv.wikipedia.org/wiki/Fredrik_H%C3%A4r%C3%A9n,man,Q6581097,1968-08-18,,"[""Sverige""]","[""Q34""]","[""föreläsare"",""författare""]","[""Q9379869"",""Q36180""]"
Q5820322,Jacob Hård,"[""Jacob Hård""]",1,[1732990],[66],,,https://sv.wikipedia.org/wiki/Jacob_H%C3%A5rd,man,Q6581097,1955-01-05,,"[""Sverige""]","[""Q34""]","[""journalist"",""TV-programledare""]","[""Q1930187"",""Q947873""]"
Q5824143,Tony Irving,"[""Tony Irving""]",1,[1319473],[52],,,https://sv.wikipedia.org/wiki/Tony_Irving,man,Q6581097,1966-07-05,,"[""Sverige""]","[""Q34""]","[""dansare""]","[""Q5716684""]"
Q5824756,Soran Ismail,"[""Soran Ismail""]",2,"[116679,130098]","[24,24]",,,https://sv.wikipedia.org/wiki/Soran_Ismail,man,Q6581097,1987,,"[""Sverige""]","[""Q34""]","[""komiker""]","[""Q245068""]"
Q582603,Leif GW Persson,"[""Leif GW Persson""]",3,"[112358,134900,373946]","[66,66,59]",,,https://sv.wikipedia.org/wiki/Leif_G.W._Persson,man,Q6581097,1945-03-12,,"[""Sverige""]","[""Q34""]","[""universitetslärare"",""TV-programledare"",""kriminolog"",""security advisor"",""författare"",""manusförfattare"",""TV-författare""]","[""Q1622272"",""Q947873"",""Q8142883"",""Q91947388"",""Q36180"",""Q28389"",""Q73306227""]"
Q5827292,Björn Jakobson,"[""Björn Jakobson""]",1,[1077311],[83],,,https://sv.wikipedia.org/wiki/Bj%C3%B6rn_Jakobson,man,Q6581097,1934-08-14,,"[""Sverige""]","[""Q34""]","[""affärsidkare""]","[""Q43845""]"
Q5858743,Tore Forsberg,"[""Tore Forsberg""]",1,[382828],[70],,,https://sv.wikipedia.org/wiki/Tore_Forsberg,man,Q6581097,1933-08-08,2008-08-21,"[""Sverige""]","[""Q34""]","[""polis""]","[""Q384593""]"
Q5867942,Stig Grybe,"[""Stig Grybe""]",1,[583087],[87],,,https://sv.wikipedia.org/wiki/Stig_Grybe,man,Q6581097,1928-07-18,2017-02-01,"[""Sverige""]","[""Q34""]","[""komiker"",""röstskådespelare"",""filmregissör"",""barnboksförfattare""]","[""Q245068"",""Q2405480"",""Q2526255"",""Q4853732""]"
Q586975,Marina Schiptjenko,"[""Marina Schiptjenko""]",1,[390109],[36],,,https://sv.wikipedia.org/wiki/Marina_Schiptjenko,kvinna,Q6581072,1965-07-27,,"[""Sverige""]","[""Q34""]","[""sångare"",""TV-programledare"",""keyboardspelare"",""programledare"",""gallerist"",""radioprogramledare"",""skådespelare""]","[""Q177220"",""Q947873"",""Q1075651"",""Q13590141"",""Q20771242"",""Q2722764"",""Q33999""]"
Q588259,Hans Rosling,"[""Hans Rosling""]",3,"[291004,324412,654765]","[65,56,67]",,,https://sv.wikipedia.org/wiki/Hans_Rosling,man,Q6581097,1948-07-27,2017-02-07,"[""Sverige""]","[""Q34""]","[""forskare"",""läkare"",""universitetslärare"",""statistiker"",""bloggare""]","[""Q901"",""Q39631"",""Q1622272"",""Q2732142"",""Q8246794""]"
Q5882925,Sven Jerring,"[""Sven Jerring""]",1,[425129],[72],,,https://sv.wikipedia.org/wiki/Sven_Jerring,man,Q6581097,1895-12-08,1979-04-27,"[""Sverige""]","[""Q34""]","[""journalist""]","[""Q1930187""]"
Q5883753,Lennart Jirlow,"[""Lennart Jirlow""]",1,[112126],[74],,,https://sv.wikipedia.org/wiki/Lennart_Jirlow,man,Q6581097,1936-04-24,2020-04-18,"[""Sverige""]","[""Q34""]","[""konstnär"",""målare""]","[""Q483501"",""Q1028181""]"
Q5885269,Anders ”Ankan” Johansson,"[""Anders ”Ankan” Johansson""]",1,[1732837],[47],,,https://sv.wikipedia.org/wiki/Anders_Johansson_(komiker),man,Q6581097,1974-05-04,,"[""Sverige""]","[""Q34""]","[""skådespelare"",""komiker"",""musiker"",""TV-programledare""]","[""Q33999"",""Q245068"",""Q639669"",""Q947873""]"
Q5887115,Mats Johansson,"[""Mats Johansson""]",1,[925868],[45],,,https://sv.wikipedia.org/wiki/Mats_Johansson_(journalist),man,Q6581097,1951-12-26,2017-06-24,"[""Sverige""]","[""Q34""]","[""politiker"",""journalist""]","[""Q82955"",""Q1930187""]"
Q5887520,Pär Johansson,"[""Pär Johansson""]",1,[112134],[40],,,https://sv.wikipedia.org/wiki/P%C3%A4r_Johansson_(teaterman),man,Q6581097,1970-03-06,,"[""Sverige""]","[""Q34""]","[""universitetsadjunkt"",""filmproducent"",""teaterregissör"",""skådespelare"",""manusförfattare""]","[""Q1569495"",""Q3282637"",""Q3387717"",""Q33999"",""Q28389""]"
Q5887958,Thomas Johansson,"[""Thomas Johansson""]",1,[112161],[62],,,https://sv.wikipedia.org/wiki/Thomas_Johansson_(konsertarrang%C3%B6r),man,Q6581097,1948-08-19,,"[""Sverige""]","[""Q34""]","[""affärsidkare""]","[""Q43845""]"
Q5891864,Mats Jonsson,"[""Mats Jonsson""]",1,[1733205],[47],,,https://sv.wikipedia.org/wiki/Mats_Jonsson,man,Q6581097,1973,,"[""Sverige""]","[""Q34""]","[""konstnär"",""serietecknare"",""serieförfattare""]","[""Q483501"",""Q715301"",""Q11892507""]"
Q5893710,Richard Juhlin,"[""Richard Juhlin""]",1,[359363],[42],,,https://sv.wikipedia.org/wiki/Richard_Juhlin,man,Q6581097,1962-09-11,,"[""Sverige""]","[""Q34""]","[""gymnastiklärare""]","[""Q2312637""]"
Q5895903,Henrik Brandão Jönsson,"[""Henrik Brandão Jönsson""]",1,[1953000],[52],,,https://sv.wikipedia.org/wiki/Henrik_Brand%C3%A3o_J%C3%B6nsson,man,Q6581097,1969,,"[""Sverige""]","[""Q34""]","[""journalist""]","[""Q1930187""]"
Q5896072,Olle Jönsson,"[""Olle Jönsson""]",1,[579040],[59],,,https://sv.wikipedia.org/wiki/Olle_J%C3%B6nsson,man,Q6581097,1955-12-01,,"[""Sverige""]","[""Q34""]","[""dansbandsmusiker"",""dansbandssångare"",""trumslagare""]","[""Q104224753"",""Q104224740"",""Q386854""]"
Q5900246,Alexander Karim,"[""Alexander Karim""]",1,[2815519],[50],,,https://sv.wikipedia.org/wiki/Alexander_Karim,man,Q6581097,1976-05-26,,"[""Sverige""]","[""Q34""]","[""författare"",""filmregissör"",""regissör"",""skådespelare"",""manusförfattare""]","[""Q482980"",""Q2526255"",""Q3455803"",""Q33999"",""Q28389""]"
Q5900255,Baker Karim,"[""Baker Karim""]",1,[404043],[40],,,https://sv.wikipedia.org/wiki/Baker_Karim,man,Q6581097,1974-04-07,,"[""Sverige""]","[""Q34""]","[""filmproducent"",""filmregissör"",""regissör"",""manusförfattare""]","[""Q3282637"",""Q2526255"",""Q3455803"",""Q28389""]"
Q5902371,Emanuel Karlsten,"[""Emanuel Karlsten""]",1,[1952972],[39],,,https://sv.wikipedia.org/wiki/Emanuel_Karlsten,man,Q6581097,1983-01-31,,"[""Sverige""]","[""Q34""]","[""journalist"",""bloggare"",""poddradioproducent""]","[""Q1930187"",""Q8246794"",""Q15077007""]"
Q5908672,Oskar Kihlborg,"[""Oskar Kihlborg""]",1,[404118],[50],,,https://sv.wikipedia.org/wiki/Oskar_Kihlborg,man,Q6581097,1964-04-18,,"[""Sverige""]","[""Q34""]","[""fotograf""]","[""Q33231""]"
Q5910442,Nuri Kino,"[""Nuri Kino""]",1,[373916],[39],,,https://sv.wikipedia.org/wiki/Nuri_Kino,man,Q6581097,1965-02-25,,"[""Sverige""]","[""Q34""]","[""författare"",""journalist"",""bloggare""]","[""Q36180"",""Q1930187"",""Q8246794""]"
Q5912967,Björn af Kleen,"[""Björn af Kleen""]",1,[362100],[29],,,https://sv.wikipedia.org/wiki/Bj%C3%B6rn_af_Kleen,man,Q6581097,1980,,"[""Sverige""]","[""Q34""]","[""journalist"",""författare""]","[""Q1930187"",""Q36180""]"
Q5915978,Knut Knutson,"[""Knut Knutson""]",1,[371374],[56],,,https://sv.wikipedia.org/wiki/Knut_Knutson,man,Q6581097,1951-02-23,,"[""Sverige""]","[""Q34""]",[],[]
Q5922031,Lars Krantz,"[""Lars Krantz""]",1,[381775],[48],,,https://sv.wikipedia.org/wiki/Lars_Krantz_(tr%C3%A4dg%C3%A5rdsm%C3%A4stare),man,Q6581097,1954,,"[""Sverige""]","[""Q34""]","[""arkitekt""]","[""Q42973""]"
Q5924033,Lasse Kronér,"[""Lasse Kronér""]",1,[203029],[50],,,https://sv.wikipedia.org/wiki/Lasse_Kron%C3%A9r,man,Q6581097,1962-11-15,,"[""Sverige""]","[""Q34""]","[""sångare"",""musiker"",""sångtextförfattare"",""TV-programledare""]","[""Q177220"",""Q639669"",""Q822146"",""Q947873""]"
Q5924542,Markus Krunegård,"[""Markus Krunegård""]",1,[747923],[37],,,https://sv.wikipedia.org/wiki/Markus_Kruneg%C3%A5rd,man,Q6581097,1979-04-06,,"[""Sverige""]","[""Q34""]","[""sångare"",""låtskrivare"",""kompositör"",""skivartist""]","[""Q177220"",""Q753110"",""Q36834"",""Q55960555""]"
Q59269207,Amir Rostami,"[""Amir Rostami""]",1,[2398105],[null],,,https://sv.wikipedia.org/wiki/Amir_Rostami,man,Q6581097,,,[],[],"[""forskare"",""sociolog"",""kriminolog"",""polis""]","[""Q1650915"",""Q2306091"",""Q8142883"",""Q35535""]"
Q5927407,Kenneth Kvarnström,"[""Kenneth Kvarnström""]",1,[911973],[37],,,https://sv.wikipedia.org/wiki/Kenneth_Kvarnstr%C3%B6m,man,Q6581097,1963-02-03,,"[""Sverige""]","[""Q34""]","[""universitetslärare"",""koreograf"",""dansare"",""teaterintendent""]","[""Q1622272"",""Q2490358"",""Q5716684"",""Q39020112""]"
Q5928223,Lennart Käll,"[""Lennart Käll""]",1,[918335],[58],,,https://sv.wikipedia.org/wiki/Lennart_K%C3%A4ll,man,Q6581097,1958-11-19,2025-11-19,"[""Sverige""]","[""Q34""]","[""affärsidkare""]","[""Q43845""]"
Q5931307,Bengt Lagerkvist,"[""Bengt Lagerkvist""]",1,[421649],[58],,,https://sv.wikipedia.org/wiki/Bengt_Lagerkvist,man,Q6581097,1926-08-04,2013-05-06,"[""Sverige""]","[""Q34""]","[""manusförfattare"",""filmregissör"",""regissör""]","[""Q28389"",""Q2526255"",""Q3455803""]"
Q5934883,Pekka Langer,"[""Pekka Langer""]",1,[422939],[61],,,https://sv.wikipedia.org/wiki/Pekka_Langer,man,Q6581097,1919-10-12,1996-05-06,"[""Sverige""]","[""Q34""]","[""skådespelare"",""TV-programledare""]","[""Q33999"",""Q947873""]"
Q5942416,Kristoffer Leandoer,"[""Kristoffer Leandoer""]",1,[2815536],[64],,,https://sv.wikipedia.org/wiki/Kristoffer_Leandoer,man,Q6581097,1962-05-06,,"[""Sverige""]","[""Q34""]","[""översättare"",""litteraturkritiker"",""författare""]","[""Q333634"",""Q4263842"",""Q36180""]"
Q5945515,Felipe Leiva Wenger,"[""Felipe Leiva Wenger""]",1,[2578785],[45],,,https://sv.wikipedia.org/wiki/Felipe_Leiva_Wenger,man,Q6581097,1980-04-25,,"[""Sverige""]","[""Q34""]","[""musiker""]","[""Q639669""]"
Q5945814,Peter LeMarc,"[""Peter LeMarc""]",1,[369282],[49],,,https://sv.wikipedia.org/wiki/Peter_LeMarc,man,Q6581097,1958-10-23,,"[""Sverige""]","[""Q34""]","[""sångare"",""musiker"",""låtskrivare"",""skivartist""]","[""Q177220"",""Q639669"",""Q753110"",""Q55960555""]"
Q5947384,Lars Lerin,"[""Lars Lerin""]",4,"[116689,131417,479151,652698]","[58,58,60,61]",,,https://sv.wikipedia.org/wiki/Lars_Lerin,man,Q6581097,1954-04-02,,"[""Sverige""]","[""Q34""]","[""målare"",""grafiker"",""TV-programledare"",""författare""]","[""Q1028181"",""Q1925963"",""Q947873"",""Q36180""]"
Q5947451,Pär Lernström,"[""Pär Lernström""]",1,[1952947],[41],,,https://sv.wikipedia.org/wiki/P%C3%A4r_Lernstr%C3%B6m,man,Q6581097,1980-09-04,,"[""Sverige""]","[""Q34""]","[""TV-programledare""]","[""Q947873""]"
Q5952906,Kalle Lind,"[""Kalle Lind""]",1,[921585],[42],,,https://sv.wikipedia.org/wiki/Kalle_Lind,man,Q6581097,1975-07-15,,"[""Sverige""]","[""Q34""]","[""radioprogramledare"",""poddradioproducent"",""manusförfattare""]","[""Q2722764"",""Q15077007"",""Q28389""]"
Q5954763,Johan Lindeberg,"[""Johan Lindeberg""]",1,[367176],[51],,,https://sv.wikipedia.org/wiki/Johan_Lindeberg,man,Q6581097,1957-08-04,,"[""Sverige""]","[""Q34""]","[""modeskapare""]","[""Q3501317""]"
Q5956162,Michael Lindgren,"[""Michael Lindgren""]",1,[1736194],[43],,,https://sv.wikipedia.org/wiki/Michael_Lindgren,man,Q6581097,1978-03-14,,"[""Sverige""]","[""Q34""]","[""TV-producent"",""skådespelare"",""manusförfattare"",""filmregissör""]","[""Q578109"",""Q33999"",""Q28389"",""Q2526255""]"
Q5957730,Svante Lindqvist,"[""Svante Lindqvist""]",1,[1518805],[62],,,https://sv.wikipedia.org/wiki/Svante_Lindqvist_(riksspelman),man,Q6581097,1957-10-27,,"[""Sverige""]","[""Q34""]","[""författare""]","[""Q36180""]"
Q5959610,Magnus Linton,"[""Magnus Linton""]",1,[386300],[34],,,https://sv.wikipedia.org/wiki/Magnus_Linton,man,Q6581097,1967-06-19,,"[""Sverige""]","[""Q34""]","[""författare"",""journalist""]","[""Q36180"",""Q1930187""]"
Q5961246,Sten Ljunggren,"[""Sten Ljunggren""]",1,[1733200],[82],,,https://sv.wikipedia.org/wiki/Sten_Ljunggren_(sk%C3%A5despelare),man,Q6581097,1938-10-16,,"[""Sverige""]","[""Q34""]","[""skådespelare"",""tv-skådespelare""]","[""Q33999"",""Q10798782""]"
Q5962588,Andres Lokko,"[""Andres Lokko""]",1,[359912],[42],,,https://sv.wikipedia.org/wiki/Andres_Lokko,man,Q6581097,1967,,"[""Sverige""]","[""Q34""]","[""musikkritiker"",""journalist"",""filmskådespelare"",""manusförfattare""]","[""Q1350157"",""Q1930187"",""Q10800557"",""Q28389""]"
Q5963928,Stavros Louca,"[""Stavros Louca""]",1,[369526],[54],,,https://sv.wikipedia.org/wiki/Stavros_Louca,man,Q6581097,1953-12-20,,"[""Sverige""]","[""Q34""]",[],[]
Q5965864,Ingvar Lundberg,"[""Ingvar Lundberg""]",1,[371362],[72],,,https://sv.wikipedia.org/wiki/Ingvar_Lundberg,man,Q6581097,1934-09-30,2012-04-24,"[""Sverige""]","[""Q34""]","[""psykolog""]","[""Q212980""]"
Q5966136,Nicklas Lundblad,"[""Nicklas Lundblad""]",1,[126316],[38],,,https://sv.wikipedia.org/wiki/Nicklas_Lundblad,man,Q6581097,1971,,"[""Sverige""]","[""Q34""]",[],[]
Q5966302,Mats Lundegård,"[""Mats Lundegård""]",1,[953085],[62],,,https://sv.wikipedia.org/wiki/Mats_Lundeg%C3%A5rd,man,Q6581097,1937-12-13,2021-03-07,"[""Sverige""]","[""Q34""]","[""journalist""]","[""Q1930187""]"
Q5966883,Olof Lundh,"[""Olof Lundh""]",1,[2397430],[57],,,https://sv.wikipedia.org/wiki/Olof_Lundh,man,Q6581097,1966-10-16,,"[""Sverige""]","[""Q34""]","[""sportskribent""]","[""Q11313148""]"
Q5969896,Kjell Lönnå,"[""Kjell Lönnå""]",1,[363668],[72],,,https://sv.wikipedia.org/wiki/Kjell_L%C3%B6nn%C3%A5,man,Q6581097,1936-07-13,2022-05-10,"[""Sverige""]","[""Q34""]","[""kompositör"",""körledare"",""TV-programledare""]","[""Q36834"",""Q1076502"",""Q947873""]"
Q5972114,Oscar Magnusson,"[""Oscar Magnusson""]",1,[1952971],[41],,,https://sv.wikipedia.org/wiki/Oscar_Magnusson,man,Q6581097,1981-06-07,,"[""Sverige""]","[""Q34""]","[""dansbandsmusiker""]","[""Q104224753""]"
Q5974005,Tom Malmquist,"[""Tom Malmquist""]",1,[741294],[38],,,https://sv.wikipedia.org/wiki/Tom_Malmquist,man,Q6581097,1978-03-23,,"[""Sverige""]","[""Q34""]","[""sångare"",""musiker"",""författare"",""poet""]","[""Q177220"",""Q639669"",""Q36180"",""Q49757""]"
Q5974094,Ulf Malmros,"[""Ulf Malmros""]",1,[126318],[45],,,https://sv.wikipedia.org/wiki/Ulf_Malmros,man,Q6581097,1965-03-16,,"[""Sverige""]","[""Q34""]","[""filmregissör"",""regissör"",""manusförfattare""]","[""Q2526255"",""Q3455803"",""Q28389""]"
Q5975054,Leif Mannerström,"[""Leif Mannerström""]",1,[126278],[71],,,https://sv.wikipedia.org/wiki/Leif_Mannerstr%C3%B6m,man,Q6581097,1940-03-17,,"[""Sverige""]","[""Q34""]","[""kock"",""krögare""]","[""Q3499072"",""Q3427922""]"
Q597639,Gert Wingårdh,"[""Gert Wingårdh""]",1,[381722],[52],,,https://sv.wikipedia.org/wiki/Gert_Wing%C3%A5rdh,man,Q6581097,1951-04-26,,"[""Sverige""]","[""Q34""]","[""arkitekt""]","[""Q42973""]"
Q5983601,Sven Melander,"[""Sven Melander""]",1,[927240],[69],,,https://sv.wikipedia.org/wiki/Sven_Melander,man,Q6581097,1947-10-30,2022-03-31,"[""Sverige""]","[""Q34""]","[""skådespelare"",""manusförfattare"",""journalist"",""TV-programledare""]","[""Q33999"",""Q28389"",""Q1930187"",""Q947873""]"
Q5988993,Rennie Mirro,"[""Rennie Mirro""]",1,[1077324],[46],,,https://sv.wikipedia.org/wiki/Rennie_Mirro,man,Q6581097,1972-01-04,,"[""Sverige""]","[""Q34""]","[""dansare"",""tv-skådespelare"",""scenskådespelare"",""skådespelare""]","[""Q5716684"",""Q10798782"",""Q2259451"",""Q33999""]"
Q5989516,Harald Mix,"[""Harald Mix""]",1,[2181205],[63],,,https://sv.wikipedia.org/wiki/Harald_Mix,man,Q6581097,1960-05-10,,"[""Sverige""]","[""Q34""]","[""affärsidkare""]","[""Q43845""]"
Q5990072,Martin Modéus,"[""Martin Modéus""]",1,[2815510],[64],,,https://sv.wikipedia.org/wiki/Martin_Mod%C3%A9us,man,Q6581097,1962-03-01,,"[""Sverige""]","[""Q34""]","[""pastor"",""teolog""]","[""Q152002"",""Q1234713""]"
Q5990232,Navid Modiri,"[""Navid Modiri""]",1,[400200],[30],,,https://sv.wikipedia.org/wiki/Navid_Modiri,man,Q6581097,1983,,"[""Sverige""]","[""Q34""]","[""sångare"",""författare"",""TV-programledare"",""orator"",""radioprogramledare"",""författare"",""poet""]","[""Q177220"",""Q482980"",""Q947873"",""Q12859263"",""Q2722764"",""Q36180"",""Q49757""]"
Q5994012,Alf Mork,"[""Alf Mork""]",1,[415917],[64],,,https://sv.wikipedia.org/wiki/Alf_Mork,man,Q6581097,1926-02-11,2007-05-08,"[""Sverige""]","[""Q34""]","[""författare""]","[""Q36180""]"
Q6000173,Claes Månsson,"[""Claes Månsson""]",1,[1106405],[68],,,https://sv.wikipedia.org/wiki/Claes_M%C3%A5nsson,man,Q6581097,1950-02-05,,"[""Sverige""]","[""Q34""]","[""tv-skådespelare"",""skådespelare"",""filmregissör""]","[""Q10798782"",""Q33999"",""Q2526255""]"
Q6001085,Måns Möller,"[""Måns Möller""]",1,[1319484],[44],,,https://sv.wikipedia.org/wiki/M%C3%A5ns_M%C3%B6ller,man,Q6581097,1975-01-27,,"[""Sverige""]","[""Q34""]","[""komiker"",""TV-programledare""]","[""Q245068"",""Q947873""]"
Q6003046,Per Naroskin,"[""Per Naroskin""]",1,[365318],[46],,,https://sv.wikipedia.org/wiki/Per_Naroskin,man,Q6581097,1959-09-25,,"[""Sverige""]","[""Q34""]","[""psykolog"",""författare""]","[""Q212980"",""Q36180""]"
Q6003054,Morton Narrowe,"[""Morton Narrowe""]",1,[392013],[82],,,https://sv.wikipedia.org/wiki/Morton_Narrowe,man,Q6581097,1932-03-15,,[],[],"[""rabbin""]","[""Q133485""]"
Q6003485,Niklas Natt och Dag,"[""Niklas Natt och Dag""]",1,[2397877],[44],,,https://sv.wikipedia.org/wiki/Niklas_Natt_och_Dag,man,Q6581097,1979-10-03,,"[""Sverige""]","[""Q34""]","[""chefredaktör"",""journalist"",""tidningsredaktör"",""författare""]","[""Q589298"",""Q1930187"",""Q17351648"",""Q36180""]"
Q6006110,Johann Neumann,"[""Johann Neumann""]",1,[418101],[60],,,https://sv.wikipedia.org/wiki/Johann_Neumann,man,Q6581097,1949-09-10,,"[""Sverige""]","[""Q34""]","[""filmskådespelare"",""skådespelare""]","[""Q10800557"",""Q33999""]"
Q6006145,Matias Varela,"[""Matias Varela""]",1,[741129],[35],,,https://sv.wikipedia.org/wiki/Matias_Varela,man,Q6581097,1980-11-01,,"[""Sverige""]","[""Q34""]","[""skådespelare""]","[""Q33999""]"
Q6009889,Bo Nilsson,"[""Bo Nilsson""]",1,[364857],[51],,,https://sv.wikipedia.org/wiki/Bo_Nilsson_(konstvetare),man,Q6581097,1954,,"[""Sverige""]","[""Q34""]","[""kurator""]","[""Q674426""]"
Q6011100,Magnus Nilsson,"[""Magnus Nilsson""]",1,[592442],[31],,,https://sv.wikipedia.org/wiki/Magnus_Nilsson_(kock),man,Q6581097,1983-11-28,,"[""Sverige""]","[""Q34""]","[""kock"",""kock"",""fotograf""]","[""Q156839"",""Q3499072"",""Q33231""]"
Q6012195,"UKON, Ulf Karl Olov Nilsson","[""UKON, Ulf Karl Olov Nilsson""]",1,[2397243],[58],,,https://sv.wikipedia.org/wiki/Ulf_Karl_Olov_Nilsson,man,Q6581097,1965,,"[""Sverige""]","[""Q34""]","[""psykolog"",""psykoterapeut"",""författare"",""poet""]","[""Q212980"",""Q1900167"",""Q36180"",""Q49757""]"
Q6012821,Lars Nittve,"[""Lars Nittve""]",1,[389792],[48],,,https://sv.wikipedia.org/wiki/Lars_Nittve,man,Q6581097,1953-09-17,,"[""Sverige""]","[""Q34""]","[""kurator"",""kurator"",""konstkritiker"",""publicist""]","[""Q674426"",""Q780596"",""Q4164507"",""Q6051619""]"
Q6012892,Erik Niva,"[""Erik Niva""]",1,[1319483],[40],,,https://sv.wikipedia.org/wiki/Erik_Niva,man,Q6581097,1978-11-28,,"[""Sverige""]","[""Q34""]","[""journalist"",""poddradioproducent""]","[""Q1930187"",""Q15077007""]"
Q6016918,Calle Norlén,"[""Calle Norlén""]",1,[390114],[40],,,https://sv.wikipedia.org/wiki/Calle_Norl%C3%A9n,man,Q6581097,1962-04-16,,"[""Sverige""]","[""Q34""]","[""författare"",""översättare"",""journalist""]","[""Q36180"",""Q333634"",""Q1930187""]"
Q6017319,Patrik Norqvist,"[""Patrik Norqvist""]",1,[2815471],[60],,,https://sv.wikipedia.org/wiki/Patrik_Norqvist,man,Q6581097,1966-03-03,,"[""Sverige""]","[""Q34""]","[""fysiker""]","[""Q169470""]"
Q6023538,Bengt Ohlsson,"[""Bengt Ohlsson""]",1,[349794],[41],,,https://sv.wikipedia.org/wiki/Bengt_Ohlsson,man,Q6581097,1963-09-06,,"[""Sverige""]","[""Q34""]","[""dramatiker"",""romanförfattare"",""författare""]","[""Q214917"",""Q6625963"",""Q36180""]"
Q6025807,Sverker Olofsson,"[""Sverker Olofsson""]",2,"[567017,576704]","[45,68]",,,https://sv.wikipedia.org/wiki/Sverker_Olofsson,man,Q6581097,1947-04-14,,"[""Sverige""]","[""Q34""]","[""TV-programledare""]","[""Q947873""]"
Q6025968,Björn Olsen,"[""Björn Olsen""]",2,"[324143,1518798]","[47,61]",,,https://sv.wikipedia.org/wiki/Bj%C3%B6rn_Olsen,man,Q6581097,1958,,"[""Sverige""]","[""Q34""]","[""ornitolog"",""forskare"",""läkare""]","[""Q1225716"",""Q1650915"",""Q39631""]"
Q6026870,Gits Olsson,"[""Gits Olsson""]",1,[421658],[59],,,https://sv.wikipedia.org/wiki/Gits_Olsson,man,Q6581097,1925-05-16,1985-03-28,"[""Sverige""]","[""Q34""]","[""serietecknare"",""journalist"",""manusförfattare""]","[""Q1114448"",""Q1930187"",""Q28389""]"
Q6027505,Mats Olsson,"[""Mats Olsson""]",1,[382819],[54],,,https://sv.wikipedia.org/wiki/Mats_Olsson_(journalist),man,Q6581097,1949-01-12,,"[""Sverige""]","[""Q34""]","[""översättare"",""musikkritiker"",""journalist"",""sportskribent"",""Utrikeskorrespondent"",""författare""]","[""Q333634"",""Q1350157"",""Q1930187"",""Q11313148"",""Q18190897"",""Q36180""]"
Q6028392,Ahmed Berhan,"[""Ahmed Berhan""]",1,[2181857],[38],,,https://sv.wikipedia.org/wiki/Ahmed_Berhan,man,Q6581097,1985-01-24,,"[""Sverige""]","[""Q34""]","[""skådespelare"",""komiker""]","[""Q33999"",""Q245068""]"
Q6029181,Christopher O’Regan,"[""Christopher O’Regan""]",1,[324145],[34],,,https://sv.wikipedia.org/wiki/Christopher_O%27Regan,man,Q6581097,1971-09-28,,"[""Sverige""]","[""Q34""]","[""historiker"",""publicist"",""författare""]","[""Q201788"",""Q6051619"",""Q36180""]"
Q6029797,Åke Ortmark,"[""Åke Ortmark""]",1,[362059],[77],,,https://sv.wikipedia.org/wiki/%C3%85ke_Ortmark,man,Q6581097,1929-05-14,2018-10-18,"[""Sverige""]","[""Q34""]","[""journalist"",""TV-programledare""]","[""Q1930187"",""Q947873""]"
Q6033801,Bengt Palmers,"[""Bengt Palmers""]",1,[56508],[63],,,https://sv.wikipedia.org/wiki/Bengt_Palmers,man,Q6581097,1948-04-02,,"[""Sverige""]","[""Q34""]","[""musikproducent"",""sångtextförfattare"",""filmproducent"",""manusförfattare"",""kompositör""]","[""Q183945"",""Q822146"",""Q3282637"",""Q28389"",""Q36834""]"
Q6036293,Reza Parsa,"[""Reza Parsa""]",1,[390122],[34],,,https://sv.wikipedia.org/wiki/Reza_Parsa,man,Q6581097,1968-06-09,,"[""Sverige""]","[""Q34""]","[""filmregissör"",""regissör"",""manusförfattare"",""filmmanusförfattare""]","[""Q2526255"",""Q3455803"",""Q28389"",""Q69423232""]"
Q6038020,Robin Paulsson,"[""Robin Paulsson""]",1,[571826],[31],,,https://sv.wikipedia.org/wiki/Robin_Paulsson,man,Q6581097,1983-12-28,,"[""Sverige""]","[""Q34""]","[""komiker"",""TV-programledare"",""manusförfattare""]","[""Q245068"",""Q947873"",""Q28389""]"
Q6043083,Johan Persson,"[""Johan Persson""]",1,[224000],[30],,,https://sv.wikipedia.org/wiki/Johan_Persson_(fotograf),man,Q6581097,1982,,"[""Sverige""]","[""Q34""]","[""fotograf""]","[""Q33231""]"
Q6043564,Per Persson,"[""Per Persson""]",1,[2578991],[62],,,https://sv.wikipedia.org/wiki/Per_Persson_(artist),man,Q6581097,1963-03-22,,"[""Sverige""]","[""Q34""]","[""sångare"",""gitarrist"",""låtskrivare""]","[""Q177220"",""Q855091"",""Q753110""]"
Q6047321,Henrik Dorsin,"[""Henrik Dorsin""]",1,[927246],[38],,,https://sv.wikipedia.org/wiki/Robert_Pettersson,man,Q6581097,1978-09-01,,"[""Sverige""]","[""Q34""]","[""sångare""]","[""Q177220""]"
Q6051438,Gustaf von Platen,"[""Gustaf von Platen""]",1,[483377],[82],,,https://sv.wikipedia.org/wiki/Gustaf_von_Platen,man,Q6581097,1917-02-20,2003-01-26,"[""Sverige""]","[""Q34""]","[""journalist""]","[""Q1930187""]"
Q6052370,John Pohlman,"[""John Pohlman""]",1,[373920],[68],,,https://sv.wikipedia.org/wiki/John_Pohlman,man,Q6581097,1935-11-01,,"[""Sverige""]","[""Q34""]","[""meteorolog""]","[""Q2310145""]"
Q6058727,Adam Pålsson,"[""Adam Pålsson""]",1,[1319494],[31],,,https://sv.wikipedia.org/wiki/Adam_P%C3%A5lsson,man,Q6581097,1988-03-25,,"[""Sverige""]","[""Q34""]","[""musiker"",""regiassistent"",""röstskådespelare"",""filmregissör"",""filmskådespelare"",""tv-skådespelare"",""tv-regissör"",""skådespelare""]","[""Q639669"",""Q1757008"",""Q2405480"",""Q2526255"",""Q10800557"",""Q10798782"",""Q2059704"",""Q33999""]"
Q6059989,Mats Qviberg,"[""Mats Qviberg""]",1,[373939],[50],,,https://sv.wikipedia.org/wiki/Mats_Qviberg,man,Q6581097,1953-08-25,,"[""Sverige""]","[""Q34""]","[""börsmäklare""]","[""Q4182927""]"
Q6062514,Luis Ramos Ruggiero,"[""Luis Ramos Ruggiero""]",1,[911874],[45],,,https://sv.wikipedia.org/wiki/Luis_Ramos-Ruggiero,man,Q6581097,1953-03-31,,[],[],"[""psykolog""]","[""Q212980""]"
Q6063347,Magnus Ranstorp,"[""Magnus Ranstorp""]",1,[1319472],[54],,,https://sv.wikipedia.org/wiki/Magnus_Ranstorp,man,Q6581097,1965-03-13,,"[""Sverige""]","[""Q34""]","[""statsvetare""]","[""Q1238570""]"
Q6065112,Leo Razzak,"[""Leo Razzak""]",1,[216102],[26],,,https://sv.wikipedia.org/wiki/Leo_Razzak,man,Q6581097,1987-01-28,,"[""Sverige""]","[""Q34""]","[""skådespelare"",""reporter""]","[""Q33999"",""Q42909""]"
Q6075610,Johan Rockström,"[""Johan Rockström""]",3,"[571827,654724,1417244]","[49,49,54]",,,https://sv.wikipedia.org/wiki/Johan_Rockstr%C3%B6m,man,Q6581097,1965-12-31,,"[""Sverige""]","[""Q34""]","[""professor"",""nationalekonom"",""agronom"",""hydrolog"",""miljöforskare""]","[""Q121594"",""Q188094"",""Q1781198"",""Q3644587"",""Q16529590""]"
Q6079725,Hans Rosenfeldt,"[""Hans Rosenfeldt""]",4,"[134903,381745,387452,1740728]","[47,38,45,57]",,,https://sv.wikipedia.org/wiki/Hans_Rosenfeldt,man,Q6581097,1964-07-13,,"[""Sverige""]","[""Q34""]","[""scenskådespelare"",""författare"",""skådespelare"",""manusförfattare"",""filmmanusförfattare"",""TV-författare"",""exekutiv producent"",""TV-programledare"",""romanförfattare"",""filmskådespelare"",""tv-skådespelare""]","[""Q2259451"",""Q36180"",""Q33999"",""Q28389"",""Q69423232"",""Q73306227"",""Q1053574"",""Q947873"",""Q6625963"",""Q10800557"",""Q10798782""]"
Q6085658,Fredrik ”Benke” Rydman,"[""Fredrik ”Benke” Rydman""]",1,[396979],[39],,,https://sv.wikipedia.org/wiki/Fredrik_Rydman,man,Q6581097,1974-08-29,,"[""Sverige""]","[""Q34""]","[""koreograf"",""regissör"",""dansare""]","[""Q2490358"",""Q3455803"",""Q5716684""]"
Q6086850,Jesper Rönndahl,"[""Jesper Rönndahl""]",2,"[412624,826249]","[35,37]",,,https://sv.wikipedia.org/wiki/Jesper_R%C3%B6nndahl,man,Q6581097,1979-06-27,,"[""Sverige""]","[""Q34""]","[""komiker"",""TV-programledare"",""radioprogramledare"",""skådespelare"",""manusförfattare""]","[""Q245068"",""Q947873"",""Q2722764"",""Q33999"",""Q28389""]"
Q6087190,Stephan Rössner,"[""Stephan Rössner""]",1,[381779],[61],,,https://sv.wikipedia.org/wiki/Stephan_R%C3%B6ssner,man,Q6581097,1942-04-03,,"[""Sverige""]","[""Q34""]","[""läkare""]","[""Q39631""]"
Q6087710,Daniel Sachs,"[""Daniel Sachs""]",1,[223997],[43],,,https://sv.wikipedia.org/wiki/Daniel_Sachs,man,Q6581097,1970-04-02,,"[""Sverige""]","[""Q34""]","[""affärsidkare""]","[""Q43845""]"
Q6089350,Tarik Saleh,"[""Tarik Saleh""]",1,[2181649],[51],,,https://sv.wikipedia.org/wiki/Tarik_Saleh,man,Q6581097,1972-01-28,,"[""Sverige""]","[""Q34""]","[""animatör"",""journalist"",""filmproducent"",""filmregissör"",""regissör"",""TV-programledare"",""gatukonstnär"",""manusförfattare""]","[""Q266569"",""Q1930187"",""Q3282637"",""Q2526255"",""Q3455803"",""Q947873"",""Q2914170"",""Q28389""]"
Q609317,Karl Ove Knausgård,"[""Karl Ove Knausgård""]",1,[126257],[42],,,https://sv.wikipedia.org/wiki/Karl_Ove_Knausg%C3%A5rd,man,Q6581097,1968-12-06,,"[""Norge""]","[""Q20""]","[""självbiograf"",""författare"",""romanförfattare""]","[""Q18814623"",""Q36180"",""Q6625963""]"
Q6093343,Owe Sandström,"[""Owe Sandström""]",1,[592524],[70],,,https://sv.wikipedia.org/wiki/Owe_Sandstr%C3%B6m,man,Q6581097,1944,,"[""Sverige""]","[""Q34""]","[""zoolog"",""modeskapare"",""lärare""]","[""Q350979"",""Q3501317"",""Q37226""]"
Q6094637,Jerzy Sarnecki,"[""Jerzy Sarnecki""]",1,[921584],[70],,,https://sv.wikipedia.org/wiki/Jerzy_Sarnecki,man,Q6581097,1947-07-07,,"[""Sverige""]","[""Q34""]","[""universitetslärare"",""sociolog"",""kriminolog""]","[""Q1622272"",""Q2306091"",""Q8142883""]"
Q609553,Göran Rosenberg,"[""Göran Rosenberg""]",2,"[2001559,2578954]","[49,76]",,,https://sv.wikipedia.org/wiki/G%C3%B6ran_Rosenberg,man,Q6581097,1948-10-11,,"[""Sverige""]","[""Q34""]","[""journalist"",""fackboksförfattare"",""författare"",""programledare""]","[""Q1930187"",""Q15980158"",""Q36180"",""Q94498772""]"
Q6097175,Jan Scherman,"[""Jan Scherman""]",1,[116683],[62],,,https://sv.wikipedia.org/wiki/Jan_Scherman,man,Q6581097,1950-06-21,,"[""Sverige""]","[""Q34""]","[""journalist"",""filmproducent""]","[""Q1930187"",""Q3282637""]"
Q6132026,Roland Pöntinen,"[""Roland Pöntinen""]",1,[2579000],[62],,,https://sv.wikipedia.org/wiki/Roland_P%C3%B6ntinen,man,Q6581097,1963-05-04,,"[""Sverige""]","[""Q34""]","[""kompositör"",""pianist"",""musiker"",""musikarrangör""]","[""Q36834"",""Q486748"",""Q639669"",""Q1643514""]"
Q6140740,Torsten Jungstedt,"[""Torsten Jungstedt""]",1,[425095],[52],,,https://sv.wikipedia.org/wiki/Torsten_Jungstedt,man,Q6581097,1918-03-18,2006-12-02,"[""Sverige""]","[""Q34""]","[""journalist""]","[""Q1930187""]"
Q6147446,Stefan Larsson,"[""Stefan Larsson""]",1,[2397470],[60],,,https://sv.wikipedia.org/wiki/Stefan_Larsson_(regiss%C3%B6r),man,Q6581097,1964-06-19,,"[""Sverige""]","[""Q34""]","[""regissör"",""skådespelare""]","[""Q3455803"",""Q33999""]"
Q615625,Alexander Bard,"[""Alexander Bard""]",3,"[390076,760411,765484]","[41,29,55]",,,https://sv.wikipedia.org/wiki/Alexander_Bard,man,Q6581097,1961-03-17,,"[""Sverige""]","[""Q34""]","[""essäist"",""singer-songwriter"",""skådespelare"",""poet"",""kompositör"",""politiker"",""sångare"",""musikproducent"",""nationalekonom"",""författare"",""konstnär"",""musiker"",""låtskrivare"",""sociolog"",""filosof""]","[""Q11774202"",""Q488205"",""Q33999"",""Q49757"",""Q36834"",""Q82955"",""Q177220"",""Q183945"",""Q188094"",""Q482980"",""Q483501"",""Q639669"",""Q753110"",""Q2306091"",""Q4964182""]"
Q6157004,PM Nilsson,"[""PM Nilsson""]",1,[2181357],[55],,,https://sv.wikipedia.org/wiki/P.M._Nilsson,man,Q6581097,1968-02-24,,"[""Sverige""]","[""Q34""]","[""statssekreterare"",""journalist""]","[""Q736559"",""Q1930187""]"
Q6157026,Percy Nilsson,"[""Percy Nilsson""]",1,[927249],[74],,,https://sv.wikipedia.org/wiki/Percy_Nilsson,man,Q6581097,1943-05-22,,"[""Sverige""]","[""Q34""]","[""snickare"",""affärsidkare""]","[""Q326358"",""Q43845""]"
Q6158456,Ingvar Oldsberg,"[""Ingvar Oldsberg""]",1,[371818],[62],,,https://sv.wikipedia.org/wiki/Ingvar_Oldsberg,man,Q6581097,1945-03-31,2022-02-10,"[""Sverige""]","[""Q34""]","[""journalist"",""TV-programledare""]","[""Q1930187"",""Q947873""]"
Q6162191,Daniel Poohl,"[""Daniel Poohl""]",1,[586539],[33],,,https://sv.wikipedia.org/wiki/Daniel_Poohl,man,Q6581097,1981-08-11,,"[""Sverige""]","[""Q34""]","[""författare"",""redaktör"",""journalist""]","[""Q36180"",""Q876864"",""Q1930187""]"
Q61653404,Karin Smirnoff,"[""Karin Smirnoff""]",1,[1518793],[55],,,https://sv.wikipedia.org/wiki/Karin_Smirnoff_(f%C3%B6dd_1964),kvinna,Q6581072,1964-09-24,,"[""Sverige""]","[""Q34""]","[""författare""]","[""Q36180""]"
Q6165839,Peter Rost,"[""Peter Rost""]",1,[371364],[47],,,https://sv.wikipedia.org/wiki/Peter_Rost,man,Q6581097,1959,,"[""Sverige""]","[""Q34""]","[""affärsidkare""]","[""Q43845""]"
Q6168063,Martin Schibbye,"[""Martin Schibbye""]",1,[224000],[32],,,https://sv.wikipedia.org/wiki/Martin_Schibbye,man,Q6581097,1980-10-17,,"[""Sverige""]","[""Q34""]","[""journalist""]","[""Q1930187""]"
Q6170373,Henrik Schyffert,"[""Henrik Schyffert""]",1,[399558],[25],,,https://sv.wikipedia.org/wiki/Henrik_Schyffert,man,Q6581097,1968-02-23,,"[""Sverige""]","[""Q34""]","[""skådespelare"",""manusförfattare"",""musiker"",""filmregissör"",""TV-programledare"",""bloggare"",""filmskådespelare""]","[""Q33999"",""Q28389"",""Q639669"",""Q2526255"",""Q947873"",""Q8246794"",""Q10800557""]"
Q6171742,Michael Segerström,"[""Michael Segerström""]",1,[369289],[64],,,https://sv.wikipedia.org/wiki/Michael_Segerstr%C3%B6m,man,Q6581097,1944-05-20,,"[""Sverige""]","[""Q34""]","[""skådespelare"",""manusförfattare"",""regissör""]","[""Q33999"",""Q28389"",""Q3455803""]"
Q6172305,Jasenko Selimovic,"[""Jasenko Selimovic""]",1,[651332],[33],,,https://sv.wikipedia.org/wiki/Jasenko_Selimovi%C4%87,man,Q6581097,1968-04-17,,"[""Sverige""]","[""Q34""]","[""politiker"",""regissör"",""författare""]","[""Q82955"",""Q3455803"",""Q36180""]"
Q6173454,Peter Settman,"[""Peter Settman""]",1,[323839],[38],,,https://sv.wikipedia.org/wiki/Peter_Settman,man,Q6581097,1969-02-24,,"[""Sverige""]","[""Q34""]","[""TV-programledare"",""filmskådespelare"",""tv-skådespelare"",""tv-regissör"",""TV-producent"",""skådespelare"",""manusförfattare""]","[""Q947873"",""Q10800557"",""Q10798782"",""Q2059704"",""Q578109"",""Q33999"",""Q28389""]"
Q61742923,Omar Rudberg,"[""Omar Rudberg""]",1,[2180443],[24],,,https://sv.wikipedia.org/wiki/Omar_Rudberg,man,Q6581097,1998-11-12,,"[""Venezuela"",""Sverige""]","[""Q717"",""Q34""]","[""sångare"",""låtskrivare"",""skådespelare""]","[""Q177220"",""Q753110"",""Q33999""]"
Q61767130,Jonas Waltelius,"[""Jonas Waltelius""]",1,[1077289],[32],,,https://sv.wikipedia.org/wiki/Jonas_Waltelius,man,Q6581097,1985,,[],[],[],[]
Q6178363,Tomas Sjödin,"[""Tomas Sjödin""]",10,"[291148,362103,373928,415304,476841,826203,994629,1205673,2295161,2504040]","[53,46,44,51,54,56,57,58,63,64]",,,https://sv.wikipedia.org/wiki/Tomas_Sj%C3%B6din,man,Q6581097,1959,,"[""Sverige""]","[""Q34""]","[""författare"",""präst""]","[""Q36180"",""Q42603""]"
Q6178792,Sverre Sjölander,"[""Sverre Sjölander""]",1,[367478],[69],,,https://sv.wikipedia.org/wiki/Sverre_Sj%C3%B6lander,man,Q6581097,1940-03-30,,"[""Sverige""]","[""Q34""]","[""översättare"",""zoolog""]","[""Q333634"",""Q350979""]"
Q6179745,Ola Skinnarmo,"[""Ola Skinnarmo""]",1,[911978],[28],,,https://sv.wikipedia.org/wiki/Ola_Skinnarmo,man,Q6581097,1972-05-31,,"[""Sverige""]","[""Q34""]",[],[]
Q6180176,Helge Skoog,"[""Helge Skoog""]",1,[373950],[65],,,https://sv.wikipedia.org/wiki/Helge_Skoog,man,Q6581097,1938-08-06,2025-12-12,"[""Sverige""]","[""Q34""]","[""skådespelare"",""komiker""]","[""Q33999"",""Q245068""]"
Q6180187,Olof Skoog,"[""Olof Skoog""]",1,[1298226],[56],,,https://sv.wikipedia.org/wiki/Olof_Skoog,man,Q6581097,1962-09-06,,"[""Sverige""]","[""Q34""]","[""diplomat""]","[""Q193391""]"
Q6180431,Jeppe Wikström,"[""Jeppe Wikström""]",1,[397038],[51],,,https://sv.wikipedia.org/wiki/Jeppe_Wikstr%C3%B6m,man,Q6581097,1963-04-10,,"[""Sverige""]","[""Q34""]","[""journalist"",""fotograf"",""affärsidkare""]","[""Q1930187"",""Q33231"",""Q43845""]"
Q6189109,Olof Stenhammar,"[""Olof Stenhammar""]",1,[1518811],[79],,,https://sv.wikipedia.org/wiki/Olof_Stenhammar,man,Q6581097,1941-05-02,,"[""Sverige""]","[""Q34""]","[""affärsidkare""]","[""Q43845""]"
Q6189404,Thomas Stenström,"[""Thomas Stenström""]",1,[2578970],[37],,,https://sv.wikipedia.org/wiki/Thomas_Stenstr%C3%B6m,man,Q6581097,1988-01-19,,"[""Sverige""]","[""Q34""]","[""sångare"",""låtskrivare""]","[""Q177220"",""Q753110""]"
Q6190688,Kjell Stjernholm,"[""Kjell Stjernholm""]",1,[911960],[39],,,https://sv.wikipedia.org/wiki/Kjell_Stjernholm,man,Q6581097,1961-03-25,,"[""Sverige""]","[""Q34""]","[""regissör""]","[""Q3455803""]"
Q6191495,Marcus Storch,"[""Marcus Storch""]",1,[399668],[58],,,https://sv.wikipedia.org/wiki/Marcus_Storch,man,Q6581097,1942-07-28,,"[""Sverige""]","[""Q34""]","[""ingenjör"",""affärsidkare""]","[""Q81096"",""Q43845""]"
Q6191977,Mikael Strandberg,"[""Mikael Strandberg""]",1,[364157],[44],,,https://sv.wikipedia.org/wiki/Mikael_Strandberg_(%C3%A4ventyrare),man,Q6581097,1962-02-15,,"[""Sverige""]","[""Q34""]","[""upptäcktsresande""]","[""Q11900058""]"
Q6192117,Lars Strannegård,"[""Lars Strannegård""]",1,[2397350],[55],,,https://sv.wikipedia.org/wiki/Lars_Stranneg%C3%A5rd,man,Q6581097,1969-05-28,,"[""Sverige""]","[""Q34""]",[],[]
Q6193582,Bo Strömstedt,"[""Bo Strömstedt""]",2,"[389081,425128]","[73,40]",,,https://sv.wikipedia.org/wiki/Bo_Str%C3%B6mstedt,man,Q6581097,1929-05-04,2016-06-24,"[""Sverige""]","[""Q34""]","[""förläggare""]","[""Q2516866""]"
Q6196047,Nils Petter Sundgren,"[""Nils Petter Sundgren""]",1,[373914],[75],,,https://sv.wikipedia.org/wiki/Nils_Petter_Sundgren,man,Q6581097,1929-02-24,2019-12-30,"[""Sverige""]","[""Q34""]","[""översättare"",""statist"",""journalist"",""filmkritiker""]","[""Q333634"",""Q658371"",""Q1930187"",""Q4220892""]"
Q6197220,Clas Svahn,"[""Clas Svahn""]",1,[2578995],[66],,,https://sv.wikipedia.org/wiki/Clas_Svahn,man,Q6581097,1958,,"[""Sverige""]","[""Q34""]","[""journalist"",""författare"",""författare""]","[""Q1930187"",""Q36180"",""Q482980""]"
Q61986442,Martin Kragh,"[""Martin Kragh""]",1,[2815464],[45],,,https://sv.wikipedia.org/wiki/Martin_Kragh,man,Q6581097,1980-08-09,2026-07-23,"[""Sverige""]","[""Q34""]","[""nationalekonom""]","[""Q188094""]"
Q6199033,Paul Svensson,"[""Paul Svensson""]",1,[1077318],[43],,,https://sv.wikipedia.org/wiki/Paul_Svensson,man,Q6581097,1974-08-16,,"[""Sverige""]","[""Q34""]","[""kock"",""TV-kock""]","[""Q156839"",""Q10689386""]"
Q6199606,Jan-Öjvind Swahn,"[""Jan-Öjvind Swahn""]",1,[418134],[null],,,,,,,,[],[],[],[]
Q6199684,Kjell Swanberg,"[""Kjell Swanberg""]",1,[386294],[null],,,,,,,,[],[],[],[]
Q6201672,Rickard Söderberg,"[""Rickard Söderberg""]",2,"[908561,1846268]","[null,null]",,,,,,,,[],[],[],[]
Q62018950,Rojda Sekersöz,"[""Rojda Sekersöz""]",1,[1518797],[null],,,,,,,,[],[],[],[]
Q62018953,Marie Agerhäll,"[""Marie Agerhäll""]",1,[1952977],[null],,,,,,,,[],[],[],[]
Q6202101,Patrick Söderlund,"[""Patrick Söderlund""]",1,[2181673],[null],,,,,,,,[],[],[],[]
Q6203054,Kelly Tainton,"[""Kelly Tainton""]",1,[2568140],[null],,,,,,,,[],[],[],[]
Q6205198,Tareq Taylor,"[""Tareq Taylor""]",2,"[216114,1736281]","[null,null]",,,,,,,,[],[],[],[]
Q6205636,Henrik Teleman,"[""Henrik Teleman""]",1,[358470],[null],,,,,,,,[],[],[],[]
Q6205751,Richard Tellström,"[""Richard Tellström""]",2,"[914931,2064605]","[null,null]",,,,,,,,[],[],[],[]
Q6207027,Erik Thedéen,"[""Erik Thedéen""]",1,[2578792],[null],,,,,,,,[],[],[],[]
Q6209810,Olof Thunberg,"[""Olof Thunberg""]",1,[364603],[null],,,,,,,,[],[],[],[]
Q62098183,Martin Lorentzon,"[""Martin Lorentzon""]",1,[1528248],[null],,,,,,,,[],[],[],[]
Q6210414,Owe Thörnqvist,"[""Owe Thörnqvist""]",1,[367843],[null],,,,,,,,[],[],[],[]
Q6210603,Po Tidholm,"[""Po Tidholm""]",2,"[387522,407685]","[null,null]",,,,,,,,[],[],[],[]
Q6211932,Michael Tjernström,"[""Michael Tjernström""]",1,[1319469],[null],,,,,,,,[],[],[],[]
Q6213355,Chris Torch,"[""Chris Torch""]",1,[911968],[null],,,,,,,,[],[],[],[]
Q6213753,Mikael Tornving,"[""Mikael Tornving""]",1,[370322],[null],,,,,,,,[],[],[],[]
Q6215401,Rasmus Troedsson,"[""Rasmus Troedsson""]",1,[1518784],[null],,,,,,,,[],[],[],[]
Q6215440,Johan Ulveson,"[""Johan Ulveson""]",1,[2465026],[null],,,,,,,,[],[],[],[]
Q6215468,Johan Wester,"[""Johan Wester""]",2,"[126251,373953]","[null,null]",,,,,,,,[],[],[],[]
Q6218337,Steffo Törnquist,"[""Steffo Törnquist""]",1,[2479137],[null],,,,,,,,[],[],[],[]
Q6219610,Lars Ulvenstam,"[""Lars Ulvenstam""]",10,"[359934,374113,382830,390129,423639,534702,534703,660417,953088,2562434]","[null,null,null,null,null,null,null,null,null,null]",,,,,,,,[],[],[],[]
Q6219860,Ingemar Unge,"[""Ingemar Unge""]",1,[1147097],[null],,,,,,,,[],[],[],[]
Q6219867,Jonatan Unge,"[""Jonatan Unge""]",1,[1077314],[null],,,,,,,,[],[],[],[]
Q6222590,Bert-Åke Varg,"[""Bert-Åke Varg""]",1,[1953007],[null],,,,,,,,[],[],[],[]
Q6226987,Henrik von Eckermann,"[""Henrik von Eckermann""]",1,[2181264],[null],,,,,,,,[],[],[],[]
Q6227789,Werner Vögeli,"[""Werner Vögeli""]",1,[364478],[null],,,,,,,,[],[],[],[]
Q6229088,Jonas Wahlström,"[""Jonas Wahlström""]",1,[369279],[null],,,,,,,,[],[],[],[]
Q6230054,Anders Wall,"[""Anders Wall""]",1,[367477],[null],,,,,,,,[],[],[],[]
Q6231193,Lars Wallin,"[""Lars Wallin""]",1,[1518799],[null],,,,,,,,[],[],[],[]
Q6231268,Totte Wallin,"[""Totte Wallin""]",1,[421652],[null],,,,,,,,[],[],[],[]
Q6231376,Hasse Wallman,"[""Hasse Wallman""]",1,[369400],[null],,,,,,,,[],[],[],[]
Q6236396,Pigge Werkelin,"[""Pigge Werkelin""]",1,[359923],[null],,,,,,,,[],[],[],[]
Q6236784,Magnus Wernstedt,"[""Magnus Wernstedt""]",1,[374110],[null],,,,,,,,[],[],[],[]
Q6237608,Staffan Westerberg,"[""Staffan Westerberg""]",2,"[2008651,2181299]","[null,null]",,,,,,,,[],[],[],[]
Q6241181,Niklas Wikegård,"[""Niklas Wikegård""]",1,[359940],[null],,,,,,,,[],[],[],[]
Q6241675,Owe Wikström,"[""Owe Wikström""]",1,[126258],[null],,,,,,,,[],[],[],[]
Q6246190,Peter Wolodarski,"[""Peter Wolodarski""]",1,[203033],[null],,,,,,,,[],[],[],[]
Q6246315,Ola Wong,"[""Ola Wong""]",1,[1518790],[null],,,,,,,,[],[],[],[]
Q6247347,Olof Wretling,"[""Olof Wretling""]",13,"[126259,131416,416323,479150,655942,821607,994730,1416626,1631193,1847101,2064677,2295383,2815476]","[null,null,null,null,null,null,null,null,null,null,null,null,null]",,,,,,,,[],[],[],[]
Q6250592,Göran Zachrisson,"[""Göran Zachrisson""]",1,[371176],[null],,,,,,,,[],[],[],[]
Q6256364,Thomas Öberg,"[""Thomas Öberg""]",1,[386295],[null],,,,,,,,[],[],[],[]
Q62595033,Alexander Mahmoud,"[""Alexander Mahmoud""]",2,"[1319500,2509977]","[null,null]",,,,,,,,[],[],[],[]
Q6288537,Josette Bushell-Mingo,"[""Josette Bushell-Mingo""]",1,[1322239],[null],,,,,,,,[],[],[],[]
Q63033502,Nina Lagergren,"[""Nina Lagergren""]",1,[412586],[null],,,,,,,,[],[],[],[]
Q63139143,Judith Kiros,"[""Judith Kiros""]",1,[2397745],[null],,,,,,,,[],[],[],[]
Q63139172,Petra Malm,"[""Petra Malm""]",1,[2398157],[null],,,,,,,,[],[],[],[]
Q6333834,David Thurfjell,"[""David Thurfjell""]",1,[2181122],[null],,,,,,,,[],[],[],[]
Q6340266,Lars-Åke ”Babsan” Wilhelmsson,"[""Lars-Åke ”Babsan” Wilhelmsson""]",1,[370888],[null],,,,,,,,[],[],[],[]
Q64164,Lisa Ekdahl,"[""Lisa Ekdahl""]",2,"[921587,2503964]","[null,null]",,,,,,,,[],[],[],[]
Q64353759,Farshid Jalalvand,"[""Farshid Jalalvand""]",1,[1952991],[null],,,,,,,,[],[],[],[]
Q64447550,Stefan Krakowski,"[""Stefan Krakowski""]",1,[1952974],[null],,,,,,,,[],[],[],[]
Q64695735,Emma Leijnse,"[""Emma Leijnse""]",1,[1322238],[null],,,,,,,,[],[],[],[]
Q64761756,Zeina Mourtada,"[""Zeina Mourtada""]",1,[2578976],[null],,,,,,,,[],[],[],[]
Q64761763,Johanna Nordström,"[""Johanna Nordström""]",1,[2397089],[null],,,,,,,,[],[],[],[]
Q64761771,Caroline Farberger,"[""Caroline Farberger""]",2,"[1319479,1416598]","[null,null]",,,,,,,,[],[],[],[]
Q64822171,Fatemeh Khavari,"[""Fatemeh Khavari""]",1,[2181105],[null],,,,,,,,[],[],[],[]
Q64831121,Lars Fredriksson,"[""Lars Fredriksson""]",1,[371372],[null],,,,,,,,[],[],[],[]
Q650668,Nils Landgren,"[""Nils Landgren""]",1,[359928],[null],,,,,,,,[],[],[],[]
Q65202301,Hamid Zafar,"[""Hamid Zafar""]",1,[1319495],[null],,,,,,,,[],[],[],[]
Q658122,Staffan Olsson,"[""Staffan Olsson""]",1,[383507],[null],,,,,,,,[],[],[],[]
Q658779,Nina Stemme,"[""Nina Stemme""]",1,[1298231],[null],,,,,,,,[],[],[],[]
Q663315,Aris Fioretos,"[""Aris Fioretos""]",1,[126311],[null],,,,,,,,[],[],[],[]
Q668170,Babak Najafi,"[""Babak Najafi""]",1,[70376],[null],,,,,,,,[],[],[],[]
Q67177,Jakob von Uexkull,"[""Jakob von Uexkull""]",1,[1436278],[null],,,,,,,,[],[],[],[]
Q6809614,Mehmet Gürs,"[""Mehmet Gürs""]",1,[371366],[null],,,,,,,,[],[],[],[]
Q683902,Sverker Åström,"[""Sverker Åström""]",1,[415901],[null],,,,,,,,[],[],[],[]
Q69584387,Patrik Svensson,"[""Patrik Svensson""]",1,[1525941],[null],,,,,,,,[],[],[],[]
Q69651077,Jennie Walldén,"[""Jennie Walldén""]",1,[2397115],[null],,,,,,,,[],[],[],[]
Q70312108,Anders Sandström,"[""Anders Sandström""]",1,[911954],[null],,,,,,,,[],[],[],[]
Q7035327,Niklas Adalberth,"[""Niklas Adalberth""]",1,[1518770],[null],,,,,,,,[],[],[],[]
Q706560,Beppe Wolgers,"[""Beppe Wolgers""]",1,[416845],[null],,,,,,,,[],[],[],[]
Q706651,Tomas von Brömssen,"[""Tomas von Brömssen""]",1,[420009],[null],,,,,,,,[],[],[],[]
Q706673,Fares Fares,"[""Fares Fares""]",1,[1319461],[null],,,,,,,,[],[],[],[]
Q712961,Krister Henriksson,"[""Krister Henriksson""]",2,"[416867,416868]","[null,null]",,,,,,,,[],[],[],[]
Q713270,Ulf Lundell,"[""Ulf Lundell""]",5,"[370341,403738,404553,1273758,1518762]","[null,null,null,null,null]",,,,,,,,[],[],[],[]
Q714063,Bertil Hult,"[""Bertil Hult""]",1,[743571],[null],,,,,,,,[],[],[],[]
Q714141,Lasse Åberg,"[""Lasse Åberg""]",3,"[291146,418235,2413772]","[null,null,null]",,,,,,,,[],[],[],[]
Q714167,Björn Skifs,"[""Björn Skifs""]",2,"[423154,423186]","[null,null]",,,,,,,,[],[],[],[]
Q714508,Håkan Juholt,"[""Håkan Juholt""]",1,[122565],[null],,,,,,,,[],[],[],[]
Q715605,Kenny Bräck,"[""Kenny Bräck""]",1,[389078],[null],,,,,,,,[],[],[],[]
Q716685,Filippa Reinfeldt,"[""Filippa Reinfeldt""]",1,[371468],[null],,,,,,,,[],[],[],[]
Q719957,Christer Sjögren,"[""Christer Sjögren""]",1,[126310],[null],,,,,,,,[],[],[],[]
Q721292,Rolf Ekéus,"[""Rolf Ekéus""]",1,[126320],[null],,,,,,,,[],[],[],[]
Q723445,Janne Schaffer,"[""Janne Schaffer""]",1,[1733006],[null],,,,,,,,[],[],[],[]
Q723674,Mikael Persbrandt,"[""Mikael Persbrandt""]",2,"[325667,325668]","[null,null]",,,,,,,,[],[],[],[]
Q723744,Alexander ”The Mauler” Gustafsson,"[""Alexander ”The Mauler” Gustafsson""]",1,[743339],[null],,,,,,,,[],[],[],[]
Q726290,Björn Dixgård,"[""Björn Dixgård""]",1,[234554],[null],,,,,,,,[],[],[],[]
Q726307,John Ajvide Lindqvist,"[""John Ajvide Lindqvist""]",1,[362944],[null],,,,,,,,[],[],[],[]
Q72803273,Elaf Ali,"[""Elaf Ali""]",1,[2815517],[null],,,,,,,,[],[],[],[]
Q728985,Jan Malmsjö,"[""Jan Malmsjö""]",2,"[374011,416442]","[null,null]",,,,,,,,[],[],[],[]
Q739746,Börje Salming,"[""Börje Salming""]",1,[397055],[null],,,,,,,,[],[],[],[]
Q7442526,Sebastian Siemiatkowski,"[""Sebastian Siemiatkowski""]",1,[2815483],[null],,,,,,,,[],[],[],[]
Q746018,Jens Lapidus,"[""Jens Lapidus""]",1,[369510],[null],,,,,,,,[],[],[],[]
Q74999,Özz Nûjen,"[""Özz Nûjen""]",2,"[216123,386291]","[null,null]",,,,,,,,[],[],[],[]
Q75066,Margareta Strömstedt,"[""Margareta Strömstedt""]",2,"[371172,1144115]","[null,null]",,,,,,,,[],[],[],[]
Q7546,Ingmar Bergman,"[""Ingmar Bergman""]",1,[373942],[null],,,,,,,,[],[],[],[]
Q756765,Inga Landgré,"[""Inga Landgré""]",1,[223948],[null],,,,,,,,[],[],[],[]
Q76466985,Tousin ”Tusse” Chiza,"[""Tousin ”Tusse” Chiza""]",1,[1736877],[null],,,,,,,,[],[],[],[]
Q767041,Peter Jöback,"[""Peter Jöback""]",1,[1734358],[null],,,,,,,,[],[],[],[]
Q77386562,Peter Sjölund,"[""Peter Sjölund""]",1,[1736271],[null],,,,,,,,[],[],[],[]
Q77388051,Selam Fessahaye,"[""Selam Fessahaye""]",1,[1736287],[null],,,,,,,,[],[],[],[]
Q78152180,Fatima Jelassi,"[""Fatima Jelassi""]",1,[2578982],[null],,,,,,,,[],[],[],[]
Q7818305,Tomas J. Philipson,"[""Tomas J. Philipson""]",1,[1736282],[null],,,,,,,,[],[],[],[]
Q783663,Nathalia Edenmont,"[""Nathalia Edenmont""]",1,[386826],[null],,,,,,,,[],[],[],[]
Q807482,Barbara Hendricks,"[""Barbara Hendricks""]",1,[382815],[null],,,,,,,,[],[],[],[]
Q817213,Bengt Baron,"[""Bengt Baron""]",1,[562696],[null],,,,,,,,[],[],[],[]
Q817234,Bengt Johansson,"[""Bengt Johansson""]",1,[660416],[null],,,,,,,,[],[],[],[]
Q817241,Bengt Westerberg,"[""Bengt Westerberg""]",1,[2455998],[null],,,,,,,,[],[],[],[]
Q827479,Bert Sundström,"[""Bert Sundström""]",2,"[2181731,2700802]","[null,null]",,,,,,,,[],[],[],[]
Q83848,Johan Rheborg,"[""Johan Rheborg""]",1,[362945],[null],,,,,,,,[],[],[],[]
Q8436871,Åke Sellström,"[""Åke Sellström""]",1,[1953004],[null],,,,,,,,[],[],[],[]
Q85719901,Elin Anna Labba,"[""Elin Anna Labba""]",1,[1732905],[null],,,,,,,,[],[],[],[]
Q85854272,Omar Alshogre,"[""Omar Alshogre""]",1,[2397690],[null],,,,,,,,[],[],[],[]
Q86459400,Anders Tegnell,"[""Anders Tegnell""]",1,[1518764],[null],,,,,,,,[],[],[],[]
Q868701,Per ”Plura” Jonsson,"[""Per ”Plura” Jonsson""]",1,[381558],[null],,,,,,,,[],[],[],[]
Q88313495,Anders Rosengren,"[""Anders Rosengren""]",1,[2815518],[null],,,,,,,,[],[],[],[]
Q897282,Kristina Axén Olin,"[""Kristina Axén Olin""]",1,[594411],[null],,,,,,,,[],[],[],[]
Q901670,Daniel Ek,"[""Daniel Ek""]",1,[116702],[null],,,,,,,,[],[],[],[]
Q90637812,Klas Eriksson,"[""Klas Eriksson""]",1,[2578795],[null],,,,,,,,[],[],[],[]
Q912866,Horace Engdahl,"[""Horace Engdahl""]",1,[1135002],[null],,,,,,,,[],[],[],[]
Q918261,Göran Hägglund,"[""Göran Hägglund""]",1,[369519],[null],,,,,,,,[],[],[],[]
Q920220,Tommy Körberg,"[""Tommy Körberg""]",1,[362403],[null],,,,,,,,[],[],[],[]
Q920770,Sven-David Sandström,"[""Sven-David Sandström""]",2,"[1319270,1319499]","[null,null]",,,,,,,,[],[],[],[]
Q923556,Jonas Jonasson,"[""Jonas Jonasson""]",1,[112168],[null],,,,,,,,[],[],[],[]
Q925877,Gösta Ekman,"[""Gösta Ekman""]",1,[883566],[null],,,,,,,,[],[],[],[]
Q92634,Niklas Zennström,"[""Niklas Zennström""]",1,[216122],[null],,,,,,,,[],[],[],[]
Q928823,Kjell Sundvall,"[""Kjell Sundvall""]",1,[373949],[null],,,,,,,,[],[],[],[]
Q931637,Carl-Johan Vallgren,"[""Carl-Johan Vallgren""]",1,[390113],[null],,,,,,,,[],[],[],[]
Q935013,Göran Malmqvist,"[""Göran Malmqvist""]",1,[362019],[null],,,,,,,,[],[],[],[]
Q93526,Cecilia Hagen,"[""Cecilia Hagen""]",3,"[382409,414918,2578960]","[null,null,null]",,,,,,,,[],[],[],[]
Q939036,Martin Stenmarck,"[""Martin Stenmarck""]",1,[359901],[null],,,,,,,,[],[],[],[]
Q941210,Pernilla Wahlgren,"[""Pernilla Wahlgren""]",1,[371471],[null],,,,,,,,[],[],[],[]
Q944795,Alf Svensson,"[""Alf Svensson""]",1,[594410],[null],,,,,,,,[],[],[],[]
Q94636036,Gunilla Granath,"[""Gunilla Granath""]",1,[911955],[null],,,,,,,,[],[],[],[]
Q946885,Magnus Uggla,"[""Magnus Uggla""]",2,"[416427,761214]","[null,null]",,,,,,,,[],[],[],[]
Q947497,Johan Eliasch,"[""Johan Eliasch""]",1,[367561],[null],,,,,,,,[],[],[],[]
Q95209318,Livia Fränkel,"[""Livia Fränkel""]",1,[2181498],[null],,,,,,,,[],[],[],[]
Q95422060,Carl-Magnus Stolt,"[""Carl-Magnus Stolt""]",1,[364141],[null],,,,,,,,[],[],[],[]
Q955209,Tomas Ledin,"[""Tomas Ledin""]",1,[363634],[null],,,,,,,,[],[],[],[]
Q955902,Paolo Roberto,"[""Paolo Roberto""]",1,[371369],[null],,,,,,,,[],[],[],[]
Q95612602,Jacob de Geer,"[""Jacob de Geer""]",1,[1952969],[null],,,,,,,,[],[],[],[]
Q956510,Nahid Persson Sarvestani,"[""Nahid Persson Sarvestani""]",1,[367840],[null],,,,,,,,[],[],[],[]
Q95845004,Elin Röös,"[""Elin Röös""]",1,[1952999],[null],,,,,,,,[],[],[],[]
Q961572,Martin Fröst,"[""Martin Fröst""]",1,[126267],[null],,,,,,,,[],[],[],[]
Q96211338,Emma Örtlund,"[""Emma Örtlund""]",1,[1518783],[null],,,,,,,,[],[],[],[]
Q96239900,Johanna Söderberg,"[""Johanna Söderberg""]",1,[116706],[null],,,,,,,,[],[],[],[]
Q96242044,Axel Åhman,"[""Axel Åhman""]",1,[2578985],[null],,,,,,,,[],[],[],[]
Q96323720,Camilla Lif,"[""Camilla Lif""]",2,"[1518796,2700899]","[null,null]",,,,,,,,[],[],[],[]
Q96323805,Anna Bennich,"[""Anna Bennich""]",1,[1518794],[null],,,,,,,,[],[],[],[]
Q96323951,Miriam Haley,"[""Miriam Haley""]",1,[1528260],[null],,,,,,,,[],[],[],[]
Q96332804,Eveline Jacobson,"[""Eveline Jacobson""]",1,[1518779],[null],,,,,,,,[],[],[],[]
Q96332989,Awad Olwan,"[""Awad Olwan""]",1,[1518815],[null],,,,,,,,[],[],[],[]
Q96332997,Betlehem Isaak,"[""Betlehem Isaak""]",1,[1518776],[null],,,,,,,,[],[],[],[]
Q96336788,Björn Natthiko Lindeblad,"[""Björn Natthiko Lindeblad""]",2,"[116697,1518766]","[null,null]",,,,,,,,[],[],[],[]
Q96336803,Torbjörn Johannesson,"[""Torbjörn Johannesson""]",1,[1518785],[null],,,,,,,,[],[],[],[]
Q96359543,Madeleine In Hwa Björk,"[""Madeleine In Hwa Björk""]",2,"[1319512,1416569]","[null,null]",,,,,,,,[],[],[],[]
Q96384345,Syster Karin,"[""Syster Karin""]",1,[579038],[null],,,,,,,,[],[],[],[]
Q963930,Johan Theorin,"[""Johan Theorin""]",1,[386829],[null],,,,,,,,[],[],[],[]
Q96400107,Tuttika Sen,"[""Tuttika Sen""]",1,[381009],[null],,,,,,,,[],[],[],[]
Q96474297,Henrik Wallgren,"[""Henrik Wallgren""]",1,[911964],[null],,,,,,,,[],[],[],[]
Q96475173,Viveka Vogel,"[""Viveka Vogel""]",1,[425093],[null],,,,,,,,[],[],[],[]
Q96475238,Isa Stenberg,"[""Isa Stenberg""]",1,[911967],[null],,,,,,,,[],[],[],[]
Q96475843,Tommy Ivarsson,"[""Tommy Ivarsson""]",3,"[921565,998426,1205775]","[null,null,null]",,,,,,,,[],[],[],[]
Q96479382,Monica Mengarelli,"[""Monica Mengarelli""]",1,[911966],[null],,,,,,,,[],[],[],[]
Q964862,Ulf Stark,"[""Ulf Stark""]",1,[1146808],[null],,,,,,,,[],[],[],[]
Q96494979,Åsa Borgström,"[""Åsa Borgström""]",1,[369527],[null],,,,,,,,[],[],[],[]
Q96522158,Ben Gorham,"[""Ben Gorham""]",1,[592607],[null],,,,,,,,[],[],[],[]
Q965455,Alessandro “Alesso“ Lindblad,"[""Alessandro “Alesso“ Lindblad""]",1,[1518782],[null],,,,,,,,[],[],[],[]
Q96583692,Karin Volo,"[""Karin Volo""]",1,[579035],[null],,,,,,,,[],[],[],[]
Q96583731,Malin Sävstam,"[""Malin Sävstam""]",1,[367178],[null],,,,,,,,[],[],[],[]
Q96592246,Lap-See Lam,"[""Lap-See Lam""]",1,[1733009],[null],,,,,,,,[],[],[],[]
Q96679900,Asabea Britton,"[""Asabea Britton""]",1,[2181703],[null],,,,,,,,[],[],[],[]
Q96694042,Åsa Hagelstedt,"[""Åsa Hagelstedt""]",1,[358367],[null],,,,,,,,[],[],[],[]
Q96694112,Vesna Stanisic,"[""Vesna Stanisic""]",1,[363527],[null],,,,,,,,[],[],[],[]
Q968608,Jan Egeland,"[""Jan Egeland""]",1,[370804],[null],,,,,,,,[],[],[],[]
Q968708,Göran Tunström,"[""Göran Tunström""]",1,[1782861],[null],,,,,,,,[],[],[],[]
Q969020,Mikael Niemi,"[""Mikael Niemi""]",3,"[216101,597029,1847155]","[null,null,null]",,,,,,,,[],[],[],[]
Q96943114,Carolina Dybeck Happe,"[""Carolina Dybeck Happe""]",1,[2815474],[null],,,,,,,,[],[],[],[]
Q970099,Edward Blom,"[""Edward Blom""]",2,"[751822,826122]","[null,null]",,,,,,,,[],[],[],[]
Q97458797,Mikael Dolsten,"[""Mikael Dolsten""]",1,[1733528],[null],,,,,,,,[],[],[],[]
Q97495444,Lydia Sandgren,"[""Lydia Sandgren""]",1,[1952982],[null],,,,,,,,[],[],[],[]
Q977624,Daniel Espinosa,"[""Daniel Espinosa""]",1,[116690],[null],,,,,,,,[],[],[],[]
Q980879,Putte Wickman,"[""Putte Wickman""]",1,[421772],[null],,,,,,,,[],[],[],[]
Q982319,Cornelis Vreeswijk,"[""Cornelis Vreeswijk""]",1,[416361],[null],,,,,,,,[],[],[],[]
Q982339,Jörn Donner,"[""Jörn Donner""]",1,[367564],[null],,,,,,,,[],[],[],[]
Q982351,Jonas Gardell,"[""Jonas Gardell""]",7,"[203023,325735,325736,325737,415905,415916,1319491]","[null,null,null,null,null,null,null]",,,,,,,,[],[],[],[]
Q98558251,Lina Watz,"[""Lina Watz""]",1,[1733017],[null],,,,,,,,[],[],[],[]
Q98822326,Mark Isitt,"[""Mark Isitt""]",1,[2181019],[null],,,,,,,,[],[],[],[]
Q99453712,Vera Rolander,"[""Vera Rolander""]",1,[911976],[null],,,,,,,,[],[],[],[]
Q99673671,Klara Söderberg,"[""Klara Söderberg""]",1,[116706],[null],,,,,,,,[],[],[],[]
